Tipo;Ítem inventariable;Producto con variantes;Venta en negativo;Nombre;Referencia;Unidad de medida;Categoría;Descripción;Costo inicial;Precio base;Impuesto;Precio total;Precio: General;Código cuenta contable;Cuenta contable;Código cuenta de inventario;Cuenta de inventario;Código cuenta de costo de venta;Cuenta de costo de venta;Código de barras
Producto;Si;No;Si;CINTURON LOPA NIQUEL SUELA 85;MC040480102-85;Unidad;CINTURON;CINTURON;89990;99990;;99990;99990;;Ventas;;Mercaderías;;Costo de la mercadería;
Producto;Si;No;Si;MORRAL LUCAS BRIDGE NEGRO;MG010410301;Unidad;MARRO GRANDE;BANDOLERA;244990;224990;;224990;224990;;Ventas;;Mercaderías;;Costo de la mercadería;
Producto;Si;No;Si;MORRAL LUCAS BRIDGE TABACO;MG010410304;Unidad;MARRO GRANDE;BANDOLERA;244990;224990;;224990;224990;;Ventas;;Mercaderías;;Costo de la mercadería;
Producto;Si;No;Si;CINTURON LOPA NIQUEL SUELA 95;MC040480102-95;Unidad;CINTURON;CINTURON;89990;99990;;99990;99990;;Ventas;;Mercaderías;;Costo de la mercadería;
Producto;Si;No;Si;CINTURON LOPA NIQUEL SUELA 100;MC040480102-100;Unidad;CINTURON;CINTURON;89990;99990;;99990;99990;;Ventas;;Mercaderías;;Costo de la mercadería;
Producto;Si;No;Si;MORRAL LUCAS BRIDGE GRIS;MG010410312;Unidad;MARRO GRANDE;BANDOLERA;29990;224990;;224990;224990;;Ventas;;Mercaderías;;Costo de la mercadería;
Producto;Si;No;Si;TARJETERO PISCIS BRIDGE NAPO SUELA;MC020500302;Unidad;MARRO CHICA;MONEDERO;6990;6990;;6990;6990;;Ventas;;Mercaderías;;Costo de la mercadería;
Producto;Si;No;Si;TARJETERO PISCIS BRIDGE NEGRO;MC020500301;Unidad;MARRO CHICA;MONEDERO;6990;6990;;6990;6990;;Ventas;;Mercaderías;;Costo de la mercadería;
Producto;Si;No;Si;TARJETERO PISCIS BRIDGE AZUL;MC020500309;Unidad;MARRO CHICA;MONEDERO;6990;6990;;6990;6990;;Ventas;;Mercaderías;;Costo de la mercadería;
Producto;Si;No;Si;TARJETERO PISCIS BRIDGE VERDE;MC020500310;Unidad;MARRO CHICA;MONEDERO;6990;6990;;6990;6990;;Ventas;;Mercaderías;;Costo de la mercadería;
Producto;Si;No;Si;TARJETERO PISCIS BRIDGE ROJO;MC020500307;Unidad;MARRO CHICA;MONEDERO;6990;6990;;6990;6990;;Ventas;;Mercaderías;;Costo de la mercadería;
Producto;Si;No;Si;TARJETERO PISCIS BRIDGE GRIS;MC020500312;Unidad;MARRO CHICA;MONEDERO;490;490;;490;490;;Ventas;;Mercaderías;;Costo de la mercadería;
Producto;Si;No;Si;BANDOLERA CASIOPEA NAPADO NEGRO;MG010820101;Unidad;MARRO GRANDE;BANDOLERA;124990;129990;;129990;129990;;Ventas;;Mercaderías;;Costo de la mercadería;
Producto;Si;No;Si;CINTURON LOPA NIQUEL SUELA 105;MC040480102-105;Unidad;CINTURON;CINTURON;89990;99990;;99990;99990;;Ventas;;Mercaderías;;Costo de la mercadería;
Producto;Si;No;Si;CINTURON LOPA NIQUEL SUELA 110;MC040480102-110;Unidad;CINTURON;CINTURON;89990;99990;;99990;99990;;Ventas;;Mercaderías;;Costo de la mercadería;
Producto;Si;No;Si;CINTURON LOPA NIQUEL SUELA 115;MC040480102-115;Unidad;CINTURON;CINTURON;89990;99990;;99990;99990;;Ventas;;Mercaderías;;Costo de la mercadería;
Producto;Si;No;Si;.CARTERA AMARILLA TAMPONATO SUELA;MG010060202;Unidad;MARRO GRANDE;CARTERA;79990;79990;;79990;79990;;Ventas;;Mercaderías;;Costo de la mercadería;
Producto;Si;No;Si;.CARTERA AMARILLA BRIDGE ROJO;MG010060307;Unidad;MARRO GRANDE;CARTERA;39990;39990;;39990;39990;;Ventas;;Mercaderías;;Costo de la mercadería;
Producto;Si;No;Si;.CARTERA AMARILLA BRIDGE VERDE;MG010060310;Unidad;MARRO GRANDE;CARTERA;39990;39990;;39990;39990;;Ventas;;Mercaderías;;Costo de la mercadería;
Producto;Si;No;Si;BANDOLERA CASIOPEA NAPADO SUELA;MG010820102;Unidad;MARRO GRANDE;BANDOLERA;124990;129990;;129990;129990;;Ventas;;Mercaderías;;Costo de la mercadería;
Producto;Si;No;Si;.CARTERA MINI APHOLO TAMPONATO SUELA;MG010170202;Unidad;MARRO GRANDE;CARTERA;81990;81990;;81990;81990;;Ventas;;Mercaderías;;Costo de la mercadería;
Producto;Si;No;Si;.CARTERA MINI APHOLO GAMUZA MOSTAZA/TABACO;MG010170551;Unidad;MARRO GRANDE;CARTERA;81990;81990;;81990;81990;;Ventas;;Mercaderías;;Costo de la mercadería;
Producto;Si;No;Si;.CARTERA MINI APHOLO BRIDGE NEGRO;MG010170301;Unidad;MARRO GRANDE;CARTERA;81990;81990;;81990;81990;;Ventas;;Mercaderías;;Costo de la mercadería;
Producto;Si;No;Si;.CARTERA MINI APHOLO BRIDGE CARAMELO;MG010170303;Unidad;MARRO GRANDE;CARTERA;81990;81990;;81990;81990;;Ventas;;Mercaderías;;Costo de la mercadería;
Producto;Si;No;Si;.CARTERA MINI APHOLO BRIDGE TABACO;MG010170304;Unidad;MARRO GRANDE;CARTERA;81990;81990;;81990;81990;;Ventas;;Mercaderías;;Costo de la mercadería;
Producto;Si;No;Si;.CARTERA MINI APHOLO BRIDGE ROJO;MG010170307;Unidad;MARRO GRANDE;CARTERA;81990;81990;;81990;81990;;Ventas;;Mercaderías;;Costo de la mercadería;
Producto;Si;No;Si;.CARTERA MINI APHOLO BRIDGE AZUL;MG010170309;Unidad;MARRO GRANDE;CARTERA;81990;81990;;81990;81990;;Ventas;;Mercaderías;;Costo de la mercadería;
Producto;Si;No;Si;.CARTERA MINI APHOLO BRIDGE VERDE;MG010170310;Unidad;MARRO GRANDE;CARTERA;81990;81990;;81990;81990;;Ventas;;Mercaderías;;Costo de la mercadería;
Producto;Si;No;Si;.CARTERA APHOLO BRIDGE NEGRO;MG010070301;Unidad;MARRO GRANDE;CARTERA;101990;101990;;101990;101990;;Ventas;;Mercaderías;;Costo de la mercadería;
Producto;Si;No;Si;.CARTERA APHOLO BRIDGE VERDE;MG010070310;Unidad;MARRO GRANDE;CARTERA;101990;101990;;101990;101990;;Ventas;;Mercaderías;;Costo de la mercadería;
Producto;Si;No;Si;.CARTERA APHOLO BRIDGE AZUL;MG010070309;Unidad;MARRO GRANDE;CARTERA;101990;101990;;101990;101990;;Ventas;;Mercaderías;;Costo de la mercadería;
Producto;Si;No;Si;CARTERA BAULITO GAMUZA VESUBIO/TABACO;MG010090550;Unidad;MARRO GRANDE;CARTERA;0;149990;;149990;149990;;Ventas;;Mercaderías;;Costo de la mercadería;
Producto;Si;No;Si;CARTERA BAULITO GAMUZA MOSTAZA/TABACO;MG010090551;Unidad;MARRO GRANDE;CARTERA;0;149990;;149990;149990;;Ventas;;Mercaderías;;Costo de la mercadería;
Producto;Si;No;Si;CARTERA BAULITO GAMUZA CHOCOLATE/TABACO;MG010090552;Unidad;MARRO GRANDE;CARTERA;0;149990;;149990;149990;;Ventas;;Mercaderías;;Costo de la mercadería;
Producto;Si;No;Si;CARTERA BAULITO NAPADO NEGRO;MG010090101;Unidad;MARRO GRANDE;CARTERA;119990;149990;;149990;149990;;Ventas;;Mercaderías;;Costo de la mercadería;
Producto;Si;No;Si;CARTERA BAULITO NAPADO SUELA;MG010090102;Unidad;MARRO GRANDE;CARTERA;0;149990;;149990;149990;;Ventas;;Mercaderías;;Costo de la mercadería;
Producto;Si;No;Si;CARTERA BAULITO BRIDGE TABACO;MG010090304;Unidad;MARRO GRANDE;CARTERA;0;149990;;149990;149990;;Ventas;;Mercaderías;;Costo de la mercadería;
Producto;Si;No;Si;CARTERA BAULITO BRIDGE AZUL;MG010090309;Unidad;MARRO GRANDE;CARTERA;119990;149990;;149990;149990;;Ventas;;Mercaderías;;Costo de la mercadería;
Producto;Si;No;Si;BANDOLERA CASIOPEA NAPADO CARAMELO;MG010820103;Unidad;MARRO GRANDE;BANDOLERA;124990;129990;;129990;129990;;Ventas;;Mercaderías;;Costo de la mercadería;
Producto;Si;No;Si;BANDOLERA CASIOPEA NAPADO ROJO;MG010820107;Unidad;MARRO GRANDE;BANDOLERA;124990;129990;;129990;129990;;Ventas;;Mercaderías;;Costo de la mercadería;
Producto;Si;No;Si;MOCHILA MARCOS TAMPONATO NEGRO;MG010190201;Unidad;MARRO GRANDE;MOCHILA;389990;429990;;429990;429990;;Ventas;;Mercaderías;;Costo de la mercadería;
Producto;Si;No;Si;MOCHILA MARCOS TAMPONATO SUELA;MG010190202;Unidad;MARRO GRANDE;MOCHILA;389990;429990;;429990;429990;;Ventas;;Mercaderías;;Costo de la mercadería;
Producto;Si;No;Si;MOCHILA MARCOS NAPADO SUELA;MG010190102;Unidad;MARRO GRANDE;MOCHILA;389990;429990;;429990;429990;;Ventas;;Mercaderías;;Costo de la mercadería;
Producto;Si;No;Si;MOCHILA MARCOS NAPADO NEGRO;MG010190101;Unidad;MARRO GRANDE;MOCHILA;389990;429990;;429990;429990;;Ventas;;Mercaderías;;Costo de la mercadería;
Producto;Si;No;Si;BANDOLERA CASIOPEA NAPADO AZUL;MG010820109;Unidad;MARRO GRANDE;BANDOLERA;124990;129990;;129990;129990;;Ventas;;Mercaderías;;Costo de la mercadería;
Producto;Si;No;Si;BANDOLERA MINI GAMUZA VESUBIO/NEGRO;MG010310550-01;Unidad;MARRO GRANDE;BANDOLERA;6990;6990;;6990;6990;;Ventas;;Mercaderías;;Costo de la mercadería;
Producto;Si;No;Si;BANDOLERA MINI GAMUZA AVELLANA/CARAMELO;MG010310555-03;Unidad;MARRO GRANDE;BANDOLERA;6990;6990;;6990;6990;;Ventas;;Mercaderías;;Costo de la mercadería;
Producto;Si;No;Si;BANDOLERA MINI GAMUZA AVELLANA/TABACO;MG010310555-04;Unidad;MARRO GRANDE;BANDOLERA;6990;6990;;6990;6990;;Ventas;;Mercaderías;;Costo de la mercadería;
Producto;Si;No;Si;BANDOLERA MINI GAMUZA OXIDO/CARAMELO;MG010310556-03;Unidad;MARRO GRANDE;BANDOLERA;6990;6990;;6990;6990;;Ventas;;Mercaderías;;Costo de la mercadería;
Producto;Si;No;Si;BANDOLERA MINI GAMUZA OXIDO/TABACO;MG010310556-04;Unidad;MARRO GRANDE;BANDOLERA;6990;6990;;6990;6990;;Ventas;;Mercaderías;;Costo de la mercadería;
Producto;Si;No;Si;.CARTERA MINI APHOLO GAMUZA AVELLANA/NEGRO;MG010170555-1;Unidad;MARRO GRANDE;CARTERA;81990;81990;;81990;81990;;Ventas;;Mercaderías;;Costo de la mercadería;
Producto;Si;No;Si;.CARTERA MINI APHOLO GAMUZA OXIDO/TABACO;MG010170556-4;Unidad;MARRO GRANDE;CARTERA;81990;81990;;81990;81990;;Ventas;;Mercaderías;;Costo de la mercadería;
Producto;Si;No;Si;BANDOLERA SAGITTA NAPADO NEGRO;MG010810101;Unidad;MARRO GRANDE;BANDOLERA;112990;119990;;119990;119990;;Ventas;;Mercaderías;;Costo de la mercadería;
Producto;Si;No;Si;.CARTERA JUJUY BRIDGE CARAMELO;MG010150303;Unidad;MARRO GRANDE;CARTERA;16990;16990;;16990;16990;;Ventas;;Mercaderías;;Costo de la mercadería;
Producto;Si;No;Si;CARTERA ADRIANA BRIDGE NEGRO;MG010050301;Unidad;MARRO GRANDE;CARTERA;16990;16990;;16990;16990;;Ventas;;Mercaderías;;Costo de la mercadería;
Producto;Si;No;Si;CARTERA ADRIANA BRIDGE TABACO;MG010050304;Unidad;MARRO GRANDE;CARTERA;16990;16990;;16990;16990;;Ventas;;Mercaderías;;Costo de la mercadería;
Producto;Si;No;Si;MORRAL ADI VINTAGE TAMPONATO SUELA;MG010240202;Unidad;MARRO GRANDE;BANDOLERA;284990;299990;;299990;299990;;Ventas;;Mercaderías;;Costo de la mercadería;
Producto;Si;No;Si;MORRAL ADI VINTAGE TAMPONATO NEGRO;MG010240201;Unidad;MARRO GRANDE;BANDOLERA;284990;299990;;299990;299990;;Ventas;;Mercaderías;;Costo de la mercadería;
Producto;Si;No;Si;.CARTERA MINI APHOLO GAMUZA OXIDO/NEGRO;MG010170556-1;Unidad;MARRO GRANDE;CARTERA;81990;81990;;81990;81990;;Ventas;;Mercaderías;;Costo de la mercadería;
Producto;Si;No;Si;PORTABILLETES CRATER NAPADO NEGRO;MC020490101;Unidad;MARRO CHICA;PORTABILLETES;28990;28990;;28990;28990;;Ventas;;Mercaderías;;Costo de la mercadería;
Producto;Si;No;Si;PORTABILLETES CRATER NAPADO SUELA;MC020490102;Unidad;MARRO CHICA;PORTABILLETES;28990;28990;;28990;28990;;Ventas;;Mercaderías;;Costo de la mercadería;
Producto;Si;No;Si;PORTABILLETES CRATER NAPADO VERDE;MC020490110;Unidad;MARRO CHICA;PORTABILLETES;28990;28990;;28990;28990;;Ventas;;Mercaderías;;Costo de la mercadería;
Producto;Si;No;Si;BOLSO TUBO GRANDE GAMUZA AVELLANA/NEGRO;MG010100555-1;Unidad;MARRO GRANDE;BOLSO;399990;429990;;429990;429990;;Ventas;;Mercaderías;;Costo de la mercadería;
Producto;Si;No;Si;.INACTIVO;D007;Unidad;DISC;INACTIVO;0;0;;0;0;;Ventas;;Mercaderías;;Costo de la mercadería;
Producto;Si;No;Si;SOBRE GEMINI NAPADO NEGRO;MG010800101;Unidad;MARRO GRANDE;SOBRE;79990;79990;;79990;79990;;Ventas;;Mercaderías;;Costo de la mercadería;
Producto;Si;No;Si;BOLSO URBANO NAPADO NEGRO;MG010080101;Unidad;MARRO GRANDE;BOLSO;214990;199990;;199990;199990;;Ventas;;Mercaderías;;Costo de la mercadería;
Producto;Si;No;Si;CINTURON LOPA NIQUEL SUELA 120;MC040480102-120;Unidad;CINTURON;CINTURON;89990;99990;;99990;99990;;Ventas;;Mercaderías;;Costo de la mercadería;
Producto;Si;No;Si;CINTURON LOPA NIQUEL NEGRO 85;MC040480101-85;Unidad;CINTURON;CINTURON;89990;99990;;99990;99990;;Ventas;;Mercaderías;;Costo de la mercadería;
Producto;Si;No;Si;CINTURON LOPA NIQUEL NEGRO 90;MC040480101-90;Unidad;CINTURON;CINTURON;89990;99990;;99990;99990;;Ventas;;Mercaderías;;Costo de la mercadería;
Producto;Si;No;Si;CINTURON LOPA NIQUEL NEGRO 95;MC040480101-95;Unidad;CINTURON;CINTURON;89990;99990;;99990;99990;;Ventas;;Mercaderías;;Costo de la mercadería;
Producto;Si;No;Si;BOLSO TUBO GRANDE NAPADO NEGRO;MG010100101;Unidad;MARRO GRANDE;BOLSO;399990;429990;;429990;429990;;Ventas;;Mercaderías;;Costo de la mercadería;
Producto;Si;No;Si;BOLSO TUBO GRANDE NAPADO SUELA;MG010100102;Unidad;MARRO GRANDE;BOLSO;399990;429990;;429990;429990;;Ventas;;Mercaderías;;Costo de la mercadería;
Producto;Si;No;Si;BOLSO TUBO GRANDE BRIDGE NEGRO;MG010100301;Unidad;MARRO GRANDE;BOLSO;399990;429990;;429990;429990;;Ventas;;Mercaderías;;Costo de la mercadería;
Producto;Si;No;Si;BOLSO TUBO GRANDE BRIDGE CARAMELO;MG010100303;Unidad;MARRO GRANDE;BOLSO;399990;429990;;429990;429990;;Ventas;;Mercaderías;;Costo de la mercadería;
Producto;Si;No;Si;BOLSO TUBO GRANDE GAMUZA VESUBIO/TABACO;MG010100550;Unidad;MARRO GRANDE;BOLSO;399990;429990;;429990;429990;;Ventas;;Mercaderías;;Costo de la mercadería;
Producto;Si;No;Si;BOLSO TUBO GRANDE GAMUZA MOSTAZA/TABACO;MG010100551;Unidad;MARRO GRANDE;BOLSO;399990;429990;;429990;429990;;Ventas;;Mercaderías;;Costo de la mercadería;
Producto;Si;No;Si;BOLSO TUBO GRANDE TAMPONATO NEGRO;MG010100201;Unidad;MARRO GRANDE;BOLSO;399990;429990;;429990;429990;;Ventas;;Mercaderías;;Costo de la mercadería;
Producto;Si;No;Si;BOLSO TUBO MERCEDES NAPADO NEGRO;MG010110101;Unidad;MARRO GRANDE;BOLSO;134990;134990;;134990;134990;;Ventas;;Mercaderías;;Costo de la mercadería;
Producto;Si;No;Si;BOLSO TUBO MERCEDES NAPADO SUELA;MG010110102;Unidad;MARRO GRANDE;BOLSO;134990;134990;;134990;134990;;Ventas;;Mercaderías;;Costo de la mercadería;
Producto;Si;No;Si;BOLSO TUBO MERCEDES TAMPONATO NEGRO;MG010110201;Unidad;MARRO GRANDE;BOLSO;134990;134990;;134990;134990;;Ventas;;Mercaderías;;Costo de la mercadería;
Producto;Si;No;Si;BOLSO TUBO MERCEDES BRIDGE NEGRO;MG010110301;Unidad;MARRO GRANDE;BOLSO;134990;134990;;134990;134990;;Ventas;;Mercaderías;;Costo de la mercadería;
Producto;Si;No;Si;BOLSO TUBO MERCEDES BRIDGE CARAMELO;MG010110303;Unidad;MARRO GRANDE;BOLSO;134990;134990;;134990;134990;;Ventas;;Mercaderías;;Costo de la mercadería;
Producto;Si;No;Si;BOLSO TUBO MERCEDES BRIDGE TABACO;MG010110304;Unidad;MARRO GRANDE;BOLSO;134990;134990;;134990;134990;;Ventas;;Mercaderías;;Costo de la mercadería;
Producto;Si;No;Si;BOLSO TUBO MERCEDES GAMUZA VESUBIO/TABACO;MG010110550;Unidad;MARRO GRANDE;BOLSO;134990;134990;;134990;134990;;Ventas;;Mercaderías;;Costo de la mercadería;
Producto;Si;No;Si;BOLSO TUBO MERCEDES GAMUZA MOSTAZA/TABACO;MG010110551;Unidad;MARRO GRANDE;BOLSO;134990;134990;;134990;134990;;Ventas;;Mercaderías;;Costo de la mercadería;
Producto;Si;No;Si;BANDOLERA SAGITTA NAPADO SUELA;MG010810102;Unidad;MARRO GRANDE;BANDOLERA;112990;119990;;119990;119990;;Ventas;;Mercaderías;;Costo de la mercadería;
Producto;Si;No;Si;SOBRE GEMINI NAPADO SUELA;MG010800102;Unidad;MARRO GRANDE;SOBRE;79990;79990;;79990;79990;;Ventas;;Mercaderías;;Costo de la mercadería;
Producto;Si;No;Si;BANDOLERA SAGITTA NAPADO ROJO;MG010810107;Unidad;MARRO GRANDE;BANDOLERA;112990;119990;;119990;119990;;Ventas;;Mercaderías;;Costo de la mercadería;
Producto;Si;No;Si;CINTURON LOPA NIQUEL NEGRO 105;MC040480101-105;Unidad;CINTURON;CINTURON;89990;99990;;99990;99990;;Ventas;;Mercaderías;;Costo de la mercadería;
Producto;Si;No;Si;CINTURON LOPA NIQUEL NEGRO 115;MC040480101-115;Unidad;CINTURON;CINTURON;89990;99990;;99990;99990;;Ventas;;Mercaderías;;Costo de la mercadería;
Producto;Si;No;Si;PORTAFOLIO ADRIAN NAPADO SUELA;MG010220102;Unidad;MARRO GRANDE;PORTAFOLIO;18990;18990;;18990;18990;;Ventas;;Mercaderías;;Costo de la mercadería;
Producto;Si;No;Si;PORTAFOLIO ADRIAN TAMPONATO NEGRO;MG010220201;Unidad;MARRO GRANDE;PORTAFOLIO;18990;18990;;18990;18990;;Ventas;;Mercaderías;;Costo de la mercadería;
Producto;Si;No;Si;PORTAFOLIO ADRIAN TAMPONATO SUELA;MG010220202;Unidad;MARRO GRANDE;PORTAFOLIO;18990;18990;;18990;18990;;Ventas;;Mercaderías;;Costo de la mercadería;
Producto;Si;No;Si;PORTAFOLIO ADRIAN TAMPONATO LONDON;MG010220205;Unidad;MARRO GRANDE;PORTAFOLIO;18990;18990;;18990;18990;;Ventas;;Mercaderías;;Costo de la mercadería;
Producto;Si;No;Si;BANDOLERA NATY SIMPLE BRIDGE ROJO;MG010290307;Unidad;MARRO GRANDE;BANDOLERA;89990;89990;;89990;89990;;Ventas;;Mercaderías;;Costo de la mercadería;
Producto;Si;No;Si;BANDOLERA NATY SIMPLE BRIDGE AZUL;MG010290309;Unidad;MARRO GRANDE;BANDOLERA;89990;89990;;89990;89990;;Ventas;;Mercaderías;;Costo de la mercadería;
Producto;Si;No;Si;BANDOLERA NATY SIMPLE GAMUZA VESUBIO/TABACO;MG010290550;Unidad;MARRO GRANDE;BANDOLERA;89990;89990;;89990;89990;;Ventas;;Mercaderías;;Costo de la mercadería;
Producto;Si;No;Si;BANDOLERA SAGITTA NAPADO AZUL;MG010810109;Unidad;MARRO GRANDE;BANDOLERA;112990;99990;;99990;99990;;Ventas;;Mercaderías;;Costo de la mercadería;
Producto;Si;No;Si;BANDOLERA SAGITTA NAPADO CARAMELO;MG010810103;Unidad;MARRO GRANDE;BANDOLERA;112990;119990;;119990;119990;;Ventas;;Mercaderías;;Costo de la mercadería;
Producto;Si;No;Si;PORTAFOLIO RUBEN BRIDGE GRIS;MG010420312;Unidad;MARRO GRANDE;PORTAFOLIO;31990;349990;;349990;349990;;Ventas;;Mercaderías;;Costo de la mercadería;
Producto;Si;No;Si;BANDOLERA MINI GAMUZA VESUBIO/TABACO;MG010310550;Unidad;MARRO GRANDE;BANDOLERA;6990;6990;;6990;6990;;Ventas;;Mercaderías;;Costo de la mercadería;
Producto;Si;No;Si;BANDOLERA MINI BRIDGE AZUL;MG010310309;Unidad;MARRO GRANDE;BANDOLERA;6990;6990;;6990;6990;;Ventas;;Mercaderías;;Costo de la mercadería;
Producto;Si;No;Si;CARTERA DOS HEBILLAS BRIDGE TABACO;MG010330304;Unidad;MARRO GRANDE;CARTERA;0;149990;;149990;149990;;Ventas;;Mercaderías;;Costo de la mercadería;
Producto;Si;No;Si;CARTERA DOS HEBILLAS GAMUZA VESUBIO/TABACO;MG010330550;Unidad;MARRO GRANDE;CARTERA;0;149990;;149990;149990;;Ventas;;Mercaderías;;Costo de la mercadería;
Producto;Si;No;Si;MOCHILA CAMI BRIDGE ROJO;MG010320307;Unidad;MARRO GRANDE;MOCHILA;49990;49990;;49990;49990;;Ventas;;Mercaderías;;Costo de la mercadería;
Producto;Si;No;Si;MOCHILA CAMI GAMUZA VESUBIO;MG010320550;Unidad;MARRO GRANDE;MOCHILA;49990;49990;;49990;49990;;Ventas;;Mercaderías;;Costo de la mercadería;
Producto;Si;No;Si;PORTAFOLIO RUBEN BRIDGE NEGRO;MG010420301;Unidad;MARRO GRANDE;PORTAFOLIO;325990;349990;;349990;349990;;Ventas;;Mercaderías;;Costo de la mercadería;
Producto;Si;No;Si;PORTAFOLIO RUBEN BRIDGE TABACO;MG010420304;Unidad;MARRO GRANDE;PORTAFOLIO;325990;349990;;349990;349990;;Ventas;;Mercaderías;;Costo de la mercadería;
Producto;Si;No;Si;RIÑONERA BOLSILLOS BRIDGE NEGRO;MG010350301;Unidad;MARRO GRANDE;RIÑONERA;99990;99990;;99990;99990;;Ventas;;Mercaderías;;Costo de la mercadería;
Producto;Si;No;Si;RIÑONERA BOLSILLOS BRIDGE TABACO;MG010350304;Unidad;MARRO GRANDE;RIÑONERA;99990;99990;;99990;99990;;Ventas;;Mercaderías;;Costo de la mercadería;
Producto;Si;No;Si;RIÑONERA BOLSILLOS TAMPONATO SUELA;MG010350202;Unidad;MARRO GRANDE;RIÑONERA;99990;99990;;99990;99990;;Ventas;;Mercaderías;;Costo de la mercadería;
Producto;Si;No;Si;RIÑONERA CRUZ S BRIDGE NEGRO;MG010400301-S;Unidad;MARRO GRANDE;RIÑONERA;65990;69990;;69990;69990;;Ventas;;Mercaderías;;Costo de la mercadería;
Producto;Si;No;Si;RIÑONERA CRUZ S BRIDGE CAMEL;MG010400311-S;Unidad;MARRO GRANDE;RIÑONERA;65990;69990;;69990;69990;;Ventas;;Mercaderías;;Costo de la mercadería;
Producto;Si;No;Si;RIÑONERA PARIS VAQUETA LONDON;MG010390405;Unidad;MARRO GRANDE;RIÑONERA;82990;82990;;82990;82990;;Ventas;;Mercaderías;;Costo de la mercadería;
Producto;Si;No;Si;RIÑONERA PARIS VAQUETA SUELA/NEGRO;MG010390402;Unidad;MARRO GRANDE;RIÑONERA;82990;82990;;82990;82990;;Ventas;;Mercaderías;;Costo de la mercadería;
Producto;Si;No;Si;NECESSAIRE NAPADO NEGRO;MC010010101;Unidad;MARRO CHICA;NECESSAIRE;119990;121990;;121990;121990;;Ventas;;Mercaderías;;Costo de la mercadería;
Producto;Si;No;Si;SOBRE PAMPA CHICO NAPADO NEGRO;MC020250101;Unidad;MARRO CHICA;SOBRE;10990;10990;;10990;10990;;Ventas;;Mercaderías;;Costo de la mercadería;
Producto;Si;No;Si;SOBRE PAMPA CHICO NAPADO SUELA;MC020250102;Unidad;MARRO CHICA;SOBRE;10990;10990;;10990;10990;;Ventas;;Mercaderías;;Costo de la mercadería;
Producto;Si;No;Si;SOBRE PAMPA CHICO ROJO;AS-MC010350307;Unidad;MARRO CHICA;MARRO CHICA;19990;19990;;19990;19990;;Ventas;;Mercaderías;;Costo de la mercadería;
Producto;Si;No;Si;SOBRE PAMPA CHICO BRIDGE AZUL;MC020250309;Unidad;MARRO CHICA;SOBRE;10990;10990;;10990;10990;;Ventas;;Mercaderías;;Costo de la mercadería;
Producto;Si;No;Si;SOBRE PAMPA CHICO BRIDGE CARAMELO;MC020250303;Unidad;MARRO CHICA;SOBRE;10990;10990;;10990;10990;;Ventas;;Mercaderías;;Costo de la mercadería;
Producto;Si;No;Si;SOBRE PAMPA GRANDE NAPADO NEGRO;MC020030101;Unidad;MARRO CHICA;SOBRE;12990;12990;;12990;12990;;Ventas;;Mercaderías;;Costo de la mercadería;
Producto;Si;No;Si;SOBRE PAMPA GRANDE NAPADO SUELA;MC020030102;Unidad;MARRO CHICA;SOBRE;12990;12990;;12990;12990;;Ventas;;Mercaderías;;Costo de la mercadería;
Producto;Si;No;Si;TARJETERO ROMA NAPADO SUELA;MC020060102;Unidad;MARRO CHICA;TARJETERO;11990;11990;;11990;11990;;Ventas;;Mercaderías;;Costo de la mercadería;
Producto;Si;No;Si;TARJETERO ROMA TAMPONATO NEGRO;MC020060201;Unidad;MARRO CHICA;TARJETERO;11990;11990;;11990;11990;;Ventas;;Mercaderías;;Costo de la mercadería;
Producto;Si;No;Si;TARJETERO ROMA BRIDGE NEGRO;MC020060301;Unidad;MARRO CHICA;TARJETERO;11990;11990;;11990;11990;;Ventas;;Mercaderías;;Costo de la mercadería;
Producto;Si;No;Si;TARJETERO ROMA BRIDGE CARAMELO;MC020060303;Unidad;MARRO CHICA;TARJETERO;11990;11990;;11990;11990;;Ventas;;Mercaderías;;Costo de la mercadería;
Producto;Si;No;Si;TARJETERO ROMA BRIDGE TABACO;MC020060304;Unidad;MARRO CHICA;TARJETERO;11990;11990;;11990;11990;;Ventas;;Mercaderías;;Costo de la mercadería;
Producto;Si;No;Si;TARJETERO ROMA VAQUETA SUELA;MC020060402;Unidad;MARRO CHICA;TARJETERO;11990;11990;;11990;11990;;Ventas;;Mercaderías;;Costo de la mercadería;
Producto;Si;No;Si;TARJETERO ROMA VAQUETA LONDON;MC020060405;Unidad;MARRO CHICA;TARJETERO;11990;11990;;11990;11990;;Ventas;;Mercaderías;;Costo de la mercadería;
Producto;Si;No;Si;TARJETERO BLACK BRIDGE CARAMELO;MC020080303;Unidad;MARRO CHICA;TARJETERO;8990;6990;;6990;6990;;Ventas;;Mercaderías;;Costo de la mercadería;
Producto;Si;No;Si;TARJETERO BLACK BRIDGE TABACO;MC020080304;Unidad;MARRO CHICA;TARJETERO;8990;6990;;6990;6990;;Ventas;;Mercaderías;;Costo de la mercadería;
Producto;Si;No;Si;TARJETERO BLACK BRIDGE NEGRO;MC020080301;Unidad;MARRO CHICA;TARJETERO;8990;6990;;6990;6990;;Ventas;;Mercaderías;;Costo de la mercadería;
Producto;Si;No;Si;TARJETERO BLACK VAQUETA SUELA;MC020080402;Unidad;MARRO CHICA;TARJETERO;8990;6990;;6990;6990;;Ventas;;Mercaderías;;Costo de la mercadería;
Producto;Si;No;Si;TARJETERO BLACK VAQUETA LONDON;MC020080405;Unidad;MARRO CHICA;TARJETERO;8990;6990;;6990;6990;;Ventas;;Mercaderías;;Costo de la mercadería;
Producto;Si;No;Si;TARJETERO BLACK VAQUETA NEGRO;MC020080401;Unidad;MARRO CHICA;TARJETERO;8990;6990;;6990;6990;;Ventas;;Mercaderías;;Costo de la mercadería;
Producto;Si;No;Si;TARJETERO BLACK TAMPONATO SUELA;MC020080202;Unidad;MARRO CHICA;TARJETERO;8990;6990;;6990;6990;;Ventas;;Mercaderías;;Costo de la mercadería;
Producto;Si;No;Si;TARJETERO BLACK TAMPONATO LONDON;MC020080205;Unidad;MARRO CHICA;TARJETERO;8990;6990;;6990;6990;;Ventas;;Mercaderías;;Costo de la mercadería;
Producto;Si;No;Si;TARJETERO BLACK IGUANA CARAMELO;MC020080703;Unidad;MARRO CHICA;TARJETERO;8990;6990;;6990;6990;;Ventas;;Mercaderías;;Costo de la mercadería;
Producto;Si;No;Si;TARJETERO BLACK NAPADO SUELA;MC020080102;Unidad;MARRO CHICA;TARJETERO;8990;6990;;6990;6990;;Ventas;;Mercaderías;;Costo de la mercadería;
Producto;Si;No;Si;SOBRE GEMINI NAPADO CARAMELO;MG010800103;Unidad;MARRO GRANDE;SOBRE;79990;79990;;79990;79990;;Ventas;;Mercaderías;;Costo de la mercadería;
Producto;Si;No;Si;CARTERA AMARILLA SET SOBRE BRIDGE TABACO;MG010710304;Unidad;MARRO GRANDE;CARTERA;165990;159990;;159990;159990;;Ventas;;Mercaderías;;Costo de la mercadería;
Producto;Si;No;Si;CARTERA AMARILLA SET SOBRE BRIDGE LONDON;MG010710305;Unidad;MARRO GRANDE;CARTERA;165990;159990;;159990;159990;;Ventas;;Mercaderías;;Costo de la mercadería;
Producto;Si;No;Si;MONEDERO MARIA VAQUETA SUELA;MC020050402;Unidad;MARRO CHICA;MONEDERO;19990;19990;;19990;19990;;Ventas;;Mercaderías;;Costo de la mercadería;
Producto;Si;No;Si;MONEDERO MARIA VAQUETA LONDON;MC020050405;Unidad;MARRO CHICA;MONEDERO;19990;19990;;19990;19990;;Ventas;;Mercaderías;;Costo de la mercadería;
Producto;Si;No;Si;MONEDERO MARIA BRIDGE TABACO;MC020050304;Unidad;MARRO CHICA;MONEDERO;19990;19990;;19990;19990;;Ventas;;Mercaderías;;Costo de la mercadería;
Producto;Si;No;Si;MONEDERO MARIA BRIDGE AZUL;MC020050309;Unidad;MARRO CHICA;MONEDERO;19990;19990;;19990;19990;;Ventas;;Mercaderías;;Costo de la mercadería;
Producto;Si;No;Si;MONEDERO MARIA BRIDGE ROJO;MC020050307;Unidad;MARRO CHICA;MONEDERO;19990;19990;;19990;19990;;Ventas;;Mercaderías;;Costo de la mercadería;
Producto;Si;No;Si;MONEDERO MARIA BRIDGE NEGRO;MC020050301;Unidad;MARRO CHICA;MONEDERO;19990;19990;;19990;19990;;Ventas;;Mercaderías;;Costo de la mercadería;
Producto;Si;No;Si;SOBRE GEMINI NAPADO ROJO;MG010800107;Unidad;MARRO GRANDE;SOBRE;79990;79990;;79990;79990;;Ventas;;Mercaderías;;Costo de la mercadería;
?Producto;Si;No;Si;TARJETERO OMA VAQUETA NEGRO;MC020040401;Unidad;MARRO CHICA;TARJETERO;4990;4990;;4990;4990;;Ventas;;Mercaderías;;Costo de la mercadería;
Producto;Si;No;Si;TARJETERO OMA VAQUETA SUELA;MC020040402;Unidad;MARRO CHICA;TARJETERO;4990;4990;;4990;4990;;Ventas;;Mercaderías;;Costo de la mercadería;
Producto;Si;No;Si;TARJETERO OMA VAQUETA LONDON;MC020040405;Unidad;MARRO CHICA;TARJETERO;4990;4990;;4990;4990;;Ventas;;Mercaderías;;Costo de la mercadería;
Producto;Si;No;Si;TARJETERO OMA IGUANA CARAMELO;MC020040703;Unidad;MARRO CHICA;TARJETERO;4990;4990;;4990;4990;;Ventas;;Mercaderías;;Costo de la mercadería;
Producto;Si;No;Si;TARJETERO OMA BRIDGE NEGRO;MC020040301;Unidad;MARRO CHICA;TARJETERO;4990;4990;;4990;4990;;Ventas;;Mercaderías;;Costo de la mercadería;
Producto;Si;No;Si;TARJETERO OMA BRIDGE TABACO;MC020040304;Unidad;MARRO CHICA;TARJETERO;4990;4990;;4990;4990;;Ventas;;Mercaderías;;Costo de la mercadería;
Producto;Si;No;Si;TARJETERO OMA BRIDGE ROJO;MC020040307;Unidad;MARRO CHICA;TARJETERO;4990;4990;;4990;4990;;Ventas;;Mercaderías;;Costo de la mercadería;
Producto;Si;No;Si;TARJETERO OMA BRIDGE AZUL;MC020040309;Unidad;MARRO CHICA;TARJETERO;4990;4990;;4990;4990;;Ventas;;Mercaderías;;Costo de la mercadería;
Producto;Si;No;Si;TARJETERO OMA BRIDGE VERDE;MC020040310;Unidad;MARRO CHICA;TARJETERO;4990;4990;;4990;4990;;Ventas;;Mercaderías;;Costo de la mercadería;
Producto;Si;No;Si;TARJETERO LEO VAQUETA SUELA;MC020070402;Unidad;MARRO CHICA;TARJETERO;15990;15990;;15990;15990;;Ventas;;Mercaderías;;Costo de la mercadería;
Producto;Si;No;Si;TARJETERO LEO VAQUETA LONDON;MC020070405;Unidad;MARRO CHICA;TARJETERO;15990;15990;;15990;15990;;Ventas;;Mercaderías;;Costo de la mercadería;
Producto;Si;No;Si;TARJETERO LEO TAMPONATO NEGRO;MC020070201;Unidad;MARRO CHICA;TARJETERO;15990;15990;;15990;15990;;Ventas;;Mercaderías;;Costo de la mercadería;
Producto;Si;No;Si;TARJETERO ARIES BRIDGE NEGRO;MC020100301;Unidad;MARRO CHICA;TARJETERO;9990;9990;;9990;9990;;Ventas;;Mercaderías;;Costo de la mercadería;
Producto;Si;No;Si;TARJETERO ARIES BRIDGE TABACO;MC020100304;Unidad;MARRO CHICA;TARJETERO;9990;9990;;9990;9990;;Ventas;;Mercaderías;;Costo de la mercadería;
Producto;Si;No;Si;TARJETERO ARIES BRIDGE VERDE;MC020100310;Unidad;MARRO CHICA;TARJETERO;9990;9990;;9990;9990;;Ventas;;Mercaderías;;Costo de la mercadería;
Producto;Si;No;Si;TARJETERO ARIES BRIDGE ROJO;MC020100307;Unidad;MARRO CHICA;TARJETERO;9990;9990;;9990;9990;;Ventas;;Mercaderías;;Costo de la mercadería;
Producto;Si;No;Si;TARJETERO ARIES BRIDGE AZUL;MC020100309;Unidad;MARRO CHICA;TARJETERO;9990;9990;;9990;9990;;Ventas;;Mercaderías;;Costo de la mercadería;
Producto;Si;No;Si;TARJETERO ARIES BRIDGE CARAMELO;MC020100303;Unidad;MARRO CHICA;TARJETERO;9990;9990;;9990;9990;;Ventas;;Mercaderías;;Costo de la mercadería;
Producto;Si;No;Si;PORTALENTES ORION BRIDGE NEGRO;MC020110301;Unidad;MARRO CHICA;PORTALENTES;12990;12990;;12990;12990;;Ventas;;Mercaderías;;Costo de la mercadería;
Producto;Si;No;Si;PORTALENTES ORION BRIDGE VERDE;MC020110310;Unidad;MARRO CHICA;PORTALENTES;12990;12990;;12990;12990;;Ventas;;Mercaderías;;Costo de la mercadería;
Producto;Si;No;Si;PORTALENTES ORION BRIDGE ROJO;MC020110307;Unidad;MARRO CHICA;PORTALENTES;12990;12990;;12990;12990;;Ventas;;Mercaderías;;Costo de la mercadería;
Producto;Si;No;Si;PORTALENTES ORION BRIDGE AZUL;MC020110309;Unidad;MARRO CHICA;PORTALENTES;12990;12990;;12990;12990;;Ventas;;Mercaderías;;Costo de la mercadería;
Producto;Si;No;Si;PORTALENTES ORION BRIDGE CARAMELO;MC020110303;Unidad;MARRO CHICA;PORTALENTES;12990;12990;;12990;12990;;Ventas;;Mercaderías;;Costo de la mercadería;
Producto;Si;No;Si;PORTALENTES ORION BRIDGE TABACO;MC020110304;Unidad;MARRO CHICA;PORTALENTES;12990;12990;;12990;12990;;Ventas;;Mercaderías;;Costo de la mercadería;
Producto;Si;No;Si;PORTALENTES ORION NAPADO NEGRO;MC020110101;Unidad;MARRO CHICA;PORTALENTES;12990;12990;;12990;12990;;Ventas;;Mercaderías;;Costo de la mercadería;
Producto;Si;No;Si;PORTALENTES ORION NAPADO SUELA;MC020110102;Unidad;MARRO CHICA;PORTALENTES;12990;12990;;12990;12990;;Ventas;;Mercaderías;;Costo de la mercadería;
Producto;Si;No;Si;PORTAPASAPORTE CHESTER BRIDGE CARAMELO;MC020140303;Unidad;MARRO CHICA;PORTAPASAPORTE;15990;16990;;16990;16990;;Ventas;;Mercaderías;;Costo de la mercadería;
Producto;Si;No;Si;PORTAPASAPORTE CHESTER BRIDGE TABACO;MC020140304;Unidad;MARRO CHICA;PORTAPASAPORTE;15990;16990;;16990;16990;;Ventas;;Mercaderías;;Costo de la mercadería;
Producto;Si;No;Si;PORTAPASAPORTE CHESTER BRIDGE ROJO;MC020140307;Unidad;MARRO CHICA;PORTAPASAPORTE;15990;16990;;16990;16990;;Ventas;;Mercaderías;;Costo de la mercadería;
Producto;Si;No;Si;PORTAPASAPORTE CHESTER BRIDGE NEGRO;MC020140301;Unidad;MARRO CHICA;PORTAPASAPORTE;15990;16990;;16990;16990;;Ventas;;Mercaderías;;Costo de la mercadería;
Producto;Si;No;Si;PORTAPASAPORTE CHESTER BRIDGE AZUL;MC020140309;Unidad;MARRO CHICA;PORTAPASAPORTE;15990;16990;;16990;16990;;Ventas;;Mercaderías;;Costo de la mercadería;
Producto;Si;No;Si;PORTAPASAPORTE CHESTER BRIDGE VERDE;MC020140310;Unidad;MARRO CHICA;PORTAPASAPORTE;15990;16990;;16990;16990;;Ventas;;Mercaderías;;Costo de la mercadería;
Producto;Si;No;Si;PORTAPASAPORTE SAM BRIDGE AZUL;MC020130309;Unidad;MARRO CHICA;PORTAPASAPORTE;49990;49990;;49990;49990;;Ventas;;Mercaderías;;Costo de la mercadería;
Producto;Si;No;Si;PORTAPASAPORTE SAM BRIDGE VERDE;MC020130310;Unidad;MARRO CHICA;PORTAPASAPORTE;49990;49990;;49990;49990;;Ventas;;Mercaderías;;Costo de la mercadería;
Producto;Si;No;Si;PORTAPASAPORTE RON VAQUETA LONDON;MC020120405;Unidad;MARRO CHICA;PORTAPASAPORTE;14990;15990;;15990;15990;;Ventas;;Mercaderías;;Costo de la mercadería;
Producto;Si;No;Si;PORTAPASAPORTE RON BRIDGE CARAMELO;MC020120303;Unidad;MARRO CHICA;PORTAPASAPORTE;14990;15990;;15990;15990;;Ventas;;Mercaderías;;Costo de la mercadería;
Producto;Si;No;Si;PORTAPASAPORTE RON BRIDGE NEGRO;MC020120301;Unidad;MARRO CHICA;PORTAPASAPORTE;14990;15990;;15990;15990;;Ventas;;Mercaderías;;Costo de la mercadería;
Producto;Si;No;Si;PORTAPASAPORTE RON BRIDGE AZUL;MC020120309;Unidad;MARRO CHICA;PORTAPASAPORTE;14990;15990;;15990;15990;;Ventas;;Mercaderías;;Costo de la mercadería;
Producto;Si;No;Si;PORTAPASAPORTE RON BRIDGE VERDE;MC020120310;Unidad;MARRO CHICA;PORTAPASAPORTE;14990;15990;;15990;15990;;Ventas;;Mercaderías;;Costo de la mercadería;
Producto;Si;No;Si;PORTAPASAPORTE RON BRIDGE ROJO;MC020120307;Unidad;MARRO CHICA;PORTAPASAPORTE;14990;15990;;15990;15990;;Ventas;;Mercaderías;;Costo de la mercadería;
Producto;Si;No;Si;PORTAPASAPORTE RON BRIDGE TABACO;MC020120304;Unidad;MARRO CHICA;PORTAPASAPORTE;14990;15990;;15990;15990;;Ventas;;Mercaderías;;Costo de la mercadería;
Producto;Si;No;Si;PORTAPASAPORTE RON BRIDGE SUELA;MC020120302;Unidad;MARRO CHICA;PORTAPASAPORTE;14990;15990;;15990;15990;;Ventas;;Mercaderías;;Costo de la mercadería;
Producto;Si;No;Si;PORTAPASAPORTE RON TAMPONATO SUELA;MC020120202;Unidad;MARRO CHICA;PORTAPASAPORTE;14990;15990;;15990;15990;;Ventas;;Mercaderías;;Costo de la mercadería;
Producto;Si;No;Si;TARJETERO HARRY NAPADO CARAMELO;MC020150103;Unidad;MARRO CHICA;TARJETERO;26990;29990;;29990;29990;;Ventas;;Mercaderías;;Costo de la mercadería;
Producto;Si;No;Si;TARJETERO HARRY BRIDGE TABACO;MC020150304;Unidad;MARRO CHICA;TARJETERO;26990;29990;;29990;29990;;Ventas;;Mercaderías;;Costo de la mercadería;
Producto;Si;No;Si;TARJETERO HARRY BRIDGE CARAMELO;MC020150303;Unidad;MARRO CHICA;TARJETERO;26990;29990;;29990;29990;;Ventas;;Mercaderías;;Costo de la mercadería;
Producto;Si;No;Si;TARJETERO HARRY BRIDGE ROJO;MC020150307;Unidad;MARRO CHICA;TARJETERO;26990;29990;;29990;29990;;Ventas;;Mercaderías;;Costo de la mercadería;
Producto;Si;No;Si;TARJETERO HARRY BRIDGE NEGRO;MC020150301;Unidad;MARRO CHICA;TARJETERO;26990;29990;;29990;29990;;Ventas;;Mercaderías;;Costo de la mercadería;
Producto;Si;No;Si;TARJETERO HARRY BRIDGE AZUL;MC020150309;Unidad;MARRO CHICA;TARJETERO;26990;29990;;29990;29990;;Ventas;;Mercaderías;;Costo de la mercadería;
Producto;Si;No;Si;TARJETERO HARRY BRIDGE VERDE;MC020150310;Unidad;MARRO CHICA;TARJETERO;26990;29990;;29990;29990;;Ventas;;Mercaderías;;Costo de la mercadería;
Producto;Si;No;Si;TARJETERO JUAN NAPADO NEGRO;MC020190101;Unidad;MARRO CHICA;TARJETERO;29990;29990;;29990;29990;;Ventas;;Mercaderías;;Costo de la mercadería;
Producto;Si;No;Si;TARJETERO JUAN NAPADO SUELA;MC020190102;Unidad;MARRO CHICA;TARJETERO;29990;29990;;29990;29990;;Ventas;;Mercaderías;;Costo de la mercadería;
Producto;Si;No;Si;TARJETERO BILL NAPADO SUELA;MC020260102;Unidad;MARRO CHICA;TARJETERO;18990;21990;;21990;21990;;Ventas;;Mercaderías;;Costo de la mercadería;
Producto;Si;No;Si;BILLETERA LUCA BRIDGE NEGRO;MC020220301;Unidad;MARRO CHICA;BILLETERA;44990;49990;;49990;49990;;Ventas;;Mercaderías;;Costo de la mercadería;
Producto;Si;No;Si;BILLETERA LUCA BRIDGE CARAMELO;MC020220303;Unidad;MARRO CHICA;BILLETERA;44990;49990;;49990;49990;;Ventas;;Mercaderías;;Costo de la mercadería;
Producto;Si;No;Si;BILLETERA LUCA BRIDGE TABACO;MC020220304;Unidad;MARRO CHICA;BILLETERA;44990;49990;;49990;49990;;Ventas;;Mercaderías;;Costo de la mercadería;
Producto;Si;No;Si;BILLETERA LUCA BRIDGE AZUL;MC020220309;Unidad;MARRO CHICA;BILLETERA;44990;49990;;49990;49990;;Ventas;;Mercaderías;;Costo de la mercadería;
Producto;Si;No;Si;BILLETERA LUCA NAPADO SUELA;MC020220102;Unidad;MARRO CHICA;BILLETERA;44990;49990;;49990;49990;;Ventas;;Mercaderías;;Costo de la mercadería;
Producto;Si;No;Si;BILLETERA LUCA NAPADO CARAMELO;MC020220103;Unidad;MARRO CHICA;BILLETERA;44990;49990;;49990;49990;;Ventas;;Mercaderías;;Costo de la mercadería;
Producto;Si;No;Si;BILLETERA LUCA NAPADO NEGRO;MC020220101;Unidad;MARRO CHICA;BILLETERA;44990;49990;;49990;49990;;Ventas;;Mercaderías;;Costo de la mercadería;
Producto;Si;No;Si;PORTALENTES LUZ NAPADO NEGRO;MC020170101;Unidad;MARRO CHICA;PORTALENTES;12990;13990;;13990;13990;;Ventas;;Mercaderías;;Costo de la mercadería;
Producto;Si;No;Si;PORTALENTES LUZ NAPADO SUELA;MC020170102;Unidad;MARRO CHICA;PORTALENTES;12990;13990;;13990;13990;;Ventas;;Mercaderías;;Costo de la mercadería;
Producto;Si;No;Si;PORTALENTES LUZ BRIDGE NEGRO;MC020170301;Unidad;MARRO CHICA;PORTALENTES;12990;13990;;13990;13990;;Ventas;;Mercaderías;;Costo de la mercadería;
Producto;Si;No;Si;PORTALENTES LUZ BRIDGE ROJO;MC020170307;Unidad;MARRO CHICA;PORTALENTES;12990;13990;;13990;13990;;Ventas;;Mercaderías;;Costo de la mercadería;
Producto;Si;No;Si;PORTALENTES LUZ BRIDGE AZUL;MC020170309;Unidad;MARRO CHICA;PORTALENTES;12990;13990;;13990;13990;;Ventas;;Mercaderías;;Costo de la mercadería;
Producto;Si;No;Si;PORTALENTES LUZ BRIDGE TABACO;MC020170304;Unidad;MARRO CHICA;PORTALENTES;12990;13990;;13990;13990;;Ventas;;Mercaderías;;Costo de la mercadería;
Producto;Si;No;Si;PORTALENTES LUZ BRIDGE VERDE;MC020170310;Unidad;MARRO CHICA;PORTALENTES;12990;13990;;13990;13990;;Ventas;;Mercaderías;;Costo de la mercadería;
Producto;Si;No;Si;BILLETERA OSADIA NAPADO CARAMELO;MC020210103;Unidad;MARRO CHICA;BILLETERA;89990;95990;;95990;95990;;Ventas;;Mercaderías;;Costo de la mercadería;
Producto;Si;No;Si;BILLETERA OSADIA NAPADO SUELA;MC020210102;Unidad;MARRO CHICA;BILLETERA;89990;95990;;95990;95990;;Ventas;;Mercaderías;;Costo de la mercadería;
Producto;Si;No;Si;BILLETERA OSADIA NAPADO NEGRO;MC020210101;Unidad;MARRO CHICA;BILLETERA;89990;95990;;95990;95990;;Ventas;;Mercaderías;;Costo de la mercadería;
Producto;Si;No;Si;BILLETERA OSADIA BRIDGE TABACO;MC020210304;Unidad;MARRO CHICA;BILLETERA;89990;95990;;95990;95990;;Ventas;;Mercaderías;;Costo de la mercadería;
Producto;Si;No;Si;BILLETERA OSADIA BRIDGE ROJO;MC020210307;Unidad;MARRO CHICA;BILLETERA;89990;95990;;95990;95990;;Ventas;;Mercaderías;;Costo de la mercadería;
Producto;Si;No;Si;BILLETERA OSADIA BRIDGE AZUL;MC020210309;Unidad;MARRO CHICA;BILLETERA;89990;95990;;95990;95990;;Ventas;;Mercaderías;;Costo de la mercadería;
Producto;Si;No;Si;BILLETERA OSADIA BRIDGE VERDE;MC020210310;Unidad;MARRO CHICA;BILLETERA;89990;95990;;95990;95990;;Ventas;;Mercaderías;;Costo de la mercadería;
Producto;Si;No;Si;BILLETERA OSADIA BRIDGE CARAMELO;MC020210303;Unidad;MARRO CHICA;BILLETERA;89990;95990;;95990;95990;;Ventas;;Mercaderías;;Costo de la mercadería;
Producto;Si;No;Si;.INACTIVO;D008;Unidad;DISC;INACTIVO;0;0;;0;0;;Ventas;;Mercaderías;;Costo de la mercadería;
Producto;Si;No;Si;.INACTIVO;D009;Unidad;DISC;INACTIVO;0;0;;0;0;;Ventas;;Mercaderías;;Costo de la mercadería;
Producto;Si;No;Si;BILLETERA KEY TAMPONATO NEGRO;MC020200201;Unidad;MARRO CHICA;BILLETERA;0;44990;;44990;44990;;Ventas;;Mercaderías;;Costo de la mercadería;
Producto;Si;No;Si;BILLETERA KEY TAMPONATO SUELA;MC020200202;Unidad;MARRO CHICA;BILLETERA;0;44990;;44990;44990;;Ventas;;Mercaderías;;Costo de la mercadería;
Producto;Si;No;Si;BILLETERA KEY BRIDGE NEGRO;MC020200301;Unidad;MARRO CHICA;BILLETERA;0;44990;;44990;44990;;Ventas;;Mercaderías;;Costo de la mercadería;
Producto;Si;No;Si;BILLETERA KEY BRIDGE TABACO;MC020200304;Unidad;MARRO CHICA;BILLETERA;0;44990;;44990;44990;;Ventas;;Mercaderías;;Costo de la mercadería;
Producto;Si;No;Si;BILLETERA KEY BRIDGE ROJO;MC020200307;Unidad;MARRO CHICA;BILLETERA;0;44990;;44990;44990;;Ventas;;Mercaderías;;Costo de la mercadería;
Producto;Si;No;Si;BILLETERA KEY BRIDGE AZUL;MC020200309;Unidad;MARRO CHICA;BILLETERA;0;44990;;44990;44990;;Ventas;;Mercaderías;;Costo de la mercadería;
Producto;Si;No;Si;CARTERA AMARILLA SET SOBRE BRIDGE NEGRO;MG010710301;Unidad;MARRO GRANDE;CARTERA;165990;159990;;159990;159990;;Ventas;;Mercaderías;;Costo de la mercadería;
Producto;Si;No;Si;CARTERA AMARILLA SET SOBRE BRIDGE VERDE;MG010710310;Unidad;MARRO GRANDE;CARTERA;165990;159990;;159990;159990;;Ventas;;Mercaderías;;Costo de la mercadería;
Producto;Si;No;Si;MONEDERO CHICO BRIDGE NEGRO;MC020230301;Unidad;MARRO CHICA;MONEDERO;5990;5990;;5990;5990;;Ventas;;Mercaderías;;Costo de la mercadería;
Producto;Si;No;Si;MONEDERO CHICO BRIDGE VERDE;MC020230310;Unidad;MARRO CHICA;MONEDERO;5990;5990;;5990;5990;;Ventas;;Mercaderías;;Costo de la mercadería;
Producto;Si;No;Si;MONEDERO CHICO BRIDGE AZUL;MC020230309;Unidad;MARRO CHICA;MONEDERO;5990;5990;;5990;5990;;Ventas;;Mercaderías;;Costo de la mercadería;
Producto;Si;No;Si;MONEDERO CHICO BRIDGE CARAMELO;MC020230303;Unidad;MARRO CHICA;MONEDERO;5990;5990;;5990;5990;;Ventas;;Mercaderías;;Costo de la mercadería;
Producto;Si;No;Si;NECESSAIRE BRIDGE NEGRO;MC010010301;Unidad;MARRO CHICA;NECESSAIRE;119990;121990;;121990;121990;;Ventas;;Mercaderías;;Costo de la mercadería;
Producto;Si;No;Si;NECESSAIRE TAMPONATO SUELA;MC010010202;Unidad;MARRO CHICA;NECESSAIRE;119990;121990;;121990;121990;;Ventas;;Mercaderías;;Costo de la mercadería;
Producto;Si;No;Si;TARJETERO VINCENT BRIDGE ROJO;MC020380307;Unidad;MARRO CHICA;TARJETERO;34990;34990;;34990;34990;;Ventas;;Mercaderías;;Costo de la mercadería;
Producto;Si;No;Si;TARJETERO VINCENT BRIDGE AZUL;MC020380309;Unidad;MARRO CHICA;TARJETERO;34990;34990;;34990;34990;;Ventas;;Mercaderías;;Costo de la mercadería;
Producto;Si;No;Si;TARJETERO VINCENT BRIDGE CARAMELO;MC020380303;Unidad;MARRO CHICA;TARJETERO;34990;34990;;34990;34990;;Ventas;;Mercaderías;;Costo de la mercadería;
Producto;Si;No;Si;TARJETERO VINCENT VAQUETA SUELA;MC020380402;Unidad;MARRO CHICA;TARJETERO;34990;34990;;34990;34990;;Ventas;;Mercaderías;;Costo de la mercadería;
Producto;Si;No;Si;TARJETERO VINCENT VAQUETA LONDON;MC020380405;Unidad;MARRO CHICA;TARJETERO;34990;34990;;34990;34990;;Ventas;;Mercaderías;;Costo de la mercadería;
Producto;Si;No;Si;NECESSAIRE MINI MARCOS BRIDGE TABACO;MG010260304;Unidad;MARRO GRANDE;NECESSAIRE;99990;104990;;104990;104990;;Ventas;;Mercaderías;;Costo de la mercadería;
Producto;Si;No;Si;NECESSAIRE MINI MARCOS BRIDGE ROJO;MG010260307;Unidad;MARRO GRANDE;NECESSAIRE;99990;104990;;104990;104990;;Ventas;;Mercaderías;;Costo de la mercadería;
Producto;Si;No;Si;TARJETERO RUBI BRIDGE ROJO;MC020270307;Unidad;MARRO CHICA;TARJETERO;12990;14990;;14990;14990;;Ventas;;Mercaderías;;Costo de la mercadería;
Producto;Si;No;Si;TARJETERO RUBI BRIDGE AZUL;MC020270309;Unidad;MARRO CHICA;TARJETERO;12990;14990;;14990;14990;;Ventas;;Mercaderías;;Costo de la mercadería;
Producto;Si;No;Si;TARJETERO RUBI BRIDGE CARAMELO;MC020270303;Unidad;MARRO CHICA;TARJETERO;12990;14990;;14990;14990;;Ventas;;Mercaderías;;Costo de la mercadería;
Producto;Si;No;Si;TARJETERO RUBI VAQUETA SUELA;MC020270402;Unidad;MARRO CHICA;TARJETERO;12990;14990;;14990;14990;;Ventas;;Mercaderías;;Costo de la mercadería;
Producto;Si;No;Si;TARJETERO RUBI VAQUETA LONDON;MC020270405;Unidad;MARRO CHICA;TARJETERO;12990;14990;;14990;14990;;Ventas;;Mercaderías;;Costo de la mercadería;
Producto;Si;No;Si;TARJETERO KENNY BRIDGE ROJO;MC020280307;Unidad;MARRO CHICA;BILLETERA;55990;59990;;59990;59990;;Ventas;;Mercaderías;;Costo de la mercadería;
Producto;Si;No;Si;TARJETERO KENNY BRIDGE AZUL;MC020280309;Unidad;MARRO CHICA;BILLETERA;55990;59990;;59990;59990;;Ventas;;Mercaderías;;Costo de la mercadería;
Producto;Si;No;Si;TARJETERO KENNY BRIDGE NEGRO;MC020280301;Unidad;MARRO CHICA;BILLETERA;55990;59990;;59990;59990;;Ventas;;Mercaderías;;Costo de la mercadería;
Producto;Si;No;Si;TARJETERO KENNY BRIDGE CARAMELO;MC020280303;Unidad;MARRO CHICA;BILLETERA;55990;59990;;59990;59990;;Ventas;;Mercaderías;;Costo de la mercadería;
Producto;Si;No;Si;TARJETERO KENNY BRIDGE VERDE;MC020280310;Unidad;MARRO CHICA;BILLETERA;55990;59990;;59990;59990;;Ventas;;Mercaderías;;Costo de la mercadería;
Producto;Si;No;Si;MONEDERO GRACE BRIDGE AZUL;MC020290309;Unidad;MARRO CHICA;MONEDERO;23990;26990;;26990;26990;;Ventas;;Mercaderías;;Costo de la mercadería;
Producto;Si;No;Si;MONEDERO GRACE BRIDGE SUELA;MC020290302;Unidad;MARRO CHICA;MONEDERO;23990;26990;;26990;26990;;Ventas;;Mercaderías;;Costo de la mercadería;
Producto;Si;No;Si;MONEDERO GRACE BRIDGE NEGRO;MC020290301;Unidad;MARRO CHICA;MONEDERO;23990;26990;;26990;26990;;Ventas;;Mercaderías;;Costo de la mercadería;
Producto;Si;No;Si;MONEDERO GRACE BRIDGE CARAMELO;MC020290303;Unidad;MARRO CHICA;MONEDERO;23990;26990;;26990;26990;;Ventas;;Mercaderías;;Costo de la mercadería;
Producto;Si;No;Si;MONEDERO GRACE BRIDGE ROJO;MC020290307;Unidad;MARRO CHICA;MONEDERO;23990;26990;;26990;26990;;Ventas;;Mercaderías;;Costo de la mercadería;
Producto;Si;No;Si;MONEDERO GRACE NAPADO CARAMELO;MC020290103;Unidad;MARRO CHICA;MONEDERO;23990;26990;;26990;26990;;Ventas;;Mercaderías;;Costo de la mercadería;
Producto;Si;No;Si;MONEDERO GRACE NAPADO SUELA;MC020290102;Unidad;MARRO CHICA;MONEDERO;23990;26990;;26990;26990;;Ventas;;Mercaderías;;Costo de la mercadería;
Producto;Si;No;Si;MONEDERO GRACE NAPADO NEGRO;MC020290101;Unidad;MARRO CHICA;MONEDERO;23990;26990;;26990;26990;;Ventas;;Mercaderías;;Costo de la mercadería;
Producto;Si;No;Si;BILLETERA PENY NAPADO SUELA;MC020300102;Unidad;MARRO CHICA;BILLETERA;89990;95990;;95990;95990;;Ventas;;Mercaderías;;Costo de la mercadería;
Producto;Si;No;Si;BILLETERA PENY NAPADO NEGRO;MC020300101;Unidad;MARRO CHICA;BILLETERA;89990;95990;;95990;95990;;Ventas;;Mercaderías;;Costo de la mercadería;
Producto;Si;No;Si;BILLETERA PENY NAPADO VERDE;MC020300110;Unidad;MARRO CHICA;BILLETERA;89990;95990;;95990;95990;;Ventas;;Mercaderías;;Costo de la mercadería;
Producto;Si;No;Si;BILLETERA PENY NAPADO AZUL;MC020300109;Unidad;MARRO CHICA;BILLETERA;89990;95990;;95990;95990;;Ventas;;Mercaderías;;Costo de la mercadería;
Producto;Si;No;Si;BILLETERA PENY NAPADO CARAMELO;MC020300103;Unidad;MARRO CHICA;BILLETERA;89990;95990;;95990;95990;;Ventas;;Mercaderías;;Costo de la mercadería;
Producto;Si;No;Si;TARJETERO CHICAGO BRIDGE NEGRO;MC020310301;Unidad;MARRO CHICA;TARJETERO;10990;5990;;5990;5990;;Ventas;;Mercaderías;;Costo de la mercadería;
Producto;Si;No;Si;TARJETERO CHICAGO BRIDGE CARAMELO;MC020310303;Unidad;MARRO CHICA;TARJETERO;10990;5990;;5990;5990;;Ventas;;Mercaderías;;Costo de la mercadería;
Producto;Si;No;Si;TARJETERO CHICAGO BRIDGE TABACO;MC020310304;Unidad;MARRO CHICA;TARJETERO;10990;5990;;5990;5990;;Ventas;;Mercaderías;;Costo de la mercadería;
Producto;Si;No;Si;TARJETERO CHICAGO BRIDGE ROJO;MC020310307;Unidad;MARRO CHICA;TARJETERO;10990;5990;;5990;5990;;Ventas;;Mercaderías;;Costo de la mercadería;
Producto;Si;No;Si;TARJETERO CHICAGO BRIDGE AZUL;MC020310309;Unidad;MARRO CHICA;TARJETERO;10990;5990;;5990;5990;;Ventas;;Mercaderías;;Costo de la mercadería;
Producto;Si;No;Si;BILLETERA MILO NAPADO SUELA;MC020320102;Unidad;MARRO CHICA;BILLETERA;55990;55990;;55990;55990;;Ventas;;Mercaderías;;Costo de la mercadería;
Producto;Si;No;Si;BILLETERA MILO NAPADO NEGRO;MC020320101;Unidad;MARRO CHICA;BILLETERA;55990;55990;;55990;55990;;Ventas;;Mercaderías;;Costo de la mercadería;
Producto;Si;No;Si;TAPABOCA BROCHES NAPADO/TELA NEGRO/NEGRO;TP010010101;Unidad;ACCESORIOS;TAPABOCA;2990;2990;;2990;2990;;Ventas;;Mercaderías;;Costo de la mercadería;
Producto;Si;No;Si;TAPABOCA BROCHES NAPADO/TELA SUELA/MARRON;TP010010102;Unidad;ACCESORIOS;TAPABOCA;2990;2990;;2990;2990;;Ventas;;Mercaderías;;Costo de la mercadería;
Producto;Si;No;Si;TAPABOCA SIMPLE NAPADO NEGRO;TP010020101;Unidad;ACCESORIOS;TAPABOCA;3490;3490;;3490;3490;;Ventas;;Mercaderías;;Costo de la mercadería;
Producto;Si;No;Si;TAPABOCA COMBINADO NAPADO NEGRO;TP010030101;Unidad;ACCESORIOS;TAPABOCA;3990;3990;;3990;3990;;Ventas;;Mercaderías;;Costo de la mercadería;
Producto;Si;No;Si;TAPABOCA COMBINADO NAPADO NEGRO/SUELA;TP010030102;Unidad;ACCESORIOS;TAPABOCA;3990;3990;;3990;3990;;Ventas;;Mercaderías;;Costo de la mercadería;
Producto;Si;No;Si;TAPABOCA TIENTOS BRIDGE/TELA AZUL/NEGRO T1;TP010040309-T1;Unidad;ACCESORIOS;TAPABOCA;1990;1990;;1990;1990;;Ventas;;Mercaderías;;Costo de la mercadería;
Producto;Si;No;Si;TAPABOCA TIENTOS BRIDGE/TELA VERDE/NEGRO T1;TP010040310-T1;Unidad;ACCESORIOS;TAPABOCA;1990;1990;;1990;1990;;Ventas;;Mercaderías;;Costo de la mercadería;
Producto;Si;No;Si;TAPABOCA TIENTOS BRIDGE/TELA TAUPE/TABACO T1;TP010040304-T1;Unidad;ACCESORIOS;TAPABOCA;1990;1990;;1990;1990;;Ventas;;Mercaderías;;Costo de la mercadería;
Producto;Si;No;Si;CINTURON VAQUETA NIQUEL SUELA 85;MC010030402-85;Unidad;CINTURON;CINTURON;79990;79990;;79990;79990;;Ventas;;Mercaderías;;Costo de la mercadería;
Producto;Si;No;Si;CINTURON VAQUETA NIQUEL SUELA 90;MC010030402-90;Unidad;CINTURON;CINTURON;79990;79990;;79990;79990;;Ventas;;Mercaderías;;Costo de la mercadería;
Producto;Si;No;Si;CINTURON VAQUETA NIQUEL SUELA 95;MC010030402-95;Unidad;CINTURON;CINTURON;79990;79990;;79990;79990;;Ventas;;Mercaderías;;Costo de la mercadería;
Producto;Si;No;Si;CINTURON VAQUETA NIQUEL SUELA 100;MC010030402-100;Unidad;CINTURON;CINTURON;79990;79990;;79990;79990;;Ventas;;Mercaderías;;Costo de la mercadería;
Producto;Si;No;Si;CINTURON VAQUETA NIQUEL SUELA 105;MC010030402-105;Unidad;CINTURON;CINTURON;79990;79990;;79990;79990;;Ventas;;Mercaderías;;Costo de la mercadería;
Producto;Si;No;Si;CINTURON VAQUETA NIQUEL SUELA 110;MC010030402-110;Unidad;CINTURON;CINTURON;79990;79990;;79990;79990;;Ventas;;Mercaderías;;Costo de la mercadería;
Producto;Si;No;Si;CINTURON VAQUETA BRONCE SUELA 90;MC010040402-90;Unidad;CINTURON;CINTURON;79990;79990;;79990;79990;;Ventas;;Mercaderías;;Costo de la mercadería;
Producto;Si;No;Si;CINTURON VAQUETA BRONCE SUELA 95;MC010040402-95;Unidad;CINTURON;CINTURON;79990;79990;;79990;79990;;Ventas;;Mercaderías;;Costo de la mercadería;
Producto;Si;No;Si;CINTURON VAQUETA BRONCE SUELA 100;MC010040402-100;Unidad;CINTURON;CINTURON;79990;79990;;79990;79990;;Ventas;;Mercaderías;;Costo de la mercadería;
Producto;Si;No;Si;CINTURON VAQUETA NIQUEL NEGRO 85;MC010060401-85;Unidad;CINTURON;CINTURON;79990;79990;;79990;79990;;Ventas;;Mercaderías;;Costo de la mercadería;
Producto;Si;No;Si;CINTURON VAQUETA NIQUEL NEGRO 90;MC010060401-90;Unidad;CINTURON;CINTURON;79990;79990;;79990;79990;;Ventas;;Mercaderías;;Costo de la mercadería;
Producto;Si;No;Si;TARJETERO JUAN NAPADO ROJO;MC020190107;Unidad;MARRO CHICA;TARJETERO;29990;29990;;29990;29990;;Ventas;;Mercaderías;;Costo de la mercadería;
Producto;Si;No;Si;TARJETERO JUAN NAPADO AZUL;MC020190109;Unidad;MARRO CHICA;TARJETERO;29990;29990;;29990;29990;;Ventas;;Mercaderías;;Costo de la mercadería;
Producto;Si;No;Si;TARJETERO JUAN NAPADO CARAMELO;MC020190103;Unidad;MARRO CHICA;TARJETERO;29990;29990;;29990;29990;;Ventas;;Mercaderías;;Costo de la mercadería;
?Producto;Si;No;Si;BILLETERA LUCA BRIDGE VERDE;MC020220310;Unidad;MARRO CHICA;BILLETERA;44990;49990;;49990;49990;;Ventas;;Mercaderías;;Costo de la mercadería;
Producto;Si;No;Si;.CARTERA AMARILLA GAMUZA TABACO/NEGRO;MG010060504-1;Unidad;MARRO GRANDE;CARTERA;39990;39990;;39990;39990;;Ventas;;Mercaderías;;Costo de la mercadería;
Producto;Si;No;Si;.CARTERA AMARILLA GAMUZA OXIDO/NEGRO;MG010060556-1;Unidad;MARRO GRANDE;CARTERA;39990;39990;;39990;39990;;Ventas;;Mercaderías;;Costo de la mercadería;
Producto;Si;No;Si;CINTURON VAQUETA NIQUEL NEGRO 120;MC010060401-120;Unidad;CINTURON;CINTURON;79990;79990;;79990;79990;;Ventas;;Mercaderías;;Costo de la mercadería;
Producto;Si;No;Si;BOLSO TUBO GRANDE GAMUZA VESUBIO/NEGRO;MG010100550-1;Unidad;MARRO GRANDE;BOLSO;399990;429990;;429990;429990;;Ventas;;Mercaderías;;Costo de la mercadería;
Producto;Si;No;Si;CINTURON VAQUETA NIQUEL SUELA 120;MC010030402-120;Unidad;CINTURON;CINTURON;79990;79990;;79990;79990;;Ventas;;Mercaderías;;Costo de la mercadería;
Producto;Si;No;Si;BILLETERA LUCA NAPADO VERDE;MC020220110;Unidad;MARRO CHICA;BILLETERA;44990;49990;;49990;49990;;Ventas;;Mercaderías;;Costo de la mercadería;
Producto;Si;No;Si;CARTERA AMARILLA SET SOBRE BRIDGE CARAMELO;MG010710303;Unidad;MARRO GRANDE;CARTERA;165990;159990;;159990;159990;;Ventas;;Mercaderías;;Costo de la mercadería;
Producto;Si;No;Si;CARTERA AMARILLA SET SOBRE GAMUZA VESUBIO/NEGRO;MG010710550-1;Unidad;MARRO GRANDE;CARTERA;165990;159990;;159990;159990;;Ventas;;Mercaderías;;Costo de la mercadería;
Producto;Si;No;Si;CARTERA AMARILLA SET SOBRE GAMUZA OXIDO/TABACO;MG010710556-4;Unidad;MARRO GRANDE;CARTERA;165990;159990;;159990;159990;;Ventas;;Mercaderías;;Costo de la mercadería;
Producto;Si;No;Si;CARTERA AMARILLA SET SOBRE GAMUZA OXIDO/NEGRO;MG010710556-1;Unidad;MARRO GRANDE;CARTERA;64990;159990;;159990;159990;;Ventas;;Mercaderías;;Costo de la mercadería;
Producto;Si;No;Si;CARTERA APHOLO SET SOBRE BRIDGE CARAMELO;MG010720303;Unidad;MARRO GRANDE;CARTERA;199990;199990;;199990;199990;;Ventas;;Mercaderías;;Costo de la mercadería;
Producto;Si;No;Si;CARTERA APHOLO SET SOBRE BRIDGE ROJO;MG010720307;Unidad;MARRO GRANDE;CARTERA;199990;199990;;199990;199990;;Ventas;;Mercaderías;;Costo de la mercadería;
Producto;Si;No;Si;CARTERA APHOLO SET SOBRE BRIDGE VERDE;MG010720310;Unidad;MARRO GRANDE;CARTERA;199990;199990;;199990;199990;;Ventas;;Mercaderías;;Costo de la mercadería;
Producto;Si;No;Si;CINTURON TINO NIQUEL CARAMELO 90;MC040140103-90;Unidad;CINTURON;CINTURON;89990;99990;;99990;99990;;Ventas;;Mercaderías;;Costo de la mercadería;
Producto;Si;No;Si;CINTURON TINO NIQUEL CARAMELO 95;MC040140103-95;Unidad;CINTURON;CINTURON;89990;99990;;99990;99990;;Ventas;;Mercaderías;;Costo de la mercadería;
Producto;Si;No;Si;CINTURON TINO NIQUEL CARAMELO 100;MC040140103-100;Unidad;CINTURON;CINTURON;89990;99990;;99990;99990;;Ventas;;Mercaderías;;Costo de la mercadería;
Producto;Si;No;Si;CINTURON TINO NIQUEL CARAMELO 105;MC040140103-105;Unidad;CINTURON;CINTURON;89990;99990;;99990;99990;;Ventas;;Mercaderías;;Costo de la mercadería;
Producto;Si;No;Si;CINTURON TINO NIQUEL CARAMELO 110;MC040140103-110;Unidad;CINTURON;CINTURON;89990;99990;;99990;99990;;Ventas;;Mercaderías;;Costo de la mercadería;
Producto;Si;No;Si;CINTURON TINO NIQUEL CARAMELO 115;MC040140103-115;Unidad;CINTURON;CINTURON;89990;99990;;99990;99990;;Ventas;;Mercaderías;;Costo de la mercadería;
Producto;Si;No;Si;CINTURON TINO NIQUEL SUELA 85;MC040140102-85;Unidad;CINTURON;CINTURON;89990;99990;;99990;99990;;Ventas;;Mercaderías;;Costo de la mercadería;
Producto;Si;No;Si;CINTURON TINO NIQUEL SUELA 90;MC040140102-90;Unidad;CINTURON;CINTURON;89990;99990;;99990;99990;;Ventas;;Mercaderías;;Costo de la mercadería;
Producto;Si;No;Si;CINTURON TINO NIQUEL SUELA 95;MC040140102-95;Unidad;CINTURON;CINTURON;89990;99990;;99990;99990;;Ventas;;Mercaderías;;Costo de la mercadería;
Producto;Si;No;Si;CINTURON TINO NIQUEL SUELA 100;MC040140102-100;Unidad;CINTURON;CINTURON;89990;99990;;99990;99990;;Ventas;;Mercaderías;;Costo de la mercadería;
Producto;Si;No;Si;CINTURON TINO NIQUEL SUELA 105;MC040140102-105;Unidad;CINTURON;CINTURON;89990;99990;;99990;99990;;Ventas;;Mercaderías;;Costo de la mercadería;
Producto;Si;No;Si;CINTURON TINO NIQUEL SUELA 115;MC040140102-115;Unidad;CINTURON;CINTURON;89990;99990;;99990;99990;;Ventas;;Mercaderías;;Costo de la mercadería;
Producto;Si;No;Si;CINTURON TINO NIQUEL SUELA 110;MC040140102-110;Unidad;CINTURON;CINTURON;89990;99990;;99990;99990;;Ventas;;Mercaderías;;Costo de la mercadería;
Producto;Si;No;Si;CINTURON TINO NIQUEL NEGRO 85;MC040140101-85;Unidad;CINTURON;CINTURON;89990;99990;;99990;99990;;Ventas;;Mercaderías;;Costo de la mercadería;
Producto;Si;No;Si;CINTURON TINO NIQUEL NEGRO 120;MC040140101-120;Unidad;CINTURON;CINTURON;89990;99990;;99990;99990;;Ventas;;Mercaderías;;Costo de la mercadería;
Producto;Si;No;Si;CINTURON TINO NIQUEL NEGRO 90;MC040140101-90;Unidad;CINTURON;CINTURON;89990;99990;;99990;99990;;Ventas;;Mercaderías;;Costo de la mercadería;
Producto;Si;No;Si;CINTURON TINO NIQUEL NEGRO 95;MC040140101-95;Unidad;CINTURON;CINTURON;89990;99990;;99990;99990;;Ventas;;Mercaderías;;Costo de la mercadería;
Producto;Si;No;Si;CINTURON TINO NIQUEL NEGRO 100;MC040140101-100;Unidad;CINTURON;CINTURON;89990;99990;;99990;99990;;Ventas;;Mercaderías;;Costo de la mercadería;
Producto;Si;No;Si;CINTURON TINO NIQUEL NEGRO 110;MC040140101-110;Unidad;CINTURON;CINTURON;89990;99990;;99990;99990;;Ventas;;Mercaderías;;Costo de la mercadería;
Producto;Si;No;Si;CINTURON TINO NIQUEL NEGRO 115;MC040140101-115;Unidad;CINTURON;CINTURON;89990;99990;;99990;99990;;Ventas;;Mercaderías;;Costo de la mercadería;
Producto;Si;No;Si;CINTURON TINO NIQUEL NEGRO 105;MC040140101-105;Unidad;CINTURON;CINTURON;89990;99990;;99990;99990;;Ventas;;Mercaderías;;Costo de la mercadería;
Producto;Si;No;Si;BILLETERA LEXI BRIDGE AZUL;MC020330309;Unidad;MARRO CHICA;BILLETERA;0;64990;;64990;64990;;Ventas;;Mercaderías;;Costo de la mercadería;
Producto;Si;No;Si;ZAPATO CLASSIC NAPADO SUELA 40;CA060020102-40;Unidad;CALZADO;ZAPATO;29990;29990;;29990;29990;;Ventas;;Mercaderías;;Costo de la mercadería;
Producto;Si;No;Si;ZAPATO CLASSIC NAPADO SUELA 41;CA060020102-41;Unidad;CALZADO;ZAPATO;29990;29990;;29990;29990;;Ventas;;Mercaderías;;Costo de la mercadería;
Producto;Si;No;Si;ZAPATO CLASSIC NAPADO NEGRO 39;CA060020101-39;Unidad;CALZADO;ZAPATO;29990;29990;;29990;29990;;Ventas;;Mercaderías;;Costo de la mercadería;
Producto;Si;No;Si;ZAPATO CLASSIC NAPADO NEGRO 41;CA060020101-41;Unidad;CALZADO;ZAPATO;29990;29990;;29990;29990;;Ventas;;Mercaderías;;Costo de la mercadería;
Producto;Si;No;Si;ZAPATO CLASSIC NAPADO NEGRO 43;CA060020101-43;Unidad;CALZADO;ZAPATO;29990;29990;;29990;29990;;Ventas;;Mercaderías;;Costo de la mercadería;
Producto;Si;No;Si;PORTA AIRPOD 08 VAQUETA NEGRO;MC020340401;Unidad;ACCESORIOS;PORTA AIRPOD;1490;1490;;1490;1490;;Ventas;;Mercaderías;;Costo de la mercadería;
Producto;Si;No;Si;PORTA AIRPOD 08 VAQUETA SUELA;MC020340402;Unidad;ACCESORIOS;PORTA AIRPOD;1490;1490;;1490;1490;;Ventas;;Mercaderías;;Costo de la mercadería;
Producto;Si;No;Si;PORTA AIRPOD 08 VAQUETA LONDON;MC020340405;Unidad;ACCESORIOS;PORTA AIRPOD;1490;1490;;1490;1490;;Ventas;;Mercaderías;;Costo de la mercadería;
Producto;Si;No;Si;PORTA AIRPOD 09 VAQUETA NEGRO;MC020350401;Unidad;ACCESORIOS;PORTA AIRPOD;1490;1490;;1490;1490;;Ventas;;Mercaderías;;Costo de la mercadería;
Producto;Si;No;Si;PORTA AIRPOD 09 VAQUETA SUELA;MC020350402;Unidad;ACCESORIOS;PORTA AIRPOD;1490;1490;;1490;1490;;Ventas;;Mercaderías;;Costo de la mercadería;
Producto;Si;No;Si;PORTA AIRPOD 09 VAQUETA LONDON;MC020350405;Unidad;ACCESORIOS;PORTA AIRPOD;1490;1490;;1490;1490;;Ventas;;Mercaderías;;Costo de la mercadería;
Producto;Si;No;Si;PORTALENTES LUZ BRIDGE CARAMELO;MC020170303;Unidad;MARRO CHICA;PORTALENTES;12990;13990;;13990;13990;;Ventas;;Mercaderías;;Costo de la mercadería;
Producto;Si;No;Si;RIÑONERA CRUZ S BRIDGE TABACO;MG010400304-S;Unidad;MARRO GRANDE;RIÑONERA;65990;69990;;69990;69990;;Ventas;;Mercaderías;;Costo de la mercadería;
Producto;Si;No;Si;BILLETERA LEXI BRIDGE NEGRO;MC020330301;Unidad;MARRO CHICA;BILLETERA;0;64990;;64990;64990;;Ventas;;Mercaderías;;Costo de la mercadería;
Producto;Si;No;Si;BILLETERA LEXI BRIDGE CARAMELO;MC020330303;Unidad;MARRO CHICA;BILLETERA;0;64990;;64990;64990;;Ventas;;Mercaderías;;Costo de la mercadería;
Producto;Si;No;Si;BILLETERA LEXI BRIDGE ROJO;MC020330307;Unidad;MARRO CHICA;BILLETERA;0;64990;;64990;64990;;Ventas;;Mercaderías;;Costo de la mercadería;
Producto;Si;No;Si;MORRAL CARLOS BRIDGE NEGRO;MG020450301;Unidad;MARRO GRANDE;MORRAL;275990;299990;;299990;299990;;Ventas;;Mercaderías;;Costo de la mercadería;
Producto;Si;No;Si;MORRAL CARLOS BRIDGE CARAMELO;MG020450303;Unidad;MARRO GRANDE;MORRAL;275990;299990;;299990;299990;;Ventas;;Mercaderías;;Costo de la mercadería;
Producto;Si;No;Si;TARJETERO LEO BRIDGE AZUL;MC020070309;Unidad;MARRO CHICA;TARJETERO;15990;15990;;15990;15990;;Ventas;;Mercaderías;;Costo de la mercadería;
Producto;Si;No;Si;TARJETERO LEO BRIDGE ROJO;MC020070307;Unidad;MARRO CHICA;TARJETERO;15990;15990;;15990;15990;;Ventas;;Mercaderías;;Costo de la mercadería;
Producto;Si;No;Si;TARJETERO LEO TAMPONATO SUELA;MC020070202;Unidad;MARRO CHICA;TARJETERO;15990;15990;;15990;15990;;Ventas;;Mercaderías;;Costo de la mercadería;
Producto;Si;No;Si;RIÑONERA EVAN GD BRIDGE CARAMELO;MG010530303;Unidad;MARRO GRANDE;RIÑONERA;127990;139990;;139990;139990;;Ventas;;Mercaderías;;Costo de la mercadería;
Producto;Si;No;Si;RIÑONERA EVAN CH BRIDGE CARAMELO;MG010590303;Unidad;MARRO GRANDE;RIÑONERA;117990;124990;;124990;124990;;Ventas;;Mercaderías;;Costo de la mercadería;
Producto;Si;No;Si;RIÑONERA EVAN GD BRIDGE GRIS;MG010530312;Unidad;MARRO GRANDE;RIÑONERA;12990;139990;;139990;139990;;Ventas;;Mercaderías;;Costo de la mercadería;
Producto;Si;No;Si;RIÑONERA EVAN CH BRIDGE GRIS;MG010590312;Unidad;MARRO GRANDE;RIÑONERA;12990;124990;;124990;124990;;Ventas;;Mercaderías;;Costo de la mercadería;
Producto;Si;No;Si;RIÑONERA EVAN GD NAPADO NEGRO;MG010530101;Unidad;MARRO GRANDE;RIÑONERA;127990;139990;;139990;139990;;Ventas;;Mercaderías;;Costo de la mercadería;
Producto;Si;No;Si;RIÑONERA EVAN CH NAPADO NEGRO;MG010590101;Unidad;MARRO GRANDE;RIÑONERA;117990;124990;;124990;124990;;Ventas;;Mercaderías;;Costo de la mercadería;
Producto;Si;No;Si;PORTAFOLIO VENUS GD BRIDGE NEGRO;MG010760301;Unidad;MARRO GRANDE;PORTAFOLIO;259990;269990;;269990;269990;;Ventas;;Mercaderías;;Costo de la mercadería;
Producto;Si;No;Si;PORTAFOLIO VENUS GD BRIDGE TABACO;MG010760304;Unidad;MARRO GRANDE;PORTAFOLIO;259990;269990;;269990;269990;;Ventas;;Mercaderías;;Costo de la mercadería;
Producto;Si;No;Si;PORTAFOLIO VENUS GD BRIDGE CARAMELO;MG010760303;Unidad;MARRO GRANDE;PORTAFOLIO;259990;269990;;269990;269990;;Ventas;;Mercaderías;;Costo de la mercadería;
Producto;Si;No;Si;PORTAFOLIO VENUS GD BRIDGE GRIS;MG010760312;Unidad;MARRO GRANDE;PORTAFOLIO;31990;269990;;269990;269990;;Ventas;;Mercaderías;;Costo de la mercadería;
Producto;Si;No;Si;PORTAFOLIO VENUS GD BRIDGE AZUL;MG010760309;Unidad;MARRO GRANDE;PORTAFOLIO;94990;269990;;269990;269990;;Ventas;;Mercaderías;;Costo de la mercadería;
Producto;Si;No;Si;PORTAFOLIO VENUS CH BRIDGE NEGRO;MG010770301;Unidad;MARRO GRANDE;PORTAFOLIO;259990;269990;;269990;269990;;Ventas;;Mercaderías;;Costo de la mercadería;
Producto;Si;No;Si;LLAVERO PAMPA BRIDGE AZUL;OT020050309;Unidad;ACCESORIOS;LLAVERO;15990;15990;;15990;15990;;Ventas;;Mercaderías;;Costo de la mercadería;
Producto;Si;No;Si;LLAVERO PAMPA BRIDGE VERDE;OT020050310;Unidad;ACCESORIOS;LLAVERO;15990;15990;;15990;15990;;Ventas;;Mercaderías;;Costo de la mercadería;
Producto;Si;No;Si;LLAVERO PAMPA BRIDGE CARAMELO;OT020050303;Unidad;ACCESORIOS;LLAVERO;15990;15990;;15990;15990;;Ventas;;Mercaderías;;Costo de la mercadería;
Producto;Si;No;Si;LLAVERO PAMPA TAMPONATO LONDON;OT020050205;Unidad;ACCESORIOS;LLAVERO;15990;15990;;15990;15990;;Ventas;;Mercaderías;;Costo de la mercadería;
Producto;Si;No;Si;LLAVERO PAMPA TAMPONATO SUELA;OT020050202;Unidad;ACCESORIOS;LLAVERO;15990;15990;;15990;15990;;Ventas;;Mercaderías;;Costo de la mercadería;
Producto;Si;No;Si;LLAVERO PAMPA TAMPONATO TABACO;OT020050204;Unidad;ACCESORIOS;LLAVERO;15990;15990;;15990;15990;;Ventas;;Mercaderías;;Costo de la mercadería;
Producto;Si;No;Si;LLAVERO PAMPA NAPADO NEGRO;OT020050101;Unidad;ACCESORIOS;LLAVERO;15990;15990;;15990;15990;;Ventas;;Mercaderías;;Costo de la mercadería;
Producto;Si;No;Si;LLAVERO SIMPLE BRIDGE NEGRO;OT020060301;Unidad;ACCESORIOS;LLAVERO;15990;15990;;15990;15990;;Ventas;;Mercaderías;;Costo de la mercadería;
Producto;Si;No;Si;LLAVERO PAMPA NAPADO SUELA;OT020050102;Unidad;ACCESORIOS;LLAVERO;15990;15990;;15990;15990;;Ventas;;Mercaderías;;Costo de la mercadería;
Producto;Si;No;Si;LLAVERO SIMPLE BRIDGE TABACO;OT020060304;Unidad;ACCESORIOS;LLAVERO;15990;15990;;15990;15990;;Ventas;;Mercaderías;;Costo de la mercadería;
Producto;Si;No;Si;LLAVERO SIMPLE BRIDGE ROJO;OT020060307;Unidad;ACCESORIOS;LLAVERO;15990;15990;;15990;15990;;Ventas;;Mercaderías;;Costo de la mercadería;
Producto;Si;No;Si;LLAVERO SIMPLE BRIDGE AZUL;OT020060309;Unidad;ACCESORIOS;LLAVERO;15990;15990;;15990;15990;;Ventas;;Mercaderías;;Costo de la mercadería;
Producto;Si;No;Si;LLAVERO SIMPLE BRIDGE VERDE;OT020060310;Unidad;ACCESORIOS;LLAVERO;15990;15990;;15990;15990;;Ventas;;Mercaderías;;Costo de la mercadería;
Producto;Si;No;Si;CARTERA MINI APHOLO SET SOBRE BRIDGE NEGRO;MG010730301;Unidad;MARRO GRANDE;CARTERA;165990;165990;;165990;165990;;Ventas;;Mercaderías;;Costo de la mercadería;
Producto;Si;No;Si;CARTERA MINI APHOLO SET SOBRE BRIDGE CARAMELO;MG010730303;Unidad;MARRO GRANDE;CARTERA;165990;165990;;165990;165990;;Ventas;;Mercaderías;;Costo de la mercadería;
Producto;Si;No;Si;.CARTERA AMARILLA GAMUZA VESUBIO/TABACO;MG010060550;Unidad;MARRO GRANDE;CARTERA;39990;39990;;39990;39990;;Ventas;;Mercaderías;;Costo de la mercadería;
Producto;Si;No;Si;.CARTERA AMARILLA GAMUZA CHOCOLATE/NEGRO;MG010060552-1;Unidad;MARRO GRANDE;CARTERA;39990;39990;;39990;39990;;Ventas;;Mercaderías;;Costo de la mercadería;
Producto;Si;No;Si;BILLETERA LUCA BRIDGE GRIS;MC020220312;Unidad;MARRO CHICA;BILLETERA;4990;49990;;49990;49990;;Ventas;;Mercaderías;;Costo de la mercadería;
Producto;Si;No;Si;TARJETERO RUBI BRIDGE TABACO;MC020270304;Unidad;MARRO CHICA;TARJETERO;12990;14990;;14990;14990;;Ventas;;Mercaderías;;Costo de la mercadería;
Producto;Si;No;Si;PORTALAPTOP LES BRIDGE ROJO;MG020540307;Unidad;MARRO GRANDE;PORTALAPTOP;112990;112990;;112990;112990;;Ventas;;Mercaderías;;Costo de la mercadería;
Producto;Si;No;Si;BILLETERA FICHERO NAPADO NEGRO;MC020370101;Unidad;MARRO CHICA;BILLETERA;99990;112990;;112990;112990;;Ventas;;Mercaderías;;Costo de la mercadería;
Producto;Si;No;Si;BILLETERA FICHERO NAPADO SUELA;MC020370102;Unidad;MARRO CHICA;BILLETERA;99990;112990;;112990;112990;;Ventas;;Mercaderías;;Costo de la mercadería;
Producto;Si;No;Si;BILLETERA FICHERO NAPADO CARAMELO;MC020370103;Unidad;MARRO CHICA;BILLETERA;99990;112990;;112990;112990;;Ventas;;Mercaderías;;Costo de la mercadería;
Producto;Si;No;Si;MOCHILA CAMI BRIDGE SUELA;MG010320311;Unidad;MARRO GRANDE;MOCHILA;49990;49990;;49990;49990;;Ventas;;Mercaderías;;Costo de la mercadería;
Producto;Si;No;Si;MOCHILA MARCOS BRIDGE NEGRO;MG010190301;Unidad;MARRO GRANDE;MOCHILA;389990;429990;;429990;429990;;Ventas;;Mercaderías;;Costo de la mercadería;
Producto;Si;No;Si;MOCHILA MARCOS BRIDGE CHOCOLATE;MG010190352;Unidad;MARRO GRANDE;MOCHILA;389990;429990;;429990;429990;;Ventas;;Mercaderías;;Costo de la mercadería;
Producto;Si;No;Si;MOCHILA MARCOS BRIDGE TABACO;MG010190304;Unidad;MARRO GRANDE;MOCHILA;389990;429990;;429990;429990;;Ventas;;Mercaderías;;Costo de la mercadería;
Producto;Si;No;Si;TARJETERO RUBI BRIDGE NEGRO;MC020270301;Unidad;MARRO CHICA;TARJETERO;12990;14990;;14990;14990;;Ventas;;Mercaderías;;Costo de la mercadería;
Producto;Si;No;Si;TARJETERO JESS NAPADO NEGRO;MC020350101;Unidad;MARRO CHICA;TARJETERO;45990;45990;;45990;45990;;Ventas;;Mercaderías;;Costo de la mercadería;
Producto;Si;No;Si;TARJETERO JESS NAPADO CARAMELO;MC020350103;Unidad;MARRO CHICA;TARJETERO;45990;45990;;45990;45990;;Ventas;;Mercaderías;;Costo de la mercadería;
Producto;Si;No;Si;TARJETERO JESS NAPADO SUELA;MC020350102;Unidad;MARRO CHICA;TARJETERO;45990;45990;;45990;45990;;Ventas;;Mercaderías;;Costo de la mercadería;
Producto;Si;No;Si;TARJETERO JESS NAPADO LONDON;MC020350105;Unidad;MARRO CHICA;TARJETERO;45990;45990;;45990;45990;;Ventas;;Mercaderías;;Costo de la mercadería;
Producto;Si;No;Si;TARJETERO JESS NAPADO ROJO;MC020350107;Unidad;MARRO CHICA;TARJETERO;45990;45990;;45990;45990;;Ventas;;Mercaderías;;Costo de la mercadería;
Producto;Si;No;Si;TARJETERO JESS NAPADO AZUL;MC020350109;Unidad;MARRO CHICA;TARJETERO;45990;45990;;45990;45990;;Ventas;;Mercaderías;;Costo de la mercadería;
Producto;Si;No;Si;TARJETERO JESS NAPADO VERDE;MC020350110;Unidad;MARRO CHICA;TARJETERO;45990;45990;;45990;45990;;Ventas;;Mercaderías;;Costo de la mercadería;
Producto;Si;No;Si;MORRAL OLDIE BRIDGE NEGRO;MG010500301;Unidad;MARRO GRANDE;MORRAL;189990;199990;;199990;199990;;Ventas;;Mercaderías;;Costo de la mercadería;
Producto;Si;No;Si;TARJETERO VINCENT BRIDGE NEGRO;MC020380301;Unidad;MARRO CHICA;TARJETERO;34990;34990;;34990;34990;;Ventas;;Mercaderías;;Costo de la mercadería;
Producto;Si;No;Si;TARJETERO BILL NAPADO NEGRO;MC020260101;Unidad;MARRO CHICA;TARJETERO;18990;21990;;21990;21990;;Ventas;;Mercaderías;;Costo de la mercadería;
Producto;Si;No;Si;TAPABOCA SIMPLE NAPADO AZUL;TP010020109;Unidad;ACCESORIOS;TAPABOCA;3490;3490;;3490;3490;;Ventas;;Mercaderías;;Costo de la mercadería;
Producto;Si;No;Si;RIÑONERA EVAN CH BRIDGE TABACO;MG010590304;Unidad;MARRO GRANDE;RIÑONERA;117990;124990;;124990;124990;;Ventas;;Mercaderías;;Costo de la mercadería;
Producto;Si;No;Si;RIÑONERA EVAN CH BRIDGE CHOCOLATE;MG010590352;Unidad;MARRO GRANDE;RIÑONERA;117990;124990;;124990;124990;;Ventas;;Mercaderías;;Costo de la mercadería;
Producto;Si;No;Si;CARTERA MINI APHOLO SET SOBRE BRIDGE TABACO;MG010730304;Unidad;MARRO GRANDE;CARTERA;165990;165990;;165990;165990;;Ventas;;Mercaderías;;Costo de la mercadería;
Producto;Si;No;Si;CARTERA MINI APHOLO SET SOBRE BRIDGE ROJO;MG010730307;Unidad;MARRO GRANDE;CARTERA;165990;165990;;165990;165990;;Ventas;;Mercaderías;;Costo de la mercadería;
Producto;Si;No;Si;RIÑONERA EVAN GD BRIDGE NEGRO;MG010530301;Unidad;MARRO GRANDE;RIÑONERA;127990;139990;;139990;139990;;Ventas;;Mercaderías;;Costo de la mercadería;
Producto;Si;No;Si;RIÑONERA EVAN GD BRIDGE TABACO;MG010530304;Unidad;MARRO GRANDE;RIÑONERA;127990;139990;;139990;139990;;Ventas;;Mercaderías;;Costo de la mercadería;
Producto;Si;No;Si;RIÑONERA EVAN GD BRIDGE CHOCOLATE;MG010530352;Unidad;MARRO GRANDE;RIÑONERA;127990;139990;;139990;139990;;Ventas;;Mercaderías;;Costo de la mercadería;
Producto;Si;No;Si;CARTUCHERA MONT BRIDGE NEGRO;MC020360301;Unidad;MARRO CHICA;CARTUCHERA;34990;39990;;39990;39990;;Ventas;;Mercaderías;;Costo de la mercadería;
Producto;Si;No;Si;CARTUCHERA MONT BRIDGE TABACO;MC020360304;Unidad;MARRO CHICA;CARTUCHERA;34990;39990;;39990;39990;;Ventas;;Mercaderías;;Costo de la mercadería;
Producto;Si;No;Si;CARTERA MINI APHOLO SET SOBRE BRIDGE AZUL;MG010730309;Unidad;MARRO GRANDE;CARTERA;64990;165990;;165990;165990;;Ventas;;Mercaderías;;Costo de la mercadería;
Producto;Si;No;Si;CARTERA MINI APHOLO SET SOBRE BRIDGE VERDE;MG010730310;Unidad;MARRO GRANDE;CARTERA;64990;165990;;165990;165990;;Ventas;;Mercaderías;;Costo de la mercadería;
Producto;Si;No;Si;CARTERA MINI APHOLO SET SOBRE GAMUZA VESUBIO/TABACO;MG010730550;Unidad;MARRO GRANDE;CARTERA;165990;165990;;165990;165990;;Ventas;;Mercaderías;;Costo de la mercadería;
Producto;Si;No;Si;CARTERA MINI APHOLO SET SOBRE GAMUZA OXIDO/NEGRO;MG010730556;Unidad;MARRO GRANDE;CARTERA;64990;139990;;139990;139990;;Ventas;;Mercaderías;;Costo de la mercadería;
Producto;Si;No;Si;CARTERA MINI APHOLO SET SOBRE GAMUZA AVELLANA/TABACO;MG010730555;Unidad;MARRO GRANDE;CARTERA;165990;165990;;165990;165990;;Ventas;;Mercaderías;;Costo de la mercadería;
Producto;Si;No;Si;CARTERA MINI APHOLO SET SOBRE GAMUZA OXIDO/TABACO;MG010730556-4;Unidad;MARRO GRANDE;CARTERA;165990;165990;;165990;165990;;Ventas;;Mercaderías;;Costo de la mercadería;
Producto;Si;No;Si;PORTALAPTOP JOY VAQUETA NEGRO;MG020550401;Unidad;MARRO GRANDE;PORTALAPTOP;66990;69990;;69990;69990;;Ventas;;Mercaderías;;Costo de la mercadería;
Producto;Si;No;Si;BILLETERA LEXI BRIDGE VERDE;MC020330310;Unidad;MARRO CHICA;BILLETERA;0;64990;;64990;64990;;Ventas;;Mercaderías;;Costo de la mercadería;
Producto;Si;No;Si;RIÑONERA EVAN CH TAMPONATO SUELA;MG010590202;Unidad;MARRO GRANDE;RIÑONERA;117990;124990;;124990;124990;;Ventas;;Mercaderías;;Costo de la mercadería;
Producto;Si;No;Si;BILLETERA LUCA BRIDGE SUELA;MC020220302;Unidad;MARRO CHICA;BILLETERA;44990;49990;;49990;49990;;Ventas;;Mercaderías;;Costo de la mercadería;
Producto;Si;No;Si;CARTERA MINI APHOLO SET SOBRE GAMUZA AVELLANA/NEGRO;MG010730555-1;Unidad;MARRO GRANDE;CARTERA;64990;139990;;139990;139990;;Ventas;;Mercaderías;;Costo de la mercadería;
Producto;Si;No;Si;PORTALAPTOP LES BRIDGE AZUL;MG020540309;Unidad;MARRO GRANDE;PORTALAPTOP;112990;112990;;112990;112990;;Ventas;;Mercaderías;;Costo de la mercadería;
Producto;Si;No;Si;CARTERA DOS HEBILLAS NEW BRIDGE NEGRO;MG010740301;Unidad;MARRO GRANDE;CARTERA;269990;269990;;269990;269990;;Ventas;;Mercaderías;;Costo de la mercadería;
Producto;Si;No;Si;CARTERA DOS HEBILLAS NEW BRIDGE CARAMELO;MG010740303;Unidad;MARRO GRANDE;CARTERA;269990;269990;;269990;269990;;Ventas;;Mercaderías;;Costo de la mercadería;
Producto;Si;No;Si;CARTERA DOS HEBILLAS NEW BRIDGE TABACO;MG010740304;Unidad;MARRO GRANDE;CARTERA;269990;269990;;269990;269990;;Ventas;;Mercaderías;;Costo de la mercadería;
Producto;Si;No;Si;MORRAL DRACO BRIDGE NEGRO;MG010750301;Unidad;MARRO GRANDE;MORRAL;224990;224990;;224990;224990;;Ventas;;Mercaderías;;Costo de la mercadería;
Producto;Si;No;Si;MORRAL DRACO BRIDGE CARAMELO;MG010750303;Unidad;MARRO GRANDE;MORRAL;224990;224990;;224990;224990;;Ventas;;Mercaderías;;Costo de la mercadería;
Producto;Si;No;Si;CARTUCHERA MONT BRIDGE ROJO;MC020360307;Unidad;MARRO CHICA;CARTUCHERA;34990;39990;;39990;39990;;Ventas;;Mercaderías;;Costo de la mercadería;
Producto;Si;No;Si;CARTUCHERA MONT BRIDGE AZUL;MC020360309;Unidad;MARRO CHICA;CARTUCHERA;34990;39990;;39990;39990;;Ventas;;Mercaderías;;Costo de la mercadería;
Producto;Si;No;Si;MORRAL DRACO BRIDGE TABACO;MG010750304;Unidad;MARRO GRANDE;MORRAL;224990;224990;;224990;224990;;Ventas;;Mercaderías;;Costo de la mercadería;
Producto;Si;No;Si;MORRAL DRACO BRIDGE AZUL;MG010750309;Unidad;MARRO GRANDE;MORRAL;94990;94990;;94990;94990;;Ventas;;Mercaderías;;Costo de la mercadería;
Producto;Si;No;Si;TARJETERO HARRY NAPADO NEGRO;MC020150101;Unidad;MARRO CHICA;TARJETERO;26990;29990;;29990;29990;;Ventas;;Mercaderías;;Costo de la mercadería;
Producto;Si;No;Si;TARJETERO HARRY NAPADO SUELA;MC020150102;Unidad;MARRO CHICA;TARJETERO;26990;29990;;29990;29990;;Ventas;;Mercaderías;;Costo de la mercadería;
Producto;Si;No;Si;TARJETERO HARRY NAPADO ROJO;MC020150107;Unidad;MARRO CHICA;TARJETERO;26990;29990;;29990;29990;;Ventas;;Mercaderías;;Costo de la mercadería;
Producto;Si;No;Si;TARJETERO HARRY NAPADO VERDE;MC020150110;Unidad;MARRO CHICA;TARJETERO;26990;29990;;29990;29990;;Ventas;;Mercaderías;;Costo de la mercadería;
Producto;Si;No;Si;PORTAPASAPORTE SAM BRIDGE ROJO;MC020130307;Unidad;MARRO CHICA;PORTAPASAPORTE;49990;49990;;49990;49990;;Ventas;;Mercaderías;;Costo de la mercadería;
Producto;Si;No;Si;PORTAPASAPORTE SAM BRIDGE CARAMELO;MC020130303;Unidad;MARRO CHICA;PORTAPASAPORTE;49990;49990;;49990;49990;;Ventas;;Mercaderías;;Costo de la mercadería;
Producto;Si;No;Si;PORTAPASAPORTE SAM BRIDGE TABACO;MC020130304;Unidad;MARRO CHICA;PORTAPASAPORTE;49990;49990;;49990;49990;;Ventas;;Mercaderías;;Costo de la mercadería;
Producto;Si;No;Si;CARTERA DOS HEBILLAS BRIDGE NEGRO;MG010330301;Unidad;MARRO GRANDE;CARTERA;0;149990;;149990;149990;;Ventas;;Mercaderías;;Costo de la mercadería;
Producto;Si;No;Si;CARTERA DOS HEBILLAS BRIDGE CARAMELO;MG010330303;Unidad;MARRO GRANDE;CARTERA;0;149990;;149990;149990;;Ventas;;Mercaderías;;Costo de la mercadería;
Producto;Si;No;Si;PORTAFOLIO VENUS CH BRIDGE CARAMELO;MG010770303;Unidad;MARRO GRANDE;PORTAFOLIO;259990;269990;;269990;269990;;Ventas;;Mercaderías;;Costo de la mercadería;
Producto;Si;No;Si;PORTAFOLIO VENUS CH BRIDGE GRIS;MG010770312;Unidad;MARRO GRANDE;PORTAFOLIO;31990;269990;;269990;269990;;Ventas;;Mercaderías;;Costo de la mercadería;
Producto;Si;No;Si;TARJETERO RUBI BRIDGE VERDE;MC020270310;Unidad;MARRO CHICA;TARJETERO;12990;14990;;14990;14990;;Ventas;;Mercaderías;;Costo de la mercadería;
?Producto;Si;No;Si;TARJETERO VINCENT BRIDGE VERDE;MC020380310;Unidad;MARRO CHICA;TARJETERO;32990;34990;;34990;34990;;Ventas;;Mercaderías;;Costo de la mercadería;
Producto;Si;No;Si;MORRAL DRACO BRIDGE CHOCOLATE;MG010750352;Unidad;MARRO GRANDE;MORRAL;224990;224990;;224990;224990;;Ventas;;Mercaderías;;Costo de la mercadería;
Producto;Si;No;Si;TARJETERO LEO BRIDGE TABACO;MC020070304;Unidad;MARRO CHICA;TARJETERO;15990;15990;;15990;15990;;Ventas;;Mercaderías;;Costo de la mercadería;
Producto;Si;No;Si;TARJETERO LEO BRIDGE CARAMELO;MC020070303;Unidad;MARRO CHICA;TARJETERO;15990;15990;;15990;15990;;Ventas;;Mercaderías;;Costo de la mercadería;
Producto;Si;No;Si;TARJETERO LEO BRIDGE VERDE;MC020070310;Unidad;MARRO CHICA;TARJETERO;15990;15990;;15990;15990;;Ventas;;Mercaderías;;Costo de la mercadería;
Producto;Si;No;Si;TARJETERO LEO BRIDGE NEGRO;MC020070301;Unidad;MARRO CHICA;TARJETERO;15990;15990;;15990;15990;;Ventas;;Mercaderías;;Costo de la mercadería;
Producto;Si;No;Si;CARTERA MINI APHOLO SET SOBRE BRIDGE LONDON;MG010730305;Unidad;MARRO GRANDE;CARTERA;165990;165990;;165990;165990;;Ventas;;Mercaderías;;Costo de la mercadería;
Producto;Si;No;Si;TARJETERO OMA BRIDGE GRIS;MC020040312;Unidad;MARRO CHICA;TARJETERO;490;490;;490;490;;Ventas;;Mercaderías;;Costo de la mercadería;
Producto;Si;No;Si;TARJETERO OMA BRIDGE CARAMELO;MC020040303;Unidad;MARRO CHICA;TARJETERO;4990;4990;;4990;4990;;Ventas;;Mercaderías;;Costo de la mercadería;
Producto;Si;No;Si;CARTERA DOS HEBILLAS NEW GAMUZA VESUBIO/TABACO;MG010740550;Unidad;MARRO GRANDE;CARTERA;269990;269990;;269990;269990;;Ventas;;Mercaderías;;Costo de la mercadería;
Producto;Si;No;Si;CARTERA DOS HEBILLAS NEW GAMUZA OXIDO/TABACO;MG010740556-4;Unidad;MARRO GRANDE;CARTERA;269990;269990;;269990;269990;;Ventas;;Mercaderías;;Costo de la mercadería;
Producto;Si;No;Si;TARJETERO JUAN BRIDGE NEGRO;MC020190301;Unidad;MARRO CHICA;TARJETERO;29990;29990;;29990;29990;;Ventas;;Mercaderías;;Costo de la mercadería;
Producto;Si;No;Si;TARJETERO JUAN BRIDGE CARAMELO;MC020190303;Unidad;MARRO CHICA;TARJETERO;29990;29990;;29990;29990;;Ventas;;Mercaderías;;Costo de la mercadería;
Producto;Si;No;Si;TARJETERO JUAN BRIDGE ROJO;MC020190307;Unidad;MARRO CHICA;TARJETERO;29990;29990;;29990;29990;;Ventas;;Mercaderías;;Costo de la mercadería;
Producto;Si;No;Si;TARJETERO JUAN BRIDGE VERDE;MC020190310;Unidad;MARRO CHICA;TARJETERO;29990;29990;;29990;29990;;Ventas;;Mercaderías;;Costo de la mercadería;
Producto;Si;No;Si;TARJETERO JUAN BRIDGE TABACO;MC020190304;Unidad;MARRO CHICA;TARJETERO;29990;29990;;29990;29990;;Ventas;;Mercaderías;;Costo de la mercadería;
Producto;Si;No;Si;TARJETERO JUAN BRIDGE AZUL;MC020190309;Unidad;MARRO CHICA;TARJETERO;29990;29990;;29990;29990;;Ventas;;Mercaderías;;Costo de la mercadería;
Producto;Si;No;Si;BILLETERA LEXI BRIDGE GRIS;MC020330312;Unidad;MARRO CHICA;BILLETERA;0;64990;;64990;64990;;Ventas;;Mercaderías;;Costo de la mercadería;
Producto;Si;No;Si;BANDOLERA VICENTA BRIDGE ROJO;MG010700307;Unidad;MARRO GRANDE;BANDOLERA;94990;99990;;99990;99990;;Ventas;;Mercaderías;;Costo de la mercadería;
Producto;Si;No;Si;CINTURON VAQUETA PELTRE SUELA 95;MC010070402-95;Unidad;CINTURON;CINTURON;79990;79990;;79990;79990;;Ventas;;Mercaderías;;Costo de la mercadería;
Producto;Si;No;Si;CINTURON VAQUETA PELTRE SUELA 90;MC010070402-90;Unidad;CINTURON;CINTURON;79990;79990;;79990;79990;;Ventas;;Mercaderías;;Costo de la mercadería;
Producto;Si;No;Si;LLAVERO KAREN VERDE/SALMON;OT020190010;Unidad;ACCESORIOS;LLAVERO;20990;21990;;21990;21990;;Ventas;;Mercaderías;;Costo de la mercadería;
Producto;Si;No;Si;LLAVERO KAREN AZUL/SALMON;OT020190009;Unidad;ACCESORIOS;LLAVERO;20990;21990;;21990;21990;;Ventas;;Mercaderías;;Costo de la mercadería;
Producto;Si;No;Si;PORTABILLETES CORVUS BRIDGE VERDE;MC020470310;Unidad;MARRO CHICA;PORTABILLETES;39990;39990;;39990;39990;;Ventas;;Mercaderías;;Costo de la mercadería;
Producto;Si;No;Si;LLAVERO KAREN CARAMELO/NEGRO;OT020150003;Unidad;ACCESORIOS;LLAVERO;20990;21990;;21990;21990;;Ventas;;Mercaderías;;Costo de la mercadería;
Producto;Si;No;Si;LLAVERO KAREN ROJO/MOSTAZA;OT020090107;Unidad;ACCESORIOS;LLAVERO;20990;21990;;21990;21990;;Ventas;;Mercaderías;;Costo de la mercadería;
Producto;Si;No;Si;LLAVERO KAREN VERDE/MOSTAZA;OT020090110;Unidad;ACCESORIOS;LLAVERO;20990;21990;;21990;21990;;Ventas;;Mercaderías;;Costo de la mercadería;
Producto;Si;No;Si;LLAVERO KAREN NEGRO/MOSTAZA;OT020090101;Unidad;ACCESORIOS;LLAVERO;20990;21990;;21990;21990;;Ventas;;Mercaderías;;Costo de la mercadería;
Producto;Si;No;Si;LLAVERO KAREN LONDON/MOSTAZA;OT020090105;Unidad;ACCESORIOS;LLAVERO;20990;21990;;21990;21990;;Ventas;;Mercaderías;;Costo de la mercadería;
Producto;Si;No;Si;LLAVERO KAREN CARAMELO/MOSTAZA;OT020090303;Unidad;ACCESORIOS;LLAVERO;20990;21990;;21990;21990;;Ventas;;Mercaderías;;Costo de la mercadería;
Producto;Si;No;Si;LLAVERO KAREN TABACO/UVA;OT020100304;Unidad;ACCESORIOS;LLAVERO;20990;21990;;21990;21990;;Ventas;;Mercaderías;;Costo de la mercadería;
Producto;Si;No;Si;LLAVERO KAREN CARAMELO/UVA;OT020100303;Unidad;ACCESORIOS;LLAVERO;20990;21990;;21990;21990;;Ventas;;Mercaderías;;Costo de la mercadería;
Producto;Si;No;Si;LLAVERO KAREN AZUL/UVA;OT020100309;Unidad;ACCESORIOS;LLAVERO;20990;21990;;21990;21990;;Ventas;;Mercaderías;;Costo de la mercadería;
Producto;Si;No;Si;LLAVERO CALE TAMPONATO SUELA;OT020160202;Unidad;ACCESORIOS;LLAVERO;19990;12990;;12990;12990;;Ventas;;Mercaderías;;Costo de la mercadería;
Producto;Si;No;Si;LLAVERO KAREN LONDON/UVA;OT020100105;Unidad;ACCESORIOS;LLAVERO;20990;21990;;21990;21990;;Ventas;;Mercaderías;;Costo de la mercadería;
Producto;Si;No;Si;LLAVERO KAREN ROJO/UVA;OT020100107;Unidad;ACCESORIOS;LLAVERO;20990;21990;;21990;21990;;Ventas;;Mercaderías;;Costo de la mercadería;
Producto;Si;No;Si;LLAVERO KAREN CARAMELO/UVA;OT020100103;Unidad;ACCESORIOS;LLAVERO;20990;21990;;21990;21990;;Ventas;;Mercaderías;;Costo de la mercadería;
Producto;Si;No;Si;LLAVERO KAREN AZUL/VERDE ESMERALDA;OT020110309;Unidad;ACCESORIOS;LLAVERO;20990;21990;;21990;21990;;Ventas;;Mercaderías;;Costo de la mercadería;
Producto;Si;No;Si;LLAVERO KAREN CARAMELO/VERDE ESMERALDA;OT020110303;Unidad;ACCESORIOS;LLAVERO;20990;21990;;21990;21990;;Ventas;;Mercaderías;;Costo de la mercadería;
Producto;Si;No;Si;LLAVERO KAREN LONDON/VERDE ESMERALDA;OT020110305;Unidad;ACCESORIOS;LLAVERO;20990;21990;;21990;21990;;Ventas;;Mercaderías;;Costo de la mercadería;
Producto;Si;No;Si;BILLETERA KEY BRIDGE CARAMELO;MC020200303;Unidad;MARRO CHICA;BILLETERA;0;44990;;44990;44990;;Ventas;;Mercaderías;;Costo de la mercadería;
Producto;Si;No;Si;BILLETERA MILO NAPADO AZUL;MC020320109;Unidad;MARRO CHICA;BILLETERA;55990;55990;;55990;55990;;Ventas;;Mercaderías;;Costo de la mercadería;
Producto;Si;No;Si;PORTABILLETES CORVUS BRIDGE NEGRO;MC020470301;Unidad;MARRO CHICA;PORTABILLETES;39990;39990;;39990;39990;;Ventas;;Mercaderías;;Costo de la mercadería;
Producto;Si;No;Si;PORTABILLETES CORVUS BRIDGE ROJO;MC020470307;Unidad;MARRO CHICA;PORTABILLETES;39990;39990;;39990;39990;;Ventas;;Mercaderías;;Costo de la mercadería;
Producto;Si;No;Si;PORTABILLETES CORVUS BRIDGE TABACO;MC020470304;Unidad;MARRO CHICA;PORTABILLETES;39990;39990;;39990;39990;;Ventas;;Mercaderías;;Costo de la mercadería;
Producto;Si;No;Si;PORTABILLETES CORVUS BRIDGE CARAMELO;MC020470303;Unidad;MARRO CHICA;PORTABILLETES;39990;39990;;39990;39990;;Ventas;;Mercaderías;;Costo de la mercadería;
Producto;Si;No;Si;LLAVERO ELSA GAMUZA MOSTAZA;OT020120551;Unidad;ACCESORIOS;LLAVERO;12990;12990;;12990;12990;;Ventas;;Mercaderías;;Costo de la mercadería;
Producto;Si;No;Si;LLAVERO ELSA GAMUZA VERDE;OT020120510;Unidad;ACCESORIOS;LLAVERO;12990;12990;;12990;12990;;Ventas;;Mercaderías;;Costo de la mercadería;
Producto;Si;No;Si;LLAVERO ELSA GAMUZA UVA;OT020120554;Unidad;ACCESORIOS;LLAVERO;12990;12990;;12990;12990;;Ventas;;Mercaderías;;Costo de la mercadería;
Producto;Si;No;Si;LLAVERO ELSA GAMUZA VESUBIO;OT020120550;Unidad;ACCESORIOS;LLAVERO;12990;12990;;12990;12990;;Ventas;;Mercaderías;;Costo de la mercadería;
Producto;Si;No;Si;LLAVERO ELSA GAMUZA SUELA;OT020120502;Unidad;ACCESORIOS;LLAVERO;12990;12990;;12990;12990;;Ventas;;Mercaderías;;Costo de la mercadería;
Producto;Si;No;Si;LLAVERO ALDANA GAMUZA MOSTAZA;OT020130551;Unidad;ACCESORIOS;LLAVERO;14990;9990;;9990;9990;;Ventas;;Mercaderías;;Costo de la mercadería;
Producto;Si;No;Si;LLAVERO ALDANA GAMUZA VERDE;OT020130510;Unidad;ACCESORIOS;LLAVERO;14990;9990;;9990;9990;;Ventas;;Mercaderías;;Costo de la mercadería;
Producto;Si;No;Si;LLAVERO ALDANA GAMUZA UVA;OT020130554;Unidad;ACCESORIOS;LLAVERO;14990;9990;;9990;9990;;Ventas;;Mercaderías;;Costo de la mercadería;
Producto;Si;No;Si;LLAVERO ALDANA GAMUZA VESUBIO;OT020130550;Unidad;ACCESORIOS;LLAVERO;14990;9990;;9990;9990;;Ventas;;Mercaderías;;Costo de la mercadería;
Producto;Si;No;Si;LLAVERO ALDANA GAMUZA SUELA;OT020130502;Unidad;ACCESORIOS;LLAVERO;14990;9990;;9990;9990;;Ventas;;Mercaderías;;Costo de la mercadería;
Producto;Si;No;Si;CARTERA DOS HEBILLAS GAMUZA VESUBIO/NEGRO;MG010330550-01;Unidad;MARRO GRANDE;CARTERA;0;149990;;149990;149990;;Ventas;;Mercaderías;;Costo de la mercadería;
Producto;Si;No;Si;BILLETERA BEIJING BRIDGE ROJO;MC020480307;Unidad;MARRO CHICA;BILLETERA;95990;99990;;99990;99990;;Ventas;;Mercaderías;;Costo de la mercadería;
Producto;Si;No;Si;BILLETERA BEIJING NAPADO NEGRO;MC020480101;Unidad;MARRO CHICA;BILLETERA;95990;99990;;99990;99990;;Ventas;;Mercaderías;;Costo de la mercadería;
Producto;Si;No;Si;BOLSO TUBO GRANDE GAMUZA AVELLANA/TABACO;MG010100555;Unidad;MARRO GRANDE;BOLSO;399990;429990;;429990;429990;;Ventas;;Mercaderías;;Costo de la mercadería;
Producto;Si;No;Si;MOCHILA MARCOS BRIDGE SUELA;MG010190302;Unidad;MARRO GRANDE;MOCHILA;389990;429990;;429990;429990;;Ventas;;Mercaderías;;Costo de la mercadería;
Producto;Si;No;Si;TARJETERO JUAN NAPADO VERDE;MC020190110;Unidad;MARRO CHICA;TARJETERO;29990;29990;;29990;29990;;Ventas;;Mercaderías;;Costo de la mercadería;
Producto;Si;No;Si;.CARTERA AMARILLA GAMUZA AVELLANA/TABACO;MG010060555;Unidad;MARRO GRANDE;CARTERA;39990;39990;;39990;39990;;Ventas;;Mercaderías;;Costo de la mercadería;
Producto;Si;No;Si;TARJETERO BLACK BRIDGE ROJO;MC020080307;Unidad;MARRO CHICA;TARJETERO;8990;6990;;6990;6990;;Ventas;;Mercaderías;;Costo de la mercadería;
Producto;Si;No;Si;TARJETERO BLACK BRIDGE AZUL;MC020080309;Unidad;MARRO CHICA;TARJETERO;8990;6990;;6990;6990;;Ventas;;Mercaderías;;Costo de la mercadería;
Producto;Si;No;Si;PHONEBAG SIRIO BRIDGE NEGRO;MG010680301;Unidad;MARRO GRANDE;PHONEBAG;21990;21990;;21990;21990;;Ventas;;Mercaderías;;Costo de la mercadería;
Producto;Si;No;Si;BANDOLERA ANTONIETA GAMUZA AVELLANA;MG010690555;Unidad;MARRO GRANDE;BANDOLERA;134990;134990;;134990;134990;;Ventas;;Mercaderías;;Costo de la mercadería;
Producto;Si;No;Si;BANDOLERA ANTONIETA GAMUZA VESUBIO;MG010690550;Unidad;MARRO GRANDE;BANDOLERA;134990;134990;;134990;134990;;Ventas;;Mercaderías;;Costo de la mercadería;
Producto;Si;No;Si;BANDOLERA VICENTA GAMUZA VESUBIO;MG010700550;Unidad;MARRO GRANDE;BANDOLERA;94990;99990;;99990;99990;;Ventas;;Mercaderías;;Costo de la mercadería;
Producto;Si;No;Si;BANDOLERA ANTONIETA NAPADO NEGRO;MG010690101;Unidad;MARRO GRANDE;BANDOLERA;134990;139990;;139990;139990;;Ventas;;Mercaderías;;Costo de la mercadería;
Producto;Si;No;Si;BANDOLERA ANTONIETA NAPADO CARAMELO;MG010690103;Unidad;MARRO GRANDE;BANDOLERA;134990;139990;;139990;139990;;Ventas;;Mercaderías;;Costo de la mercadería;
Producto;Si;No;Si;BANDOLERA VICENTA GAMUZA OXIDO;MG010700556;Unidad;MARRO GRANDE;BANDOLERA;94990;99990;;99990;99990;;Ventas;;Mercaderías;;Costo de la mercadería;
Producto;Si;No;Si;BANDOLERA ANTONIETA GAMUZA OXIDO;MG010690556;Unidad;MARRO GRANDE;BANDOLERA;134990;134990;;134990;134990;;Ventas;;Mercaderías;;Costo de la mercadería;
Producto;Si;No;Si;LLAVERO KAREN ROJO/NEGRO;OT020150007;Unidad;ACCESORIOS;LLAVERO;20990;21990;;21990;21990;;Ventas;;Mercaderías;;Costo de la mercadería;
Producto;Si;No;Si;LLAVERO KAREN NEGRO/AVELLANA;OT020170001;Unidad;ACCESORIOS;LLAVERO;20990;21990;;21990;21990;;Ventas;;Mercaderías;;Costo de la mercadería;
Producto;Si;No;Si;LLAVERO KAREN NEGRO/SALMON;OT020190001;Unidad;ACCESORIOS;LLAVERO;20990;21990;;21990;21990;;Ventas;;Mercaderías;;Costo de la mercadería;
Producto;Si;No;Si;MONEDERO GRACE BRIDGE VERDE;MC020290310;Unidad;MARRO CHICA;MONEDERO;23990;26990;;26990;26990;;Ventas;;Mercaderías;;Costo de la mercadería;
Producto;Si;No;Si;BILLETERA KEY BRIDGE VERDE;MC020200310;Unidad;MARRO CHICA;BILLETERA;0;44990;;44990;44990;;Ventas;;Mercaderías;;Costo de la mercadería;
Producto;Si;No;Si;LLAVERO KAREN VERDE/AVELLANA;OT020170010;Unidad;ACCESORIOS;LLAVERO;20990;21990;;21990;21990;;Ventas;;Mercaderías;;Costo de la mercadería;
Producto;Si;No;Si;LLAVERO KAREN VERDE/OXIDO;OT020480310-56;Unidad;ACCESORIOS;LLAVERO;20990;21990;;21990;21990;;Ventas;;Mercaderías;;Costo de la mercadería;
Producto;Si;No;Si;LLAVERO KAREN AZUL/OXIDO;OT020180009;Unidad;ACCESORIOS;LLAVERO;20990;21990;;21990;21990;;Ventas;;Mercaderías;;Costo de la mercadería;
Producto;Si;No;Si;LLAVERO KAREN NEGRO/VERDE ESMERALDA;OT020110001;Unidad;ACCESORIOS;LLAVERO;20990;21990;;21990;21990;;Ventas;;Mercaderías;;Costo de la mercadería;
Producto;Si;No;Si;LLAVERO KAREN CARAMELO/AVELLANA;OT020170003;Unidad;ACCESORIOS;LLAVERO;20990;21990;;21990;21990;;Ventas;;Mercaderías;;Costo de la mercadería;
Producto;Si;No;Si;BANDOLERA VICENTA BRIDGE NEGRO;MG010700301;Unidad;MARRO GRANDE;BANDOLERA;94990;99990;;99990;99990;;Ventas;;Mercaderías;;Costo de la mercadería;
Producto;Si;No;Si;LLAVERO ELSA GAMUZA TABACO;OT020120504;Unidad;ACCESORIOS;LLAVERO;12990;12990;;12990;12990;;Ventas;;Mercaderías;;Costo de la mercadería;
Producto;Si;No;Si;LLAVERO ELSA GAMUZA NEGRO;OT020120501;Unidad;ACCESORIOS;LLAVERO;12990;12990;;12990;12990;;Ventas;;Mercaderías;;Costo de la mercadería;
Producto;Si;No;Si;LLAVERO ELSA GAMUZA AVELLANA;OT020120555;Unidad;ACCESORIOS;LLAVERO;12990;12990;;12990;12990;;Ventas;;Mercaderías;;Costo de la mercadería;
Producto;Si;No;Si;LLAVERO ELSA GAMUZA OXIDO;OT020120556;Unidad;ACCESORIOS;LLAVERO;12990;12990;;12990;12990;;Ventas;;Mercaderías;;Costo de la mercadería;
Producto;Si;No;Si;TARJETERO BILL NAPADO ROJO;MC020260107;Unidad;MARRO CHICA;TARJETERO;18990;21990;;21990;21990;;Ventas;;Mercaderías;;Costo de la mercadería;
Producto;Si;No;Si;TARJETERO BILL NAPADO AZUL;MC020260109;Unidad;MARRO CHICA;TARJETERO;18990;21990;;21990;21990;;Ventas;;Mercaderías;;Costo de la mercadería;
Producto;Si;No;Si;TARJETERO BILL NAPADO VERDE;MC020260110;Unidad;MARRO CHICA;TARJETERO;18990;21990;;21990;21990;;Ventas;;Mercaderías;;Costo de la mercadería;
Producto;Si;No;Si;LLAVERO ELSA GAMUZA SALMON;OT020120557;Unidad;ACCESORIOS;LLAVERO;12990;12990;;12990;12990;;Ventas;;Mercaderías;;Costo de la mercadería;
Producto;Si;No;Si;LLAVERO ALDANA GAMUZA AVELLANA;OT020130555;Unidad;ACCESORIOS;LLAVERO;14990;9990;;9990;9990;;Ventas;;Mercaderías;;Costo de la mercadería;
Producto;Si;No;Si;LLAVERO ALDANA GAMUZA OXIDO;OT020130556;Unidad;ACCESORIOS;LLAVERO;14990;9990;;9990;9990;;Ventas;;Mercaderías;;Costo de la mercadería;
Producto;Si;No;Si;LLAVERO ALDANA GAMUZA TABACO;OT020130504;Unidad;ACCESORIOS;LLAVERO;14990;9990;;9990;9990;;Ventas;;Mercaderías;;Costo de la mercadería;
Producto;Si;No;Si;LLAVERO ALDANA GAMUZA MARRON TOOL;OT020130558;Unidad;ACCESORIOS;LLAVERO;14990;9990;;9990;9990;;Ventas;;Mercaderías;;Costo de la mercadería;
Producto;Si;No;Si;LLAVERO ALDANA GAMUZA NEGRO;OT020130501;Unidad;ACCESORIOS;LLAVERO;14990;9990;;9990;9990;;Ventas;;Mercaderías;;Costo de la mercadería;
Producto;Si;No;Si;LLAVERO ALDANA GAMUZA SALMON;OT020130557;Unidad;ACCESORIOS;LLAVERO;14990;9990;;9990;9990;;Ventas;;Mercaderías;;Costo de la mercadería;
Producto;Si;No;Si;LLAVERO ELSA GAMUZA MARRON TOOL;OT020120558;Unidad;ACCESORIOS;LLAVERO;12990;12990;;12990;12990;;Ventas;;Mercaderías;;Costo de la mercadería;
Producto;Si;No;Si;LLAVERO CALE TAMPONATO NEGRO;OT020160201;Unidad;ACCESORIOS;LLAVERO;19990;12990;;12990;12990;;Ventas;;Mercaderías;;Costo de la mercadería;
Producto;Si;No;Si;PHONEBAG TAURUS BRIDGE CARAMELO;MG010780303;Unidad;MARRO GRANDE;PHONEBAG;88990;88990;;88990;88990;;Ventas;;Mercaderías;;Costo de la mercadería;
Producto;Si;No;Si;PHONEBAG TAURUS BRIDGE NEGRO;MG010780301;Unidad;MARRO GRANDE;PHONEBAG;88990;88990;;88990;88990;;Ventas;;Mercaderías;;Costo de la mercadería;
Producto;Si;No;Si;PHONEBAG TAURUS BRIDGE TABACO;MG010780304;Unidad;MARRO GRANDE;PHONEBAG;88990;88990;;88990;88990;;Ventas;;Mercaderías;;Costo de la mercadería;
Producto;Si;No;Si;PHONEBAG TAURUS BRIDGE GRIS;MG010780312;Unidad;MARRO GRANDE;PHONEBAG;10990;88990;;88990;88990;;Ventas;;Mercaderías;;Costo de la mercadería;
Producto;Si;No;Si;BILLETERA PENY BRIDGE CARAMELO;MC020300303;Unidad;MARRO CHICA;BILLETERA;89990;95990;;95990;95990;;Ventas;;Mercaderías;;Costo de la mercadería;
Producto;Si;No;Si;BILLETERA PENY BRIDGE VERDE;MC020300310;Unidad;MARRO CHICA;BILLETERA;89990;95990;;95990;95990;;Ventas;;Mercaderías;;Costo de la mercadería;
Producto;Si;No;Si;BILLETERA PENY BRIDGE ROJO;MC020300307;Unidad;MARRO CHICA;BILLETERA;89990;95990;;95990;95990;;Ventas;;Mercaderías;;Costo de la mercadería;
Producto;Si;No;Si;CARTERA AMARILLA SET SOBRE BRIDGE ROJO;MG010710307;Unidad;MARRO GRANDE;CARTERA;165990;159990;;159990;159990;;Ventas;;Mercaderías;;Costo de la mercadería;
Producto;Si;No;Si;CARTERA AMARILLA SET SOBRE BRIDGE NAPO SUELA;MG010710302;Unidad;MARRO GRANDE;CARTERA;165990;139990;;139990;139990;;Ventas;;Mercaderías;;Costo de la mercadería;
Producto;Si;No;Si;CARTERA MINI APHOLO SET SOBRE BRIDGE NAPO SUELA;MG010730302;Unidad;MARRO GRANDE;CARTERA;165990;139990;;139990;139990;;Ventas;;Mercaderías;;Costo de la mercadería;
Producto;Si;No;Si;BILLETERA OSADIA BRIDGE GRIS;MC020210312;Unidad;MARRO CHICA;BILLETERA;10990;95990;;95990;95990;;Ventas;;Mercaderías;;Costo de la mercadería;
Producto;Si;No;Si;BILLETERA OSADIA BRIDGE NEGRO;MC020210301;Unidad;MARRO CHICA;BILLETERA;89990;95990;;95990;95990;;Ventas;;Mercaderías;;Costo de la mercadería;
Producto;Si;No;Si;MOCHILA PORTIA NAPADO NEGRO;MG010790101;Unidad;MARRO GRANDE;MOCHILA;279990;299990;;299990;299990;;Ventas;;Mercaderías;;Costo de la mercadería;
Producto;Si;No;Si;MOCHILA PORTIA NAPADO SUELA;MG010790102;Unidad;MARRO GRANDE;MOCHILA;279990;299990;;299990;299990;;Ventas;;Mercaderías;;Costo de la mercadería;
Producto;Si;No;Si;MOCHILA PORTIA BRIDGE TABACO;MG010790304;Unidad;MARRO GRANDE;MOCHILA;279990;299990;;299990;299990;;Ventas;;Mercaderías;;Costo de la mercadería;
Producto;Si;No;Si;MOCHILA PORTIA BRIDGE NEGRO;MG010790301;Unidad;MARRO GRANDE;MOCHILA;279990;299990;;299990;299990;;Ventas;;Mercaderías;;Costo de la mercadería;
Producto;Si;No;Si;MOCHILA PORTIA BRIDGE AZUL;MG010790309;Unidad;MARRO GRANDE;MOCHILA;129990;299990;;299990;299990;;Ventas;;Mercaderías;;Costo de la mercadería;
Producto;Si;No;Si;MOCHILA PORTIA BRIDGE GRIS;MG010790312;Unidad;MARRO GRANDE;MOCHILA;119990;299990;;299990;299990;;Ventas;;Mercaderías;;Costo de la mercadería;
Producto;Si;No;Si;.INACTIVO;D006;Unidad;DISC;INACTIVO;0;0;;0;0;;Ventas;;Mercaderías;;Costo de la mercadería;
Producto;Si;No;Si;SOBRE GEMINI NAPADO AZUL;MG010800109;Unidad;MARRO GRANDE;SOBRE;79990;79990;;79990;79990;;Ventas;;Mercaderías;;Costo de la mercadería;
Producto;Si;No;Si;BANDOLERA NATY SIMPLE NAPADO GRIS;MG010290112;Unidad;MARRO GRANDE;BANDOLERA;10990;89990;;89990;89990;;Ventas;;Mercaderías;;Costo de la mercadería;
Producto;Si;No;Si;BANDOLERA NATY SIMPLE NAPADO CARAMELO;MG010290103;Unidad;MARRO GRANDE;BANDOLERA;89990;89990;;89990;89990;;Ventas;;Mercaderías;;Costo de la mercadería;
Producto;Si;No;Si;BANDOLERA NATY SIMPLE NAPADO ROJO;MG010290107;Unidad;MARRO GRANDE;BANDOLERA;89990;89990;;89990;89990;;Ventas;;Mercaderías;;Costo de la mercadería;
Producto;Si;No;Si;BANDOLERA NATY SIMPLE NAPADO AZUL;MG010290109;Unidad;MARRO GRANDE;BANDOLERA;89990;89990;;89990;89990;;Ventas;;Mercaderías;;Costo de la mercadería;
Producto;Si;No;Si;BANDOLERA NATY SIMPLE NAPADO VERDE;MG010290110;Unidad;MARRO GRANDE;BANDOLERA;89990;89990;;89990;89990;;Ventas;;Mercaderías;;Costo de la mercadería;
Producto;Si;No;Si;BANDOLERA NATY SIMPLE GAMUZA OXIDO/TABACO;MG010290556-4;Unidad;MARRO GRANDE;BANDOLERA;89990;89990;;89990;89990;;Ventas;;Mercaderías;;Costo de la mercadería;
Producto;Si;No;Si;BANDOLERA NATY SIMPLE GAMUZA AVELLANA/TABACO;MG010290555-4;Unidad;MARRO GRANDE;BANDOLERA;89990;89990;;89990;89990;;Ventas;;Mercaderías;;Costo de la mercadería;
Producto;Si;No;Si;BANDOLERA NATY SIMPLE GAMUZA AVELLANA/NEGRO;MG010290555-1;Unidad;MARRO GRANDE;BANDOLERA;89990;89990;;89990;89990;;Ventas;;Mercaderías;;Costo de la mercadería;
Producto;Si;No;Si;LLAVERO KAREN ROJO/AVELLANA;OT020170007;Unidad;ACCESORIOS;LLAVERO;20990;21990;;21990;21990;;Ventas;;Mercaderías;;Costo de la mercadería;
Producto;Si;No;Si;TARJETERO RUBI NAPADO AZUL;MC020270109;Unidad;MARRO CHICA;TARJETERO;12990;14990;;14990;14990;;Ventas;;Mercaderías;;Costo de la mercadería;
Producto;Si;No;Si;BANDOLERA NATY NAPADO ROJO;MG020010107;Unidad;MARRO GRANDE;BANDOLERA;109990;109990;;109990;109990;;Ventas;;Mercaderías;;Costo de la mercadería;
Producto;Si;No;Si;BANDOLERA NATY NAPADO AZUL;MG020010109;Unidad;MARRO GRANDE;BANDOLERA;109990;109990;;109990;109990;;Ventas;;Mercaderías;;Costo de la mercadería;
Producto;Si;No;Si;BANDOLERA NATY NAPADO CARAMELO;MG020010103;Unidad;MARRO GRANDE;BANDOLERA;109990;109990;;109990;109990;;Ventas;;Mercaderías;;Costo de la mercadería;
Producto;Si;No;Si;LLAVERO PAMPA BRIDGE SUELA;OT020050302;Unidad;ACCESORIOS;LLAVERO;15990;15990;0;15990;15990;;Ventas;;Mercaderías;;Costo de la mercadería;
Producto;Si;No;Si;PORTAPASAPORTE RON NAPADO CARAMELO;MC020120103;Unidad;MARRO CHICA;PORTAPASAPORTE;14990;15990;;15990;15990;;Ventas;;Mercaderías;;Costo de la mercadería;
Producto;Si;No;Si;SOBRE PAMPA CHICO NEGRO;AS-MC010350301;Unidad;MARRO CHICA;MARRO CHICA;19990;19990;;19990;19990;;Ventas;;Mercaderías;;Costo de la mercadería;
Producto;Si;No;Si;BILLETERA BEIJING BRIDGE VERDE;MC020480310;Unidad;MARRO CHICA;BILLETERA;95990;99990;;99990;99990;;Ventas;;Mercaderías;;Costo de la mercadería;
Producto;Si;No;Si;BILLETERA BEIJING BRIDGE GRIS;MC020480312;Unidad;MARRO CHICA;BILLETERA;11990;99990;;99990;99990;;Ventas;;Mercaderías;;Costo de la mercadería;
Producto;Si;No;Si;MORRAL LUCAS BRIDGE CARAMELO;MG010410303;Unidad;MARRO GRANDE;MORRAL;244990;224990;;224990;224990;;Ventas;;Mercaderías;;Costo de la mercadería;
Producto;Si;No;Si;BOLSO URBANO NAPADO SUELA;MG010080102;Unidad;MARRO GRANDE;BOLSO;214990;199990;;199990;199990;;Ventas;;Mercaderías;;Costo de la mercadería;
Producto;Si;No;Si;BOLSO URBANO BRIDGE AZUL;MG010080309;Unidad;MARRO GRANDE;BOLSO;119990;199990;;199990;199990;;Ventas;;Mercaderías;;Costo de la mercadería;
Producto;Si;No;Si;BANDOLERA NATY NAPADO NEGRO;MG020010101;Unidad;MARRO GRANDE;BANDOLERA;109990;109990;;109990;109990;;Ventas;;Mercaderías;;Costo de la mercadería;
Producto;Si;No;Si;BANDOLERA NATY NAPADO SUELA;MG020010102;Unidad;MARRO GRANDE;BANDOLERA;109990;109990;;109990;109990;;Ventas;;Mercaderías;;Costo de la mercadería;
Producto;Si;No;Si;BOLSO URBANO BRIDGE NEGRO;MG010080301;Unidad;MARRO GRANDE;BOLSO;214990;199990;;199990;199990;;Ventas;;Mercaderías;;Costo de la mercadería;
Producto;Si;No;Si;BOLSO URBANO BRIDGE TABACO;MG010080304;Unidad;MARRO GRANDE;BOLSO;214990;199990;;199990;199990;;Ventas;;Mercaderías;;Costo de la mercadería;
Producto;Si;No;Si;BOLSO TUBO PATRICIA NAPADO NEGRO;MG010120101;Unidad;MARRO GRANDE;BOLSO;99990;99990;;99990;99990;;Ventas;;Mercaderías;;Costo de la mercadería;
Producto;Si;No;Si;BOLSO TUBO PATRICIA NAPADO SUELA;MG010120102;Unidad;MARRO GRANDE;BOLSO;99990;99990;;99990;99990;;Ventas;;Mercaderías;;Costo de la mercadería;
Producto;Si;No;Si;BOLSO TUBO PATRICIA BRIDGE NEGRO;MG010120301;Unidad;MARRO GRANDE;BOLSO;99990;99990;;99990;99990;;Ventas;;Mercaderías;;Costo de la mercadería;
Producto;Si;No;Si;BOLSO TUBO PATRICIA BRIDGE CARAMELO;MG010120303;Unidad;MARRO GRANDE;BOLSO;99990;99990;;99990;99990;;Ventas;;Mercaderías;;Costo de la mercadería;
Producto;Si;No;Si;BOLSO TUBO PATRICIA BRIDGE TABACO;MG010120304;Unidad;MARRO GRANDE;BOLSO;99990;99990;;99990;99990;;Ventas;;Mercaderías;;Costo de la mercadería;
?Producto;Si;No;Si;BOLSO TUBO PATRICIA GAMUZA VESUBIO/TABACO;MG010120550;Unidad;MARRO GRANDE;BOLSO;99990;99990;;99990;99990;;Ventas;;Mercaderías;;Costo de la mercadería;
Producto;Si;No;Si;BOLSO TUBO PATRICIA GAMUZA MOSTAZA/TABACO;MG010120551;Unidad;MARRO GRANDE;BOLSO;99990;99990;;99990;99990;;Ventas;;Mercaderías;;Costo de la mercadería;
Producto;Si;No;Si;BOLSO TUBO PATRICIA GAMUZA CHOCOLATE/TABACO;MG010120552;Unidad;MARRO GRANDE;BOLSO;99990;99990;;99990;99990;;Ventas;;Mercaderías;;Costo de la mercadería;
Producto;Si;No;Si;PORTAFOLIO RUBEN BRIDGE CARAMELO;MG010420303;Unidad;MARRO GRANDE;PORTAFOLIO;325990;349990;;349990;349990;;Ventas;;Mercaderías;;Costo de la mercadería;
Producto;Si;No;Si;MORRAL BERLIN BRIDGE NEGRO;MG010370301;Unidad;MARRO GRANDE;MORRAL;219990;229990;;229990;229990;;Ventas;;Mercaderías;;Costo de la mercadería;
Producto;Si;No;Si;MORRAL BERLIN BRIDGE TABACO;MG010370304;Unidad;MARRO GRANDE;MORRAL;219990;229990;;229990;229990;;Ventas;;Mercaderías;;Costo de la mercadería;
Producto;Si;No;Si;MORRAL BERLIN BRIDGE CARAMELO;MG010370303;Unidad;MARRO GRANDE;MORRAL;219990;229990;;229990;229990;;Ventas;;Mercaderías;;Costo de la mercadería;
Producto;Si;No;Si;NECESSAIRE TOM NAPADO NEGRO;MC020010101;Unidad;MARRO CHICA;NECESSAIRE;51990;51990;;51990;51990;;Ventas;;Mercaderías;;Costo de la mercadería;
Producto;Si;No;Si;NECESSAIRE TOM JAQUARD RAYAS;AS-MC010330332;Unidad;MARRO CHICA;MARRO CHICA;29990;29990;;29990;29990;;Ventas;;Mercaderías;;Costo de la mercadería;
Producto;Si;No;Si;SOBRE PAMPA GRANDE JACQUARD TJ004;MC020030823;Unidad;MARRO CHICA;SOBRE;3990;3990;;3990;3990;;Ventas;;Mercaderías;;Costo de la mercadería;
Producto;Si;No;Si;TAPABOCA SIMPLE NAPADO SUELA;TP010020102;Unidad;ACCESORIOS;TAPABOCA;3490;3490;;3490;3490;;Ventas;;Mercaderías;;Costo de la mercadería;
Producto;Si;No;Si;INDIVIDUAL FORRADO NAPADO SUELA;OT020020102;Unidad;DECO;INDIVIDUAL;4490;4490;;4490;4490;;Ventas;;Mercaderías;;Costo de la mercadería;
Producto;Si;No;Si;SET POSAVASOS X4 NAPADO SUELA;OT020030102;Unidad;DECO;POSAVASO;35990;35990;;35990;35990;;Ventas;;Mercaderías;;Costo de la mercadería;
Producto;Si;No;Si;LLAVERO PAMPA BRIDGE ROJO;OT020050307;Unidad;ACCESORIOS;LLAVERO;15990;15990;;15990;15990;;Ventas;;Mercaderías;;Costo de la mercadería;
Producto;Si;No;Si;ESTOLA RAYADA AZUL;TX050040104;Unidad;TEXTIL;ESTOLA;11990;11990;;11990;11990;;Ventas;;Mercaderías;;Costo de la mercadería;
Producto;Si;No;Si;ESTOLA RAYADA VERDE;TX050040103;Unidad;TEXTIL;ESTOLA;11990;11990;;11990;11990;;Ventas;;Mercaderías;;Costo de la mercadería;
Producto;Si;No;Si;ESTOLA RAYADA NEGRO;TX050040101;Unidad;TEXTIL;ESTOLA;11990;11990;;11990;11990;;Ventas;;Mercaderías;;Costo de la mercadería;
Producto;Si;No;Si;PORTAFOLIO VENUS CH BRIDGE TABACO;MG010770304;Unidad;MARRO GRANDE;PORTAFOLIO;259990;269990;;269990;269990;;Ventas;;Mercaderías;;Costo de la mercadería;
Producto;Si;No;Si;PORTAFOLIO VENUS CH BRIDGE AZUL;MG010770309;Unidad;MARRO GRANDE;PORTAFOLIO;259990;269990;;269990;269990;;Ventas;;Mercaderías;;Costo de la mercadería;
Producto;Si;No;Si;TARJETERO BILL BRIDGE TABACO;MC020260304;Unidad;MARRO CHICA;TARJETERO;18990;21990;;21990;21990;;Ventas;;Mercaderías;;Costo de la mercadería;
Producto;Si;No;Si;BILLETERA BEIJING BRIDGE NEGRO;MC020480301;Unidad;MARRO CHICA;BILLETERA;95990;99990;;99990;99990;;Ventas;;Mercaderías;;Costo de la mercadería;
Producto;Si;No;Si;BANDOLERA VICENTA NAPADO NEGRO;MG010700101;Unidad;MARRO GRANDE;BANDOLERA;94990;99990;;99990;99990;;Ventas;;Mercaderías;;Costo de la mercadería;
Producto;Si;No;Si;"SOBRE PAMPA CHICO JAQUARD	RAYAS";AS-MC010340332;Unidad;MARRO CHICA;SOBRE;19990;19990;;19990;19990;;Ventas;;Mercaderías;;Costo de la mercadería;
Producto;Si;No;Si;SOBRE PAMPA CHICO SUELA;AS-MC010350302;Unidad;MARRO CHICA;MARRO CHICA;19990;19990;;19990;19990;;Ventas;;Mercaderías;;Costo de la mercadería;
Producto;Si;No;Si;BANDOLERA NATY SIMPLE NAPADO NEGRO;MG010290101;Unidad;MARRO GRANDE;BANDOLERA;89990;89990;;89990;89990;;Ventas;;Mercaderías;;Costo de la mercadería;
Producto;Si;No;Si;LLAVERO PAMPA BRIDGE TABACO;OT020050304;Unidad;ACCESORIOS;LLAVERO;15990;15990;;15990;15990;;Ventas;;Mercaderías;;Costo de la mercadería;
Producto;Si;No;Si;MONEDERO MARIA NAPADO NEGRO;MC020050101;Unidad;MARRO CHICA;MONEDERO;19990;19990;;19990;19990;;Ventas;;Mercaderías;;Costo de la mercadería;
Producto;Si;No;Si;CARTERA AMARILLA SET SOBRE GAMUZA VESUBIO/TABACO;MG010710550;Unidad;MARRO GRANDE;CARTERA;165990;159990;;159990;159990;;Ventas;;Mercaderías;;Costo de la mercadería;
Producto;Si;No;Si;BANDOLERA LENA NAPADO ROJO;MG020570107;Unidad;MARRO GRANDE;BANDOLERA;189990;199990;;199990;199990;;Ventas;;Mercaderías;;Costo de la mercadería;
Producto;Si;No;Si;PORTAPASAPORTE RON VAQUETA NEGRO;MC020120401;Unidad;MARRO CHICA;PORTAPASAPORTE;14990;15990;;15990;15990;;Ventas;;Mercaderías;;Costo de la mercadería;
Producto;Si;No;Si;.INACTIVO;D004;Unidad;DISC;INACTIVO;0;0;;0;0;;Ventas;;Mercaderías;;Costo de la mercadería;
Producto;Si;No;Si;CARTUCHERA MONT BRIDGE NAPO SUELA;MC020360302;Unidad;MARRO CHICA;CARTUCHERA;34990;39990;;39990;39990;;Ventas;;Mercaderías;;Costo de la mercadería;
Producto;Si;No;Si;MONEDERO MARIA BRIDGE VERDE;MC020050310;Unidad;MARRO CHICA;MONEDERO;19990;19990;;19990;19990;;Ventas;;Mercaderías;;Costo de la mercadería;
Producto;Si;No;Si;TARJETERO BLACK TAMPONATO CARAMELO;MC020080203;Unidad;MARRO CHICA;TARJETERO;8990;6990;;6990;6990;;Ventas;;Mercaderías;;Costo de la mercadería;
Producto;Si;No;Si;BANDOLERA NATY SIMPLE BRIDGE NEGRO;MG010290301;Unidad;MARRO GRANDE;BANDOLERA;89990;89990;;89990;89990;;Ventas;;Mercaderías;;Costo de la mercadería;
Producto;Si;No;Si;.INACTIVO;D003;Unidad;DISC;INACTIVO;0;0;;0;0;;Ventas;;Mercaderías;;Costo de la mercadería;
Producto;Si;No;Si;NECESSAIRE BRIDGE TABACO;MC010010304;Unidad;MARRO CHICA;NECESSAIRE;119990;121990;;121990;121990;;Ventas;;Mercaderías;;Costo de la mercadería;
Producto;Si;No;Si;TARJETERO BILL BRIDGE ROJO;MC020260307;Unidad;MARRO CHICA;TARJETERO;18990;21990;;21990;21990;;Ventas;;Mercaderías;;Costo de la mercadería;
Producto;Si;No;Si;TARJETERO BILL BRIDGE VERDE;MC020260310;Unidad;MARRO CHICA;TARJETERO;18990;21990;;21990;21990;;Ventas;;Mercaderías;;Costo de la mercadería;
Producto;Si;No;Si;TARJETERO BILL BRIDGE NEGRO;MC020260301;Unidad;MARRO CHICA;TARJETERO;18990;21990;;21990;21990;;Ventas;;Mercaderías;;Costo de la mercadería;
Producto;Si;No;Si;TARJETERO BILL BRIDGE CARAMELO;MC020260303;Unidad;MARRO CHICA;TARJETERO;18990;21990;;21990;21990;;Ventas;;Mercaderías;;Costo de la mercadería;
Producto;Si;No;Si;TARJETERO BILL BRIDGE AZUL;MC020260309;Unidad;MARRO CHICA;TARJETERO;18990;21990;;21990;21990;;Ventas;;Mercaderías;;Costo de la mercadería;
Producto;Si;No;Si;TARJETERO PISCIS BRIDGE CARAMELO;MC020500303;Unidad;MARRO CHICA;MONEDERO;6990;6990;;6990;6990;;Ventas;;Mercaderías;;Costo de la mercadería;
Producto;Si;No;Si;TARJETERO ARIES BRIDGE NAPO SUELA;MC020100302;Unidad;MARRO CHICA;TARJETERO;9990;9990;;9990;9990;;Ventas;;Mercaderías;;Costo de la mercadería;
Producto;Si;No;Si;.INACTIVO;D001;Unidad;DISC;INACTIVO;0;0;;0;0;;Ventas;;Mercaderías;;Costo de la mercadería;
Producto;Si;No;Si;MOCHILA CAMI GAMUZA CHOCOLATE;MG010320552;Unidad;MARRO GRANDE;MOCHILA;49990;49990;;49990;49990;;Ventas;;Mercaderías;;Costo de la mercadería;
Producto;Si;No;Si;CINTURON VAQUETA NIQUEL NEGRO 95;MC010060401-95;Unidad;CINTURON;CINTURON;79990;79990;;79990;79990;;Ventas;;Mercaderías;;Costo de la mercadería;
Producto;Si;No;Si;BOLSO TUBO GRANDE BRIDGE TABACO;MG010100304;Unidad;MARRO GRANDE;BOLSO;399990;429990;;429990;429990;;Ventas;;Mercaderías;;Costo de la mercadería;
Producto;Si;No;Si;CINTURON JORGE NIQUEL SUELA 110;MC040030102-110;Unidad;CINTURON;CINTURON;12990;12990;;12990;12990;;Ventas;;Mercaderías;;Costo de la mercadería;
Producto;Si;No;Si;CINTURON VAQUETA NIQUEL SUELA 115;MC010030402-115;Unidad;CINTURON;CINTURON;79990;79990;;79990;79990;;Ventas;;Mercaderías;;Costo de la mercadería;
Producto;Si;No;Si;MORRAL ANGOSTO BRIDGE NEGRO;MG010270301;Unidad;MARRO GRANDE;MORRAL;189990;209990;;209990;209990;;Ventas;;Mercaderías;;Costo de la mercadería;
Producto;Si;No;Si;.CARTERA ENRIQUETA GAMUZA VESUBIO/TABACO;MG010130551;Unidad;MARRO GRANDE;CARTERA;10990;10990;;10990;10990;;Ventas;;Mercaderías;;Costo de la mercadería;
Producto;Si;No;Si;BANDOLERA NATY SIMPLE BRIDGE CARAMELO;MG010290303;Unidad;MARRO GRANDE;BANDOLERA;89990;89990;;89990;89990;;Ventas;;Mercaderías;;Costo de la mercadería;
Producto;Si;No;Si;.INACTIVO;D005;Unidad;DISC;INACTIVO;0;0;;0;0;;Ventas;;Mercaderías;;Costo de la mercadería;
Producto;Si;No;Si;LLAVERO PAMPA BRIDGE NEGRO;OT020050301;Unidad;ACCESORIOS;LLAVERO;15990;15990;;15990;15990;;Ventas;;Mercaderías;;Costo de la mercadería;
Producto;Si;No;Si;CINTURON MARINERO NIQUEL CHOCOLATE/NEGRO;CM6;Unidad;CINTURON;CINTURON;1490;1490;;1490;1490;;Ventas;;Mercaderías;;Costo de la mercadería;
Producto;Si;No;Si;CARTERA DOS HEBILLAS GAMUZA CHOCOLATE/TABACO;MG010330552;Unidad;MARRO GRANDE;CARTERA;0;149990;;149990;149990;;Ventas;;Mercaderías;;Costo de la mercadería;
Producto;Si;No;Si;CARTERA BOWLING TAMPONATO NEGRO;MG010200201;Unidad;MARRO GRANDE;CARTERA;14990;14990;;14990;14990;;Ventas;;Mercaderías;;Costo de la mercadería;
Producto;Si;No;Si;.CARTERA ENRIQUETA GAMUZA CHOCO;MG010130552;Unidad;MARRO GRANDE;CARTERA;10990;10990;;10990;10990;;Ventas;;Mercaderías;;Costo de la mercadería;
Producto;Si;No;Si;CINTURON VAQUETA NIQUEL NEGRO 110;MC010060401-110;Unidad;CINTURON;CINTURON;79990;79990;;79990;79990;;Ventas;;Mercaderías;;Costo de la mercadería;
Producto;Si;No;Si;CINTURON MARINERO NIQUEL VERDE/NEGRO;CM4;Unidad;CINTURON;CINTURON;1490;1490;;1490;1490;;Ventas;;Mercaderías;;Costo de la mercadería;
Producto;Si;No;Si;CINTURON LOPA NIQUEL NEGRO 100;MC040480101-100;Unidad;CINTURON;CINTURON;89990;99990;;99990;99990;;Ventas;;Mercaderías;;Costo de la mercadería;
Producto;Si;No;Si;BANDOLERA MINI BRIDGE ROJO;MG010310307;Unidad;MARRO GRANDE;BANDOLERA;6990;6990;;6990;6990;;Ventas;;Mercaderías;;Costo de la mercadería;
Producto;Si;No;Si;CINTURON JORGE NAPADO SUELA 85;MC040030102-85;Unidad;CINTURON;CINTURON;12990;12990;;12990;12990;;Ventas;;Mercaderías;;Costo de la mercadería;
Producto;Si;No;Si;PRODUCTO OUTLET 490;OUT490;Unidad;OUTLET;OUTLET;490;490;;490;490;;Ventas;;Mercaderías;;Costo de la mercadería;
Producto;Si;No;Si;PRODUCTO OUTLET 690;OUT690;Unidad;OUTLET;OUTLET;690;690;;690;690;;Ventas;;Mercaderías;;Costo de la mercadería;
Producto;Si;No;Si;PRODUCTO OUTLET 990;OUT990;Unidad;OUTLET;OUTLET;990;990;;990;990;;Ventas;;Mercaderías;;Costo de la mercadería;
Producto;Si;No;Si;PRODUCTO OUTLET 1490;OUT1490;Unidad;OUTLET;OUTLET;1490;1490;;1490;1490;;Ventas;;Mercaderías;;Costo de la mercadería;
Producto;Si;No;Si;PRODUCTO OUTLET 1990;OUT1990;Unidad;OUTLET;OUTLET;1990;1990;;1990;1990;;Ventas;;Mercaderías;;Costo de la mercadería;
Producto;Si;No;Si;PRODUCTO OUTLET 2490;OUT2490;Unidad;OUTLET;OUTLET;2490;2490;;2490;2490;;Ventas;;Mercaderías;;Costo de la mercadería;
Producto;Si;No;Si;PRODUCTO OUTLET 3990;OUT3990;Unidad;OUTLET;OUTLET;3990;3990;;3990;3990;;Ventas;;Mercaderías;;Costo de la mercadería;
Producto;Si;No;Si;PRODUCTO OUTLET 4990;OUT4990;Unidad;OUTLET;OUTLET;4990;4990;;4990;4990;;Ventas;;Mercaderías;;Costo de la mercadería;
Producto;Si;No;Si;PRODUCTO OUTLET 5990;OUT5990;Unidad;OUTLET;OUTLET;5990;5990;;5990;5990;;Ventas;;Mercaderías;;Costo de la mercadería;
Producto;Si;No;Si;PRODUCTO OUTLET 6990;OUT6990;Unidad;OUTLET;OUTLET;6990;6990;;6990;6990;;Ventas;;Mercaderías;;Costo de la mercadería;
Producto;Si;No;Si;PRODUCTO OUTLET 10990;OUT10990;Unidad;OUTLET;OUTLET;10990;10990;;10990;10990;;Ventas;;Mercaderías;;Costo de la mercadería;
Producto;Si;No;Si;PRODUCTO OUTLET 12990;OUT12990;Unidad;OUTLET;OUTLET;12990;12990;;12990;12990;;Ventas;;Mercaderías;;Costo de la mercadería;
Producto;Si;No;Si;PRODUCTO OUTLET 14490;OUT14490;Unidad;OUTLET;OUTLET;14490;14490;;14490;14490;;Ventas;;Mercaderías;;Costo de la mercadería;
Producto;Si;No;Si;PRODUCTO OUTLET 14990;OUT14990;Unidad;OUTLET;OUTLET;14990;14990;;14990;14990;;Ventas;;Mercaderías;;Costo de la mercadería;
Producto;Si;No;Si;PRODUCTO OUTLET 16990;OUT16990;Unidad;OUTLET;OUTLET;16990;16990;;16990;16990;;Ventas;;Mercaderías;;Costo de la mercadería;
Producto;Si;No;Si;CARTERA AMARILLA SET SOBRE IGUANA NEGRO;MG010710701;Unidad;MARRO GRANDE;CARTERA;167990;159990;;159990;159990;;Ventas;;Mercaderías;;Costo de la mercadería;
Producto;Si;No;Si;CARTERA AMARILLA SET SOBRE IGUANA LONDON;MG010710705;Unidad;MARRO GRANDE;CARTERA;167990;159990;;159990;159990;;Ventas;;Mercaderías;;Costo de la mercadería;
Producto;Si;No;Si;CARTERA AMARILLA SET SOBRE IGUANA ROJO;MG010710707;Unidad;MARRO GRANDE;CARTERA;167990;159990;;159990;159990;;Ventas;;Mercaderías;;Costo de la mercadería;
Producto;Si;No;Si;CARTERA AMARILLA SET SOBRE IGUANA AZUL;MG010710709;Unidad;MARRO GRANDE;CARTERA;167990;139990;;139990;139990;;Ventas;;Mercaderías;;Costo de la mercadería;
Producto;Si;No;Si;BILLETERA BEIJING BRIDGE CARAMELO;MC020480303;Unidad;MARRO CHICA;BILLETERA;95990;99990;;99990;99990;;Ventas;;Mercaderías;;Costo de la mercadería;
Producto;Si;No;Si;BILLETERA BEIJING BRIDGE AZUL;MC020480309;Unidad;MARRO CHICA;BILLETERA;95990;99990;;99990;99990;;Ventas;;Mercaderías;;Costo de la mercadería;
Producto;Si;No;Si;.CARTERA ENRIQUETA GAMUZA VESUBIO;MG010130550;Unidad;MARRO GRANDE;CARTERA;10990;10990;;10990;10990;;Ventas;;Mercaderías;;Costo de la mercadería;
Producto;Si;No;Si;LLAVERO TEO BRIDGE TABACO;MC020240304;Unidad;ACCESORIOS;LLAVERO;1990;1990;;1990;1990;;Ventas;;Mercaderías;;Costo de la mercadería;
Producto;Si;No;Si;LLAVERO TEO BRIDGE NEGRO;MC020240301;Unidad;ACCESORIOS;LLAVERO;1990;1990;;1990;1990;;Ventas;;Mercaderías;;Costo de la mercadería;
Producto;Si;No;Si;CINTURON LOPA NIQUEL NEGRO 120;MC040480101-120;Unidad;CINTURON;CINTURON;89990;99990;;99990;99990;;Ventas;;Mercaderías;;Costo de la mercadería;
Producto;Si;No;Si;CARTERA MILI GAMUZA CHOCOLATE;MG010480552;Unidad;MARRO GRANDE;CARTERA;12990;12990;;12990;12990;;Ventas;;Mercaderías;;Costo de la mercadería;
Producto;Si;No;Si;NECESSAIRE BRIDGE CARAMELO;MC010010303;Unidad;MARRO CHICA;NECESSAIRE;119990;121990;;121990;121990;;Ventas;;Mercaderías;;Costo de la mercadería;
Producto;Si;No;Si;PORTABILLETES CORVUS BRIDGE AZUL;MC020470309;Unidad;MARRO CHICA;PORTABILLETES;39990;39990;;39990;39990;;Ventas;;Mercaderías;;Costo de la mercadería;
Producto;Si;No;Si;ESTOLA RAYADA GRIS TOPO;TX050040105;Unidad;TEXTIL;ESTOLA;11990;11990;;11990;11990;;Ventas;;Mercaderías;;Costo de la mercadería;
Producto;Si;No;Si;BOTINERO MARCOS 30 TAMPONATO CARAMELO;MG010210203;Unidad;MARRO GRANDE;NECESSAIRE;125990;125990;;125990;125990;;Ventas;;Mercaderías;;Costo de la mercadería;
Producto;Si;No;Si;.CARTERA ESTELA BRIDGE CARAMELO;MG010140303;Unidad;MARRO GRANDE;CARTERA;16990;16990;;16990;16990;;Ventas;;Mercaderías;;Costo de la mercadería;
Producto;Si;No;Si;.INACTIVO;D002;Unidad;DISC;INACTIVO;0;0;;0;0;;Ventas;;Mercaderías;;Costo de la mercadería;
Producto;Si;No;Si;TARJETERO LEO BRIDGE LONDON;MC020070305;Unidad;MARRO CHICA;TARJETERO;15990;15990;;15990;15990;;Ventas;;Mercaderías;;Costo de la mercadería;
Producto;Si;No;Si;PORTAFOLIO ADRIAN VAQUETA NEGRO;MG010220401;Unidad;MARRO GRANDE;PORTAFOLIO;18990;18990;;18990;18990;;Ventas;;Mercaderías;;Costo de la mercadería;
Producto;Si;No;Si;CARTERA LISBOA IGUANA NEGRO;MG010830701;Unidad;MARRO GRANDE;CARTERA;79990;79990;;79990;79990;;Ventas;;Mercaderías;;Costo de la mercadería;
Producto;Si;No;Si;CARTERA LISBOA IGUANA ROJO;MG010830707;Unidad;MARRO GRANDE;CARTERA;79990;79990;;79990;79990;;Ventas;;Mercaderías;;Costo de la mercadería;
Producto;Si;No;Si;CARTERA LISBOA IGUANA LONDON;MG010830705;Unidad;MARRO GRANDE;CARTERA;79990;79990;;79990;79990;;Ventas;;Mercaderías;;Costo de la mercadería;
Producto;Si;No;Si;CARTERA LISBOA NAPADO NEGRO;MG010830101;Unidad;MARRO GRANDE;CARTERA;75990;79990;;79990;79990;;Ventas;;Mercaderías;;Costo de la mercadería;
Producto;Si;No;Si;CARTERA LISBOA NAPADO CARAMELO;MG010830103;Unidad;MARRO GRANDE;CARTERA;75990;79990;;79990;79990;;Ventas;;Mercaderías;;Costo de la mercadería;
Producto;Si;No;Si;RIÑONERA EVAN CH BRIDGE NEGRO;MG010590301;Unidad;MARRO GRANDE;RIÑONERA;117990;124990;;124990;124990;;Ventas;;Mercaderías;;Costo de la mercadería;
Producto;Si;No;Si;LLAVERO SIMPLE BRIDGE CARAMELO;OT020060303;Unidad;ACCESORIOS;LLAVERO;15990;15990;;15990;15990;;Ventas;;Mercaderías;;Costo de la mercadería;
Producto;Si;No;Si;LLAVERO COLGANTE RIGEL BRIDGE ROJO;OT020200307;Unidad;ACCESORIOS;LLAVERO;1490;1490;;1490;1490;;Ventas;;Mercaderías;;Costo de la mercadería;
Producto;Si;No;Si;LLAVERO COLGANTE RIGEL BRIDGE TABACO;OT020200304;Unidad;ACCESORIOS;LLAVERO;1490;1490;;1490;1490;;Ventas;;Mercaderías;;Costo de la mercadería;
Producto;Si;No;Si;PORTAPASAPORTE CHESTER IGUANA NEGRO;MC020140701;Unidad;MARRO CHICA;PORTAPASAPORTE;16990;16990;;16990;16990;;Ventas;;Mercaderías;;Costo de la mercadería;
Producto;Si;No;Si;PORTAPASAPORTE CHESTER IGUANA LONDON;MC020140705;Unidad;MARRO CHICA;PORTAPASAPORTE;16990;16990;;16990;16990;;Ventas;;Mercaderías;;Costo de la mercadería;
Producto;Si;No;Si;PORTAPASAPORTE CHESTER IGUANA ROJO;MC020140707;Unidad;MARRO CHICA;PORTAPASAPORTE;16990;16990;;16990;16990;;Ventas;;Mercaderías;;Costo de la mercadería;
Producto;Si;No;Si;PORTAPASAPORTE CHESTER IGUANA CARAMELO;MC020140703;Unidad;MARRO CHICA;PORTAPASAPORTE;16990;16990;;16990;16990;;Ventas;;Mercaderías;;Costo de la mercadería;
Producto;Si;No;Si;PORTAPASAPORTE CHESTER IGUANA CHOCOLATE;MC020140752;Unidad;MARRO CHICA;PORTAPASAPORTE;16990;16990;;16990;16990;;Ventas;;Mercaderías;;Costo de la mercadería;
Producto;Si;No;Si;PORTAPASAPORTE CHESTER IGUANA AZUL;MC020140709;Unidad;MARRO CHICA;PORTAPASAPORTE;16990;16990;;16990;16990;;Ventas;;Mercaderías;;Costo de la mercadería;
Producto;Si;No;Si;PORTALENTES LUZ IGUANA NEGRO;MC020170701;Unidad;MARRO CHICA;PORTALENTES;13990;13990;;13990;13990;;Ventas;;Mercaderías;;Costo de la mercadería;
Producto;Si;No;Si;PORTALENTES LUZ IGUANA CHOCOLATE;MC020170752;Unidad;MARRO CHICA;PORTALENTES;13990;13990;;13990;13990;;Ventas;;Mercaderías;;Costo de la mercadería;
Producto;Si;No;Si;PORTALENTES LUZ IGUANA CARAMELO;MC020170703;Unidad;MARRO CHICA;PORTALENTES;13990;13990;;13990;13990;;Ventas;;Mercaderías;;Costo de la mercadería;
Producto;Si;No;Si;PORTALENTES LUZ IGUANA LONDON;MC020170705;Unidad;MARRO CHICA;PORTALENTES;13990;13990;;13990;13990;;Ventas;;Mercaderías;;Costo de la mercadería;
Producto;Si;No;Si;PORTALENTES LUZ IGUANA ROJO;MC020170707;Unidad;MARRO CHICA;PORTALENTES;13990;13990;;13990;13990;;Ventas;;Mercaderías;;Costo de la mercadería;
Producto;Si;No;Si;PHONEBAG SIRIO NAPADO CARAMELO;MG010680103;Unidad;MARRO GRANDE;PHONEBAG;21990;21990;;21990;21990;;Ventas;;Mercaderías;;Costo de la mercadería;
Producto;Si;No;Si;MOCHILA CAMI BRIDGE TABACO;MG010320304;Unidad;MARRO GRANDE;MOCHILA;49990;49990;;49990;49990;;Ventas;;Mercaderías;;Costo de la mercadería;
Producto;Si;No;Si;MOCHILA CAMI BRIDGE CARAMELO;MG010320303;Unidad;MARRO GRANDE;MOCHILA;49990;49990;;49990;49990;;Ventas;;Mercaderías;;Costo de la mercadería;
Producto;Si;No;Si;CINTURON LOPA NIQUEL NEGRO 110;MC040480101-110;Unidad;CINTURON;CINTURON;89990;99990;;99990;99990;;Ventas;;Mercaderías;;Costo de la mercadería;
Producto;Si;No;Si;PORTAPASAPORTE RON IGUANA NEGRO;MC020120701;Unidad;MARRO CHICA;PORTAPASAPORTE;15990;15990;;15990;15990;;Ventas;;Mercaderías;;Costo de la mercadería;
Producto;Si;No;Si;PORTAPASAPORTE RON IGUANA LONDON;MC020120705;Unidad;MARRO CHICA;PORTAPASAPORTE;15990;15990;;15990;15990;;Ventas;;Mercaderías;;Costo de la mercadería;
Producto;Si;No;Si;PORTAPASAPORTE RON IGUANA ROJO;MC020120707;Unidad;MARRO CHICA;PORTAPASAPORTE;15990;15990;;15990;15990;;Ventas;;Mercaderías;;Costo de la mercadería;
Producto;Si;No;Si;TARJETERO RUBI IGUANA NEGRO;MC020270701;Unidad;MARRO CHICA;TARJETERO;13990;14990;;14990;14990;;Ventas;;Mercaderías;;Costo de la mercadería;
Producto;Si;No;Si;TARJETERO RUBI IGUANA ROJO;MC020270707;Unidad;MARRO CHICA;TARJETERO;13990;14990;;14990;14990;;Ventas;;Mercaderías;;Costo de la mercadería;
Producto;Si;No;Si;TARJETERO RUBI IGUANA CARAMELO;MC020270703;Unidad;MARRO CHICA;TARJETERO;13990;14990;;14990;14990;;Ventas;;Mercaderías;;Costo de la mercadería;
Producto;Si;No;Si;TARJETERO RUBI IGUANA LONDON;MC020270705;Unidad;MARRO CHICA;TARJETERO;13990;14990;;14990;14990;;Ventas;;Mercaderías;;Costo de la mercadería;
Producto;Si;No;Si;TARJETERO RUBI IGUANA AZUL;MC020270709;Unidad;MARRO CHICA;TARJETERO;13990;14990;;14990;14990;;Ventas;;Mercaderías;;Costo de la mercadería;
Producto;Si;No;Si;CARTERA LISBOA GAMUZA VESUBIO/TABACO;MG010830550;Unidad;MARRO GRANDE;CARTERA;75990;79990;;79990;79990;;Ventas;;Mercaderías;;Costo de la mercadería;
Producto;Si;No;Si;CARTERA LISBOA GAMUZA VESUBIO/NEGRO;MG010830550-1;Unidad;MARRO GRANDE;CARTERA;34990;79990;;79990;79990;;Ventas;;Mercaderías;;Costo de la mercadería;
Producto;Si;No;Si;CARTERA LISBOA GAMUZA OXIDO/TABACO;MG010830556;Unidad;MARRO GRANDE;CARTERA;75990;79990;;79990;79990;;Ventas;;Mercaderías;;Costo de la mercadería;
Producto;Si;No;Si;CARTERA LISBOA GAMUZA OXIDO/NEGRO;MG010830556-1;Unidad;MARRO GRANDE;CARTERA;34990;79990;;79990;79990;;Ventas;;Mercaderías;;Costo de la mercadería;
Producto;Si;No;Si;CARTERA LISBOA GAMUZA AVELLANA/TABACO;MG010830555;Unidad;MARRO GRANDE;CARTERA;75990;79990;;79990;79990;;Ventas;;Mercaderías;;Costo de la mercadería;
Producto;Si;No;Si;CARTERA LISBOA GAMUZA CHOCOLATE/TABACO;MG010830852;Unidad;MARRO GRANDE;CARTERA;75990;79990;;79990;79990;;Ventas;;Mercaderías;;Costo de la mercadería;
Producto;Si;No;Si;CARTERA LISBOA GAMUZA BRICK/TABACO;MG010830859;Unidad;MARRO GRANDE;CARTERA;75990;79990;;79990;79990;;Ventas;;Mercaderías;;Costo de la mercadería;
Producto;Si;No;Si;TARJETERO BILL IGUANA NEGRO;MC020260701;Unidad;MARRO CHICA;TARJETERO;19990;21990;;21990;21990;;Ventas;;Mercaderías;;Costo de la mercadería;
Producto;Si;No;Si;TARJETERO BILL IGUANA CHOCOLATE;MC020260752;Unidad;MARRO CHICA;TARJETERO;19990;21990;;21990;21990;;Ventas;;Mercaderías;;Costo de la mercadería;
Producto;Si;No;Si;TARJETERO BILL IGUANA CARAMELO;MC020260703;Unidad;MARRO CHICA;TARJETERO;19990;21990;;21990;21990;;Ventas;;Mercaderías;;Costo de la mercadería;
Producto;Si;No;Si;TARJETERO BILL IGUANA LONDON;MC020260705;Unidad;MARRO CHICA;TARJETERO;19990;21990;;21990;21990;;Ventas;;Mercaderías;;Costo de la mercadería;
Producto;Si;No;Si;TARJETERO BILL IGUANA ROJO;MC020260707;Unidad;MARRO CHICA;TARJETERO;19990;21990;;21990;21990;;Ventas;;Mercaderías;;Costo de la mercadería;
Producto;Si;No;Si;TARJETERO ARIES VAQUETA LONDON;MC020100405;Unidad;MARRO CHICA;TARJETERO;9990;9990;;9990;9990;;Ventas;;Mercaderías;;Costo de la mercadería;
Producto;Si;No;Si;PORTALAPTOP LES BRIDGE NEGRO;MG020540301;Unidad;MARRO GRANDE;PORTALAPTOP;112990;112990;;112990;112990;;Ventas;;Mercaderías;;Costo de la mercadería;
Producto;Si;No;Si;PHONEBAG TAURUS BRIDGE AZUL;MG010780309;Unidad;MARRO GRANDE;PHONEBAG;88990;88990;;88990;88990;;Ventas;;Mercaderías;;Costo de la mercadería;
Producto;Si;No;Si;BANDOLERA VICENTA GAMUZA AVELLANA;MG010700555;Unidad;MARRO GRANDE;BANDOLERA;94990;99990;;99990;99990;;Ventas;;Mercaderías;;Costo de la mercadería;
Producto;Si;No;Si;BOLSO TUBO GRANDE GAMUZA OXIDO/TABACO;MG010100556;Unidad;MARRO GRANDE;BOLSO;399990;429990;;429990;429990;;Ventas;;Mercaderías;;Costo de la mercadería;
Producto;Si;No;Si;PORTALENTES JANO IGUANA NEGRO;MC020390701;Unidad;MARRO CHICA;PORTALENTES;26990;26990;;26990;26990;;Ventas;;Mercaderías;;Costo de la mercadería;
Producto;Si;No;Si;PORTALENTES JANO IGUANA ROJO;MC020390707;Unidad;MARRO CHICA;PORTALENTES;26990;26990;;26990;26990;;Ventas;;Mercaderías;;Costo de la mercadería;
Producto;Si;No;Si;PORTALENTES JANO IGUANA CARAMELO;MC020390703;Unidad;MARRO CHICA;PORTALENTES;26990;26990;;26990;26990;;Ventas;;Mercaderías;;Costo de la mercadería;
?Producto;Si;No;Si;PORTALENTES JANO IGUANA LONDON;MC020390705;Unidad;MARRO CHICA;PORTALENTES;26990;26990;;26990;26990;;Ventas;;Mercaderías;;Costo de la mercadería;
Producto;Si;No;Si;PORTALENTES JANO VAQUETA  NEGRO;MC020390401;Unidad;MARRO CHICA;PORTALENTES;25990;26990;;26990;26990;;Ventas;;Mercaderías;;Costo de la mercadería;
Producto;Si;No;Si;PORTALENTES JANO VAQUETA  CHOCOLATE;MC020390452;Unidad;MARRO CHICA;PORTALENTES;25990;26990;;26990;26990;;Ventas;;Mercaderías;;Costo de la mercadería;
Producto;Si;No;Si;PORTALENTES JANO VAQUETA  SUELA;MC020390402;Unidad;MARRO CHICA;PORTALENTES;25990;26990;;26990;26990;;Ventas;;Mercaderías;;Costo de la mercadería;
Producto;Si;No;Si;PORTALENTES JANO VAQUETA  DULCE DE LECHE;MC020390413;Unidad;MARRO CHICA;PORTALENTES;25990;26990;;26990;26990;;Ventas;;Mercaderías;;Costo de la mercadería;
Producto;Si;No;Si;PORTALENTES JANO VAQUETA  NATURAL;MC020390408;Unidad;MARRO CHICA;PORTALENTES;25990;26990;;26990;26990;;Ventas;;Mercaderías;;Costo de la mercadería;
Producto;Si;No;Si;PORTALENTES JANO VAQUETA  BORDO;MC020390406;Unidad;MARRO CHICA;PORTALENTES;25990;26990;;26990;26990;;Ventas;;Mercaderías;;Costo de la mercadería;
Producto;Si;No;Si;BILLETERA FICHERO NAPADO ROJO;MC020370107;Unidad;MARRO CHICA;BILLETERA;99990;112990;;112990;112990;;Ventas;;Mercaderías;;Costo de la mercadería;
Producto;Si;No;Si;CARTERA MILI BRIDGE CARAMELO;MG010480303;Unidad;MARRO GRANDE;CARTERA;14990;14990;;14990;14990;;Ventas;;Mercaderías;;Costo de la mercadería;
Producto;Si;No;Si;PORTALAPTOP LES BRIDGE GRIS;MG020540312;Unidad;MARRO GRANDE;PORTALAPTOP;12990;112990;;112990;112990;;Ventas;;Mercaderías;;Costo de la mercadería;
Producto;Si;No;Si;PORTALAPTOP LES BRIDGE VERDE;MG020540310;Unidad;MARRO GRANDE;PORTALAPTOP;112990;112990;;112990;112990;;Ventas;;Mercaderías;;Costo de la mercadería;
Producto;Si;No;Si;PORTALAPTOP LES BRIDGE CARAMELO;MG020540303;Unidad;MARRO GRANDE;PORTALAPTOP;112990;112990;;112990;112990;;Ventas;;Mercaderías;;Costo de la mercadería;
Producto;Si;No;Si;RIÑONERA EVAN GD TAMPONATO SUELA;MG010530202;Unidad;MARRO GRANDE;RIÑONERA;127990;139990;;139990;139990;;Ventas;;Mercaderías;;Costo de la mercadería;
Producto;Si;No;Si;BILLETERA FICHERO NAPADO VERDE;MC020370110;Unidad;MARRO CHICA;BILLETERA;99990;112990;;112990;112990;;Ventas;;Mercaderías;;Costo de la mercadería;
Producto;Si;No;Si;PORTAFOLIO OLDIE BRIDGE CARAMELO;MG010510303;Unidad;MARRO GRANDE;PORTAFOLIO;439990;459990;;459990;459990;;Ventas;;Mercaderías;;Costo de la mercadería;
Producto;Si;No;Si;.CARTERA JUJUY BRIDGE NEGRO;MG010150301;Unidad;MARRO GRANDE;CARTERA;16990;16990;;16990;16990;;Ventas;;Mercaderías;;Costo de la mercadería;
Producto;Si;No;Si;NECESSAIRE TAMPONATO NEGRO;MC010010201;Unidad;MARRO CHICA;NECESSAIRE;119990;121990;;121990;121990;;Ventas;;Mercaderías;;Costo de la mercadería;
Producto;Si;No;Si;PORTALENTES LUZ IGUANA AZUL;MC020170709;Unidad;MARRO CHICA;PORTALENTES;13990;13990;;13990;13990;;Ventas;;Mercaderías;;Costo de la mercadería;
Producto;Si;No;Si;NECESSAIRE MINI MARCOS BRIDGE NEGRO;MG010260301;Unidad;MARRO GRANDE;NECESSAIRE;99990;104990;;104990;104990;;Ventas;;Mercaderías;;Costo de la mercadería;
Producto;Si;No;Si;NECESSAIRE MINI MARCOS BRIDGE CARAMELO;MG010260303;Unidad;MARRO GRANDE;NECESSAIRE;99990;104990;;104990;104990;;Ventas;;Mercaderías;;Costo de la mercadería;
Producto;Si;No;Si;NECESSAIRE MINI MARCOS BRIDGE AZUL;MG010260309;Unidad;MARRO GRANDE;NECESSAIRE;99990;104990;;104990;104990;;Ventas;;Mercaderías;;Costo de la mercadería;
Producto;Si;No;Si;NECESSAIRE MINI MARCOS BRIDGE VERDE;MG010260310;Unidad;MARRO GRANDE;NECESSAIRE;99990;104990;;104990;104990;;Ventas;;Mercaderías;;Costo de la mercadería;
Producto;Si;No;Si;.CARTERA PRAGMA GAMUZA MOSTAZA;MG010300551;Unidad;MARRO GRANDE;CARTERA;14990;14990;;14990;14990;;Ventas;;Mercaderías;;Costo de la mercadería;
Producto;Si;No;Si;CARTERA AMARILLA SET SOBRE BRIDGE CAMEL;MG010710311;Unidad;MARRO GRANDE;CARTERA;165990;159990;;159990;159990;;Ventas;;Mercaderías;;Costo de la mercadería;
Producto;Si;No;Si;CARTERA AMARILLA SET SOBRE BRIDGE ORANGE;MG010710314;Unidad;MARRO GRANDE;CARTERA;165990;159990;;159990;159990;;Ventas;;Mercaderías;;Costo de la mercadería;
Producto;Si;No;Si;.CARTERA AMARILLA BRIDGE AZUL;MG010060309;Unidad;MARRO GRANDE;CARTERA;39990;39990;;39990;39990;;Ventas;;Mercaderías;;Costo de la mercadería;
Producto;Si;No;Si;CARTERA APHOLO SET SOBRE BRIDGE TABACO;MG010720304;Unidad;MARRO GRANDE;CARTERA;199990;199990;;199990;199990;;Ventas;;Mercaderías;;Costo de la mercadería;
Producto;Si;No;Si;CINTURON TINO NIQUEL SUELA 120;MC040140102-120;Unidad;CINTURON;CINTURON;89990;99990;;99990;99990;;Ventas;;Mercaderías;;Costo de la mercadería;
Producto;Si;No;Si;CINTURON JORGE NAPADO SUELA 95;MC040030102-95;Unidad;CINTURON;CINTURON;12990;12990;;12990;12990;;Ventas;;Mercaderías;;Costo de la mercadería;
Producto;Si;No;Si;CARTERA LISBOA NAPADO AZUL;MG010830109;Unidad;MARRO GRANDE;CARTERA;75990;79990;;79990;79990;;Ventas;;Mercaderías;;Costo de la mercadería;
Producto;Si;No;Si;CARTERA LISBOA NAPADO ROJO;MG010830107;Unidad;MARRO GRANDE;CARTERA;75990;79990;;79990;79990;;Ventas;;Mercaderías;;Costo de la mercadería;
Producto;Si;No;Si;LLAVERO ALDANA GAMUZA BRICK;OT020130559;Unidad;ACCESORIOS;LLAVERO;14990;9990;;9990;9990;;Ventas;;Mercaderías;;Costo de la mercadería;
Producto;Si;No;Si;BILLETERA LUCA IGUANA NEGRO;MC020220701;Unidad;MARRO CHICA;BILLETERA;45990;49990;;49990;49990;;Ventas;;Mercaderías;;Costo de la mercadería;
Producto;Si;No;Si;BILLETERA LUCA IGUANA LONDON;MC020220705;Unidad;MARRO CHICA;BILLETERA;45990;49990;;49990;49990;;Ventas;;Mercaderías;;Costo de la mercadería;
Producto;Si;No;Si;PORTAPASAPORTE SAM BRIDGE NEGRO;MC020130301;Unidad;MARRO CHICA;PORTAPASAPORTE;49990;49990;;49990;49990;;Ventas;;Mercaderías;;Costo de la mercadería;
Producto;Si;No;Si;CARTERA BOWLING BRIDGE CARAMELO;MG010200303;Unidad;MARRO GRANDE;CARTERA;14990;14990;;14990;14990;;Ventas;;Mercaderías;;Costo de la mercadería;
Producto;Si;No;Si;BILLETERA BEIJING NAPADO ROJO;MC020480107;Unidad;MARRO CHICA;BILLETERA;95990;99990;;99990;99990;;Ventas;;Mercaderías;;Costo de la mercadería;
Producto;Si;No;Si;CARTERA BAULITO BRIDGE ROJO;MG010090307;Unidad;MARRO GRANDE;CARTERA;0;149990;;149990;149990;;Ventas;;Mercaderías;;Costo de la mercadería;
Producto;Si;No;Si;CARTERA BAULITO BRIDGE VERDE;MG010090310;Unidad;MARRO GRANDE;CARTERA;0;149990;;149990;149990;;Ventas;;Mercaderías;;Costo de la mercadería;
Producto;Si;No;Si;MORRAL ADI VINTAGE BRIDGE CARAMELO;MG010240303;Unidad;MARRO GRANDE;BANDOLERA;284990;299990;;299990;299990;;Ventas;;Mercaderías;;Costo de la mercadería;
Producto;Si;No;Si;CARTERA BOWLING NAPADO SUELA;MG010200102;Unidad;MARRO GRANDE;CARTERA;14990;14990;;14990;14990;;Ventas;;Mercaderías;;Costo de la mercadería;
Producto;Si;No;Si;CARTERA BOWLING NAPADO NEGRO;MG010200101;Unidad;MARRO GRANDE;CARTERA;14990;14990;;14990;14990;;Ventas;;Mercaderías;;Costo de la mercadería;
Producto;Si;No;Si;CARTERA BOWLING BRIDGE TABACO;MG010200304;Unidad;MARRO GRANDE;CARTERA;14990;14990;;14990;14990;;Ventas;;Mercaderías;;Costo de la mercadería;
Producto;Si;No;Si;INDIVIDUAL FORRADO NAPADO NEGRO;OT020020101;Unidad;DECO;INDIVIDUAL;4490;4490;;4490;4490;;Ventas;;Mercaderías;;Costo de la mercadería;
Producto;Si;No;Si;INDIVIDUAL SIMPLE NAPADO SUELA;OT030040102;Unidad;DECO;INDIVIDUAL;4490;4490;;4490;4490;;Ventas;;Mercaderías;;Costo de la mercadería;
Producto;Si;No;Si;INDIVIDUAL SIMPLE BRIDGE ROJO;OT020010307;Unidad;DECO;INDIVIDUAL;4490;4490;;4490;4490;;Ventas;;Mercaderías;;Costo de la mercadería;
Producto;Si;No;Si;BOTINERO MARCOS 30 BRIDGE NEGRO;MG010210301;Unidad;MARRO GRANDE;NECESSAIRE;125990;125990;;125990;125990;;Ventas;;Mercaderías;;Costo de la mercadería;
Producto;Si;No;Si;BOTINERO MARCOS 30 TAMPONATO NEGRO;MG010210201;Unidad;MARRO GRANDE;NECESSAIRE;125990;125990;;125990;125990;;Ventas;;Mercaderías;;Costo de la mercadería;
Producto;Si;No;Si;BOTINERO MARCOS 30 GAMUZA VESUBIO/TABACO;MG010210550;Unidad;MARRO GRANDE;NECESSAIRE;125990;125990;;125990;125990;;Ventas;;Mercaderías;;Costo de la mercadería;
Producto;Si;No;Si;BOTINERO MARCOS 30 GAMUZA CHOCOLATE;MG010210552;Unidad;MARRO GRANDE;NECESSAIRE;125990;125990;;125990;125990;;Ventas;;Mercaderías;;Costo de la mercadería;
Producto;Si;No;Si;BOTINERO MARCOS 30 BRIDGE ROJO;MG010210307;Unidad;MARRO GRANDE;NECESSAIRE;125990;125990;;125990;125990;;Ventas;;Mercaderías;;Costo de la mercadería;
Producto;Si;No;Si;MORRAL ANGOSTO BRIDGE TABACO;MG010270304;Unidad;MARRO GRANDE;MORRAL;189990;209990;;209990;209990;;Ventas;;Mercaderías;;Costo de la mercadería;
Producto;Si;No;No;LA HERMIDA VAQUETA FINA LADO COLOR (CLASE B)  DS (DULCE DE LECHE);CUE0300459;Metro cuadrado;PRODUCCION;VAQUETA;1;1;;1;1;;Ventas;;Mercaderías;;Costo de la mercadería;
Producto;Si;No;No;HEBILLA DE PRUEBA;102;Unidad;;;200;200;;200;200;;Ventas;;Mercaderías;;Costo de la mercadería;
Producto;Si;No;Si;PHONEBAG SIRIO BRIDGE CARAMELO;MG010680303;Unidad;MARRO GRANDE;PHONEBAG;21990;21990;;21990;21990;;Ventas;;Mercaderías;;Costo de la mercadería;
Producto;Si;No;Si;CINTURON TINO NIQUEL CARAMELO 85;MC040140103-85;Unidad;CINTURON;CINTURON;89990;99990;;99990;99990;;Ventas;;Mercaderías;;Costo de la mercadería;
Producto;Si;No;Si;CINTURON TINO NIQUEL CARAMELO 120;MC040140103-120;Unidad;CINTURON;CINTURON;89990;99990;;99990;99990;;Ventas;;Mercaderías;;Costo de la mercadería;
Producto;Si;No;Si;CINTURON LOPA NIQUEL SUELA 90;MC040480102-90;Unidad;CINTURON;CINTURON;89990;99990;;99990;99990;;Ventas;;Mercaderías;;Costo de la mercadería;
Producto;Si;No;Si;PHONEBAG SIRIO BRIDGE AZUL;MG010680309;Unidad;MARRO GRANDE;PHONEBAG;21990;21990;;21990;21990;;Ventas;;Mercaderías;;Costo de la mercadería;
Producto;Si;No;No;NAPOLITANA GAMUZA OXIDO;CUE0200556;Metro cuadrado;PRODUCCION;GAMUZA;1;1;;1;1;;Ventas;;Mercaderías;;Costo de la mercadería;
Producto;Si;No;Si;BANDOLERA NATY SIMPLE NEW BRIDGE VERDE;MG010290310;Unidad;MARRO GRANDE;BANDOLERA;89990;89990;;89990;89990;;Ventas;;Mercaderías;;Costo de la mercadería;
Producto;Si;No;Si;CARTERA BAULITO BRIDGE CARAMELO;MG010090303;Unidad;MARRO GRANDE;CARTERA;0;149990;;149990;149990;;Ventas;;Mercaderías;;Costo de la mercadería;
Producto;Si;No;No;ARENA CUERO BRIDGE  NEGRO;CUE0100301;Metro cuadrado;PRODUCCION;CUERO;1;1;;1;1;;Ventas;;Mercaderías;;Costo de la mercadería;
Producto;Si;No;No;ARENA CUERO BRIDGE  TABACO;CUE0100304;Metro cuadrado;PRODUCCION;CUERO;1;1;;1;1;;Ventas;;Mercaderías;;Costo de la mercadería;
Producto;Si;No;Si;BILLETERA BEIJING IGUANA NEGRO;MC020480701;Unidad;MARRO CHICA;BILLETERA;96990;99990;;99990;99990;;Ventas;;Mercaderías;;Costo de la mercadería;
Producto;Si;No;Si;BILLETERA BEIJING IGUANA LONDON;MC020480705;Unidad;MARRO CHICA;BILLETERA;96990;99990;;99990;99990;;Ventas;;Mercaderías;;Costo de la mercadería;
Producto;Si;No;Si;BILLETERA KEY IGUANA NEGRO;MC020200701;Unidad;MARRO CHICA;BILLETERA;0;44990;;44990;44990;;Ventas;;Mercaderías;;Costo de la mercadería;
Producto;Si;No;Si;BILLETERA KEY IGUANA LONDON;MC020200705;Unidad;MARRO CHICA;BILLETERA;0;44990;;44990;44990;;Ventas;;Mercaderías;;Costo de la mercadería;
Producto;Si;No;Si;BANDOLERA NATY SIMPLE BRIDGE TABACO;MG010290304;Unidad;MARRO GRANDE;BANDOLERA;89990;89990;;89990;89990;;Ventas;;Mercaderías;;Costo de la mercadería;
Producto;Si;No;Si;BOLSO TUBO GRANDE TAMPONATO SUELA;MG010100202;Unidad;MARRO GRANDE;BOLSO;399990;429990;;429990;429990;;Ventas;;Mercaderías;;Costo de la mercadería;
Producto;Si;No;Si;.CARTERA MINI APHOLO GAMUZA AVELLANA/TABACO;MG010170555;Unidad;MARRO GRANDE;CARTERA;81990;81990;;81990;81990;;Ventas;;Mercaderías;;Costo de la mercadería;
Producto;Si;No;Si;.CARTERA APHOLO BRIDGE ROJO;MG010070307;Unidad;MARRO GRANDE;CARTERA;101990;101990;;101990;101990;;Ventas;;Mercaderías;;Costo de la mercadería;
Producto;Si;No;Si;.CARTERA APHOLO BRIDGE TABACO;MG010070304;Unidad;MARRO GRANDE;CARTERA;101990;101990;;101990;101990;;Ventas;;Mercaderías;;Costo de la mercadería;
Producto;Si;No;Si;CINTURON VAQUETA PELTRE NEGRO 85;MC010070401-85;Unidad;CINTURON;CINTURON;79990;79990;;79990;79990;;Ventas;;Mercaderías;;Costo de la mercadería;
Producto;Si;No;Si;CINTURON VAQUETA BRONCE SUELA 85;MC010040402-85;Unidad;CINTURON;CINTURON;79990;79990;;79990;79990;;Ventas;;Mercaderías;;Costo de la mercadería;
Producto;Si;No;Si;PHONEBAG SIRIO NAPADO LONDON;MG010680105;Unidad;MARRO GRANDE;PHONEBAG;21990;21990;;21990;21990;;Ventas;;Mercaderías;;Costo de la mercadería;
Producto;Si;No;Si;NECESSAIRE TOM NAPADO SUELA;MC020010102;Unidad;MARRO CHICA;NECESSAIRE;51990;51990;;51990;51990;;Ventas;;Mercaderías;;Costo de la mercadería;
Producto;Si;No;Si;.CARTERA ESTELA BRIDGE NEGRO;MG010140301;Unidad;MARRO GRANDE;CARTERA;16990;16990;;16990;16990;;Ventas;;Mercaderías;;Costo de la mercadería;
Producto;Si;No;No;ARENA CUERO BRIDGE  CARAMELO;CUE0100303;Metro cuadrado;PRODUCCION;CUERO;1;1;;1;1;;Ventas;;Mercaderías;;Costo de la mercadería;
Producto;Si;No;No;ARENA CUERO BRIDGE  CAMEL;CUE0100314;Metro cuadrado;PRODUCCION;CUERO;1;1;;1;1;;Ventas;;Mercaderías;;Costo de la mercadería;
Producto;Si;No;No;ARENA CUERO BRIDGE  LONDON;CUE0100305;Metro cuadrado;PRODUCCION;CUERO;1;1;;1;1;;Ventas;;Mercaderías;;Costo de la mercadería;
Producto;Si;No;No;ARENA CUERO BRIDGE  VERDE;CUE0100310;Metro cuadrado;PRODUCCION;CUERO;1;1;;1;1;;Ventas;;Mercaderías;;Costo de la mercadería;
Producto;Si;No;No;ARENA CUERO BRIDGE  ROJO;CUE0100307;Metro cuadrado;PRODUCCION;CUERO;1;1;;1;1;;Ventas;;Mercaderías;;Costo de la mercadería;
Producto;Si;No;No;ARENA CUERO BRIDGE  AZUL;CUE0100309;Metro cuadrado;PRODUCCION;CUERO;1;1;;1;1;;Ventas;;Mercaderías;;Costo de la mercadería;
Producto;Si;No;No;ARENA CUERO NAPADO NEGRO;CUE0100101;Metro cuadrado;PRODUCCION;CUERO;1;1;;1;1;;Ventas;;Mercaderías;;Costo de la mercadería;
Producto;Si;No;No;ARENA CUERO NAPADO SUELA;CUE0100102;Metro cuadrado;PRODUCCION;CUERO;1;1;;1;1;;Ventas;;Mercaderías;;Costo de la mercadería;
Producto;Si;No;No;ARENA CUERO NAPADO CARAMELO;CUE0100103;Metro cuadrado;PRODUCCION;CUERO;1;1;;1;1;;Ventas;;Mercaderías;;Costo de la mercadería;
Producto;Si;No;No;ARENA CUERO NAPADO LONDON;CUE0100105;Metro cuadrado;PRODUCCION;CUERO;1;1;;1;1;;Ventas;;Mercaderías;;Costo de la mercadería;
Producto;Si;No;No;ARENA CUERO NAPADO VERDE;CUE0100110;Metro cuadrado;PRODUCCION;CUERO;1;1;;1;1;;Ventas;;Mercaderías;;Costo de la mercadería;
Producto;Si;No;No;ARENA CUERO NAPADO ROJO;CUE0100107;Metro cuadrado;PRODUCCION;CUERO;1;1;;1;1;;Ventas;;Mercaderías;;Costo de la mercadería;
Producto;Si;No;No;ARENA CUERO NAPADO AZUL;CUE0100109;Metro cuadrado;PRODUCCION;CUERO;1;1;;1;1;;Ventas;;Mercaderías;;Costo de la mercadería;
Producto;Si;No;No;ARENA CUERO TAMPONATO NEGRO;CUE0100201;Metro cuadrado;PRODUCCION;CUERO;1;1;;1;1;;Ventas;;Mercaderías;;Costo de la mercadería;
Producto;Si;No;No;ARENA CUERO TAMPONATO SUELA;CUE0100202;Metro cuadrado;PRODUCCION;CUERO;1;1;;1;1;;Ventas;;Mercaderías;;Costo de la mercadería;
Producto;Si;No;No;ARENA CUERO BRIDGE  SUELA;CUE0100302;Metro cuadrado;PRODUCCION;CUERO;1;1;;1;1;;Ventas;;Mercaderías;;Costo de la mercadería;
Producto;Si;No;No;ARENA CUERO BRIDGE  BLANCO;CUE0100313;Metro cuadrado;PRODUCCION;CUERO;1;1;;1;1;;Ventas;;Mercaderías;;Costo de la mercadería;
Producto;Si;No;No;ARENA CUERO BRIDGE  CHOCOLATE;CUE0100352;Metro cuadrado;PRODUCCION;CUERO;1;1;;1;1;;Ventas;;Mercaderías;;Costo de la mercadería;
Producto;Si;No;No;ARENA CUERO NAPADO TABACO;CUE0100104;Metro cuadrado;PRODUCCION;CUERO;1;1;;1;1;;Ventas;;Mercaderías;;Costo de la mercadería;
Producto;Si;No;No;ARENA CUERO BRIDGE  GRIS;CUE0100312;Metro cuadrado;PRODUCCION;CUERO;1;1;;1;1;;Ventas;;Mercaderías;;Costo de la mercadería;
Producto;Si;No;No;ARENA CUERO NAPADO GRIS;CUE0100112;Metro cuadrado;PRODUCCION;CUERO;1;1;;1;1;;Ventas;;Mercaderías;;Costo de la mercadería;
Producto;Si;No;No;ARENA CUERO BRIDGE IGUANA  NEGRO;CUE0100601;Metro cuadrado;PRODUCCION;CUERO;1;1;;1;1;;Ventas;;Mercaderías;;Costo de la mercadería;
Producto;Si;No;No;ARENA CUERO BRIDGE IGUANA AZUL;CUE0100609;Metro cuadrado;PRODUCCION;CUERO;1;1;;1;1;;Ventas;;Mercaderías;;Costo de la mercadería;
Producto;Si;No;No;ARENA CUERO BRIDGE IGUANA  ROJO;CUE0100607;Metro cuadrado;PRODUCCION;CUERO;1;1;;1;1;;Ventas;;Mercaderías;;Costo de la mercadería;
Producto;Si;No;No;ARENA CUERO BRIDGE IGUANA  VERDE;CUE0100610;Metro cuadrado;PRODUCCION;CUERO;1;1;;1;1;;Ventas;;Mercaderías;;Costo de la mercadería;
Producto;Si;No;No;ARENA CUERO BRIDGE IGUANA  CARAMELO;CUE0100603;Metro cuadrado;PRODUCCION;CUERO;1;1;;1;1;;Ventas;;Mercaderías;;Costo de la mercadería;
Producto;Si;No;No;ARENA CUERO BRIDGE IGUANA  LONDON;CUE0100605;Metro cuadrado;PRODUCCION;CUERO;1;1;;1;1;;Ventas;;Mercaderías;;Costo de la mercadería;
Producto;Si;No;No;ARENA CUERO BRIDGE ORANGE;CUE0100315;Metro cuadrado;PRODUCCION;CUERO;1;1;;1;1;;Ventas;;Mercaderías;;Costo de la mercadería;
Producto;Si;No;No;ARENA CUERO VACHETTA  NEGRO;CUE0100401;Metro cuadrado;PRODUCCION;CUERO;1;1;;1;1;;Ventas;;Mercaderías;;Costo de la mercadería;
Producto;Si;No;No;ARENA CUERO VACHETTA  SUELA;CUE0100402;Metro cuadrado;PRODUCCION;CUERO;1;1;;1;1;;Ventas;;Mercaderías;;Costo de la mercadería;
Producto;Si;No;No;ARENA CUERO VACHETTA  LONDON;CUE0100405;Metro cuadrado;PRODUCCION;CUERO;1;1;;1;1;;Ventas;;Mercaderías;;Costo de la mercadería;
Producto;Si;No;No;NAPOLITANA GAMUZA NEGRO;CUE0200501;Metro cuadrado;PRODUCCION;GAMUZA;1;1;;1;1;;Ventas;;Mercaderías;;Costo de la mercadería;
Producto;Si;No;No;NAPOLITANA GAMUZA CHOCOLATE;CUE0200552;Metro cuadrado;PRODUCCION;GAMUZA;1;1;;1;1;;Ventas;;Mercaderías;;Costo de la mercadería;
Producto;Si;No;No;NAPOLITANA GAMUZA AVELLANA;CUE0200555;Metro cuadrado;PRODUCCION;GAMUZA;1;1;;1;1;;Ventas;;Mercaderías;;Costo de la mercadería;
Producto;Si;No;No;NAPOLITANA GAMUZA CAFE;CUE0200558;Metro cuadrado;PRODUCCION;GAMUZA;1;1;;1;1;;Ventas;;Mercaderías;;Costo de la mercadería;
Producto;Si;No;No;NAPOLITANA GAMUZA VESUBIO;CUE0200550;Metro cuadrado;PRODUCCION;GAMUZA;1;1;;1;1;;Ventas;;Mercaderías;;Costo de la mercadería;
Producto;Si;No;No;NAPOLITANA GAMUZA MOSTAZA;CUE0200551;Metro cuadrado;PRODUCCION;GAMUZA;1;1;;1;1;;Ventas;;Mercaderías;;Costo de la mercadería;
Producto;Si;No;No;NAPOLITANA GAMUZA TABACO;CUE0200504;Metro cuadrado;PRODUCCION;GAMUZA;1;1;;1;1;;Ventas;;Mercaderías;;Costo de la mercadería;
Producto;Si;No;No;NAPOLITANA CUERO BRIDGE  SUELA;CUE0200302;Metro cuadrado;PRODUCCION;CUERO;1;1;;1;1;;Ventas;;Mercaderías;;Costo de la mercadería;
Producto;Si;No;No;LA HERMIDA VAQUETA LADO COLOR (CLASE B) HBR (MARRON BORRAVINO ROJIZO);CUE0300458;Metro cuadrado;PRODUCCION;VAQUETA;1;1;;1;1;;Ventas;;Mercaderías;;Costo de la mercadería;
Producto;Si;No;No;LA HERMIDA VAQUETA LADO COLOR (CLASE B) SUELA;CUE0300402;Metro cuadrado;PRODUCCION;VAQUETA;1;1;;1;1;;Ventas;;Mercaderías;;Costo de la mercadería;
Producto;Si;No;No;LA HERMIDA VAQUETA LADO NATURAL (CLASE B) NATURAL;CUE0300400;Metro cuadrado;PRODUCCION;VAQUETA;1;1;;1;1;;Ventas;;Mercaderías;;Costo de la mercadería;
Producto;Si;No;No;LA HERMIDA VAQUETA FINA LADO COLOR (CLASE B)  HB (CHOCOLATE);CUE0300452;Metro cuadrado;PRODUCCION;VAQUETA;1;1;;1;1;;Ventas;;Mercaderías;;Costo de la mercadería;
Producto;Si;No;No;LA HERMIDA VAQUETA FINA LADO COLOR (CLASE B)  NEGRO;CUE0300401;Metro cuadrado;PRODUCCION;VAQUETA;1;1;;1;1;;Ventas;;Mercaderías;;Costo de la mercadería;
Producto;Si;No;No;LA HERMIDA GAMUZA DESCARNE COLOR (CLASE B) HB (CHOCOLATE);CUE0300552;Metro cuadrado;PRODUCCION;GAMUZA;1;1;;1;1;;Ventas;;Mercaderías;;Costo de la mercadería;
Producto;Si;No;No;LA HERMIDA GAMUZA DESCARNE COLOR (CLASE B) SUELA;CUE0300502;Metro cuadrado;PRODUCCION;GAMUZA;1;1;;1;1;;Ventas;;Mercaderías;;Costo de la mercadería;
Producto;Si;No;Si;MORRAL DRACO BRIDGE GRIS;MG010750312;Unidad;MARRO GRANDE;MORRAL;31990;224990;;224990;224990;;Ventas;;Mercaderías;;Costo de la mercadería;
Producto;Si;No;Si;MORRAL LUCAS TAMPONATO SUELA;MG010410202;Unidad;MARRO GRANDE;MORRAL;244990;224990;;224990;224990;;Ventas;;Mercaderías;;Costo de la mercadería;
Producto;Si;No;Si;CARTERA MILI BRIDGE NEGRO;MG010480301;Unidad;MARRO GRANDE;CARTERA;14990;14990;;14990;14990;;Ventas;;Mercaderías;;Costo de la mercadería;
Producto;Si;No;Si;SOBRE OMEGA BRIDGE ROJO;MG020830307;Unidad;MARRO GRANDE;SOBRE;59990;59990;;59990;59990;;Ventas;;Mercaderías;;Costo de la mercadería;
Producto;Si;No;Si;BANDOLERA NATY SIMPLE GAMUZA MOSTAZA/TABACO;MG010290551;Unidad;MARRO GRANDE;BANDOLERA;89990;89990;;89990;89990;;Ventas;;Mercaderías;;Costo de la mercadería;
Producto;Si;No;Si;BANDOLERA NATY SIMPLE BRIDGE GRIS;MG010290312;Unidad;MARRO GRANDE;BANDOLERA;12990;89990;;89990;89990;;Ventas;;Mercaderías;;Costo de la mercadería;
Producto;Si;No;Si;.CARTERA AMARILLA GAMUZA TABACO/TABACO;MG010060504-4;Unidad;MARRO GRANDE;CARTERA;39990;39990;;39990;39990;;Ventas;;Mercaderías;;Costo de la mercadería;
Producto;Si;No;Si;CARTERA BAULITO TAMPONATO NEGRO;MG010090201;Unidad;MARRO GRANDE;CARTERA;119990;149990;;149990;149990;;Ventas;;Mercaderías;;Costo de la mercadería;
Producto;Si;No;Si;CARTERA BAULITO BRIDGE NEGRO;MG010090301;Unidad;MARRO GRANDE;CARTERA;0;149990;;149990;149990;;Ventas;;Mercaderías;;Costo de la mercadería;
Producto;Si;No;Si;CARTERA DOS HEBILLAS GAMUZA MOSTAZA/TABACO;MG010330551;Unidad;MARRO GRANDE;CARTERA;0;149990;;149990;149990;;Ventas;;Mercaderías;;Costo de la mercadería;
Producto;Si;No;Si;MOCHILA CAMI BRIDGE NEGRO;MG010320301;Unidad;MARRO GRANDE;MOCHILA;49990;49990;;49990;49990;;Ventas;;Mercaderías;;Costo de la mercadería;
Producto;Si;No;Si;MORRAL CARLOS BRIDGE TABACO;MG020450304;Unidad;MARRO GRANDE;MORRAL;275990;299990;;299990;299990;;Ventas;;Mercaderías;;Costo de la mercadería;
Producto;Si;No;Si;MORRAL LUCAS TAMPONATO NEGRO;MG010410201;Unidad;MARRO GRANDE;MORRAL;244990;224990;;224990;224990;;Ventas;;Mercaderías;;Costo de la mercadería;
Producto;Si;No;Si;SOBRE OMEGA BRIDGE NEGRO;MG020830301;Unidad;MARRO GRANDE;SOBRE;59990;59990;;59990;59990;;Ventas;;Mercaderías;;Costo de la mercadería;
Producto;Si;No;Si;SOBRE OMEGA BRIDGE VERDE;MG020830310;Unidad;MARRO GRANDE;SOBRE;59990;59990;;59990;59990;;Ventas;;Mercaderías;;Costo de la mercadería;
Producto;Si;No;Si;SOBRE OMEGA BRIDGE CAMEL;MG020830311;Unidad;MARRO GRANDE;SOBRE;59990;59990;;59990;59990;;Ventas;;Mercaderías;;Costo de la mercadería;
Producto;Si;No;Si;CINTURON VAQUETA BRONCE NEGRO 90;MC010080401-90;Unidad;CINTURON;CINTURON;79990;79990;;79990;79990;;Ventas;;Mercaderías;;Costo de la mercadería;
Producto;Si;No;Si;SOBRE OMEGA GAMUZA OXIDO;MG020830556;Unidad;MARRO GRANDE;SOBRE;59990;59990;;59990;59990;;Ventas;;Mercaderías;;Costo de la mercadería;
Producto;Si;No;Si;SOBRE OMEGA GAMUZA AVELLANA;MG020830555;Unidad;MARRO GRANDE;SOBRE;59990;59990;;59990;59990;;Ventas;;Mercaderías;;Costo de la mercadería;
Producto;Si;No;Si;SOBRE OMEGA GAMUZA BRICK;MG020830559;Unidad;MARRO GRANDE;SOBRE;59990;59990;;59990;59990;;Ventas;;Mercaderías;;Costo de la mercadería;
Producto;Si;No;Si;SOBRE OMEGA GAMUZA VESUBIO/TABACO;MG020830550;Unidad;MARRO GRANDE;SOBRE;59990;59990;;59990;59990;;Ventas;;Mercaderías;;Costo de la mercadería;
Producto;Si;No;Si;LLAVERO TEO BRIDGE CARAMELO;MC020240303;Unidad;ACCESORIOS;LLAVERO;1990;1990;;1990;1990;;Ventas;;Mercaderías;;Costo de la mercadería;
Producto;Si;No;Si;CARTERA LISBOA IGUANA VERDE;MG010830710;Unidad;MARRO GRANDE;CARTERA;79990;79990;;79990;79990;;Ventas;;Mercaderías;;Costo de la mercadería;
Producto;Si;No;Si;CARTERA LISBOA IGUANA AZUL;MG010830709;Unidad;MARRO GRANDE;CARTERA;79990;79990;;79990;79990;;Ventas;;Mercaderías;;Costo de la mercadería;
Producto;Si;No;Si;CARTERA LISBOA IGUANA CARAMELO;MG010830703;Unidad;MARRO GRANDE;CARTERA;79990;79990;;79990;79990;;Ventas;;Mercaderías;;Costo de la mercadería;
Producto;Si;No;No;YKK DESLIZADOR PARA METAL / ALUMINIO N5 PUENTE ABIERTO NIQUEL;AV0101030201;Unidad;AVIOS;AVIOS;10;10;;10;10;;Ventas;;Mercaderías;;Costo de la mercadería;
?Producto;Si;No;Si;ZAPATO CLASSIC NAPADO SUELA 45;CA060020102-45;Unidad;CALZADO;ZAPATO;29990;29990;;29990;29990;;Ventas;;Mercaderías;;Costo de la mercadería;
Producto;Si;No;Si;BILLETERA OSADIA NAPADO ROJO;MC020210107;Unidad;MARRO CHICA;BILLETERA;89990;95990;;95990;95990;;Ventas;;Mercaderías;;Costo de la mercadería;
Producto;Si;No;Si;MOCHILA CAMI BRIDGE AZUL;MG010320309;Unidad;MARRO GRANDE;MOCHILA;49990;49990;;49990;49990;;Ventas;;Mercaderías;;Costo de la mercadería;
Producto;Si;No;Si;CARTERA ACONCAGUA BRIDGE NEGRO;MG010840301;Unidad;MARRO GRANDE;CARTERA;71990;79990;;79990;79990;;Ventas;;Mercaderías;;Costo de la mercadería;
Producto;Si;No;Si;CARTERA ACONCAGUA BRIDGE ROJO;MG010840307;Unidad;MARRO GRANDE;CARTERA;71990;79990;;79990;79990;;Ventas;;Mercaderías;;Costo de la mercadería;
Producto;Si;No;Si;CARTERA ACONCAGUA BRIDGE CARAMELO;MG010840303;Unidad;MARRO GRANDE;CARTERA;71990;79990;;79990;79990;;Ventas;;Mercaderías;;Costo de la mercadería;
Producto;Si;No;Si;CARTERA ACONCAGUA BRIDGE VERDE;MG010840310;Unidad;MARRO GRANDE;CARTERA;71990;79990;;79990;79990;;Ventas;;Mercaderías;;Costo de la mercadería;
Producto;Si;No;Si;CARTERA ACONCAGUA BRIDGE AZUL;MG010840309;Unidad;MARRO GRANDE;CARTERA;71990;79990;;79990;79990;;Ventas;;Mercaderías;;Costo de la mercadería;
Producto;Si;No;Si;CARTERA ACONCAGUA BRIDGE CAMEL;MG010840311;Unidad;MARRO GRANDE;CARTERA;71990;79990;;79990;79990;;Ventas;;Mercaderías;;Costo de la mercadería;
Producto;Si;No;Si;PORTAFOLIO OLDIE BRIDGE NEGRO;MG010510301;Unidad;MARRO GRANDE;PORTAFOLIO;439990;459990;;459990;459990;;Ventas;;Mercaderías;;Costo de la mercadería;
Producto;Si;No;No;YKK DESLIZADOR PARA METAL/ALUMINIO N5 ARGOLLITA (FITA) NIQUEL;AV0101040201;Unidad;AVIOS;AVIOS;1;1;;1;1;;Ventas;;Mercaderías;;Costo de la mercadería;
Producto;Si;No;No;YKK DESLIZADOR PARA MONOF. PUENTE ABIERTO N5 NIQUEL;AV0101050301;Unidad;AVIOS;AVIOS;1;1;;1;1;;Ventas;;Mercaderías;;Costo de la mercadería;
Producto;Si;No;No;YKK DESLIZ PARA MONOFILAMENTO N5 ARGOLLITA NIQUEL;AV0101060301;Unidad;AVIOS;AVIOS;1;1;;1;1;;Ventas;;Mercaderías;;Costo de la mercadería;
Producto;Si;No;No;YKK DESLIZADOR PARA MONOFILAMENTO N3 PUENTE ABIERTO NIQUEL;AV0101070301;Unidad;AVIOS;AVIOS;1;1;;1;1;;Ventas;;Mercaderías;;Costo de la mercadería;
Producto;Si;No;No;RRO DESLIZADOR CON TIRACIERRE P/MONOF N5  NIQUEL;AV0201080301;Unidad;AVIOS;AVIOS;9,9;9,9;;9,9;9,9;;Ventas;;Mercaderías;;Costo de la mercadería;
Producto;Si;No;No;RRO DESLIZADOR CON TIRACIERRE P/MONOF N3 NIQUEL;AV0201090301;Unidad;;AVIOS;1;1;;1;1;;Ventas;;Mercaderías;;Costo de la mercadería;
Producto;Si;No;No;YKK CIERRE MONOFILAMENTO N5 NEGRO   580;AV0100010303;Metro;;AVIOS;1;1;;1;1;;Ventas;;Mercaderías;;Costo de la mercadería;
Producto;Si;No;No;YKK CIERRE MONOFILAMENTO N5 CHOCOLATE  570;AV0100010311;Metro;;AVIOS;1;1;;1;1;;Ventas;;Mercaderías;;Costo de la mercadería;
Producto;Si;No;No;YKK CIERRE MONOFILAMENTO N5 TABACO 331;AV0100010314;Metro;;AVIOS;1;1;;1;1;;Ventas;;Mercaderías;;Costo de la mercadería;
Producto;Si;No;No;YKK CIERRE MONOFILAMENTO N5 CARAMELO   859;AV0100010305;Metro;;AVIOS;1;1;;1;1;;Ventas;;Mercaderías;;Costo de la mercadería;
Producto;Si;No;No;YKK CIERRE MONOFILAMENTO N5 ROJO  519;AV0100010334;Metro;;AVIOS;1;1;;1;1;;Ventas;;Mercaderías;;Costo de la mercadería;
Producto;Si;No;No;YKK CIERRE MONOFILAMENTO N5 GRIS (576);AV0100010330;Metro;;AVIOS;1;1;;1;1;;Ventas;;Mercaderías;;Costo de la mercadería;
Producto;Si;No;No;YKK CIERRE ALUMINIO N5 NEGRO   580;AV0100010203;Metro;;AVIOS;1;1;;1;1;;Ventas;;Mercaderías;;Costo de la mercadería;
Producto;Si;No;No;YKK CIERRE ALUMINIO N5 CRUDO  571;AV0100010211;Metro;;AVIOS;1;1;;1;1;;Ventas;;Mercaderías;;Costo de la mercadería;
Producto;Si;No;No;YKK CIERRE ALUMINIO N5 CARAMELO   859;AV0100010205;Metro;;AVIOS;1;1;;1;1;;Ventas;;Mercaderías;;Costo de la mercadería;
Producto;Si;No;No;YKK CIERRE ALUMINIO N5 GRIS CLARO  832;AV0100010206;Metro;;AVIOS;1;1;;1;1;;Ventas;;Mercaderías;;Costo de la mercadería;
Producto;Si;No;No;YKK CIERRE ALUMINIO N5 SUELA 856;AV0100010207;Metro;;AVIOS;1;1;;1;1;;Ventas;;Mercaderías;;Costo de la mercadería;
Producto;Si;No;No;YKK CIERRE ALUMINIO N5 VERDE ESMERALDA  826;AV0100010208;Metro;;AVIOS;1;1;;1;1;;Ventas;;Mercaderías;;Costo de la mercadería;
Producto;Si;No;No;YKK CIERRE ALUMINIO N5 GRIS 132;AV0100010209;Metro;;AVIOS;1;1;;1;1;;Ventas;;Mercaderías;;Costo de la mercadería;
Producto;Si;No;No;YKK CIERRE ALUMINIO N5 OF WHITE;AV0100010210;Metro;;AVIOS;1;1;;1;1;;Ventas;;Mercaderías;;Costo de la mercadería;
Producto;Si;No;No;YKK CIERRE METAL N5 NEGRO   580;AV0100010103;Metro;;AVIOS;1;1;;1;1;;Ventas;;Mercaderías;;Costo de la mercadería;
Producto;Si;No;No;YKK CIERRE METAL N5 CHOCOLATE  570;AV0100010111;Metro;;AVIOS;1;1;;1;1;;Ventas;;Mercaderías;;Costo de la mercadería;
Producto;Si;No;No;YKK CIERRE METAL N5 CARAMELO   859;AV0100010105;Metro;;AVIOS;1;1;;1;1;;Ventas;;Mercaderías;;Costo de la mercadería;
Producto;Si;No;No;YKK CIERRE METAL N5 VERDE BOSQUE    530;AV0100010135;Metro;;AVIOS;1;1;;1;1;;Ventas;;Mercaderías;;Costo de la mercadería;
Producto;Si;No;No;YKK CIERRE METAL N5 SUELA 856;AV0100010107;Metro;;AVIOS;1;1;;1;1;;Ventas;;Mercaderías;;Costo de la mercadería;
Producto;Si;No;No;YKK CIERRE METAL N5 MOSTAZA   508;AV0100010133;Metro;;AVIOS;1;1;;1;1;;Ventas;;Mercaderías;;Costo de la mercadería;
Producto;Si;No;No;YKK CIERRE METAL N5 ROJO 520;AV0100010113;Metro;;AVIOS;1;1;;1;1;;Ventas;;Mercaderías;;Costo de la mercadería;
Producto;Si;No;No;YKK CIERRE METAL N5 AZUL   560;AV0100010116;Metro;;AVIOS;1;1;;1;1;;Ventas;;Mercaderías;;Costo de la mercadería;
Producto;Si;No;No;YKK CIERRE METAL N5 VERDE 567;AV0100010117;Metro;AVIOS;AVIOS;1;1;;1;1;;Ventas;;Mercaderías;;Costo de la mercadería;
Producto;Si;No;No;YKK CIERRE MONOFILAMENTO N3 NEGRO   580;AV0100020303;Metro;;AVIOS;1;1;;1;1;;Ventas;;Mercaderías;;Costo de la mercadería;
Producto;Si;No;No;YKK CIERRE MONOFILAMENTO N3 AZUL 169;AV0100020336;Metro;AVIOS;AVIOS;1;1;;1;1;;Ventas;;Mercaderías;;Costo de la mercadería;
Producto;Si;No;No;YKK CIERRE MONOFILAMENTO N3 SUELA 856;AV0100020337;Metro;;AVIOS;1;1;;1;1;;Ventas;;Mercaderías;;Costo de la mercadería;
Producto;Si;No;No;YKK CIERRE MONOFILAMENTO N3 MOSTAZA 508;AV0100020333;Metro;;AVIOS;1;1;;1;1;;Ventas;;Mercaderías;;Costo de la mercadería;
Producto;Si;No;No;YKK CIERRE MONOFILAMENTO N3 ROJO  520;AV0100020313;Metro;;AVIOS;1;1;;1;1;;Ventas;;Mercaderías;;Costo de la mercadería;
Producto;Si;No;No;YKK CIERRE MONOFILAMENTO N3 VERDE 567;AV0100020317;Metro;AVIOS;AVIOS;1;1;;1;1;;Ventas;;Mercaderías;;Costo de la mercadería;
Producto;Si;No;No;RRO CIERRE MONOFILAMENTO N5 TORRE MARRON (732);AV0200010318;Metro;;AVIOS;1;1;;1;1;;Ventas;;Mercaderías;;Costo de la mercadería;
Producto;Si;No;No;RRO CIERRE MONOFILAMENTO N5 GRIS PERLA (805);AV0200010322;Metro;;AVIOS;1;1;;1;1;;Ventas;;Mercaderías;;Costo de la mercadería;
Producto;Si;No;No;RRO CIERRE MONOFILAMENTO N5 NEGRO (900);AV0200010319;Metro;;AVIOS;1;1;;1;1;;Ventas;;Mercaderías;;Costo de la mercadería;
Producto;Si;No;No;RRO CIERRE MONOFILAMENTO N5 PLOMO OSCURO (825);AV0200010320;Metro;;AVIOS;1;1;;1;1;;Ventas;;Mercaderías;;Costo de la mercadería;
Producto;Si;No;No;RRO CIERRE MONOFILAMENTO N5 OF WHITE;AV0200010310;Metro;;AVIOS;1;1;;1;1;;Ventas;;Mercaderías;;Costo de la mercadería;
Producto;Si;No;No;RRO CIERRE MONOFILAMENTO N3 GRIS PERLA (805);AV0200020322;Metro;AVIOS;AVIOS;1;1;;1;1;;Ventas;;Mercaderías;;Costo de la mercadería;
Producto;Si;No;No;RRO CIERRE MONOFILAMENTO N3 NEGRO (900);AV0200020319;Metro;;AVIOS;1;1;;1;1;;Ventas;;Mercaderías;;Costo de la mercadería;
Producto;Si;No;No;LYNSA CIERRE MONOFILAMENTO N5 CARAMELO;AV0800010325;Metro;AVIOS;AVIOS;1;1;;1;1;;Ventas;;Mercaderías;;Costo de la mercadería;
Producto;Si;No;No;LYNSA CIERRE MONOFILAMENTO N5 NEGRO   580;AV0800010303;Metro;AVIOS;AVIOS;1;1;;1;1;;Ventas;;Mercaderías;;Costo de la mercadería;
Producto;Si;No;No;LYNSA CIERRE MONOFILAMENTO N5 CRUDO  571;AV0800010311;Metro;AVIOS;AVIOS;1;1;;1;1;;Ventas;;Mercaderías;;Costo de la mercadería;
Producto;Si;No;No;LYNSA CIERRE MONOFILAMENTO N5 GRIS;AV0800010328;Metro;AVIOS;AVIOS;1;1;;1;1;;Ventas;;Mercaderías;;Costo de la mercadería;
Producto;Si;No;No;LYNSA CIERRE MONOFILAMENTO N5 ROJO;AV0800010329;Metro;AVIOS;AVIOS;1;1;;1;1;;Ventas;;Mercaderías;;Costo de la mercadería;
Producto;Si;No;No;DADO P/25  - HILO 4.5 NIQUEL;AV0300240101;Unidad;AVIOS;AVIOS;1;1;;1;1;;Ventas;;Mercaderías;;Costo de la mercadería;
Producto;Si;No;No;DADO P/30  - HILO 4.5 NIQUEL;AV0300250101;Unidad;AVIOS;AVIOS;1;1;;1;1;;Ventas;;Mercaderías;;Costo de la mercadería;
Producto;Si;No;No;DADO P/40  - HILO 4 NIQUEL;AV0300260101;Unidad;AVIOS;AVIOS;1;1;;1;1;;Ventas;;Mercaderías;;Costo de la mercadería;
Producto;Si;No;No;MEDIALUNA P/20 - HILO 3.5MM NIQUEL;AV0300270101;Unidad;AVIOS;AVIOS;1;1;;1;1;;Ventas;;Mercaderías;;Costo de la mercadería;
Producto;Si;No;No;MEDIALUNA P/30 - HILO 4MM NIQUEL;AV0300280101;Unidad;AVIOS;AVIOS;1;1;;1;1;;Ventas;;Mercaderías;;Costo de la mercadería;
Producto;Si;No;No;CASA VICTOR MEDIALUNA P/40 - HILO 30 NIQUEL;AV0300290101;Unidad;AVIOS;AVIOS;1;1;;1;1;;Ventas;;Mercaderías;;Costo de la mercadería;
Producto;Si;No;No;CASA VICTOR REGULADOR MOVIL FINO - PASE / 30 NIQUEL;AV0300300101;Unidad;AVIOS;AVIOS;1;1;;1;1;;Ventas;;Mercaderías;;Costo de la mercadería;
Producto;Si;No;No;CASA VICTOR REGULADOR FIJO P/15 HILO 3.5 NIQUEL;AV0300310101;Unidad;AVIOS;AVIOS;1;1;;1;1;;Ventas;;Mercaderías;;Costo de la mercadería;
Producto;Si;No;No;DADO REGULADOR P/20 HILO 4MM NIQUEL;AV1000710101;Unidad;AVIOS;AVIOS;1;1;;1;1;;Ventas;;Mercaderías;;Costo de la mercadería;
Producto;Si;No;No;DADO REGULADOR P/25 HILO 4.5MM NIQUEL;AV1000720101;Unidad;AVIOS;AVIOS;1;1;;1;1;;Ventas;;Mercaderías;;Costo de la mercadería;
Producto;Si;No;No;CASA VICTOR REGULADOR MOVIL PASE / 30 (HILO 3.5) NIQUEL;AV0300320101;Unidad;AVIOS;AVIOS;1;1;;1;1;;Ventas;;Mercaderías;;Costo de la mercadería;
Producto;Si;No;No;MOSQUETON ANZUELO CHICO P/10 NIQUEL;AV1000330101;Unidad;AVIOS;AVIOS;1;1;;1;1;;Ventas;;Mercaderías;;Costo de la mercadería;
Producto;Si;No;No;CASA VICTOR MOSQUETÓN ANZUELO CHICO P/30 NIQUEL;AV0300340101;Unidad;AVIOS;AVIOS;1;1;;1;1;;Ventas;;Mercaderías;;Costo de la mercadería;
Producto;Si;No;No;ROUEZ  MOSQUETÓN ANZUELO CHICO P/40 NIQUEL;AV0400350101;Unidad;AVIOS;AVIOS;1;1;;1;1;;Ventas;;Mercaderías;;Costo de la mercadería;
Producto;Si;No;No;MOSQUETÓN ANZUELO GRANDE  P/30 NIQUEL;AV1000360101;Unidad;AVIOS;AVIOS;1;1;;1;1;;Ventas;;Mercaderías;;Costo de la mercadería;
Producto;Si;No;No;ROUEZ  MOSQUETÓN ANZUELO GRANDE  P/40 NIQUEL;AV0400370101;Unidad;AVIOS;AVIOS;1;1;;1;1;;Ventas;;Mercaderías;;Costo de la mercadería;
Producto;Si;No;No;ARGOLLA P/10 HILO 1.90 NIQUEL;AV1000380101;Unidad;PRODUCCION;AVIOS;1;1;;1;1;;Ventas;;Mercaderías;;Costo de la mercadería;
Producto;Si;No;No;REMACHES 4.4 TAPADO NIQUEL;AV1300130101;Unidad;AVIOS;AVIOS;1;1;;1;1;;Ventas;;Mercaderías;;Costo de la mercadería;
Producto;Si;No;No;CASA VICTOR REMACHES 6.6 TAPADO NIQUEL;AV0300390101;Unidad;AVIOS;AVIOS;1;1;;1;1;;Ventas;;Mercaderías;;Costo de la mercadería;
Producto;Si;No;No;CASA VICTOR REMACHES 8.8 TAPADO NIQUEL;AV0300400101;Unidad;AVIOS;AVIOS;1;1;;1;1;;Ventas;;Mercaderías;;Costo de la mercadería;
Producto;Si;No;No;CASA VICTOR REMACHES 10.10 TAPADO NIQUEL;AV0300410101;Unidad;AVIOS;AVIOS;1;1;;1;1;;Ventas;;Mercaderías;;Costo de la mercadería;
Producto;Si;No;No;APHOLO BROCHE RESORTE  (EL LUCERO) 11 MM NIQUEL;AV0700420101;Unidad;AVIOS;AVIOS;1;1;;1;1;;Ventas;;Mercaderías;;Costo de la mercadería;
Producto;Si;No;No;BROCHE RESORTE  15 MM NIQUEL;AV1000430101;Unidad;AVIOS;AVIOS;1;1;;1;1;;Ventas;;Mercaderías;;Costo de la mercadería;
Producto;Si;No;No;CASA VICTOR BROCHE IMÁN 14 NIQUEL;AV0300440101;Unidad;AVIOS;AVIOS;1;1;;1;1;;Ventas;;Mercaderías;;Costo de la mercadería;
Producto;Si;No;No;CASA VICTOR BROCHE IMÁN 16 NIQUEL;AV0300450101;Unidad;AVIOS;AVIOS;1;1;;1;1;;Ventas;;Mercaderías;;Costo de la mercadería;
Producto;Si;No;No;CASA VICTOR BROCHE IMÁN 18 NIQUEL;AV0300460101;Unidad;AVIOS;AVIOS;1;1;;1;1;;Ventas;;Mercaderías;;Costo de la mercadería;
Producto;Si;No;No;TIP TOP DADO PLASTICO P/25 NEGRO;AV0500050426;Unidad;;AVIOS;1;1;;1;1;;Ventas;;Mercaderías;;Costo de la mercadería;
Producto;Si;No;No;REGULADOR PLASTICO P/25-30 NEGRO;AV0500060401;Unidad;AVIOS;AVIOS;8,25;8,25;;8,25;8,25;;Ventas;;Mercaderías;;Costo de la mercadería;
Producto;Si;No;No;HEBILLA PLASTICA P/25 NEGRO;AV0501110426;Unidad;AVIOS;AVIOS;17,55;17,55;;17,55;17,55;;Ventas;;Mercaderías;;Costo de la mercadería;
Producto;Si;No;No;YKK CIERRE MONOFILAMENTO N3 CRUDO;AV0100020327;Metro;;AVIOS;1;1;;1;1;;Ventas;;Mercaderías;;Costo de la mercadería;
Producto;Si;No;No;AKFRA TIRACIERRE LUCERO GRANDE NIQUEL;AV0600540101;Unidad;AVIOS;AVIOS;1;1;;1;1;;Ventas;;Mercaderías;;Costo de la mercadería;
Producto;Si;No;No;AKFRA MOSQUETON MINI P/8 NIQUEL;AV0600550101;Unidad;AVIOS;AVIOS;1;1;;1;1;;Ventas;;Mercaderías;;Costo de la mercadería;
Producto;Si;No;No;AKFRA TIRACIERRE LUCERO CHICO NIQUEL;AV0600560101;Unidad;AVIOS;AVIOS;1;1;;1;1;;Ventas;;Mercaderías;;Costo de la mercadería;
Producto;Si;No;No;SIN PROVEEDOR ARGOLLA P/25 SIN FIN LLAVERO LUCERO NIQUEL;AV1000740101;Unidad;;AVIOS;1;1;;1;1;;Ventas;;Mercaderías;;Costo de la mercadería;
Producto;Si;No;No;SIN PROVEEDOR CAPUCHON GRANDE P/BORLAS NIQUEL;AV1000750101;Unidad;;AVIOS;1;1;;1;1;;Ventas;;Mercaderías;;Costo de la mercadería;
Producto;Si;No;No;SIN PROVEEDOR CAPUCHON CHICO P/BORLAS NIQUEL;AV1000760101;Unidad;;AVIOS;1;1;;1;1;;Ventas;;Mercaderías;;Costo de la mercadería;
Producto;Si;No;No;AKFRA MOSQUETÓN ANZUELO CHICO P/20  (CALIDAD LUCERO) NIQUEL;AV0600570101;Unidad;AVIOS;AVIOS;1;1;;1;1;;Ventas;;Mercaderías;;Costo de la mercadería;
Producto;Si;No;No;AKFRA MOSQUETÓN ANZUELO CHICO P/25 (CALIDAD LUCERO) NIQUEL;AV0600580101;Unidad;AVIOS;AVIOS;1;1;;1;1;;Ventas;;Mercaderías;;Costo de la mercadería;
Producto;Si;No;No;AKFRA MOSQUETÓN ANZUELO CHICO P/30 (CALIDAD LUCERO) NIQUEL;AV0600590101;Unidad;AVIOS;AVIOS;1;1;;1;1;;Ventas;;Mercaderías;;Costo de la mercadería;
Producto;Si;No;No;AKFRA MOSQUETÓN ANZUELO CHICO P/40 (CALIDAD LUCERO) NIQUEL;AV0600600101;Unidad;AVIOS;AVIOS;1;1;;1;1;;Ventas;;Mercaderías;;Costo de la mercadería;
Producto;Si;No;No;ROUEZ MEDIALUNA P/15 HILO 4MM NIQUEL;AV0400770101;Unidad;AVIOS;AVIOS;1;1;;1;1;;Ventas;;Mercaderías;;Costo de la mercadería;
Producto;Si;No;No;MEDIALUNA P/20 HILO 4MM NIQUEL;AV1000780101;Unidad;AVIOS;AVIOS;1;1;;1;1;;Ventas;;Mercaderías;;Costo de la mercadería;
Producto;Si;No;No;MEDIALUNA P/25 HILO 4.5MM NIQUEL;AV1000790101;Unidad;AVIOS;AVIOS;1;1;;1;1;;Ventas;;Mercaderías;;Costo de la mercadería;
Producto;Si;No;No;MEDIALUNA P/30 HILO 4.5 NIQUEL;AV1000800101;Unidad;AVIOS;AVIOS;1;1;;1;1;;Ventas;;Mercaderías;;Costo de la mercadería;
Producto;Si;No;No;SIN PROVEEDOR MEDIALUNA P/40 HILO 5 NIQUEL;AV1000810101;Unidad;;AVIOS;1;1;;1;1;;Ventas;;Mercaderías;;Costo de la mercadería;
Producto;Si;No;No;YKK CIERRE ALUMINIO N5 SUELA /BEIGE    856;AV0100010212;Metro;;AVIOS;1;1;;1;1;;Ventas;;Mercaderías;;Costo de la mercadería;
Producto;Si;No;No;YKK CIERRE METAL N5 TABACO 331;AV0100010114;Metro;;AVIOS;1;1;;1;1;;Ventas;;Mercaderías;;Costo de la mercadería;
Producto;Si;No;No;APHOLO DADO P/15 (CALIDAD LUCERO) NIQUEL;AV0700470101;Unidad;AVIOS;AVIOS;1;1;;1;1;;Ventas;;Mercaderías;;Costo de la mercadería;
Producto;Si;No;No;APHOLO DADO P/20 (CALIDAD LUCERO) NIQUEL;AV0700480101;Unidad;AVIOS;AVIOS;1;1;;1;1;;Ventas;;Mercaderías;;Costo de la mercadería;
Producto;Si;No;No;DADO P/30 HILO 3.5 NIQUEL;AV1000830101;Unidad;AVIOS;AVIOS;1;1;;1;1;;Ventas;;Mercaderías;;Costo de la mercadería;
Producto;Si;No;No;DADO P/40 HILO 3 NIQUEL;AV1000840101;Unidad;AVIOS;AVIOS;1;1;;1;1;;Ventas;;Mercaderías;;Costo de la mercadería;
Producto;Si;No;No;AKFRA MOSQUETÓN PINZA P/20 (CALIDAD LUCERO) NIQUEL;AV0600610101;Unidad;AVIOS;AVIOS;1;1;;1;1;;Ventas;;Mercaderías;;Costo de la mercadería;
Producto;Si;No;No;AKFRA MOSQUETÓN PINZA P/25 (CALIDAD LUCERO) NIQUEL;AV0600620101;Unidad;AVIOS;AVIOS;1;1;;1;1;;Ventas;;Mercaderías;;Costo de la mercadería;
Producto;Si;No;No;APHOLO MOSQUETÓN PINZA P/32 (CALIDAD LUCERO) NIQUEL;AV0700630101;Unidad;AVIOS;AVIOS;1;1;;1;1;;Ventas;;Mercaderías;;Costo de la mercadería;
Producto;Si;No;No;APHOLO MOSQUETÓN PINZA P/38 (CALIDAD LUCERO) NIQUEL;AV0700640101;Unidad;AVIOS;AVIOS;1;1;;1;1;;Ventas;;Mercaderías;;Costo de la mercadería;
Producto;Si;No;No;SIN PROVEEDOR HEBILLA CINTURON P/40 PUENTE FIJO NIQUEL;AV1000850101;Unidad;;AVIOS;1;1;;1;1;;Ventas;;Mercaderías;;Costo de la mercadería;
Producto;Si;No;No;HEBILLA CINTURON P/30 NIQUEL;AV1000500101;Unidad;AVIOS;AVIOS;1;1;;1;1;;Ventas;;Mercaderías;;Costo de la mercadería;
Producto;Si;No;No;SIN PROVEEDOR HEBILLA CINTURON P/35 PUENTE FIJO NIQUEL;AV1000870101;Unidad;;AVIOS;1;1;;1;1;;Ventas;;Mercaderías;;Costo de la mercadería;
Producto;Si;No;No;HEBILLA CINTURON P/20 NIQUEL;AV1000880101;Unidad;AVIOS;AVIOS;1;1;;1;1;;Ventas;;Mercaderías;;Costo de la mercadería;
Producto;Si;No;No;APHOLO HEBILLA CINTURON P/40  NIQUEL;AV0700490101;Unidad;AVIOS;AVIOS;1;1;;1;1;;Ventas;;Mercaderías;;Costo de la mercadería;
Producto;Si;No;No;APHOLO HEBILLA CINTURON P/30 NIQUEL;AV0700500101;Unidad;AVIOS;AVIOS;1;1;;1;1;;Ventas;;Mercaderías;;Costo de la mercadería;
Producto;Si;No;No;ROUEZ PATIN 12 MM (CLAVO DE FONDO) NIQUEL;AV0400140101;Unidad;AVIOS;AVIOS;1;1;;1;1;;Ventas;;Mercaderías;;Costo de la mercadería;
Producto;Si;No;No;DADO REGULADOR P/30 HILO 3.5 NIQUEL;AV1000890101;Unidad;AVIOS;AVIOS;1;1;;1;1;;Ventas;;Mercaderías;;Costo de la mercadería;
Producto;Si;No;No;ROUEZ DADO REGULADOR P/40 HILO 3.5 NIQUEL;AV0400900101;Unidad;AVIOS;AVIOS;1;1;;1;1;;Ventas;;Mercaderías;;Costo de la mercadería;
Producto;Si;No;No;ROUEZ HERRAJES PARA BILLETES DORADO;AV0400150124;Unidad;AVIOS;AVIOS;1;1;;1;1;;Ventas;;Mercaderías;;Costo de la mercadería;
Producto;Si;No;No;SIN PROVEEDOR HEBILLA CINTURON P/30 CUADRADA NIQUEL;AV1000910101;Unidad;;AVIOS;1;1;;1;1;;Ventas;;Mercaderías;;Costo de la mercadería;
Producto;Si;No;No;HEBILLA CINTURON P/30 REDONDEADA (GOTA) NIQUEL;AV1000920101;Unidad;;AVIOS;1;1;;1;1;;Ventas;;Mercaderías;;Costo de la mercadería;
Producto;Si;No;No;YKK CIERRE ALUMINIO N5 ROJO 520;AV0100010213;Metro;;AVIOS;1;1;;1;1;;Ventas;;Mercaderías;;Costo de la mercadería;
Producto;Si;No;No;YKK CIERRE ALUMINIO N5 TABACO 331;AV0100010214;Metro;;AVIOS;1;1;;1;1;;Ventas;;Mercaderías;;Costo de la mercadería;
Producto;Si;No;No;YKK CIERRE ALUMINIO N5 AZUL 169;AV0100010215;Unidad;;AVIOS;1;1;;1;1;;Ventas;;Mercaderías;;Costo de la mercadería;
Producto;Si;No;No;SIN PROVEEDOR REGULADOR MOVIL REFORZADO P/25 NIQUEL;AV1000930101;Unidad;;AVIOS;1;1;;1;1;;Ventas;;Mercaderías;;Costo de la mercadería;
Producto;Si;No;No;APHOLO CHAPA LETRAS LUCERO NIQUEL;AV0700650101;Unidad;AVIOS;AVIOS;1;1;;1;1;;Ventas;;Mercaderías;;Costo de la mercadería;
Producto;Si;No;No;"APHOLO CHAPA ""L"" LUCERO NIQUEL";AV0700660101;Unidad;AVIOS;AVIOS;1;1;;1;1;;Ventas;;Mercaderías;;Costo de la mercadería;
Producto;Si;No;No;ROUEZ TIRACIERRE SIN MARCA  RECTANGULAR NIQUEL;AV0400160101;Unidad;AVIOS;AVIOS;1;1;;1;1;;Ventas;;Mercaderías;;Costo de la mercadería;
Producto;Si;No;No;ROUEZ MOSQUETÓN ANZUELO CHICO P/20 NIQUEL;AV0400170101;Unidad;AVIOS;AVIOS;1;1;;1;1;;Ventas;;Mercaderías;;Costo de la mercadería;
Producto;Si;No;No;ROUEZ MOSQUETON ANZUELO GRANDE P/20 NIQUEL;AV0400180101;Unidad;AVIOS;AVIOS;1;1;;1;1;;Ventas;;Mercaderías;;Costo de la mercadería;
Producto;Si;No;No;YKK CIERRE ALUMINIO N5 VERDE 567;AV0100010217;Metro;;AVIOS;1;1;;1;1;;Ventas;;Mercaderías;;Costo de la mercadería;
Producto;Si;No;No;APHOLO BROCHE RESORTE 15 MM (LUCERO) NIQUEL;AV0700510101;Unidad;AVIOS;AVIOS;1;1;;1;1;;Ventas;;Mercaderías;;Costo de la mercadería;
Producto;Si;No;No;APHOLO MOSQUETÓN PINZA P/10 (CALIDAD LUCERO) NIQUEL;AV0700520101;Unidad;AVIOS;AVIOS;1;1;;1;1;;Ventas;;Mercaderías;;Costo de la mercadería;
Producto;Si;No;No;APHOLO MOSQUETÓN PINZA P/27 (CALIDAD LUCERO) NIQUEL;AV0700530101;Unidad;AVIOS;AVIOS;1;1;;1;1;;Ventas;;Mercaderías;;Costo de la mercadería;
Producto;Si;No;No;SIN PROVEEDOR BROCHE TORNIQUETE 25X16 CM  NIQUEL;AV1000950101;Unidad;;AVIOS;1;1;;1;1;;Ventas;;Mercaderías;;Costo de la mercadería;
Producto;Si;No;No;ROUEZ PATIN 10 MM NIQUEL;AV0400190101;Unidad;AVIOS;AVIOS;1;1;;1;1;;Ventas;;Mercaderías;;Costo de la mercadería;
Producto;Si;No;No;AKFRA MOSQUETÓN ANZUELO GRANDE P/20 (CALIDAD LUCERO) NIQUEL;AV0600670101;Unidad;AVIOS;AVIOS;1;1;;1;1;;Ventas;;Mercaderías;;Costo de la mercadería;
Producto;Si;No;No;AKFRA MOSQUETÓN ANZUELO GRANDE P/25 (CALIDAD LUCERO) NIQUEL;AV0600680101;Unidad;AVIOS;AVIOS;1;1;;1;1;;Ventas;;Mercaderías;;Costo de la mercadería;
Producto;Si;No;No;AKFRA MOSQUETÓN ANZUELO GRANDE P/30 (CALIDAD LUCERO) NIQUEL;AV0600690101;Unidad;AVIOS;AVIOS;1;1;;1;1;;Ventas;;Mercaderías;;Costo de la mercadería;
Producto;Si;No;No;AKFRA MOSQUETÓN ANZUELO GRANDE P/40(CALIDAD LUCERO) NIQUEL;AV0600700101;Unidad;AVIOS;AVIOS;1;1;;1;1;;Ventas;;Mercaderías;;Costo de la mercadería;
Producto;Si;No;No;TIP TOP (HEBILLA) P/30 NEGRO;AV0501120426;Unidad;PRODUCCION;AVIOS;1;1;;1;1;;Ventas;;Mercaderías;;Costo de la mercadería;
Producto;Si;No;No;TIP TOP HEBILLA P/40 NEGRO;AV0500960426;Unidad;PRODUCCION;AVIOS;1;1;;1;1;;Ventas;;Mercaderías;;Costo de la mercadería;
Producto;Si;No;No;REGULADOR PLASTICO P/40 NEGRO;AV0500090401;Unidad;AVIOS;AVIOS;11,1;11,1;;11,1;11,1;;Ventas;;Mercaderías;;Costo de la mercadería;
Producto;Si;No;No;YKK CIERRE METAL N5 AZUL 169;AV0100010115;Metro;AVIOS;AVIOS;1;1;;1;1;;Ventas;;Mercaderías;;Costo de la mercadería;
Producto;Si;No;No;HEBILLA ROLO P/25 NIQUEL;AV1000970101;Unidad;PRODUCCION;AVIOS;1;1;;1;1;;Ventas;;Mercaderías;;Costo de la mercadería;
Producto;Si;No;No;HEBILLA ROLO FIJO P/20 NIQUEL;AV1000980101;Unidad;;AVIOS;1;1;;1;1;;Ventas;;Mercaderías;;Costo de la mercadería;
Producto;Si;No;No;HEBILLA ROLO PUENTE FIJO P/25 NIQUEL;AV1001000101;Unidad;;AVIOS;1;1;;1;1;;Ventas;;Mercaderías;;Costo de la mercadería;
?Producto;Si;No;No;TIP TOP ESCALERA PLASTICA 30 MM  NEGRO;AV0500100426;Unidad;;AVIOS;1;1;;1;1;;Ventas;;Mercaderías;;Costo de la mercadería;
Producto;Si;No;No;TIP TOP DADO PLASTICO P/30 MM NEGRO;AV0500110426;Unidad;;AVIOS;1;1;;1;1;;Ventas;;Mercaderías;;Costo de la mercadería;
Producto;Si;No;No;DADO PLASTICO P/40 MM NEGRO;AV0500120426;Unidad;AVIOS;AVIOS;6,2;6,2;;6,2;6,2;;Ventas;;Mercaderías;;Costo de la mercadería;
Producto;Si;No;No;RRO CIERRE MONOFILAMENTO N5 CHALK GREY (gris claro) (813);AV0200010323;Metro;;AVIOS;1;1;;1;1;;Ventas;;Mercaderías;;Costo de la mercadería;
Producto;Si;No;No;SIN PROVEEDOR ARGOLLA P/6 HILO 1.9MM NIQUEL;AV1001010101;Unidad;PRODUCCION;AVIOS;1;1;;1;1;;Ventas;;Mercaderías;;Costo de la mercadería;
Producto;Si;No;No;ROUEZ PATIN 12 MM (REDONDEADO) NIQUEL;AV0400200101;Unidad;AVIOS;AVIOS;1;1;;1;1;;Ventas;;Mercaderías;;Costo de la mercadería;
Producto;Si;No;No;YKK CIERRE METAL N5 GRIS (301);AV0100010131;Metro;;AVIOS;1;1;;1;1;;Ventas;;Mercaderías;;Costo de la mercadería;
Producto;Si;No;No;DESLIZADOR CON TIRACIERRE P/MONOF N5 GOLIAT NIQUEL;AV0201100301;Unidad;AVIOS;AVIOS;1;1;;1;1;;Ventas;;Mercaderías;;Costo de la mercadería;
Producto;Si;No;No;ROUEZ MOSQUETON ANZUELO (PECESITO) 8.5 MM  NIQUEL;AV0400210101;Unidad;AVIOS;AVIOS;1;1;;1;1;;Ventas;;Mercaderías;;Costo de la mercadería;
Producto;Si;No;No;ROUEZ MOSQUETON TIJERITA 8.5 MM (pinza) NIQUEL;AV0400220101;Unidad;AVIOS;AVIOS;1;1;;1;1;;Ventas;;Mercaderías;;Costo de la mercadería;
Producto;Si;No;No;SIN PROVEEDOR HEBILLA CUADRADA P/15 NIQUEL;AV1001020101;Unidad;;AVIOS;1;1;;1;1;;Ventas;;Mercaderías;;Costo de la mercadería;
Producto;Si;No;No;ROUEZ HEBILLA P/13 NIQUEL;AV0400230101;Unidad;PRODUCCION;AVIOS;1;1;;1;1;;Ventas;;Mercaderías;;Costo de la mercadería;
Producto;Si;No;No;YKK CIERRE METAL N5 GRIS (860);AV0100010132;Metro;;AVIOS;1;1;;1;1;;Ventas;;Mercaderías;;Costo de la mercadería;
Producto;Si;No;Si;CINTURON MARINERO VERDE/TABACO;CM3;Unidad;CINTURON;CINTURON;1490;1490;;1490;1490;;Ventas;;Mercaderías;;Costo de la mercadería;
Producto;Si;No;Si;CARTERA CHALTEN BRIDGE NEGRO;MG010850301;Unidad;MARRO GRANDE;CARTERA;114990;119990;;119990;119990;;Ventas;;Mercaderías;;Costo de la mercadería;
Producto;Si;No;Si;CARTERA CHALTEN BRIDGE CARAMELO;MG010850303;Unidad;MARRO GRANDE;CARTERA;114990;119990;;119990;119990;;Ventas;;Mercaderías;;Costo de la mercadería;
Producto;Si;No;Si;CARTERA CHALTEN BRIDGE ROJO;MG010850307;Unidad;MARRO GRANDE;CARTERA;114990;119990;;119990;119990;;Ventas;;Mercaderías;;Costo de la mercadería;
Producto;Si;No;Si;CARTERA CHALTEN BRIDGE AZUL;MG010850309;Unidad;MARRO GRANDE;CARTERA;114990;119990;;119990;119990;;Ventas;;Mercaderías;;Costo de la mercadería;
Producto;Si;No;Si;CARTERA CHALTEN BRIDGE CAMEL;MG010850311;Unidad;MARRO GRANDE;CARTERA;114990;119990;;119990;119990;;Ventas;;Mercaderías;;Costo de la mercadería;
Producto;Si;No;Si;CARTERA CHALTEN BRIDGE VERDE;MG010850310;Unidad;MARRO GRANDE;CARTERA;114990;119990;;119990;119990;;Ventas;;Mercaderías;;Costo de la mercadería;
Producto;Si;No;No;HEBILLA P/30 ROLO PUENTE QUEBRADO NIQUEL;AV0701130101;Unidad;AVIOS;AVIOS;10;10;;10;10;;Ventas;;Mercaderías;;Costo de la mercadería;
Producto;Si;No;No;FLEJE METAL CRUDO  37 x 1.5;AV1201140127;Unidad;AVIOS;AVIOS;353,4;353,4;;353,4;353,4;;Ventas;;Mercaderías;;Costo de la mercadería;
Producto;Si;No;No;HEBILLA P/30 ROLO FIJO NIQUEL;AV0401150101;Unidad;AVIOS;AVIOS;10;10;;10;10;;Ventas;;Mercaderías;;Costo de la mercadería;
Producto;Si;No;No;HEBILLA P/30 ROLO NIQUEL;AV0401160101;Unidad;AVIOS;AVIOS;160;160;;160;160;;Ventas;;Mercaderías;;Costo de la mercadería;
Producto;Si;No;No;CINTA POLIESTER LISA TRENCILLA 25 MM NEGRO;AV1101170526;Metro;AVIOS;AVIOS;26,68;26,68;;26,68;26,68;;Ventas;;Mercaderías;;Costo de la mercadería;
Producto;Si;No;No;CINTA POLIESTER LISA TRENCILLA 25MM CHOCOLATE;AV1101180538;Metro;AVIOS;AVIOS;26,68;26,68;;26,68;26,68;;Ventas;;Mercaderías;;Costo de la mercadería;
Producto;Si;No;No;CINTA POLIESTER LISA 40MM NEGRA;AV1101190526;Metro;AVIOS;AVIOS;48,83;48,83;;48,83;48,83;;Ventas;;Mercaderías;;Costo de la mercadería;
Producto;Si;No;No;CINTA POLIESTER LISA 40MM CHOCOLATE;AV1101200538;Metro;AVIOS;AVIOS;58,24;58,24;;58,24;58,24;;Ventas;;Mercaderías;;Costo de la mercadería;
Producto;Si;No;Si;.INACTIVO;D012;Unidad;DISC;INACTIVO;0;0;;0;0;;Ventas;;Mercaderías;;Costo de la mercadería;
Producto;Si;No;No;HEBILLA P/10 NIQUEL;AV1001210101;Unidad;PRODUCCION;AVIOS;1;1;;1;1;;Ventas;;Mercaderías;;Costo de la mercadería;
Producto;Si;No;No;ROUEZ MOSQUETON P/10 ZAMAC NIQUEL (CALIDAD LUCERO);AV0401220101;Unidad;PRODUCCION;AVIOS;1;1;;1;1;;Ventas;;Mercaderías;;Costo de la mercadería;
Producto;Si;No;No;HILO POLYESTER N°40 CRUDO 101;AV1401243940;Unidad;;HILO;1328;1328;;1328;1328;;Ventas;;Mercaderías;;Costo de la mercadería;
Producto;Si;No;No;HILO POLYESTER N°40 NEGRO 52;AV1401244040;Unidad;PRODUCCION;HILO;1328;1328;;1328;1328;;Ventas;;Mercaderías;;Costo de la mercadería;
Producto;Si;No;No;HILO POLYESTER N°40 MARRON 111;AV1401244140;Unidad;;HILO;1328;1328;;1328;1328;;Ventas;;Mercaderías;;Costo de la mercadería;
Producto;Si;No;No;HILO POLYESTER N°40 VERDE 126;AV1401244240;Unidad;;HILO;1328;1328;;1328;1328;;Ventas;;Mercaderías;;Costo de la mercadería;
Producto;Si;No;No;HILO POLYESTER N°40 AZUL 77;AV1401244340;Unidad;;HILO;1328;1328;;1328;1328;;Ventas;;Mercaderías;;Costo de la mercadería;
Producto;Si;No;No;HILO POLYESTER N°40 ROJO 58;AV1401244440;Unidad;;HILO;1328;1328;;1328;1328;;Ventas;;Mercaderías;;Costo de la mercadería;
Producto;Si;No;No;HILO POLYESTER N°60 MARRON 111;AV1401254160;Unidad;;HILO;1328;1328;;1328;1328;;Ventas;;Mercaderías;;Costo de la mercadería;
Producto;Si;No;No;HILO POLYESTER N°60 VERDE 126;AV1401254260;Unidad;;HILO;1328;1328;;1328;1328;;Ventas;;Mercaderías;;Costo de la mercadería;
Producto;Si;No;No;HILO POLYESTER N°60 AZUL 77;AV1401254360;Unidad;;HILO;1328;1328;;1328;1328;;Ventas;;Mercaderías;;Costo de la mercadería;
Producto;Si;No;No;HILO POLYESTER N°60 ROJO 58;AV1401254460;Unidad;;HILO;1328;1328;;1328;1328;;Ventas;;Mercaderías;;Costo de la mercadería;
Producto;Si;No;No;HILO POLYESTER N°20 MARRON 111;AV1401234120;Unidad;;HILO;1725;1725;;1725;1725;;Ventas;;Mercaderías;;Costo de la mercadería;
Producto;Si;No;No;HILO POLYESTER N°20 ROJIZO 59;AV1401234520;Unidad;;HILO;1725;1725;;1725;1725;;Ventas;;Mercaderías;;Costo de la mercadería;
Producto;Si;No;No;HILO NYLON N°40 SALMON 86;AV1401264640;Unidad;;HILO;1824;1824;;1824;1824;;Ventas;;Mercaderías;;Costo de la mercadería;
Producto;Si;No;No;HILO NYLON N°40 CRUDO 101;AV1401263640;Unidad;;HILO;1824;1824;;1824;1824;;Ventas;;Mercaderías;;Costo de la mercadería;
Producto;Si;No;No;HILO NYLON N°40 CHOCOLATE 90;AV1401264740;Unidad;;HILO;1824;1824;;1824;1824;;Ventas;;Mercaderías;;Costo de la mercadería;
Producto;Si;No;No;HILO NYLON N°40 NEGRO 32;AV1401264040;Unidad;;HILO;1824;1824;;1824;1824;;Ventas;;Mercaderías;;Costo de la mercadería;
Producto;Si;No;No;HILO NYLON N°40 ROJIZO 59;AV1401264540;Unidad;AVIOS;HILO;1824;1824;;1824;1824;;Ventas;;Mercaderías;;Costo de la mercadería;
Producto;Si;No;No;HILO NYLON N°40 MARRON 111;AV1401264140;Unidad;;HILO;1824;1824;;1824;1824;;Ventas;;Mercaderías;;Costo de la mercadería;
Producto;Si;No;No;HILO NYLON N°40 VERDE 126;AV1401264240;Unidad;;HILO;1824;1824;;1824;1824;;Ventas;;Mercaderías;;Costo de la mercadería;
Producto;Si;No;No;HILO NYLON N°40 CARAMELO 118;AV1401264940;Unidad;;HILO;1824;1824;;1824;1824;;Ventas;;Mercaderías;;Costo de la mercadería;
Producto;Si;No;No;HILO NYLON N°40 CARAMELO 195;AV1401265040;Unidad;;HILO;1824;1824;;1824;1824;;Ventas;;Mercaderías;;Costo de la mercadería;
Producto;Si;No;No;HILO NYLON N°40 GRIS 199;AV1401265140;Unidad;;HILO;1824;1824;;1824;1824;;Ventas;;Mercaderías;;Costo de la mercadería;
Producto;Si;No;No;HILO NYLON N°40 GRIS 119;AV1401265240;Unidad;;HILO;1824;1824;;1824;1824;;Ventas;;Mercaderías;;Costo de la mercadería;
Producto;Si;No;No;HILO NYLON N°40 AZUL 78;AV1401265340;Unidad;;HILO;1824;1824;;1824;1824;;Ventas;;Mercaderías;;Costo de la mercadería;
Producto;Si;No;No;HILO NYLON N°60 ROJO 58;AV1401274460;Unidad;;HILO;1824;1824;;1824;1824;;Ventas;;Mercaderías;;Costo de la mercadería;
Producto;Si;No;No;HILO NYLON N°60 VERDE 126;AV1401274260;Unidad;;HILO;1824;1824;;1824;1824;;Ventas;;Mercaderías;;Costo de la mercadería;
Producto;Si;No;No;HILO NYLON N°60 CRUDO 101;AV1401273960;Unidad;;HILO;1824;1824;;1824;1824;;Ventas;;Mercaderías;;Costo de la mercadería;
Producto;Si;No;No;HILO NYLON N°60 CHOCOLATE 90;AV1401274760;Unidad;;HILO;1824;1824;;1824;1824;;Ventas;;Mercaderías;;Costo de la mercadería;
Producto;Si;No;No;HILO NYLON N°60 MARRON 111;AV1401274160;Unidad;;HILO;1824;1824;;1824;1824;;Ventas;;Mercaderías;;Costo de la mercadería;
Producto;Si;No;No;HILO NYLON N°60 GRIS 119;AV1401275260;Unidad;;HILO;1824;1824;;1824;1824;;Ventas;;Mercaderías;;Costo de la mercadería;
Producto;Si;No;No;HILO NYLON N°60 GRIS 199;AV1401275160;Unidad;;HILO;1824;1824;;1824;1824;;Ventas;;Mercaderías;;Costo de la mercadería;
Producto;Si;No;No;HILO NYLON N°60 ROJIZO 59;AV1401274560;Unidad;;HILO;1824;1824;;1824;1824;;Ventas;;Mercaderías;;Costo de la mercadería;
Producto;Si;No;No;HILO NYLON N°60 AZUL 77;AV1401274360;Unidad;;HILO;1824;1824;;1824;1824;;Ventas;;Mercaderías;;Costo de la mercadería;
Producto;Si;No;No;HILO NYLON N°60 AZUL 78;AV1401275360;Unidad;;HILO;1824;1824;;1824;1824;;Ventas;;Mercaderías;;Costo de la mercadería;
Producto;Si;No;No;HILO NYLON N°60 NEGRO 52;AV1401274060;Unidad;;HILO;1824;1824;;1824;1824;;Ventas;;Mercaderías;;Costo de la mercadería;
Producto;Si;No;No;TINTA DE BORDES NEGRO;AV1601300926;Unidad;AVIOS;TINTA;5150;5150;;5150;5150;;Ventas;;Mercaderías;;Costo de la mercadería;
Producto;Si;No;No;TINTA DE BORDES MARRON AFRICANO;AV1601300954;Unidad;PRODUCCION;TINTA;1;1;;1;1;;Ventas;;Mercaderías;;Costo de la mercadería;
Producto;Si;No;No;TINTA DE BORDES SUELA;AV1601300955;Unidad;AVIOS;TINTA;5150;5150;;5150;5150;;Ventas;;Mercaderías;;Costo de la mercadería;
Producto;Si;No;No;TINTA DE BORDES ROJO;AV1601300929;Unidad;;TINTA;5150;5150;;5150;5150;;Ventas;;Mercaderías;;Costo de la mercadería;
Producto;Si;No;No;TINTA DE BORDES AZUL;AV1601300956;Unidad;AVIOS;TINTA;5150;5150;;5150;5150;;Ventas;;Mercaderías;;Costo de la mercadería;
Producto;Si;No;No;TINTA DE BORDES VERDE;AV1601300957;Unidad;AVIOS;TINTA 1/2 LITRO;5150;5150;;5150;5150;;Ventas;;Mercaderías;;Costo de la mercadería;
Producto;Si;No;No;TINTA DE BORDES GRIS;AV1601300928;Unidad;;TINTA;5150;5150;;5150;5150;;Ventas;;Mercaderías;;Costo de la mercadería;
Producto;Si;No;No;FIJADOR PARA TINTAS CRUDO;AV1501311027;Unidad;;FIJADOR;1;1;;1;1;;Ventas;;Mercaderías;;Costo de la mercadería;
Producto;Si;No;No;CEMENTO DE APARAR POTENTE 18L;AV170129018;Unidad;AVIOS;ADHESIVO;10340;10340;;10340;10340;;Ventas;;Mercaderías;;Costo de la mercadería;
Producto;Si;No;No;CEMENTO DE CONTACTO 500 POTENTE 14L;AV170134014;Unidad;PRODUCCION;ADHESIVO;1;1;;1;1;;Ventas;;Mercaderías;;Costo de la mercadería;
Producto;Si;No;No;TIJERIN CORTA HILOS METAL;OM01001001;Unidad;PRODUCCION;OTROS MATERIALES;1;1;;1;1;;Ventas;;Mercaderías;;Costo de la mercadería;
Producto;Si;No;No;LIMAS NICHOLSON N°6 TAPPER;OM01002001;Unidad;PRODUCCION;OTROS MATERIALES;1;1;;1;1;;Ventas;;Mercaderías;;Costo de la mercadería;
Producto;Si;No;No;TIJERA MUNDIAL MANGO ROJO METAL;OM01003001;Unidad;PRODUCCION;OTROS MATERIALES;1;1;;1;1;;Ventas;;Mercaderías;;Costo de la mercadería;
Producto;Si;No;No;LAPIZ DE MERCURIO;OM01004002;Unidad;PRODUCCION;OTROS MATERIALES;1;1;;1;1;;Ventas;;Mercaderías;;Costo de la mercadería;
Producto;Si;No;No;AGUJAS DP X 35 LR Nm 110 / 18;OM01005001;Unidad;PRODUCCION;AGUJAS X 10;1;1;;1;1;;Ventas;;Mercaderías;;Costo de la mercadería;
Producto;Si;No;No;AGUJAS DP X 35 LR Nm 130;OM01006001;Unidad;PRODUCCION;AGUJAS X 10;1;1;;1;1;;Ventas;;Mercaderías;;Costo de la mercadería;
Producto;Si;No;No;AGUJAS DP X 35 LR Nm 140 / 23;OM01007001;Unidad;PRODUCCION;AGUJA X 10;1;1;;1;1;;Ventas;;Mercaderías;;Costo de la mercadería;
Producto;Si;No;No;AGUJAS DP X 35 LR Nm 160;OM01008001;Unidad;PRODUCCION;AGUJA X 10;1;1;;1;1;;Ventas;;Mercaderías;;Costo de la mercadería;
Producto;Si;No;Si;PORTALENTES JANO IGUANA AZUL;MC020390709;Unidad;MARRO CHICA;PORTALENTES;26990;26990;;26990;26990;;Ventas;;Mercaderías;;Costo de la mercadería;
Producto;Si;No;Si;PORTALENTES JANO IGUANA VERDE;MC020390710;Unidad;MARRO CHICA;PORTALENTES;26990;26990;;26990;26990;;Ventas;;Mercaderías;;Costo de la mercadería;
Producto;Si;No;Si;MOCHILA PORTIA BRIDGE CARAMELO;MG010790303;Unidad;MARRO GRANDE;MOCHILA;279990;299990;;299990;299990;;Ventas;;Mercaderías;;Costo de la mercadería;
Producto;Si;No;Si;ZAPATILLA URBANA CUERO NEGRO 40;CA060010301-40;Unidad;CALZADO;ZAPATILLA;119990;79990;;79990;79990;;Ventas;;Mercaderías;;Costo de la mercadería;
Producto;Si;No;No;HILO POLIESTER N°40 ROJIZO 59;AV1401240545;Unidad;AVIOS;HILO;1824;1824;;1824;1824;;Ventas;;Mercaderías;;Costo de la mercadería;
Producto;Si;No;Si;TARJETERO BILL BRIDGE NAPO SUELA;MC020260302;Unidad;MARRO CHICA;TARJETERO;18990;21990;;21990;21990;;Ventas;;Mercaderías;;Costo de la mercadería;
Producto;Si;No;Si;MORRAL ANGOSTO BRIDGE CARAMELO;MG010270303;Unidad;MARRO GRANDE;MORRAL;189990;209990;;209990;209990;;Ventas;;Mercaderías;;Costo de la mercadería;
Producto;Si;No;Si;MORRAL ANGOSTO BRIDGE AZUL;MG010270309;Unidad;MARRO GRANDE;MORRAL;189990;209990;;209990;209990;;Ventas;;Mercaderías;;Costo de la mercadería;
Producto;Si;No;No;TINTA DE BORDES NARANJA;AV1601300958;Unidad;AVIOS;TINTA 1/2 LITRO;5300;5300;;5300;5300;;Ventas;;Mercaderías;;Costo de la mercadería;
Producto;Si;No;No;AGUJAS DP X 35 LR Nm 140 / 22;OM01009001;Unidad;PRODUCCION;AGUJAS X 10;1;1;;1;1;;Ventas;;Mercaderías;;Costo de la mercadería;
Producto;Si;No;Si;BILLETERA LUCA IGUANA ROJO;MC020220707;Unidad;MARRO CHICA;BILLETERA;45990;49990;;49990;49990;;Ventas;;Mercaderías;;Costo de la mercadería;
Producto;Si;No;Si;TARJETERO BILL IGUANA VERDE;MC020260710;Unidad;MARRO CHICA;TARJETERO;19990;21990;;21990;21990;;Ventas;;Mercaderías;;Costo de la mercadería;
Producto;Si;No;Si;TARJETERO BILL IGUANA AZUL;MC020260709;Unidad;MARRO CHICA;TARJETERO;19990;21990;;21990;21990;;Ventas;;Mercaderías;;Costo de la mercadería;
Producto;Si;No;Si;PRODUCTO OUTLET 9990;OUT9990;Unidad;OUTLET;OUTLET;9990;9990;;9990;9990;;Ventas;;Mercaderías;;Costo de la mercadería;
Producto;Si;No;No;DORSA CINTA AL BIES 30MM NEGRO (25 MTS);AV1801370526;Metro;PRODUCCION;CINTA AL BIES;1;1;;1;1;;Ventas;;Mercaderías;;Costo de la mercadería;
Producto;Si;No;No;CINTA AL BIES 20MM X 25 MTS CHOCOLATE;AV1801370538;Unidad;AVIOS;CINTA AL BIES;1;1;;1;1;;Ventas;;Mercaderías;;Costo de la mercadería;
Producto;Si;No;Si;TARJETERO JUAN BRIDGE NAPO SUELA;MC020190302;Unidad;MARRO CHICA;TARJETERO;29990;29990;;29990;29990;;Ventas;;Mercaderías;;Costo de la mercadería;
Producto;Si;No;Si;TARJETERO OMA NAPADO NEGRO;MC020040101;Unidad;MARRO CHICA;TARJETERO;4990;4990;;4990;4990;;Ventas;;Mercaderías;;Costo de la mercadería;
Producto;Si;No;Si;CINTURON VAQUETA BRONCE NEGRO 85;MC010080401-85;Unidad;CINTURON;CINTURON;79990;79990;;79990;79990;;Ventas;;Mercaderías;;Costo de la mercadería;
Producto;Si;No;Si;PRODUCTO OUTLET 2990;OUT2990;Unidad;OUTLET;OUTLET;2990;2990;;2990;2990;;Ventas;;Mercaderías;;Costo de la mercadería;
Producto;Si;No;Si;PRODUCTO OUTLET 4490;OUT4490;Unidad;OUTLET;OUTLET;4490;4490;;4490;4490;;Ventas;;Mercaderías;;Costo de la mercadería;
Producto;Si;No;Si;PRODUCTO OUTLET 7490;OUT7490;Unidad;OUTLET;OUTLET;7490;7490;;7490;7490;;Ventas;;Mercaderías;;Costo de la mercadería;
Producto;Si;No;No;YKK CIERRE MONOFILAMENTO N3 CARAMELO 859;AV0100020305;Metro;AVIOS;CIERRE PVC;1;1;;1;1;;Ventas;;Mercaderías;;Costo de la mercadería;
Producto;Si;No;No;BROCHE IMAN CHATO 14MM NIQUEL;AV0401380101;Unidad;AVIOS;AVIOS;1;1;;1;1;;Ventas;;Mercaderías;;Costo de la mercadería;
Producto;Si;No;Si;ZAPATO NAUTICO C ACORDONADO CUERO TABACO 39;CA070030104-39;Unidad;CALZADO;ZAPATO;29990;29990;;29990;29990;;Ventas;;Mercaderías;;Costo de la mercadería;
Producto;Si;No;Si;ZAPATO NAUTICO C ACORDONADO CUERO TABACO 40;CA070030104-40;Unidad;CALZADO;ZAPATO;29990;29990;;29990;29990;;Ventas;;Mercaderías;;Costo de la mercadería;
Producto;Si;No;Si;ZAPATO NAUTICO C ACORDONADO CUERO TABACO 41;CA070030104-41;Unidad;CALZADO;ZAPATO;29990;29990;;29990;29990;;Ventas;;Mercaderías;;Costo de la mercadería;
Producto;Si;No;Si;ZAPATO NAUTICO C ACORDONADO CUERO TABACO 42;CA070030104-42;Unidad;CALZADO;ZAPATO;29990;29990;;29990;29990;;Ventas;;Mercaderías;;Costo de la mercadería;
Producto;Si;No;Si;ZAPATO NAUTICO C ACORDONADO CUERO TABACO 43;CA070030104-43;Unidad;CALZADO;ZAPATO;29990;29990;;29990;29990;;Ventas;;Mercaderías;;Costo de la mercadería;
Producto;Si;No;Si;ZAPATO NAUTICO C ACORDONADO CUERO TABACO 44;CA070030104-44;Unidad;CALZADO;ZAPATO;29990;29990;;29990;29990;;Ventas;;Mercaderías;;Costo de la mercadería;
Producto;Si;No;Si;ZAPATO NAUTICO C ACORDONADO CUERO TABACO 45;CA070030104-45;Unidad;CALZADO;ZAPATO;29990;29990;;29990;29990;;Ventas;;Mercaderías;;Costo de la mercadería;
Producto;Si;No;Si;ZAPATO NAUTICO C ACORDONADO CUERO TABACO 46;CA070030104-46;Unidad;CALZADO;ZAPATO;29990;29990;;29990;29990;;Ventas;;Mercaderías;;Costo de la mercadería;
Producto;Si;No;Si;ZAPATO NAUTICO C ACORDONADO CUERO AZUL/BLANCO 38;CA070030109-38;Unidad;CALZADO;ZAPATO;29990;29990;;29990;29990;;Ventas;;Mercaderías;;Costo de la mercadería;
Producto;Si;No;Si;ZAPATO NAUTICO C ACORDONADO CUERO AZUL/BLANCO 39;CA070030109-39;Unidad;CALZADO;ZAPATO;29990;29990;;29990;29990;;Ventas;;Mercaderías;;Costo de la mercadería;
Producto;Si;No;Si;ZAPATO NAUTICO C ACORDONADO CUERO AZUL/BLANCO 40;CA070030109-40;Unidad;CALZADO;ZAPATO;29990;29990;;29990;29990;;Ventas;;Mercaderías;;Costo de la mercadería;
Producto;Si;No;Si;ZAPATO NAUTICO C ACORDONADO CUERO AZUL/BLANCO 41;CA070030109-41;Unidad;CALZADO;ZAPATO;29990;29990;;29990;29990;;Ventas;;Mercaderías;;Costo de la mercadería;
Producto;Si;No;Si;ZAPATO NAUTICO C ACORDONADO CUERO AZUL/BLANCO 42;CA070030109-42;Unidad;CALZADO;ZAPATO;29990;29990;;29990;29990;;Ventas;;Mercaderías;;Costo de la mercadería;
Producto;Si;No;Si;ZAPATO NAUTICO C ACORDONADO CUERO AZUL/BLANCO 43;CA070030109-43;Unidad;CALZADO;ZAPATO;29990;29990;;29990;29990;;Ventas;;Mercaderías;;Costo de la mercadería;
Producto;Si;No;Si;ZAPATO NAUTICO C ACORDONADO CUERO AZUL/BLANCO 44;CA070030109-44;Unidad;CALZADO;ZAPATO;29990;29990;;29990;29990;;Ventas;;Mercaderías;;Costo de la mercadería;
Producto;Si;No;Si;ZAPATO NAUTICO C ACORDONADO CUERO AZUL/BLANCO 45;CA070030109-45;Unidad;CALZADO;ZAPATO;29990;29990;;29990;29990;;Ventas;;Mercaderías;;Costo de la mercadería;
Producto;Si;No;No;DADO REGULADOR P/25 HILO 3.5 MM NIQUEL;AV1000240101;Unidad;AVIOS;AVIOS;1;1;;1;1;;Ventas;;Mercaderías;;Costo de la mercadería;
Producto;Si;No;Si;CARTUCHERA MONT BRIDGE VERDE;MC020360310;Unidad;MARRO CHICA;CARTUCHERA;34990;39990;;39990;39990;;Ventas;;Mercaderías;;Costo de la mercadería;
Producto;Si;No;Si;CARTUCHERA MONT BRIDGE CARAMELO;MC020360303;Unidad;MARRO CHICA;CARTUCHERA;34990;39990;;39990;39990;;Ventas;;Mercaderías;;Costo de la mercadería;
Producto;Si;No;Si;PORTAFOLIO OLDIE BRIDGE TABACO;MG010510304;Unidad;MARRO GRANDE;PORTAFOLIO;439990;459990;;459990;459990;;Ventas;;Mercaderías;;Costo de la mercadería;
Producto;Si;No;Si;PORTAFOLIO OLDIE TAMPONATO SUELA;MG010510202;Unidad;MARRO GRANDE;PORTAFOLIO;439990;459990;;459990;459990;;Ventas;;Mercaderías;;Costo de la mercadería;
Producto;Si;No;No;CINTA AL BIES 30 MM NEGRA;AV1801370726;Metro;TEXTIL;AVIOS;1;1;;1;1;;Ventas;;Mercaderías;;Costo de la mercadería;
Producto;Si;No;No;CINTA AL BIES 30 MM CARAMELO;AV1801370725;Metro;TEXTIL;AVIOS;1;1;;1;1;;Ventas;;Mercaderías;;Costo de la mercadería;
Producto;Si;No;No;YKK CIERRE ALUMINIO N5 GRIS 576;AV0100010230;Unidad;AVIOS;AVIOS;1;1;;1;1;;Ventas;;Mercaderías;;Costo de la mercadería;
Producto;Si;No;No;YKK DESLIZADOR METAL/ALUMINIO N5 C/ TIRACIERRE;AV0101390101;Unidad;AVIOS;AVIOS;1;1;;1;1;;Ventas;;Mercaderías;;Costo de la mercadería;
Producto;Si;No;No;MEDIALUNA P/30 4.5 MM NIQUEL REDONDEADA;AV1001450101;Unidad;AVIOS;AVIOS;1;1;;1;1;;Ventas;;Mercaderías;;Costo de la mercadería;
Producto;Si;No;No;APHOLO MOSQUETÓN PINZA P/38 (CALIDAD LUCERO) NIQUEL NEGRO;AV0701420126;Unidad;AVIOS;AVIOS;1;1;;1;1;;Ventas;;Mercaderías;;Costo de la mercadería;
Producto;Si;No;No;APHOLO MOSQUETÓN PINZA P/25 (CALIDAD LUCERO);AV0700620101;Unidad;AVIOS;AVIOS;1;1;;1;1;;Ventas;;Mercaderías;;Costo de la mercadería;
Producto;Si;No;No;AKFRA MOSQUETÓN ANZUELO CHICO P/15  (CALIDAD LUCERO) NIQUEL;AV0601400101;Unidad;AVIOS;AVIOS;1;1;;1;1;;Ventas;;Mercaderías;;Costo de la mercadería;
Producto;Si;No;No;APHOLO MOSQUETÓN PINZA P/12 (CALIDAD LUCERO) NIQUEL;AV0701430101;Unidad;AVIOS;AVIOS;1;1;;1;1;;Ventas;;Mercaderías;;Costo de la mercadería;
Producto;Si;No;No;MOSQUETON ANZUELO CHICO P/32 NIQUEL;AV1001410101;Unidad;AVIOS;AVIOS;1;1;;1;1;;Ventas;;Mercaderías;;Costo de la mercadería;
Producto;Si;No;No;ROUEZ MOSQUETON MINI P/9 NIQUEL;AV0401440101;Unidad;AVIOS;AVIOS;1;1;;1;1;;Ventas;;Mercaderías;;Costo de la mercadería;
Producto;Si;No;No;ROUEZ MOSQUETON MINI P/8 NIQUEL;AV0400550101;Unidad;AVIOS;AVIOS;1;1;;1;1;;Ventas;;Mercaderías;;Costo de la mercadería;
Producto;Si;No;No;APHOLO REMACHE PEON ALTO 8.8 NIQUEL;AV0701460101;Unidad;AVIOS;AVIOS;1;1;;1;1;;Ventas;;Mercaderías;;Costo de la mercadería;
Producto;Si;No;No;ARGOLLA P/30 HILO  3.5 MM;AV1001470101;Unidad;AVIOS;AVIOS;1;1;;1;1;;Ventas;;Mercaderías;;Costo de la mercadería;
Producto;Si;No;No;BROCHE RESORTE 12.5 MM NIQUEL;AV1001480101;Unidad;AVIOS;AVIOS;1;1;;1;1;;Ventas;;Mercaderías;;Costo de la mercadería;
Producto;Si;No;No;APHOLO HEBILLA P/25 ROLO PUENTE QUEBRADO NIQUEL;AV0701490101;Unidad;AVIOS;AVIOS;1;1;;1;1;;Ventas;;Mercaderías;;Costo de la mercadería;
Producto;Si;No;No;HEBILLA P/25 NIQUEL;AV1001500101;Unidad;AVIOS;AVIOS;1;1;;1;1;;Ventas;;Mercaderías;;Costo de la mercadería;
Producto;Si;No;No;HEBILLA P/30 ROLO FIJO NIQUEL;AV1001150101;Unidad;AVIOS;AVIOS;1;1;;1;1;;Ventas;;Mercaderías;;Costo de la mercadería;
Producto;Si;No;Si;ZAPATO NAUTICO C ACORDONADO CUERO CARAMELO 39;CA070030103-39;Unidad;CALZADO;ZAPATO;29990;29990;;29990;29990;;Ventas;;Mercaderías;;Costo de la mercadería;
Producto;Si;No;Si;ZAPATO NAUTICO C ACORDONADO CUERO CARAMELO 40;CA070030103-40;Unidad;CALZADO;ZAPATO;29990;29990;;29990;29990;;Ventas;;Mercaderías;;Costo de la mercadería;
Producto;Si;No;Si;ZAPATO NAUTICO C ACORDONADO CUERO CARAMELO 41;CA070030103-41;Unidad;CALZADO;ZAPATO;29990;29990;;29990;29990;;Ventas;;Mercaderías;;Costo de la mercadería;
?Producto;Si;No;Si;ZAPATO NAUTICO C ACORDONADO CUERO CARAMELO 42;CA070030103-42;Unidad;CALZADO;ZAPATO;29990;29990;;29990;29990;;Ventas;;Mercaderías;;Costo de la mercadería;
Producto;Si;No;Si;ZAPATO NAUTICO C ACORDONADO CUERO CARAMELO 43;CA070030103-43;Unidad;CALZADO;ZAPATO;29990;29990;;29990;29990;;Ventas;;Mercaderías;;Costo de la mercadería;
Producto;Si;No;Si;ZAPATO NAUTICO C ACORDONADO CUERO CARAMELO 44;CA070030103-44;Unidad;CALZADO;ZAPATO;29990;29990;;29990;29990;;Ventas;;Mercaderías;;Costo de la mercadería;
Producto;Si;No;Si;ZAPATO NAUTICO C ACORDONADO CUERO CARAMELO 45;CA070030103-45;Unidad;CALZADO;ZAPATO;29990;29990;;29990;29990;;Ventas;;Mercaderías;;Costo de la mercadería;
Producto;Si;No;Si;CARTERA DOS HEBILLAS GAMUZA MARRON TOOL/TABACO;MG010740558-4;Unidad;MARRO GRANDE;CARTERA;179990;179990;;179990;179990;;Ventas;;Mercaderías;;Costo de la mercadería;
Producto;Si;No;No;CASA VICTOR ARGOLLA P/10 HILO 1.50 NIQUEL;AV0301510101;Unidad;AVIOS;AVIOS;1;1;;1;1;;Ventas;;Mercaderías;;Costo de la mercadería;
Producto;Si;No;No;DADO P/25 HILO 3.5mm NIQUEL;AV1001520101;Unidad;AVIOS;AVIOS;1;1;;1;1;;Ventas;;Mercaderías;;Costo de la mercadería;
Producto;Si;No;No;HEBILLA ROLO P/30 S/PUENTE NIQUEL;AV1001530101;Unidad;AVIOS;AVIOS;1;1;;1;1;;Ventas;;Mercaderías;;Costo de la mercadería;
Producto;Si;No;No;HEBILLA SIMPLE P/30 S/ PUENTE NIQUEL;AV1001540101;Unidad;AVIOS;AVIOS;1;1;;1;1;;Ventas;;Mercaderías;;Costo de la mercadería;
Producto;Si;No;No;HEBILLA S/PUENTE P/25 NIQUEL;AV1001550101;Unidad;AVIOS;AVIOS;1;1;;1;1;;Ventas;;Mercaderías;;Costo de la mercadería;
Producto;Si;No;No;ARGOLLA P/25 HILO 1.9 NIQUEL;AV1001560101;Unidad;AVIOS;AVIOS;1;1;;1;1;;Ventas;;Mercaderías;;Costo de la mercadería;
Producto;Si;No;No;APHOLO ARGOLLA SIN FIN P/25 LUCERO NIQUEL;AV0701570101;Unidad;AVIOS;AVIOS;1;1;;1;1;;Ventas;;Mercaderías;;Costo de la mercadería;
Producto;Si;No;Si;PORTALENTES LUZ IGUANA VERDE;MC020170710;Unidad;MARRO CHICA;PORTALENTES;13990;13990;;13990;13990;;Ventas;;Mercaderías;;Costo de la mercadería;
Producto;Si;No;Si;CINTURON TRENZADO NIQUEL NAPADO CARAMELO 85;MC050090103-85;Unidad;CINTURON;CINTURON;55990;55990;;55990;55990;;Ventas;;Mercaderías;;Costo de la mercadería;
Producto;Si;No;Si;CINTURON TRENZADO NIQUEL NAPADO CARAMELO 90;MC050090103-90;Unidad;CINTURON;CINTURON;55990;55990;;55990;55990;;Ventas;;Mercaderías;;Costo de la mercadería;
Producto;Si;No;Si;CINTURON TRENZADO NIQUEL NAPADO CARAMELO 95;MC050090103-95;Unidad;CINTURON;CINTURON;55990;55990;;55990;55990;;Ventas;;Mercaderías;;Costo de la mercadería;
Producto;Si;No;Si;CINTURON TRENZADO NIQUEL NAPADO CARAMELO 100;MC050090103-100;Unidad;CINTURON;CINTURON;55990;55990;;55990;55990;;Ventas;;Mercaderías;;Costo de la mercadería;
Producto;Si;No;Si;CINTURON TRENZADO NIQUEL NAPADO CARAMELO 105;MC050090103-105;Unidad;CINTURON;CINTURON;55990;55990;;55990;55990;;Ventas;;Mercaderías;;Costo de la mercadería;
Producto;Si;No;Si;CINTURON TRENZADO NIQUEL NAPADO CARAMELO 110;MC050090103-110;Unidad;CINTURON;CINTURON;55990;55990;;55990;55990;;Ventas;;Mercaderías;;Costo de la mercadería;
Producto;Si;No;No;CINTA POLIESTER LISA 40 MM GRIS;AV1101580528;Metro;PRODUCCION;AVIOS;1;1;;1;1;;Ventas;;Mercaderías;;Costo de la mercadería;
Producto;Si;No;Si;CINTURON TRENZADO NIQUEL NAPADO CARAMELO 115;MC050090103-115;Unidad;CINTURON;CINTURON;55990;55990;;55990;55990;;Ventas;;Mercaderías;;Costo de la mercadería;
Producto;Si;No;No;CINTA POLIESTER LISA 30 MM GRIS;AV1101590528;Metro;PRODUCCION;AVIOS;1;1;;1;1;;Ventas;;Mercaderías;;Costo de la mercadería;
Producto;Si;No;Si;CINTURON TRENZADO NIQUEL NAPADO CARAMELO 120;MC050090103-120;Unidad;CINTURON;CINTURON;55990;55990;;55990;55990;;Ventas;;Mercaderías;;Costo de la mercadería;
Producto;Si;No;No;TIJERA MUNDIAL METAL;OM01010001;Unidad;PRODUCCION;OTROS MATERIALES;1;1;;1;1;;Ventas;;Mercaderías;;Costo de la mercadería;
Producto;Si;No;No;AGUJAS GB 10 Nm 110 / 18 PUNTA REDONDA;OM01011001;Unidad;PRODUCCION;PAQUETE X 10 AGUJAS;1;1;;1;1;;Ventas;;Mercaderías;;Costo de la mercadería;
Producto;Si;No;Si;MORRAL OLDIE TAMPONATO SUELA;MG010500202;Unidad;MARRO GRANDE;MORRAL;189990;199990;;199990;199990;;Ventas;;Mercaderías;;Costo de la mercadería;
Producto;Si;No;Si;MORRAL OLDIE BRIDGE CARAMELO;MG010500303;Unidad;MARRO GRANDE;MORRAL;189990;199990;;199990;199990;;Ventas;;Mercaderías;;Costo de la mercadería;
Producto;Si;No;Si;MORRAL OLDIE BRIDGE TABACO;MG010500304;Unidad;MARRO GRANDE;MORRAL;189990;199990;;199990;199990;;Ventas;;Mercaderías;;Costo de la mercadería;
Producto;Si;No;No;DADO REGULADOR P/25 HILO 4 MM NIQUEL;AV1001600101;Unidad;AVIOS;AVIOS;1;1;;1;1;;Ventas;;Mercaderías;;Costo de la mercadería;
Producto;Si;No;Si;BILLETERA FICHERO NAPADO AZUL;MC020370109;Unidad;MARRO CHICA;BILLETERA;99990;112990;;112990;112990;;Ventas;;Mercaderías;;Costo de la mercadería;
Producto;Si;No;No;DORSA CINTA AL BIES 20MM CHOCOLATE (25 MTS);AV1801610538;Metro;PRODUCCION;CINTA AL BIES;1;1;;1;1;;Ventas;;Mercaderías;;Costo de la mercadería;
Producto;Si;No;No;DORSA CINTA AL BIES 20MM NEGRO (25 MTS);AV1801610526;Unidad;PRODUCCION;CINTA AL BIES;1;1;;1;1;;Ventas;;Mercaderías;;Costo de la mercadería;
Producto;Si;No;No;DORSA CINTA AL BIES 30MM CARAMELO (50 MTS);AV1801370525;Metro;PRODUCCION;CINTA AL BIES;1;1;;1;1;;Ventas;;Mercaderías;;Costo de la mercadería;
Producto;Si;No;No;CINTA DE RIBETE FRISELINA 25MM NEGRO (25 MTS);AV1001621126;Metro;PRODUCCION;CINTA DE FRISA PARA RIBETE;1;1;;1;1;;Ventas;;Mercaderías;;Costo de la mercadería;
Producto;Si;No;No;CINTA POLIESTER LISA TRENCILLA 25MM BLANCA;AV1101630559;Unidad;PRODUCCION;AVIOS;1;1;;1;1;;Ventas;;Mercaderías;;Costo de la mercadería;
Producto;Si;No;No;CINTA POLIESTER LISA TRENCILLA 25MM CARAMELO;AV1101630525;Unidad;PRODUCCION;AVIOS;1;1;;1;1;;Ventas;;Mercaderías;;Costo de la mercadería;
Producto;Si;No;No;CINTA POLIESTER LISA 25MM NEGRA;AV1101640526;Metro;PRODUCCION;AVIOS;1;1;;1;1;;Ventas;;Mercaderías;;Costo de la mercadería;
Producto;Si;No;No;CINTA POLIESTER LISA 30MM NEGRA;AV1101590526;Metro;PRODUCCION;AVIOS;1;1;;1;1;;Ventas;;Mercaderías;;Costo de la mercadería;
Producto;Si;No;No;CINTA POLIESTER LISA 50MM NEGRA;AV1101650526;Metro;PRODUCCION;AVIOS;1;1;;1;1;;Ventas;;Mercaderías;;Costo de la mercadería;
Producto;Si;No;No;CINTA POLIESTER LISA 25 MM CHOCOLATE;AV1101640538;Metro;PRODUCCION;AVIOS;1;1;;1;1;;Ventas;;Mercaderías;;Costo de la mercadería;
Producto;Si;No;No;CINTA POLIESTER LISA 30 MM CHOCOLATE;AV1101590538;Metro;PRODUCCION;AVIOS;1;1;;1;1;;Ventas;;Mercaderías;;Costo de la mercadería;
Producto;Si;No;No;CINTA POLIESTER LISA 40 MM CHOCOLATE;AV1101580538;Metro;PRODUCCION;AVIOS;1;1;;1;1;;Ventas;;Mercaderías;;Costo de la mercadería;
Producto;Si;No;No;CINTA POLIESTER LISA 50 MM CHOCOLATE;AV1101650538;Unidad;PRODUCCION;AVIOS;1;1;;1;1;;Ventas;;Mercaderías;;Costo de la mercadería;
Producto;Si;No;No;CINTA POLIESTER 30MM NEGRO/BLANCO/NEGRO;AV110166560;Metro;PRODUCCION;AVIOS;1;1;;1;1;;Ventas;;Mercaderías;;Costo de la mercadería;
Producto;Si;No;No;CINTA POLIESTER 30MM BEIGE/FUCSIA/ROJO;AV110167560;Metro;PRODUCCION;AVIOS;1;1;;1;1;;Ventas;;Mercaderías;;Costo de la mercadería;
Producto;Si;No;No;CINTA POLIESTER 30MM  NEGRO/BEIGE/CRUDO;AV110168560;Metro;PRODUCCION;AVIOS;1;1;;1;1;;Ventas;;Mercaderías;;Costo de la mercadería;
Producto;Si;No;No;CINTA POLIESTER 30MM NEGRO/BEIGE/BLANCO;AV110169560;Metro;PRODUCCION;AVIOS;1;1;;1;1;;Ventas;;Mercaderías;;Costo de la mercadería;
Producto;Si;No;No;CINTA POLIESTER 30MM  ROSA/VERDE OSC/ROSA;AV110170560;Metro;PRODUCCION;AVIOS;1;1;;1;1;;Ventas;;Mercaderías;;Costo de la mercadería;
Producto;Si;No;No;CINTA POLIESTER 30MM  ROJO/ROSA/ROJA;AV110171560;Metro;PRODUCCION;AVIOS;1;1;;1;1;;Ventas;;Mercaderías;;Costo de la mercadería;
Producto;Si;No;No;CINTA POLIESTER 30MM FUCSIA/CRUDO/ROSA/VIOLETA;AV110172560;Metro;PRODUCCION;AVIOS;1;1;;1;1;;Ventas;;Mercaderías;;Costo de la mercadería;
Producto;Si;No;No;CINTA POLIESTER 30MM NEGRO/BLANCO/NEGRO/GRIS;AV110173560;Metro;PRODUCCION;AVIOS;1;1;;1;1;;Ventas;;Mercaderías;;Costo de la mercadería;
Producto;Si;No;No;CINTA POLIESTER 30MM AZUL/BLANCO/NEGRO/ROJO;AV110174560;Metro;PRODUCCION;AVIOS;1;1;;1;1;;Ventas;;Mercaderías;;Costo de la mercadería;
Producto;Si;No;No;CINTA POLIESTER 30MM FUCSIA/NEGRO/ROJO;AV110175560;Metro;PRODUCCION;AVIOS;1;1;;1;1;;Ventas;;Mercaderías;;Costo de la mercadería;
Producto;Si;No;No;CINTA POLIESTER 30MM NARANJA/FUCSIA/ROJO;AV110176560;Metro;PRODUCCION;AVIOS;1;1;;1;1;;Ventas;;Mercaderías;;Costo de la mercadería;
Producto;Si;No;No;CINTA POLIESTER 30MM  LILA/CELESTE/BLANCO;AV110177560;Metro;PRODUCCION;AVIOS;1;1;;1;1;;Ventas;;Mercaderías;;Costo de la mercadería;
Producto;Si;No;No;CINTA POLIESTER 40MM NEGRO/BLANCO/NEGRO;AV110178560;Metro;PRODUCCION;AVIOS;1;1;;1;1;;Ventas;;Mercaderías;;Costo de la mercadería;
Producto;Si;No;No;CINTA POLIESTER 40MM NEGRO/CRUDO/NEGRO(LINEA NEGRA)CRUDO/NEGRO;AV110179560;Metro;PRODUCCION;AVIOS;1;1;;1;1;;Ventas;;Mercaderías;;Costo de la mercadería;
Producto;Si;No;No;CINTA POLIESTER 40MM CRUDO/NEGRO/CRUDO/NEGRO/CRUDO;AV110180560;Metro;PRODUCCION;AVIOS;1;1;;1;1;;Ventas;;Mercaderías;;Costo de la mercadería;
Producto;Si;No;No;CINTA POLIESTER 40MM BEIGE/NEGRO/BEIGE/CRUDO/BEIGE/NEGRO/BEIGE;AV1101810560;Metro;PRODUCCION;AVIOS;1;1;;1;1;;Ventas;;Mercaderías;;Costo de la mercadería;
Producto;Si;No;No;CINTA POLIESTER 40MM NEGRO/BLANCO/NEGRO(LINEA BEIGE)NEGRO/BLANCO;AV110182560;Metro;PRODUCCION;AVIOS;1;1;;1;1;;Ventas;;Mercaderías;;Costo de la mercadería;
Producto;Si;No;No;CINTA POLIESTER 40MM NEGRO/CRUDO/BEIGE;AV110183560;Metro;PRODUCCION;AVIOS;1;1;;1;1;;Ventas;;Mercaderías;;Costo de la mercadería;
Producto;Si;No;No;CINTA POLIESTER 40MM NEGRO/CRUDO/ROJO;AV110184560;Metro;PRODUCCION;AVIOS;1;1;;1;1;;Ventas;;Mercaderías;;Costo de la mercadería;
Producto;Si;No;No;CINTA POLIESTER 40MM VERDE/CRUDO/BEIGE;AV110185560;Metro;PRODUCCION;AVIOS;1;1;;1;1;;Ventas;;Mercaderías;;Costo de la mercadería;
Producto;Si;No;No;CINTA POLIESTER 40MM NEGRO/BEIGE/FUCSIA/BEIGE/NEGRO;AV110186560;Metro;PRODUCCION;AVIOS;1;1;;1;1;;Ventas;;Mercaderías;;Costo de la mercadería;
Producto;Si;No;No;CINTA POLIESTER 40MM NEGRO/BEIGE/FUCSIA;AV110187560;Metro;PRODUCCION;AVIOS;1;1;;1;1;;Ventas;;Mercaderías;;Costo de la mercadería;
Producto;Si;No;No;CINTA POLIESTER 40MM NEGRO/BEIGE/FUCSIA/ROJO;AV110188560;Metro;PRODUCCION;AVIOS;1;1;;1;1;;Ventas;;Mercaderías;;Costo de la mercadería;
Producto;Si;No;No;CINTA POLIESTER 40MM NARANJA/FUCSIA/ROJO;AV110189560;Metro;;AVIOS;1;1;;1;1;;Ventas;;Mercaderías;;Costo de la mercadería;
Producto;Si;No;No;CINTA POLIESTER 40MM AZUL OSC/AZUL/CRUDO;AV110190560;Metro;PRODUCCION;AVIOS;1;1;;1;1;;Ventas;;Mercaderías;;Costo de la mercadería;
Producto;Si;No;No;CINTA POLIESTER 40MM AZUL/AZUL OSC/ROJO;AV110191560;Unidad;PRODUCCION;AVIOS;1;1;;1;1;;Ventas;;Mercaderías;;Costo de la mercadería;
Producto;Si;No;No;CINTA POLIESTER 40MM ARCOIRIS;AV110192560;Metro;PRODUCCION;AVIOS;1;1;;1;1;;Ventas;;Mercaderías;;Costo de la mercadería;
Producto;Si;No;Si;ZAPATO NAUTICO V CUERO AZUL/BLANCO 38;CA080040009-38;Unidad;CALZADO;ZAPATO;29990;29990;;29990;29990;;Ventas;;Mercaderías;;Costo de la mercadería;
Producto;Si;No;Si;ZAPATO NAUTICO V CUERO AZUL/BLANCO 39;CA080040009-39;Unidad;CALZADO;ZAPATO;29990;29990;;29990;29990;;Ventas;;Mercaderías;;Costo de la mercadería;
Producto;Si;No;Si;ZAPATO NAUTICO V CUERO AZUL/BLANCO 40;CA080040009-40;Unidad;CALZADO;ZAPATO;29990;29990;;29990;29990;;Ventas;;Mercaderías;;Costo de la mercadería;
Producto;Si;No;Si;ZAPATO NAUTICO V CUERO AZUL/BLANCO 41;CA080040009-41;Unidad;CALZADO;ZAPATO;29990;29990;;29990;29990;;Ventas;;Mercaderías;;Costo de la mercadería;
Producto;Si;No;Si;ZAPATO NAUTICO V CUERO AZUL/BLANCO 42;CA080040009-42;Unidad;CALZADO;ZAPATO;29990;29990;;29990;29990;;Ventas;;Mercaderías;;Costo de la mercadería;
Producto;Si;No;Si;ZAPATO NAUTICO V CUERO AZUL/BLANCO 43;CA080040009-43;Unidad;CALZADO;ZAPATO;29990;29990;;29990;29990;;Ventas;;Mercaderías;;Costo de la mercadería;
Producto;Si;No;Si;ZAPATO NAUTICO V CUERO AZUL/BLANCO 44;CA080040009-44;Unidad;CALZADO;ZAPATO;29990;29990;;29990;29990;;Ventas;;Mercaderías;;Costo de la mercadería;
Producto;Si;No;Si;ZAPATO NAUTICO V CUERO AZUL/BLANCO 45;CA080040009-45;Unidad;CALZADO;ZAPATO;29990;29990;;29990;29990;;Ventas;;Mercaderías;;Costo de la mercadería;
Producto;Si;No;Si;ZAPATO NAUTICO V ACORDONADO CUERO CARAMELO/CARAMELO 38;CA080050003-38;Unidad;CALZADO;ZAPATO;29990;29990;;29990;29990;;Ventas;;Mercaderías;;Costo de la mercadería;
Producto;Si;No;Si;ZAPATO NAUTICO V ACORDONADO CUERO CARAMELO/CARAMELO 39;CA080050003-39;Unidad;CALZADO;ZAPATO;29990;29990;;29990;29990;;Ventas;;Mercaderías;;Costo de la mercadería;
Producto;Si;No;Si;ZAPATO NAUTICO V ACORDONADO CUERO CARAMELO/CARAMELO 40;CA080050003-40;Unidad;CALZADO;ZAPATO;29990;29990;;29990;29990;;Ventas;;Mercaderías;;Costo de la mercadería;
Producto;Si;No;Si;ZAPATO NAUTICO V ACORDONADO CUERO CARAMELO/CARAMELO 41;CA080050003-41;Unidad;CALZADO;ZAPATO;29990;29990;;29990;29990;;Ventas;;Mercaderías;;Costo de la mercadería;
Producto;Si;No;Si;ZAPATO NAUTICO V ACORDONADO CUERO CARAMELO/CARAMELO 43;CA080050003-43;Unidad;CALZADO;ZAPATO;29990;29990;;29990;29990;;Ventas;;Mercaderías;;Costo de la mercadería;
Producto;Si;No;Si;ZAPATO NAUTICO V ACORDONADO CUERO CARAMELO/CARAMELO 42;CA080050003-42;Unidad;CALZADO;ZAPATO;29990;29990;;29990;29990;;Ventas;;Mercaderías;;Costo de la mercadería;
Producto;Si;No;Si;ZAPATO NAUTICO V ACORDONADO CUERO CARAMELO/CARAMELO 44;CA080050003-44;Unidad;CALZADO;ZAPATO;29990;29990;;29990;29990;;Ventas;;Mercaderías;;Costo de la mercadería;
Producto;Si;No;Si;ZAPATO NAUTICO V ACORDONADO CUERO CARAMELO/CARAMELO 45;CA080050003-45;Unidad;CALZADO;ZAPATO;29990;29990;;29990;29990;;Ventas;;Mercaderías;;Costo de la mercadería;
Producto;Si;No;Si;ZAPATO NAUTICO V ACORDONADO CUERO AZUL/BLANCO 37;CA080050009-37;Unidad;CALZADO;ZAPATO;29990;29990;;29990;29990;;Ventas;;Mercaderías;;Costo de la mercadería;
Producto;Si;No;Si;ZAPATO NAUTICO V ACORDONADO CUERO AZUL/BLANCO 38;CA080050009-38;Unidad;CALZADO;ZAPATO;29990;29990;;29990;29990;;Ventas;;Mercaderías;;Costo de la mercadería;
Producto;Si;No;Si;ZAPATO NAUTICO V ACORDONADO CUERO AZUL/BLANCO 39;CA080050009-39;Unidad;CALZADO;ZAPATO;29990;29990;;29990;29990;;Ventas;;Mercaderías;;Costo de la mercadería;
Producto;Si;No;Si;ZAPATO NAUTICO V ACORDONADO CUERO AZUL/BLANCO 40;CA080050009-40;Unidad;CALZADO;ZAPATO;29990;29990;;29990;29990;;Ventas;;Mercaderías;;Costo de la mercadería;
Producto;Si;No;Si;ZAPATO NAUTICO V ACORDONADO CUERO AZUL/BLANCO 41;CA080050009-41;Unidad;CALZADO;ZAPATO;29990;29990;;29990;29990;;Ventas;;Mercaderías;;Costo de la mercadería;
Producto;Si;No;Si;ZAPATO NAUTICO V ACORDONADO CUERO AZUL/BLANCO 42;CA080050009-42;Unidad;CALZADO;ZAPATO;29990;29990;;29990;29990;;Ventas;;Mercaderías;;Costo de la mercadería;
Producto;Si;No;Si;ZAPATO NAUTICO V ACORDONADO CUERO AZUL/BLANCO 43;CA080050009-43;Unidad;CALZADO;ZAPATO;29990;29990;;29990;29990;;Ventas;;Mercaderías;;Costo de la mercadería;
Producto;Si;No;Si;ZAPATO NAUTICO V ACORDONADO CUERO AZUL/BLANCO 44;CA080050009-44;Unidad;CALZADO;ZAPATO;29990;29990;;29990;29990;;Ventas;;Mercaderías;;Costo de la mercadería;
Producto;Si;No;Si;ZAPATO NAUTICO V ACORDONADO CUERO AZUL/BLANCO 45;CA080050009-45;Unidad;CALZADO;ZAPATO;29990;29990;;29990;29990;;Ventas;;Mercaderías;;Costo de la mercadería;
Producto;Si;No;No;ROUEZ HEBILLA ROLO P/20 MM NIQUEL;AV0400980101;Unidad;PRODUCCION;AVIOS;1;1;;1;1;;Ventas;;Mercaderías;;Costo de la mercadería;
Producto;Si;No;No;CINTA POLIESTER 40MM LILA/CELESTE/BLANCO;AV1101930560;Metro;PRODUCCION;AVIOS;1;1;;1;1;;Ventas;;Mercaderías;;Costo de la mercadería;
Producto;Si;No;Si;CINTURON ESPIGA 216 NIQUEL CUERO NEGRO 85;MC050100001-85;Unidad;CINTURON;CINTURON;51990;29990;;29990;29990;;Ventas;;Mercaderías;;Costo de la mercadería;
Producto;Si;No;Si;CINTURON ESPIGA 216 NIQUEL CUERO NEGRO 90;MC050100001-90;Unidad;CINTURON;CINTURON;51990;29990;;29990;29990;;Ventas;;Mercaderías;;Costo de la mercadería;
Producto;Si;No;Si;CINTURON ESPIGA 216 NIQUEL CUERO NEGRO 95;MC050100001-95;Unidad;CINTURON;CINTURON;51990;29990;;29990;29990;;Ventas;;Mercaderías;;Costo de la mercadería;
Producto;Si;No;Si;CINTURON ESPIGA 216 NIQUEL CUERO NEGRO 100;MC050100001-100;Unidad;CINTURON;CINTURON;51990;29990;;29990;29990;;Ventas;;Mercaderías;;Costo de la mercadería;
Producto;Si;No;Si;CINTURON ESPIGA 216 NIQUEL CUERO NEGRO 105;MC050100001-105;Unidad;CINTURON;CINTURON;51990;29990;;29990;29990;;Ventas;;Mercaderías;;Costo de la mercadería;
Producto;Si;No;Si;CINTURON ESPIGA 216 NIQUEL CUERO NEGRO 110;MC050100001-110;Unidad;CINTURON;CINTURON;51990;29990;;29990;29990;;Ventas;;Mercaderías;;Costo de la mercadería;
Producto;Si;No;Si;CINTURON ESPIGA 216 NIQUEL CUERO NEGRO 115;MC050100001-115;Unidad;CINTURON;CINTURON;51990;29990;;29990;29990;;Ventas;;Mercaderías;;Costo de la mercadería;
Producto;Si;No;Si;CINTURON ESPIGA 216 NIQUEL CUERO NEGRO 120;MC050100001-120;Unidad;CINTURON;CINTURON;51990;29990;;29990;29990;;Ventas;;Mercaderías;;Costo de la mercadería;
Producto;Si;No;Si;CINTURON ESPIGA 216 NIQUEL CUERO SUELA 85;MC050100002-85;Unidad;CINTURON;CINTURON;51990;29990;;29990;29990;;Ventas;;Mercaderías;;Costo de la mercadería;
Producto;Si;No;Si;CINTURON ESPIGA 216 NIQUEL CUERO SUELA 90;MC050100002-90;Unidad;CINTURON;CINTURON;51990;29990;;29990;29990;;Ventas;;Mercaderías;;Costo de la mercadería;
Producto;Si;No;Si;CINTURON ESPIGA 216 NIQUEL CUERO SUELA 95;MC050100002-95;Unidad;CINTURON;CINTURON;51990;29990;;29990;29990;;Ventas;;Mercaderías;;Costo de la mercadería;
Producto;Si;No;Si;CINTURON ESPIGA 216 NIQUEL CUERO SUELA 100;MC050100002-100;Unidad;CINTURON;CINTURON;51990;29990;;29990;29990;;Ventas;;Mercaderías;;Costo de la mercadería;
Producto;Si;No;Si;CINTURON ESPIGA 216 NIQUEL CUERO SUELA 105;MC050100002-105;Unidad;CINTURON;CINTURON;51990;29990;;29990;29990;;Ventas;;Mercaderías;;Costo de la mercadería;
Producto;Si;No;Si;CINTURON ESPIGA 216 NIQUEL CUERO SUELA 110;MC050100002-110;Unidad;CINTURON;CINTURON;51990;29990;;29990;29990;;Ventas;;Mercaderías;;Costo de la mercadería;
Producto;Si;No;Si;CINTURON ESPIGA 216 NIQUEL CUERO SUELA 115;MC050100002-115;Unidad;CINTURON;CINTURON;51990;29990;;29990;29990;;Ventas;;Mercaderías;;Costo de la mercadería;
Producto;Si;No;Si;CINTURON ESPIGA 216 NIQUEL CUERO SUELA 120;MC050100002-120;Unidad;CINTURON;CINTURON;51990;29990;;29990;29990;;Ventas;;Mercaderías;;Costo de la mercadería;
Producto;Si;No;Si;PRODUCTO OUTLET 11990;OUT11990;Unidad;OUTLET;OUTLET;11990;11990;;11990;11990;;Ventas;;Mercaderías;;Costo de la mercadería;
Producto;Si;No;Si;RIÑONERA CRUZ S BRIDGE ROJO;MG010400307-S;Unidad;MARRO GRANDE;RIÑONERA;65990;69990;;69990;69990;;Ventas;;Mercaderías;;Costo de la mercadería;
Producto;Si;No;Si;RIÑONERA CRUZ S BRIDGE LONDON;MG010400305-S;Unidad;MARRO GRANDE;RIÑONERA;65990;69990;;69990;69990;;Ventas;;Mercaderías;;Costo de la mercadería;
Producto;Si;No;Si;RIÑONERA CRUZ S BRIDGE SUELA;MG010400302-S;Unidad;MARRO GRANDE;RIÑONERA;65990;69990;;69990;69990;;Ventas;;Mercaderías;;Costo de la mercadería;
Producto;Si;No;Si;RIÑONERA CRUZ S BRIDGE CARAMELO;MG010400303-S;Unidad;MARRO GRANDE;RIÑONERA;65990;69990;;69990;69990;;Ventas;;Mercaderías;;Costo de la mercadería;
Producto;Si;No;Si;PORTALAPTOP LES BRIDGE TABACO;MG020540304;Unidad;MARRO GRANDE;PORTALAPTOP;112990;112990;;112990;112990;;Ventas;;Mercaderías;;Costo de la mercadería;
Producto;Si;No;Si;PORTAPASAPORTE CHESTER IGUANA VERDE;MC020140710;Unidad;MARRO CHICA;PORTAPASAPORTE;16990;16990;;16990;16990;;Ventas;;Mercaderías;;Costo de la mercadería;
Producto;Si;No;No;HEBILLA PLASTICA P/25MM GRIS;AV1001940428;Unidad;PRODUCCION;AVIOS;1;1;;1;1;;Ventas;;Mercaderías;;Costo de la mercadería;
Producto;Si;No;No;ESCALERA PLASTICA P/25MM GRIS;AV1001950428;Unidad;PRODUCCION;AVIOS;1;1;;1;1;;Ventas;;Mercaderías;;Costo de la mercadería;
Producto;Si;No;Si;CINTURON ALFO 223 NIQUEL CUERO TABACO 85;MC050110004-85;Unidad;CINTURON;CINTURON;51990;51990;;51990;51990;;Ventas;;Mercaderías;;Costo de la mercadería;
Producto;Si;No;Si;CINTURON ALFO 223 NIQUEL CUERO TABACO 90;MC050110004-90;Unidad;CINTURON;CINTURON;51990;51990;;51990;51990;;Ventas;;Mercaderías;;Costo de la mercadería;
Producto;Si;No;Si;CINTURON ALFO 223 NIQUEL CUERO TABACO 95;MC050110004-95;Unidad;CINTURON;CINTURON;51990;51990;;51990;51990;;Ventas;;Mercaderías;;Costo de la mercadería;
Producto;Si;No;Si;CINTURON ALFO 223 NIQUEL CUERO TABACO 100;MC050110004-100;Unidad;CINTURON;CINTURON;51990;51990;;51990;51990;;Ventas;;Mercaderías;;Costo de la mercadería;
Producto;Si;No;Si;CINTURON ALFO 223 NIQUEL CUERO TABACO 105;MC050110004-105;Unidad;CINTURON;CINTURON;51990;51990;;51990;51990;;Ventas;;Mercaderías;;Costo de la mercadería;
Producto;Si;No;Si;CINTURON ALFO 223 NIQUEL CUERO TABACO 110;MC050110004-110;Unidad;CINTURON;CINTURON;51990;51990;;51990;51990;;Ventas;;Mercaderías;;Costo de la mercadería;
Producto;Si;No;Si;CINTURON ALFO 223 NIQUEL CUERO TABACO 115;MC050110004-115;Unidad;CINTURON;CINTURON;51990;51990;;51990;51990;;Ventas;;Mercaderías;;Costo de la mercadería;
Producto;Si;No;Si;CINTURON ALFO 223 NIQUEL CUERO TABACO 120;MC050110004-120;Unidad;CINTURON;CINTURON;51990;51990;;51990;51990;;Ventas;;Mercaderías;;Costo de la mercadería;
Producto;Si;No;Si;LLAVERO TEO BRIDGE AZUL;MC020240309;Unidad;MARRO CHICA;LLAVERO;1990;1990;;1990;1990;;Ventas;;Mercaderías;;Costo de la mercadería;
Producto;Si;No;No;FORRERIA GROSS NEGRA;BAC0100010326;Unidad;PRODUCCION;BACKING;1;1;;1;1;;Ventas;;Mercaderías;;Costo de la mercadería;
Producto;Si;No;No;FORRERIA GROSS SUELA;BAC0100010355;Unidad;PRODUCCION;BACKING;1;1;;1;1;;Ventas;;Mercaderías;;Costo de la mercadería;
Producto;Si;No;No;CUERO FLEX 06 (X 1.30 MT);BAC1300020827;Unidad;PRODUCCION;BACKING;1;1;;1;1;;Ventas;;Mercaderías;;Costo de la mercadería;
Producto;Si;No;No;CUERO FLEX 04 (X 1.30 MT);BAC1300030827;Unidad;PRODUCCION;BACKING;1;1;;1;1;;Ventas;;Mercaderías;;Costo de la mercadería;
Producto;Si;No;No;CARTULINA N°45 (base bolso tubo gde);BAC1300040727;Unidad;PRODUCCION;BACKING;1;1;;1;1;;Ventas;;Mercaderías;;Costo de la mercadería;
Producto;Si;No;No;CARTON N° 40  6 mm (marro chica);BAC1300050727;Unidad;PRODUCCION;BACKING;1;1;;1;1;;Ventas;;Mercaderías;;Costo de la mercadería;
Producto;Si;No;No;FRISELINA NEGRA 100 GRM;BAC0200060926;Unidad;PRODUCCION;BACKING;1;1;;1;1;;Ventas;;Mercaderías;;Costo de la mercadería;
Producto;Si;No;No;GOMA ESPUMA 3 MM;BAC0200071027;Unidad;PRODUCCION;BACKING;1;1;;1;1;;Ventas;;Mercaderías;;Costo de la mercadería;
Producto;Si;No;No;GOMA EVA NEGRA 2 MM;BAC0200081126;Unidad;PRODUCCION;BACKING;1;1;;1;1;;Ventas;;Mercaderías;;Costo de la mercadería;
Producto;Si;No;No;FORRERIA SILVER 100% POLIESTER;BAC0300090328;Unidad;PRODUCCION;BACKING;1;1;;1;1;;Ventas;;Mercaderías;;Costo de la mercadería;
Producto;Si;No;No;PVC CRISTAL N5;BAC0900100161;Unidad;PRODUCCION;BACKING;1;1;;1;1;;Ventas;;Mercaderías;;Costo de la mercadería;
Producto;Si;No;Si;PHONEBAG TAURUS BRIDGE SUELA;MG010780302;Unidad;MARRO GRANDE;PHONEBAG;88990;88990;;88990;88990;;Ventas;;Mercaderías;;Costo de la mercadería;
Producto;Si;No;No;AGUJAS BEKA BP 14/90 OVERLOCK (778202);OM01012001;Unidad;PRODUCCION;AGUJAS X10;1;1;;1;1;;Ventas;;Mercaderías;;Costo de la mercadería;
Producto;Si;No;No;CINTA NEGRO/BLANCO/NEGRO/BLANCO/NEGRO 50MM;AV1101960560;Metro;PRODUCCION;AVIOS;1;1;;1;1;;Ventas;;Mercaderías;;Costo de la mercadería;
Producto;Si;No;No;CINTA POLIESTER ROJO/BLANCO/ROJO/BLANCO/ROJO 50MM;AV1101970560;Metro;PRODUCCION;AVIOS;1;1;;1;1;;Ventas;;Mercaderías;;Costo de la mercadería;
Producto;Si;No;No;CINTA POLIESTER ROJO/AZUL/ROJO/AZUL/ROJO 50MM;AV1101980560;Metro;PRODUCCION;AVIOS;1;1;;1;1;;Ventas;;Mercaderías;;Costo de la mercadería;
Producto;Si;No;No;CINTA POLIESTER LILA/CELESTE/BLANCO 50MM;AV1101990560;Metro;PRODUCCION;AVIOS;1;1;;1;1;;Ventas;;Mercaderías;;Costo de la mercadería;
Producto;Si;No;No;CINTA NEGRO/BLANCO/NEGRO/BLANCO/NEGRO 50MM;AV1102000560;Metro;PRODUCCION;AVIOS;1;1;;1;1;;Ventas;;Mercaderías;;Costo de la mercadería;
Producto;Si;No;No;CINTA NEGRO/BLANCO/NEGRO/BLANCO/NEGRO 40MM;AV1102010560;Metro;PRODUCCION;AVIOS;1;1;;1;1;;Ventas;;Mercaderías;;Costo de la mercadería;
?Producto;Si;No;No;CINTA POLIESTER ROJO/BLANCO/ROJO/BLANCO/ROJO 40MM;AV1102020560;Unidad;PRODUCCION;AVIOS;1;1;;1;1;;Ventas;;Mercaderías;;Costo de la mercadería;
Producto;Si;No;No;CINTA POLIESTER ROJO/AZUL/ROJO/AZUL/ROJO 40MM;AV1102030560;Metro;PRODUCCION;AVIOS;1;1;;1;1;;Ventas;;Mercaderías;;Costo de la mercadería;
Producto;Si;No;No;CINTA POLIESTER LISA NEGRA 10MM;AV1102040526;Metro;PRODUCCION;AVIOS;1;1;;1;1;;Ventas;;Mercaderías;;Costo de la mercadería;
Producto;Si;No;No;CINTA POLIESTER GRIS/NARANJA/GRIS 10MM;AV1102050560;Metro;PRODUCCION;AVIOS;1;1;;1;1;;Ventas;;Mercaderías;;Costo de la mercadería;
Producto;Si;No;No;CINTA POLIESTER ROJO/BLANCO/ROJO 10MM;AV1102060560;Metro;PRODUCCION;AVIOS;1;1;;1;1;;Ventas;;Mercaderías;;Costo de la mercadería;
Producto;Si;No;No;CINTA LISA CRUDO 12MM;AV1102070527;Metro;PRODUCCION;AVIOS;1;1;;1;1;;Ventas;;Mercaderías;;Costo de la mercadería;
Producto;Si;No;No;CINTA LISA CRUDO 15MM;AV1102080527;Metro;PRODUCCION;AVIOS;1;1;;1;1;;Ventas;;Mercaderías;;Costo de la mercadería;
Producto;Si;No;No;CINTA POLIESTER LISA TRENCILLA 25MM CRUDO;AV1102090527;Metro;PRODUCCION;AVIOS;1;1;;1;1;;Ventas;;Mercaderías;;Costo de la mercadería;
Producto;Si;No;No;CINTA POLIESTER LISA BEIGE 30MM;AV1102100512;Metro;PRODUCCION;AVIOS;1;1;;1;1;;Ventas;;Mercaderías;;Costo de la mercadería;
Producto;Si;No;No;CINTA POLIESTER LISA BEIGE 40MM;AV1102110512;Metro;PRODUCCION;AVIOS;1;1;;1;1;;Ventas;;Mercaderías;;Costo de la mercadería;
Producto;Si;No;No;CINTA POLIESTER LISA CARAMELO 40MM;AV1102120525;Metro;PRODUCCION;AVIOS;1;1;;1;1;;Ventas;;Mercaderías;;Costo de la mercadería;
Producto;Si;No;No;CINTA ACRILICO LISA NEGRO 40MM;AV1102130726;Metro;PRODUCCION;AVIOS;1;1;;1;1;;Ventas;;Mercaderías;;Costo de la mercadería;
Producto;Si;No;No;CINTA ACRILICO LISA BEIGE 40MM;AV1102140712;Metro;PRODUCCION;AVIOS;1;1;;1;1;;Ventas;;Mercaderías;;Costo de la mercadería;
Producto;Si;No;Si;CARTERA AMARILLA SET SOBRE IGUANA CARAMELO;MG010710703;Unidad;MARRO GRANDE;CARTERA;167990;159990;;159990;159990;;Ventas;;Mercaderías;;Costo de la mercadería;
Producto;Si;No;Si;CARTERA AMARILLA SET SOBRE IGUANA VERDE;MG010710710;Unidad;MARRO GRANDE;CARTERA;167990;139990;;139990;139990;;Ventas;;Mercaderías;;Costo de la mercadería;
Producto;Si;No;Si;CINTURON MIA NIQUEL BRIDGE NEGRO S;MC050120301-S;Unidad;CINTURON;CINTURON;39990;39990;;39990;39990;;Ventas;;Mercaderías;;Costo de la mercadería;
Producto;Si;No;Si;CINTURON MIA NIQUEL BRIDGE NEGRO M;MC050120301-M;Unidad;CINTURON;CINTURON;39990;39990;;39990;39990;;Ventas;;Mercaderías;;Costo de la mercadería;
Producto;Si;No;Si;CINTURON MIA NIQUEL BRIDGE NEGRO L;MC050120301-L;Unidad;CINTURON;CINTURON;39990;39990;;39990;39990;;Ventas;;Mercaderías;;Costo de la mercadería;
Producto;Si;No;Si;CINTURON MIA NIQUEL BRIDGE CARAMELO S;MC050120303-S;Unidad;CINTURON;CINTURON;39990;39990;;39990;39990;;Ventas;;Mercaderías;;Costo de la mercadería;
Producto;Si;No;Si;CINTURON MIA NIQUEL BRIDGE CARAMELO M;MC050120303-M;Unidad;CINTURON;CINTURON;39990;39990;;39990;39990;;Ventas;;Mercaderías;;Costo de la mercadería;
Producto;Si;No;Si;CINTURON MIA NIQUEL BRIDGE CARAMELO L;MC050120303-L;Unidad;CINTURON;CINTURON;39990;39990;;39990;39990;;Ventas;;Mercaderías;;Costo de la mercadería;
Producto;Si;No;Si;CINTURON MIA NIQUEL BRIDGE ROJO S;MC050120307-S;Unidad;CINTURON;CINTURON;39990;39990;;39990;39990;;Ventas;;Mercaderías;;Costo de la mercadería;
Producto;Si;No;Si;CINTURON MIA NIQUEL BRIDGE ROJO M;MC050120307-M;Unidad;CINTURON;CINTURON;39990;39990;;39990;39990;;Ventas;;Mercaderías;;Costo de la mercadería;
Producto;Si;No;Si;CINTURON MIA NIQUEL BRIDGE AZUL S;MC050120309-S;Unidad;CINTURON;CINTURON;39990;39990;;39990;39990;;Ventas;;Mercaderías;;Costo de la mercadería;
Producto;Si;No;Si;CINTURON MIA NIQUEL BRIDGE AZUL M;MC050120309-M;Unidad;CINTURON;CINTURON;39990;39990;;39990;39990;;Ventas;;Mercaderías;;Costo de la mercadería;
Producto;Si;No;Si;CINTURON MIA NIQUEL BRIDGE AZUL L;MC050120309-L;Unidad;CINTURON;CINTURON;39990;39990;;39990;39990;;Ventas;;Mercaderías;;Costo de la mercadería;
Producto;Si;No;Si;CINTURON MIA NIQUEL BRIDGE TABACO S;MC050120304-S;Unidad;CINTURON;CINTURON;39990;39990;;39990;39990;;Ventas;;Mercaderías;;Costo de la mercadería;
Producto;Si;No;Si;CINTURON MIA NIQUEL BRIDGE TABACO M;MC050120304-M;Unidad;CINTURON;CINTURON;39990;39990;;39990;39990;;Ventas;;Mercaderías;;Costo de la mercadería;
Producto;Si;No;Si;CINTURON MIA NIQUEL BRIDGE TABACO L;MC050120304-L;Unidad;CINTURON;CINTURON;39990;39990;;39990;39990;;Ventas;;Mercaderías;;Costo de la mercadería;
Producto;Si;No;Si;CINTURON MIA NIQUEL BRIDGE VERDE S;MC050120310-S;Unidad;CINTURON;CINTURON;39990;39990;;39990;39990;;Ventas;;Mercaderías;;Costo de la mercadería;
Producto;Si;No;Si;CINTURON MIA NIQUEL BRIDGE VERDE M;MC050120310-M;Unidad;CINTURON;CINTURON;39990;39990;;39990;39990;;Ventas;;Mercaderías;;Costo de la mercadería;
Producto;Si;No;Si;CINTURON MIA NIQUEL BRIDGE VERDE L;MC050120310-L;Unidad;CINTURON;CINTURON;39990;39990;;39990;39990;;Ventas;;Mercaderías;;Costo de la mercadería;
Producto;Si;No;Si;CINTURON MIA NIQUEL BRIDGE ROJO L;MC050120307-L;Unidad;CINTURON;CINTURON;39990;39990;;39990;39990;;Ventas;;Mercaderías;;Costo de la mercadería;
Producto;Si;No;Si;PRODUCTO MARRO OUTLET;OUT0019;Unidad;OUTLET;OUTLET;490;490;;490;490;;Ventas;;Mercaderías;;Costo de la mercadería;
Producto;Si;No;Si;BILLETERA KEY IGUANA CARAMELO;MC020200703;Unidad;MARRO CHICA;BILLETERA;0;44990;;44990;44990;;Ventas;;Mercaderías;;Costo de la mercadería;
Producto;Si;No;Si;BILLETERA KEY IGUANA ROJO;MC020200707;Unidad;MARRO CHICA;BILLETERA;0;44990;;44990;44990;;Ventas;;Mercaderías;;Costo de la mercadería;
Producto;Si;No;Si;BILLETERA KEY IGUANA AZUL;MC020200709;Unidad;MARRO CHICA;BILLETERA;0;44990;;44990;44990;;Ventas;;Mercaderías;;Costo de la mercadería;
Producto;Si;No;Si;CARTERA AMARILLA SET SOBRE BRIDGE AZUL;MG010710309;Unidad;MARRO GRANDE;CARTERA;64990;159990;;159990;159990;;Ventas;;Mercaderías;;Costo de la mercadería;
Producto;Si;No;No;ROUEZ PATIN 14 MM (TACHA) NIQUEL;AV0402150101;Unidad;PRODUCCION;AVIOS;1;1;;1;1;;Ventas;;Mercaderías;;Costo de la mercadería;
Producto;Si;No;Si;PORTAPASAPORTE RON IGUANA CARAMELO;MC020120703;Unidad;MARRO CHICA;PORTAPASAPORTE;15990;15990;;15990;15990;;Ventas;;Mercaderías;;Costo de la mercadería;
Producto;Si;No;Si;PORTAPASAPORTE RON IGUANA AZUL;MC020120709;Unidad;MARRO CHICA;PORTAPASAPORTE;15990;15990;;15990;15990;;Ventas;;Mercaderías;;Costo de la mercadería;
Producto;Si;No;Si;PORTAPASAPORTE RON IGUANA VERDE;MC020120710;Unidad;MARRO CHICA;PORTAPASAPORTE;15990;15990;;15990;15990;;Ventas;;Mercaderías;;Costo de la mercadería;
Producto;Si;No;No;CINTA POLIESTER LISA 30 MM CARAMELO;AV1101590525;Metro;PRODUCCION;CINTA;1;1;;1;1;;Ventas;;Mercaderías;;Costo de la mercadería;
Producto;Si;No;No;CINTA POLIESTER LISA  25MM  CARAMELO;AV1101640525;Servicio;PRODUCCION;CINTA;1;1;;1;1;;Ventas;;Mercaderías;;Costo de la mercadería;
Producto;Si;No;Si;producto de prueba;prueba123;Unidad;;;1;1;21;1,21;1;;Ventas;;Mercaderías;;Costo de la mercadería;
Producto;Si;No;No;NAPOLITANA CUERO GAMUZA TAUPE;CUE0200506;Metro;PRODUCCION;GAMUZA;1;1;;1;1;;Ventas;;Mercaderías;;Costo de la mercadería;
Producto;Si;No;Si;NECESSAIRE BRIDGE SUELA;MC010010302;Unidad;MARRO CHICA;NECESSAIRE;119990;121990;;121990;121990;;Ventas;;Mercaderías;;Costo de la mercadería;
Producto;Si;No;No;NAPOLITANA CUERO GAMUZA MIEL;CUE0200560;Metro;PRODUCCION;GAMUZA;1;1;;1;1;;Ventas;;Mercaderías;;Costo de la mercadería;
Producto;Si;No;Si;PRODUCTO OUTLET 19990;OUT19990;Unidad;OUTLET;PRODUCTO MARRO OUTLET;19990;19990;;19990;19990;;Ventas;;Mercaderías;;Costo de la mercadería;
Producto;Si;No;Si;BILLETERA LUCA IGUANA CARAMELO;MC020220703;Unidad;MARRO CHICA;BILLETERA;45990;49990;;49990;49990;;Ventas;;Mercaderías;;Costo de la mercadería;
Producto;Si;No;No;ARENA CUERO BRIDGE MALBEC;CUE0100361;Metro;PRODUCCION;CUERO;1;1;;1;1;;Ventas;;Mercaderías;;Costo de la mercadería;
Producto;Si;No;Si;MONEDERO GRACE IGUANA CARAMELO;MC020290703;Unidad;MARRO CHICA;MONEDERO;24990;26990;;26990;26990;;Ventas;;Mercaderías;;Costo de la mercadería;
Producto;Si;No;Si;MONEDERO GRACE IGUANA NEGRO;MC020290701;Unidad;MARRO CHICA;MONEDERO;24990;26990;;26990;26990;;Ventas;;Mercaderías;;Costo de la mercadería;
Producto;Si;No;Si;MONEDERO GRACE IGUANA ROJO;MC020290707;Unidad;MARRO CHICA;MONEDERO;24990;26990;;26990;26990;;Ventas;;Mercaderías;;Costo de la mercadería;
Producto;Si;No;Si;MONEDERO GRACE IGUANA AZUL;MC020290709;Unidad;MARRO CHICA;MONEDERO;24990;26990;;26990;26990;;Ventas;;Mercaderías;;Costo de la mercadería;
Producto;Si;No;Si;TARJETERO BILL NAPADO CARAMELO;MC020260103;Unidad;MARRO CHICA;TARJETERO;18990;21990;;21990;21990;;Ventas;;Mercaderías;;Costo de la mercadería;
Producto;Si;No;No;ROUEZ MOSQUETÓN ANZUELO CHICO P/25 (CALIDAD LUCERO);AV0400580101;Unidad;PRODUCCION;AVIOS;1;1;;1;1;;Ventas;;Mercaderías;;Costo de la mercadería;
Producto;Si;No;Si;TARJETERO ARIES TAMPONATO SUELA;MC020100202;Unidad;MARRO CHICA;TARJETERO;9990;9990;;9990;9990;;Ventas;;Mercaderías;;Costo de la mercadería;
Producto;Si;No;No;ROUEZ PATIN 14 MM (TACHA) NIQUEL;AV0402160101;Unidad;PRODUCCION;AVIOS;1;1;;1;1;;Ventas;;Mercaderías;;Costo de la mercadería;
Producto;Si;No;Si;BANDOLERA ANTONIETA NAPADO SUELA;MG010690102;Unidad;MARRO GRANDE;BANDOLERA;134990;139990;;139990;139990;;Ventas;;Mercaderías;;Costo de la mercadería;
Producto;Si;No;Si;BANDOLERA ANTONIETA NAPADO AZUL;MG010690109;Unidad;MARRO GRANDE;BANDOLERA;134990;139990;;139990;139990;;Ventas;;Mercaderías;;Costo de la mercadería;
Producto;Si;No;Si;BANDOLERA ANTONIETA NAPADO VERDE;MG010690110;Unidad;MARRO GRANDE;BANDOLERA;134990;139990;;139990;139990;;Ventas;;Mercaderías;;Costo de la mercadería;
Producto;Si;No;Si;BANDOLERA ANTONIETA NAPADO ROJO;MG010690107;Unidad;MARRO GRANDE;BANDOLERA;134990;139990;;139990;139990;;Ventas;;Mercaderías;;Costo de la mercadería;
Producto;Si;No;Si;CARTERA AMARILLA SET SOBRE GAMUZA TABACO/NEGRO;MG010710504-1;Unidad;MARRO GRANDE;CARTERA;64990;159990;;159990;159990;;Ventas;;Mercaderías;;Costo de la mercadería;
Producto;Si;No;Si;CARTERA AMARILLA SET SOBRE GAMUZA AVELLANA/TABACO;MG010710555-4;Unidad;MARRO GRANDE;CARTERA;165990;159990;;159990;159990;;Ventas;;Mercaderías;;Costo de la mercadería;
Producto;Si;No;Si;BANDOLERA VICENTA NAPADO SUELA;MG010700102;Unidad;MARRO GRANDE;BANDOLERA;94990;99990;;99990;99990;;Ventas;;Mercaderías;;Costo de la mercadería;
Producto;Si;No;Si;BANDOLERA VICENTA NAPADO AZUL;MG010700109;Unidad;MARRO GRANDE;BANDOLERA;94990;99990;;99990;99990;;Ventas;;Mercaderías;;Costo de la mercadería;
Producto;Si;No;Si;BANDOLERA VICENTA NAPADO ROJO;MG010700107;Unidad;MARRO GRANDE;BANDOLERA;94990;99990;;99990;99990;;Ventas;;Mercaderías;;Costo de la mercadería;
Producto;Si;No;Si;BANDOLERA VICENTA NAPADO VERDE;MG010700110;Unidad;MARRO GRANDE;BANDOLERA;64990;99990;;99990;99990;;Ventas;;Mercaderías;;Costo de la mercadería;
Producto;Si;No;No;ESPAGUETTI  PVC 2.5 MM NEGRO;AV1002170326;Metro;PRODUCCION;AVIOS;1;1;;1;1;;Ventas;;Mercaderías;;Costo de la mercadería;
Producto;Si;No;Si;CARTERA AMARILLA SET SOBRE BRIDGE MALBEC;MG010710315;Unidad;MARRO GRANDE;CARTERA;165990;159990;;159990;159990;;Ventas;;Mercaderías;;Costo de la mercadería;
Producto;Si;No;No;HILO NYLON N°60 SALMON 86;AV1401270846;Unidad;AVIOS;HILOS;1;1;;1;1;;Ventas;;Mercaderías;;Costo de la mercadería;
Producto;Si;No;Si;BANDOLERA ANTONIETA GAMUZA CAFE;MG010690558;Unidad;MARRO GRANDE;BANDOLERA;134990;134990;;134990;134990;;Ventas;;Mercaderías;;Costo de la mercadería;
Producto;Si;No;No;YKK DESLIZADOR METAL N5 C/TIRACIERRE COLOR NEGRO P/CADENA VISLON;AV0102180126;Unidad;PRODUCCION;AVIOS;1;1;;1;1;;Ventas;;Mercaderías;;Costo de la mercadería;
Producto;Si;No;No;YKK CIERRE VISLON N5 NEGRO 580;AV0102190303;Metro;PRODUCCION;AVIOS;1;1;;1;1;;Ventas;;Mercaderías;;Costo de la mercadería;
Producto;Si;No;Si;BANDOLERA VICENTA GAMUZA CAFE;MG010700558;Unidad;MARRO GRANDE;BANDOLERA;94990;99990;;99990;99990;;Ventas;;Mercaderías;;Costo de la mercadería;
Producto;Si;No;Si;CARTERA APHOLO SET SOBRE BRIDGE NEGRO;MG010720301;Unidad;MARRO GRANDE;CARTERA;199990;199990;;199990;199990;;Ventas;;Mercaderías;;Costo de la mercadería;
Producto;Si;No;Si;CARTERA APHOLO SET SOBRE BRIDGE AZUL;MG010720309;Unidad;MARRO GRANDE;CARTERA;69990;199990;;199990;199990;;Ventas;;Mercaderías;;Costo de la mercadería;
Producto;Si;No;Si;CARTERA AMARILLA SET SOBRE GAMUZA TABACO/TABACO;MG010710504-4;Unidad;MARRO GRANDE;CARTERA;165990;159990;;159990;159990;;Ventas;;Mercaderías;;Costo de la mercadería;
Producto;Si;No;Si;CARTERA MINI APHOLO SET SOBRE GAMUZA MOSTAZA/TABACO;MG010730551;Unidad;MARRO GRANDE;CARTERA;165990;165990;;165990;165990;;Ventas;;Mercaderías;;Costo de la mercadería;
Producto;Si;No;Si;CARTERA AMARILLA SET SOBRE GAMUZA CHOCOLATE/NEGRO;MG010710552-1;Unidad;MARRO GRANDE;CARTERA;165990;159990;;159990;159990;;Ventas;;Mercaderías;;Costo de la mercadería;
Producto;Si;No;No;YKK CIERRE MONOFILAMENTO N3 GRIS 860;AV0100020332;Metro;PRODUCCION;AVIOS;1;1;;1;1;;Ventas;;Mercaderías;;Costo de la mercadería;
Producto;Si;No;Si;BILLETERA COPAHUE NAPADO NEGRO;MC020400101;Unidad;MARRO CHICA;BILLETERA;65990;69990;;69990;69990;;Ventas;;Mercaderías;;Costo de la mercadería;
Producto;Si;No;Si;BILLETERA COPAHUE NAPADO CARAMELO;MC020400103;Unidad;MARRO CHICA;BILLETERA;65990;69990;;69990;69990;;Ventas;;Mercaderías;;Costo de la mercadería;
Producto;Si;No;Si;BILLETERA COPAHUE NAPADO SUELA;MC020400102;Unidad;MARRO CHICA;BILLETERA;65990;69990;;69990;69990;;Ventas;;Mercaderías;;Costo de la mercadería;
Producto;Si;No;Si;BILLETERA COPAHUE NAPADO AZUL;MC020400109;Unidad;MARRO CHICA;BILLETERA;65990;69990;;69990;69990;;Ventas;;Mercaderías;;Costo de la mercadería;
Producto;Si;No;Si;BILLETERA COPAHUE NAPADO ROJO;MC020400107;Unidad;MARRO CHICA;BILLETERA;65990;69990;;69990;69990;;Ventas;;Mercaderías;;Costo de la mercadería;
Producto;Si;No;Si;BILLETERA COPAHUE NAPADO VERDE;MC020400110;Unidad;MARRO CHICA;BILLETERA;65990;69990;;69990;69990;;Ventas;;Mercaderías;;Costo de la mercadería;
Producto;Si;No;Si;TARJETERO KENNY NAPADO CARAMELO;MC020280103;Unidad;MARRO CHICA;BILLETERA;55990;59990;;59990;59990;;Ventas;;Mercaderías;;Costo de la mercadería;
Producto;Si;No;Si;TARJETERO KENNY NAPADO SUELA;MC020280102;Unidad;MARRO CHICA;BILLETERA;55990;59990;;59990;59990;;Ventas;;Mercaderías;;Costo de la mercadería;
Producto;Si;No;Si;TARJETERO KENNY NAPADO AZUL;MC020280109;Unidad;MARRO CHICA;BILLETERA;55990;59990;;59990;59990;;Ventas;;Mercaderías;;Costo de la mercadería;
Producto;Si;No;Si;TARJETERO KENNY NAPADO ROJO;MC020280107;Unidad;MARRO CHICA;BILLETERA;55990;59990;;59990;59990;;Ventas;;Mercaderías;;Costo de la mercadería;
Producto;Si;No;Si;TARJETERO KENNY NAPADO VERDE;MC020280110;Unidad;MARRO CHICA;BILLETERA;55990;59990;;59990;59990;;Ventas;;Mercaderías;;Costo de la mercadería;
Producto;Si;No;Si;MOCHILA MARCOS BRIDGE AZUL;MG010190309;Unidad;MARRO GRANDE;MOCHILA;249990;429990;;429990;429990;;Ventas;;Mercaderías;;Costo de la mercadería;
Producto;Si;No;Si;PORTAPASAPORTE CHESTER BRIDGE MALBEC;MC020140315;Unidad;MARRO CHICA;PORTAPASAPORTE;15990;16990;;16990;16990;;Ventas;;Mercaderías;;Costo de la mercadería;
Producto;Si;No;Si;PORTABILLETES CRATER NAPADO TABACO;MC020490104;Unidad;MARRO CHICA;PORTABILLETES;28990;28990;;28990;28990;;Ventas;;Mercaderías;;Costo de la mercadería;
Producto;Si;No;Si;PORTABILLETES CRATER NAPADO AZUL;MC020490109;Unidad;MARRO CHICA;PORTABILLETES;28990;28990;;28990;28990;;Ventas;;Mercaderías;;Costo de la mercadería;
Producto;Si;No;Si;PORTALENTES LUZ BRIDGE MALBEC;MC020170315;Unidad;MARRO CHICA;PORTALENTES;12990;13990;;13990;13990;;Ventas;;Mercaderías;;Costo de la mercadería;
Producto;Si;No;Si;CARTERA YARA BRIDGE NEGRO;MG010600301;Unidad;MARRO GRANDE;BANDOLERA;159990;174990;;174990;174990;;Ventas;;Mercaderías;;Costo de la mercadería;
Producto;Si;No;Si;CARTERA YARA BRIDGE TABACO;MG010600304;Unidad;MARRO GRANDE;CARTERA;159990;174990;;174990;174990;;Ventas;;Mercaderías;;Costo de la mercadería;
Producto;Si;No;Si;CARTERA YARA BRIDGE VERDE;MG010600310;Unidad;MARRO GRANDE;CARTERA;159990;174990;;174990;174990;;Ventas;;Mercaderías;;Costo de la mercadería;
Producto;Si;No;No;HILO POLYESTER N°60 NEGRO 52;AV1401254060;Unidad;PRODUCCION;HILO;1;1;;1;1;;Ventas;;Mercaderías;;Costo de la mercadería;
Producto;Si;No;No;HILO POLYESTER N°60 BEIGE 202;AV1401255460;Unidad;PRODUCCION;HILOS;1;1;;1;1;;Ventas;;Mercaderías;;Costo de la mercadería;
Producto;Si;No;Si;CARTERA YARA BRIDGE CARAMELO;MG010600303;Unidad;MARRO GRANDE;BANDOLERA;159990;174990;;174990;174990;;Ventas;;Mercaderías;;Costo de la mercadería;
Producto;Si;No;Si;CARTERA YARA BRIDGE ROJO;MG010600307;Unidad;MARRO GRANDE;BANDOLERA;159990;174990;;174990;174990;;Ventas;;Mercaderías;;Costo de la mercadería;
Producto;Si;No;Si;CARTERA YARA BRIDGE AZUL;MG010600309;Unidad;MARRO GRANDE;BANDOLERA;159990;139990;;139990;139990;;Ventas;;Mercaderías;;Costo de la mercadería;
Producto;Si;No;Si;BILLETERA OSADIA NAPADO AZUL;MC020210109;Unidad;MARRO CHICA;BILLETERA;89990;95990;;95990;95990;;Ventas;;Mercaderías;;Costo de la mercadería;
Producto;Si;No;Si;BILLETERA OSADIA NAPADO VERDE;MC020210110;Unidad;MARRO CHICA;BILLETERA;89990;95990;;95990;95990;;Ventas;;Mercaderías;;Costo de la mercadería;
Producto;Si;No;Si;CARTERA MALKA BRIDGE NEGRO;MG010020301;Unidad;MARRO GRANDE;CARTERA;40990;40990;;40990;40990;;Ventas;;Mercaderías;;Costo de la mercadería;
Producto;Si;No;Si;CARTERA MALKA BRIDGE CARAMELO;MG010020303;Unidad;MARRO GRANDE;CARTERA;40990;40990;;40990;40990;;Ventas;;Mercaderías;;Costo de la mercadería;
Producto;Si;No;Si;CARTUCHERA MONT FULL BLACK BRIDGE NEGRO;MC020160301;Unidad;MARRO CHICA;CARTUCHERA;34990;39990;;39990;39990;;Ventas;;Mercaderías;;Costo de la mercadería;
Producto;Si;No;Si;NECESSAIRE MINI MARCOS FULL BLACK BRIDGE NEGRO;MG010460301;Unidad;MARRO GRANDE;NECESSAIRE;99990;104990;;104990;104990;;Ventas;;Mercaderías;;Costo de la mercadería;
Producto;Si;No;Si;BOLSO URBANO FULL BLACK BRIDGE NEGRO;MG010440301;Unidad;MARRO GRANDE;BOLSO;214990;199990;;199990;199990;;Ventas;;Mercaderías;;Costo de la mercadería;
Producto;Si;No;Si;RIÑONERA EVAN CH FULL BLACK BRIDGE NEGRO;MG010340301;Unidad;MARRO GRANDE;RIÑONERA;117990;124990;;124990;124990;;Ventas;;Mercaderías;;Costo de la mercadería;
Producto;Si;No;Si;RIÑONERA EVAN GD FULL BLACK BRIDGE NEGRO;MG010230301;Unidad;MARRO GRANDE;RIÑONERA;127990;139990;;139990;139990;;Ventas;;Mercaderías;;Costo de la mercadería;
Producto;Si;No;Si;PORTALAPTOP LES FULL BLACK BRIDGE NEGRO;MG010160301;Unidad;MARRO GRANDE;PORTALAPTOP;112990;112990;;112990;112990;;Ventas;;Mercaderías;;Costo de la mercadería;
Producto;Si;No;Si;MOCHILA PORTIA FULL BLACK BRIDGE NEGRO;MG010180301;Unidad;MARRO GRANDE;MOCHILA;279990;299990;;299990;299990;;Ventas;;Mercaderías;;Costo de la mercadería;
Producto;Si;No;Si;BILLETERA KEY FULL BLACK BRIDGE NEGRO;MC020090301;Unidad;MARRO CHICA;BILLETERA;0;44990;;44990;44990;;Ventas;;Mercaderías;;Costo de la mercadería;
Producto;Si;No;Si;NECESSAIRE LANIN FULL BLACK BRIDGE NEGRO;MG010520301;Unidad;MARRO GRANDE;NECESSAIRE;94990;99990;;99990;99990;;Ventas;;Mercaderías;;Costo de la mercadería;
Producto;Si;No;Si;PRODUCTO OUTLET 20990;OUT20990;Unidad;OUTLET;PRODUCTO MARRO OUTLET;20990;20990;;20990;20990;;Ventas;;Mercaderías;;Costo de la mercadería;
Producto;Si;No;Si;PRODUCTO OUTLET 40990;OUT40990;Unidad;OUTLET;PRODUCTO MARRO OUTLET;40990;40990;;40990;40990;;Ventas;;Mercaderías;;Costo de la mercadería;
Producto;Si;No;Si;PHONEBAG TAURUS FULL BLACK BRIDGE NEGRO;MG010490301;Unidad;MARRO GRANDE;PHONEBAG;88990;88990;;88990;88990;;Ventas;;Mercaderías;;Costo de la mercadería;
Producto;Si;No;Si;TARJETERO HARRY NAPADO AZUL;MC020150109;Unidad;MARRO CHICA;TARJETERO;26990;29990;;29990;29990;;Ventas;;Mercaderías;;Costo de la mercadería;
Producto;Si;No;Si;PRODUCTO OUTLET 25990;OUT25990;Unidad;OUTLET;OUTLET;25990;25990;;25990;25990;;Ventas;;Mercaderías;;Costo de la mercadería;
Producto;Si;No;No;HILO POLYESTER N°60 ROJIZO 59;AV1401250545;Unidad;AVIOS;HILO;1;1;;1;1;;Ventas;;Mercaderías;;Costo de la mercadería;
Producto;Si;No;Si;BANDOLERA VICENTA NAPADO CARAMELO;MG010700103;Unidad;MARRO GRANDE;BANDOLERA;94990;99990;;99990;99990;;Ventas;;Mercaderías;;Costo de la mercadería;
Producto;Si;No;No;YKK DESLIZADOR PARA METAL/ALUMINIO N5 ARGOLLITA (FITA) NEGRO;AV0101040126;Unidad;AVIOS;AVIOS;1;1;;1;1;;Ventas;;Mercaderías;;Costo de la mercadería;
Producto;Si;No;Si;GORRO ESPIGA TELA GRIS CLARO S;OT090230012-S;Unidad;ACCESORIOS;GORRO ESPIGA;19990;9990;;9990;9990;;Ventas;;Mercaderías;;Costo de la mercadería;
Producto;Si;No;Si;GORRO ESPIGA TELA GRIS CLARO M;OT090230012-M;Unidad;ACCESORIOS;GORRO ESPIGA;9990;9990;;9990;9990;;Ventas;;Mercaderías;;Costo de la mercadería;
Producto;Si;No;Si;GORRO ESPIGA TELA GRIS CLARO L;OT090230012-L;Unidad;ACCESORIOS;GORRO ESPIGA;0;9990;;9990;9990;;Ventas;;Mercaderías;;Costo de la mercadería;
Producto;Si;No;Si;GORRO ESPIGA TELA GRIS CLARO XL;OT090230012-XL;Unidad;ACCESORIOS;GORRO ESPIGA;19990;9990;;9990;9990;;Ventas;;Mercaderías;;Costo de la mercadería;
Producto;Si;No;Si;GORRO ESPIGA TELA GRIS CLARO XXL;OT090230012-XXL;Unidad;ACCESORIOS;GORRO ESPIGA;19990;9990;;9990;9990;;Ventas;;Mercaderías;;Costo de la mercadería;
Producto;Si;No;Si;GORRO ESPIGA TELA AZULINO S;OT090230009-S;Unidad;ACCESORIOS;GORRO ESPIGA;19990;9990;;9990;9990;;Ventas;;Mercaderías;;Costo de la mercadería;
Producto;Si;No;Si;GORRO ESPIGA TELA AZULINO M;OT090230009-M;Unidad;ACCESORIOS;GORRO ESPIGA;19990;9990;;9990;9990;;Ventas;;Mercaderías;;Costo de la mercadería;
Producto;Si;No;Si;GORRO ESPIGA TELA AZULINO L;OT090230009-L;Unidad;ACCESORIOS;GORRO ESPIGA;19990;9990;;9990;9990;;Ventas;;Mercaderías;;Costo de la mercadería;
Producto;Si;No;Si;GORRO ESPIGA TELA AZULINO XL;OT090230009-XL;Unidad;ACCESORIOS;GORRO ESPIGA;19990;9990;;9990;9990;;Ventas;;Mercaderías;;Costo de la mercadería;
Producto;Si;No;Si;GORRO ESPIGA TELA AZULINO XXL;OT090230009-XXL;Unidad;ACCESORIOS;GORRO ESPIGA;19990;9990;;9990;9990;;Ventas;;Mercaderías;;Costo de la mercadería;
Producto;Si;No;Si;SOMBRERO TRENZA BRIDGE CARAMELO S;OT090210303-S;Unidad;ACCESORIOS;SOMBRERO;39990;39990;;39990;39990;;Ventas;;Mercaderías;;Costo de la mercadería;
Producto;Si;No;Si;SOMBRERO TRENZA BRIDGE CARAMELO M;OT090210303-M;Unidad;ACCESORIOS;SOMBRERO;39990;39990;;39990;39990;;Ventas;;Mercaderías;;Costo de la mercadería;
Producto;Si;No;Si;SOMBRERO TRENZA BRIDGE CARAMELO L;OT090210303-L;Unidad;ACCESORIOS;SOMBRERO;39990;39990;;39990;39990;;Ventas;;Mercaderías;;Costo de la mercadería;
Producto;Si;No;Si;SOMBRERO TRENZA BRIDGE CARAMELO XL;OT090210303-XL;Unidad;ACCESORIOS;SOMBRERO;39990;39990;;39990;39990;;Ventas;;Mercaderías;;Costo de la mercadería;
Producto;Si;No;Si;SOMBRERO TRENZA BRIDGE CARAMELO XXL;OT090210303-XXL;Unidad;ACCESORIOS;SOMBRERO;39990;39990;;39990;39990;;Ventas;;Mercaderías;;Costo de la mercadería;
Producto;Si;No;Si;GORRO PAÑO TELA NEGRO S;OT090220001-S;Unidad;ACCESORIOS;GORRO;49990;49990;;49990;49990;;Ventas;;Mercaderías;;Costo de la mercadería;
Producto;Si;No;Si;GORRO PAÑO TELA NEGRO M;OT090220001-M;Unidad;ACCESORIOS;GORRO;49990;49990;;49990;49990;;Ventas;;Mercaderías;;Costo de la mercadería;
Producto;Si;No;Si;GORRO PAÑO TELA NEGRO L;OT090220001-L;Unidad;ACCESORIOS;GORRO;49990;49990;;49990;49990;;Ventas;;Mercaderías;;Costo de la mercadería;
Producto;Si;No;Si;GORRO PAÑO TELA NEGRO XL;OT090220001-XL;Unidad;ACCESORIOS;GORRO;49990;49990;;49990;49990;;Ventas;;Mercaderías;;Costo de la mercadería;
Producto;Si;No;Si;GORRO PAÑO TELA NEGRO XXL;OT090220001-XXL;Unidad;ACCESORIOS;GORRO;49990;49990;;49990;49990;;Ventas;;Mercaderías;;Costo de la mercadería;
Producto;Si;No;Si;GORRO PAÑO TELA AZUL S;OT090220009-S;Unidad;ACCESORIOS;GORRO;49990;49990;;49990;49990;;Ventas;;Mercaderías;;Costo de la mercadería;
Producto;Si;No;Si;GORRO PAÑO TELA AZUL M;OT090220009-M;Unidad;ACCESORIOS;GORRO;49990;49990;;49990;49990;;Ventas;;Mercaderías;;Costo de la mercadería;
Producto;Si;No;Si;GORRO PAÑO TELA AZUL L;OT090220009-L;Unidad;ACCESORIOS;GORRO;49990;49990;;49990;49990;;Ventas;;Mercaderías;;Costo de la mercadería;
?Producto;Si;No;Si;GORRO PAÑO TELA AZUL XL;OT090220009-XL;Unidad;ACCESORIOS;GORRO;49990;49990;;49990;49990;;Ventas;;Mercaderías;;Costo de la mercadería;
Producto;Si;No;Si;GORRO PAÑO TELA AZUL XXL;OT090220009-XXL;Unidad;ACCESORIOS;GORRO;49990;49990;;49990;49990;;Ventas;;Mercaderías;;Costo de la mercadería;
Producto;Si;No;Si;GORRO PAÑO TELA GRIS TOPO S;OT090220012-S;Unidad;ACCESORIOS;GORRO;49990;49990;;49990;49990;;Ventas;;Mercaderías;;Costo de la mercadería;
Producto;Si;No;Si;GORRO PAÑO TELA GRIS TOPO M;OT090220012-M;Unidad;ACCESORIOS;GORRO;49990;49990;;49990;49990;;Ventas;;Mercaderías;;Costo de la mercadería;
Producto;Si;No;Si;GORRO PAÑO TELA GRIS TOPO L;OT090220012-L;Unidad;ACCESORIOS;GORRO;49990;49990;;49990;49990;;Ventas;;Mercaderías;;Costo de la mercadería;
Producto;Si;No;Si;GORRO PAÑO TELA GRIS TOPO XL;OT090220012-XL;Unidad;ACCESORIOS;GORRO;49990;49990;;49990;49990;;Ventas;;Mercaderías;;Costo de la mercadería;
Producto;Si;No;Si;GORRO PAÑO TELA GRIS TOPO XXL;OT090220012-XXL;Unidad;ACCESORIOS;GORRO;49990;49990;;49990;49990;;Ventas;;Mercaderías;;Costo de la mercadería;
Producto;Si;No;No;YKK DESLIZADOR METAL N5 C/ TIRACIERRE ARGOLLA DE 20 MM COLOR NEGRO;AV0102200126;Unidad;AVIOS;AVIOS;1;1;;1;1;;Ventas;;Mercaderías;;Costo de la mercadería;
Producto;Si;No;No;DORSA ABROJO 30MM NEGRO FELPA-GANCHO;AV1802210726;Metro;AVIOS;ABROJO DOS COMPONENTES;1;1;;1;1;;Ventas;;Mercaderías;;Costo de la mercadería;
Producto;Si;No;No;DORSA ELASTICO 15MM NEGRO;AV1802220526;Metro;AVIOS;ELASTICO;1;1;;1;1;;Ventas;;Mercaderías;;Costo de la mercadería;
Producto;Si;No;Si;CARTERA AMARILLA SET SOBRE GAMUZA CAFE/TABACO;MG010710558;Unidad;MARRO GRANDE;CARTERA;165990;159990;;159990;159990;;Ventas;;Mercaderías;;Costo de la mercadería;
Producto;Si;No;Si;CINTURON REX 508 BRIDGE AZUL/MALBEC 85;MC050130309-85;Unidad;CINTURON;CINTURON;51990;51990;;51990;51990;;Ventas;;Mercaderías;;Costo de la mercadería;
Producto;Si;No;Si;CINTURON REX 508 BRIDGE AZUL/MALBEC 90;MC050130309-90;Unidad;CINTURON;CINTURON;51990;51990;;51990;51990;;Ventas;;Mercaderías;;Costo de la mercadería;
Producto;Si;No;Si;CINTURON REX 508 BRIDGE AZUL/MALBEC 95;MC050130309-95;Unidad;CINTURON;CINTURON;51990;51990;;51990;51990;;Ventas;;Mercaderías;;Costo de la mercadería;
Producto;Si;No;Si;CINTURON REX 508 BRIDGE AZUL/MALBEC 100;MC050130309-100;Unidad;CINTURON;CINTURON;51990;51990;;51990;51990;;Ventas;;Mercaderías;;Costo de la mercadería;
Producto;Si;No;Si;CINTURON REX 508 BRIDGE AZUL/MALBEC 105;MC050130309-105;Unidad;CINTURON;CINTURON;51990;51990;;51990;51990;;Ventas;;Mercaderías;;Costo de la mercadería;
Producto;Si;No;Si;CINTURON REX 508 BRIDGE AZUL/MALBEC 110;MC050130309-110;Unidad;CINTURON;CINTURON;51990;51990;;51990;51990;;Ventas;;Mercaderías;;Costo de la mercadería;
Producto;Si;No;Si;CINTURON REX 508 BRIDGE AZUL/MALBEC 115;MC050130309-115;Unidad;CINTURON;CINTURON;51990;51990;;51990;51990;;Ventas;;Mercaderías;;Costo de la mercadería;
Producto;Si;No;Si;CINTURON REX 508 BRIDGE AZUL/MALBEC 120;MC050130309-120;Unidad;CINTURON;CINTURON;51990;51990;;51990;51990;;Ventas;;Mercaderías;;Costo de la mercadería;
Producto;Si;No;Si;CINTURON GUS 650 BRIDGE SUELA 85;MC050140302-85;Unidad;CINTURON;CINTURON;51990;51990;;51990;51990;;Ventas;;Mercaderías;;Costo de la mercadería;
Producto;Si;No;Si;CINTURON GUS 650 BRIDGE SUELA 90;MC050140302-90;Unidad;CINTURON;CINTURON;51990;51990;;51990;51990;;Ventas;;Mercaderías;;Costo de la mercadería;
Producto;Si;No;Si;CINTURON GUS 650 BRIDGE SUELA 95;MC050140302-95;Unidad;CINTURON;CINTURON;51990;51990;;51990;51990;;Ventas;;Mercaderías;;Costo de la mercadería;
Producto;Si;No;Si;CINTURON GUS 650 BRIDGE SUELA 100;MC050140302-100;Unidad;CINTURON;CINTURON;51990;51990;;51990;51990;;Ventas;;Mercaderías;;Costo de la mercadería;
Producto;Si;No;Si;CINTURON GUS 650 BRIDGE SUELA 105;MC050140302-105;Unidad;CINTURON;CINTURON;51990;51990;;51990;51990;;Ventas;;Mercaderías;;Costo de la mercadería;
Producto;Si;No;Si;CINTURON GUS 650 BRIDGE SUELA 110;MC050140302-110;Unidad;CINTURON;CINTURON;51990;51990;;51990;51990;;Ventas;;Mercaderías;;Costo de la mercadería;
Producto;Si;No;Si;CINTURON GUS 650 BRIDGE SUELA 115;MC050140302-115;Unidad;CINTURON;CINTURON;51990;51990;;51990;51990;;Ventas;;Mercaderías;;Costo de la mercadería;
Producto;Si;No;Si;CINTURON GUS 650 BRIDGE SUELA 120;MC050140302-120;Unidad;CINTURON;CINTURON;51990;51990;;51990;51990;;Ventas;;Mercaderías;;Costo de la mercadería;
Producto;Si;No;Si;CARTERA DOS HEBILLAS NEW GAMUZA AVELLANA/TABACO;MG010740555;Unidad;MARRO GRANDE;CARTERA;269990;269990;;269990;269990;;Ventas;;Mercaderías;;Costo de la mercadería;
Producto;Si;No;Si;CARTERA DOS HEBILLAS NEW GAMUZA CAFE;MG010740558;Unidad;MARRO GRANDE;CARTERA;269990;269990;;269990;269990;;Ventas;;Mercaderías;;Costo de la mercadería;
Producto;Si;No;Si;PORTAPASAPORTE KANTU FULL BLACK NAPADO NEGRO;MC020180101;Unidad;MARRO CHICA;PORTAPASAPORTE;99990;99990;;99990;99990;;Ventas;;Mercaderías;;Costo de la mercadería;
Producto;Si;No;Si;BOLSO TUBO GRANDE GAMUZA CAFÉ/TABACO;MG010100558;Unidad;MARRO GRANDE;BOLSO;399990;429990;;429990;429990;;Ventas;;Mercaderías;;Costo de la mercadería;
Producto;Si;No;Si;CINTURON JAIRO 455 NIQUEL NAPADO NEGRO 85;MC050150101-85;Unidad;CINTURON;CINTURON;29990;29990;;29990;29990;;Ventas;;Mercaderías;;Costo de la mercadería;
Producto;Si;No;Si;CINTURON JAIRO 455 NIQUEL NAPADO NEGRO 90;MC050150101-90;Unidad;CINTURON;CINTURON;29990;29990;;29990;29990;;Ventas;;Mercaderías;;Costo de la mercadería;
Producto;Si;No;Si;CINTURON JAIRO 455 NIQUEL NAPADO NEGRO 95;MC050150101-95;Unidad;CINTURON;CINTURON;29990;29990;;29990;29990;;Ventas;;Mercaderías;;Costo de la mercadería;
Producto;Si;No;Si;CINTURON JAIRO 455 NIQUEL NAPADO NEGRO 100;MC050150101-100;Unidad;CINTURON;CINTURON;29990;29990;;29990;29990;;Ventas;;Mercaderías;;Costo de la mercadería;
Producto;Si;No;Si;CINTURON JAIRO 455 NIQUEL NAPADO NEGRO 105;MC050150101-105;Unidad;CINTURON;CINTURON;29990;29990;;29990;29990;;Ventas;;Mercaderías;;Costo de la mercadería;
Producto;Si;No;Si;CINTURON JAIRO 455 NIQUEL NAPADO NEGRO 110;MC050150101-110;Unidad;CINTURON;CINTURON;29990;29990;;29990;29990;;Ventas;;Mercaderías;;Costo de la mercadería;
Producto;Si;No;Si;CINTURON JAIRO 455 NIQUEL NAPADO NEGRO 115;MC050150101-115;Unidad;CINTURON;CINTURON;29990;29990;;29990;29990;;Ventas;;Mercaderías;;Costo de la mercadería;
Producto;Si;No;Si;CINTURON JAIRO 455 NIQUEL NAPADO NEGRO 120;MC050150101-120;Unidad;CINTURON;CINTURON;29990;29990;;29990;29990;;Ventas;;Mercaderías;;Costo de la mercadería;
Producto;Si;No;Si;CINTURON JAIRO 455 NIQUEL NAPADO CHOCOLATE 85;MC050150152-85;Unidad;CINTURON;CINTURON;29990;29990;;29990;29990;;Ventas;;Mercaderías;;Costo de la mercadería;
Producto;Si;No;Si;CINTURON JAIRO 455 NIQUEL NAPADO CHOCOLATE 90;MC050150152-90;Unidad;CINTURON;CINTURON;29990;29990;;29990;29990;;Ventas;;Mercaderías;;Costo de la mercadería;
Producto;Si;No;Si;CINTURON JAIRO 455 NIQUEL NAPADO CHOCOLATE 95;MC050150152-95;Unidad;CINTURON;CINTURON;29990;29990;;29990;29990;;Ventas;;Mercaderías;;Costo de la mercadería;
Producto;Si;No;Si;CINTURON JAIRO 455 NIQUEL NAPADO CHOCOLATE 100;MC050150152-100;Unidad;CINTURON;CINTURON;29990;29990;;29990;29990;;Ventas;;Mercaderías;;Costo de la mercadería;
Producto;Si;No;Si;CINTURON JAIRO 455 NIQUEL NAPADO CHOCOLATE 105;MC050150152-105;Unidad;CINTURON;CINTURON;29990;29990;;29990;29990;;Ventas;;Mercaderías;;Costo de la mercadería;
Producto;Si;No;Si;CINTURON JAIRO 455 NIQUEL NAPADO CHOCOLATE 110;MC050150152-110;Unidad;CINTURON;CINTURON;29990;29990;;29990;29990;;Ventas;;Mercaderías;;Costo de la mercadería;
Producto;Si;No;Si;CINTURON JAIRO 455 NIQUEL NAPADO CHOCOLATE 115;MC050150152-115;Unidad;CINTURON;CINTURON;29990;29990;;29990;29990;;Ventas;;Mercaderías;;Costo de la mercadería;
Producto;Si;No;Si;CINTURON JAIRO 455 NIQUEL NAPADO CHOCOLATE 120;MC050150152-120;Unidad;CINTURON;CINTURON;29990;29990;;29990;29990;;Ventas;;Mercaderías;;Costo de la mercadería;
Producto;Si;No;Si;BOLSO TUBO GRANDE BRIDGE/IGUANA NEGRO;MG010100701;Unidad;MARRO GRANDE;BOLSO;399990;429990;;429990;429990;;Ventas;;Mercaderías;;Costo de la mercadería;
Producto;Si;No;Si;PORTAPASAPORTE WARA FULL BLACK NAPADO NEGRO;MC020410101;Unidad;MARRO CHICA;PORTAPASAPORTE;149990;169990;;169990;169990;;Ventas;;Mercaderías;;Costo de la mercadería;
Producto;Si;No;Si;CARTERA YARA IGUANA CARAMELO;MG010600703;Unidad;MARRO GRANDE;CARTERA;161990;174990;;174990;174990;;Ventas;;Mercaderías;;Costo de la mercadería;
Producto;Si;No;Si;CARTERA YARA IGUANA NEGRO;MG010600701;Unidad;MARRO GRANDE;CARTERA;161990;174990;;174990;174990;;Ventas;;Mercaderías;;Costo de la mercadería;
Producto;Si;No;Si;LLAVERO JAIRO L216 NAPADO NEGRO;OT050240101;Unidad;ACCESORIOS;LLAVERO;16990;12990;;12990;12990;;Ventas;;Mercaderías;;Costo de la mercadería;
Producto;Si;No;Si;LLAVERO JAIRO L216 NAPADO SUELA;OT050240102;Unidad;ACCESORIOS;LLAVERO;16990;12990;;12990;12990;;Ventas;;Mercaderías;;Costo de la mercadería;
Producto;Si;No;No;RRO DESLIZADOR CON TIRACIERRE P/MONOF N5 NEGRO;AV0201080126;Unidad;AVIOS;AVIOS;1;1;;1;1;;Ventas;;Mercaderías;;Costo de la mercadería;
Producto;Si;No;No;PANCZUCH SOGA ALGODON N°10 CRUDO;AV1302230627;Metro;AVIOS;AVIOS;1;1;;1;1;;Ventas;;Mercaderías;;Costo de la mercadería;
Producto;Si;No;Si;MOCHILA PACARI BRIDGE NEGRO;MG010040301;Unidad;MARRO GRANDE;MOCHILA;232990;239990;;239990;239990;;Ventas;;Mercaderías;;Costo de la mercadería;
Producto;Si;No;Si;MOCHILA PACARI BRIDGE CARAMELO;MG010040303;Unidad;MARRO GRANDE;MOCHILA;232990;239990;;239990;239990;;Ventas;;Mercaderías;;Costo de la mercadería;
Producto;Si;No;Si;MOCHILA PACARI BRIDGE TABACO;MG010040304;Unidad;MARRO GRANDE;MOCHILA;232990;239990;;239990;239990;;Ventas;;Mercaderías;;Costo de la mercadería;
Producto;Si;No;Si;MOCHILA PACARI BRIDGE ROJO;MG010040307;Unidad;MARRO GRANDE;MOCHILA;232990;239990;;239990;239990;;Ventas;;Mercaderías;;Costo de la mercadería;
Producto;Si;No;No;PANCZUCH CANUTO PLASTICO 8MM GRIS N8;AV1302240428;Metro;AVIOS;AVIOS;1;1;;1;1;;Ventas;;Mercaderías;;Costo de la mercadería;
Producto;Si;No;No;PANCZUCH SPAGHETTI PLASTICO 2MM;AV1302250428;Metro;AVIOS;AVIOS;1;1;;1;1;;Ventas;;Mercaderías;;Costo de la mercadería;
Producto;Si;No;Si;CORREA ANTONIETA BRIDGE NEGRO 30MM;OT010260301-30;Unidad;ACCESORIOS;CORREA;26990;26990;;26990;26990;;Ventas;;Mercaderías;;Costo de la mercadería;
Producto;Si;No;Si;CORREA ANTONIETA GAMUZA CAFÉ 30MM;OT010260558-30;Unidad;ACCESORIOS;CORREA;26990;26990;;26990;26990;;Ventas;;Mercaderías;;Costo de la mercadería;
Producto;Si;No;Si;MOCHILA PACARI BRIDGE MALBEC;MG010040315;Unidad;MARRO GRANDE;MOCHILA;232990;239990;;239990;239990;;Ventas;;Mercaderías;;Costo de la mercadería;
Producto;Si;No;Si;BANDOLERA VICENTA IGUANA NEGRO;MG010700701;Unidad;MARRO GRANDE;BANDOLERA;96990;99990;;99990;99990;;Ventas;;Mercaderías;;Costo de la mercadería;
Producto;Si;No;Si;BANDOLERA VICENTA IGUANA CARAMELO;MG010700703;Unidad;MARRO GRANDE;BANDOLERA;96990;99990;;99990;99990;;Ventas;;Mercaderías;;Costo de la mercadería;
Producto;Si;No;Si;CORREA VICENTA IGUANA CARAMELO 20MM;OT010290703-20;Unidad;ACCESORIOS;CORREA;24990;24990;;24990;24990;;Ventas;;Mercaderías;;Costo de la mercadería;
Producto;Si;No;Si;CORREA VICENTA IGUANA NEGRO 20MM;OT010290701-20;Unidad;ACCESORIOS;CORREA;24990;24990;;24990;24990;;Ventas;;Mercaderías;;Costo de la mercadería;
Producto;Si;No;Si;CARTERA BAULITO IGUANA NEGRO;MG010090701;Unidad;MARRO GRANDE;CARTERA;0;149990;;149990;149990;;Ventas;;Mercaderías;;Costo de la mercadería;
Producto;Si;No;Si;CARTERA BAULITO IGUANA CARAMELO;MG010090703;Unidad;MARRO GRANDE;CARTERA;0;149990;;149990;149990;;Ventas;;Mercaderías;;Costo de la mercadería;
Producto;Si;No;Si;CARTERA BAULITO IGUANA ROJO;MG010090707;Unidad;MARRO GRANDE;CARTERA;0;149990;;149990;149990;;Ventas;;Mercaderías;;Costo de la mercadería;
Producto;Si;No;Si;CARTERA BAULITO IGUANA VERDE;MG010090710;Unidad;MARRO GRANDE;CARTERA;0;149990;;149990;149990;;Ventas;;Mercaderías;;Costo de la mercadería;
Producto;Si;No;Si;CARTERA BAULITO IGUANA AZUL;MG010090709;Unidad;MARRO GRANDE;CARTERA;0;149990;;149990;149990;;Ventas;;Mercaderías;;Costo de la mercadería;
Producto;Si;No;Si;BANDOLERA LENA NAPADO NEGRO;MG020570101;Unidad;MARRO GRANDE;BANDOLERA;189990;199990;;199990;199990;;Ventas;;Mercaderías;;Costo de la mercadería;
Producto;Si;No;Si;BANDOLERA LENA NAPADO CARAMELO;MG020570103;Unidad;MARRO GRANDE;BANDOLERA;189990;199990;;199990;199990;;Ventas;;Mercaderías;;Costo de la mercadería;
Producto;Si;No;Si;SOBRE OUTLET;OUT001;Unidad;OUTLET;OUTLET;3990;3990;;3990;3990;;Ventas;;Mercaderías;;Costo de la mercadería;
Producto;Si;No;No;RR0-DESLIZADOR CON TIRACIERRE AUTOMATICO ART.1D40R -N5-NEGRO BRILLANTE;AV0202260126;Unidad;AVIOS;AVIOS;1;1;;1;1;;Ventas;;Mercaderías;;Costo de la mercadería;
Producto;Si;No;No;NAPOLITANA-GAMUZA-GRIS MEDIO;CUE0200562;Metro;CUERO;CUERO;1;1;;1;1;;Ventas;;Mercaderías;;Costo de la mercadería;
Producto;Si;No;No;NAPOLITANA-GAMUZA-GRIS OSCURO;CUE0200564;Metro;CUERO;CUERO;1;1;;1;1;;Ventas;;Mercaderías;;Costo de la mercadería;
Producto;Si;No;No;NAPOLITANA-GAMUZA-OLIVE;CUE0200565;Metro;CUERO;CUERO;1;1;;1;1;;Ventas;;Mercaderías;;Costo de la mercadería;
Producto;Si;No;No;NAPOLITANA-GAMUZA-MARSALA;CUE0200563;Metro;CUERO;CUERO;1;1;;1;1;;Ventas;;Mercaderías;;Costo de la mercadería;
Producto;Si;No;No;NAPOLITANA-GAMUZA-AZUL;CUE0200509;Metro;CUERO;CUERO;1;1;;1;1;;Ventas;;Mercaderías;;Costo de la mercadería;
Producto;Si;No;Si;LLAVERO ESPIGA NAPADO NEGRO;OT050250101;Unidad;ACCESORIOS;LLAVERO;16990;12990;;12990;12990;;Ventas;;Mercaderías;;Costo de la mercadería;
Producto;Si;No;Si;LLAVERO ESPIGA NAPADO SUELA;OT050250102;Unidad;ACCESORIOS;LLAVERO;16990;12990;;12990;12990;;Ventas;;Mercaderías;;Costo de la mercadería;
Producto;Si;No;Si;LLAVERO ESPIGA NAPADO CHOCOLATE;OT050250152;Unidad;ACCESORIOS;LLAVERO;16990;12990;;12990;12990;;Ventas;;Mercaderías;;Costo de la mercadería;
Producto;Si;No;Si;BOLSO LIHUEN FULL BLACK BRIDGE NEGRO;MG010580301;Unidad;MARRO GRANDE;BOLSO;155990;169990;;169990;169990;;Ventas;;Mercaderías;;Costo de la mercadería;
Producto;Si;No;Si;BILLETERA LUCA NAPADO AZUL;MC020220109;Unidad;MARRO CHICA;BILLETERA;44990;49990;;49990;49990;;Ventas;;Mercaderías;;Costo de la mercadería;
Producto;Si;No;Si;BOLSO LIHUEN BRIDGE CARAMELO;MG010610303;Unidad;MARRO GRANDE;BOLSO;155990;169990;;169990;169990;;Ventas;;Mercaderías;;Costo de la mercadería;
Producto;Si;No;Si;BOLSO LIHUEN BRIDGE TABACO;MG010610304;Unidad;MARRO GRANDE;BOLSO;155990;169990;;169990;169990;;Ventas;;Mercaderías;;Costo de la mercadería;
Producto;Si;No;Si;BILLETERA BEIJING IGUANA ROJO;MC020480707;Unidad;MARRO CHICA;BILLETERA;96990;99990;;99990;99990;;Ventas;;Mercaderías;;Costo de la mercadería;
Producto;Si;No;Si;BILLETERA BEIJING IGUANA CARAMELO;MC020480703;Unidad;MARRO CHICA;BILLETERA;96990;99990;;99990;99990;;Ventas;;Mercaderías;;Costo de la mercadería;
Producto;Si;No;Si;BILLETERA BEIJING IGUANA AZUL;MC020480709;Unidad;MARRO CHICA;BILLETERA;96990;79990;;79990;79990;;Ventas;;Mercaderías;;Costo de la mercadería;
Producto;Si;No;Si;BILLETERA BEIJING IGUANA VERDE;MC020480710;Unidad;MARRO CHICA;BILLETERA;96990;79990;;79990;79990;;Ventas;;Mercaderías;;Costo de la mercadería;
Producto;Si;No;Si;TARJETERO VINCENT BRIDGE TABACO;MC020380304;Unidad;MARRO CHICA;TARJETERO;34990;34990;;34990;34990;;Ventas;;Mercaderías;;Costo de la mercadería;
Producto;Si;No;Si;PORTAFOLIO HUAPI BRIDGE TABACO;MG010620304;Unidad;MARRO GRANDE;PORTAFOLIO;239990;259990;;259990;259990;;Ventas;;Mercaderías;;Costo de la mercadería;
Producto;Si;No;Si;PORTAFOLIO HUAPI BRIDGE CARAMELO;MG010620303;Unidad;MARRO GRANDE;PORTAFOLIO;239990;259990;;259990;259990;;Ventas;;Mercaderías;;Costo de la mercadería;
Producto;Si;No;Si;PORTAFOLIO HUAPI BRIDGE CHOCOLATE;MG010620352;Unidad;MARRO GRANDE;PORTAFOLIO;239990;259990;;259990;259990;;Ventas;;Mercaderías;;Costo de la mercadería;
Producto;Si;No;Si;PORTAFOLIO HUAPI BRIDGE MALBEC;MG010620315;Unidad;MARRO GRANDE;PORTAFOLIO;239990;259990;;259990;259990;;Ventas;;Mercaderías;;Costo de la mercadería;
Producto;Si;No;Si;BANDOLERA VICENTA BRIDGE CARAMELO;MG010700303;Unidad;MARRO GRANDE;BANDOLERA;94990;99990;;99990;99990;;Ventas;;Mercaderías;;Costo de la mercadería;
Producto;Si;No;Si;CORREA VICENTA BRIDGE CARAMELO 20MM;OT010290303-20;Unidad;ACCESORIOS;CORREA;24990;24990;;24990;24990;;Ventas;;Mercaderías;;Costo de la mercadería;
Producto;Si;No;Si;CORREA VICENTA GAMUZA CAFE 20MM;OT010290558-20;Unidad;ACCESORIOS;CORREA;24990;24990;;24990;24990;;Ventas;;Mercaderías;;Costo de la mercadería;
Producto;Si;No;Si;LLAVERO IGUANA BRIDGE IGUANA NEGRO;OT050280701;Unidad;ACCESORIOS;LLAVERO;10990;9990;;9990;9990;;Ventas;;Mercaderías;;Costo de la mercadería;
Producto;Si;No;Si;LLAVERO IGUANA BRIDGE IGUANA TABACO;OT050280704;Unidad;ACCESORIOS;LLAVERO;10990;9990;;9990;9990;;Ventas;;Mercaderías;;Costo de la mercadería;
Producto;Si;No;Si;LLAVERO PANAMA CUERO PANAMA AZUL;OT050270909;Unidad;ACCESORIOS;LLAVERO;16990;12990;;12990;12990;;Ventas;;Mercaderías;;Costo de la mercadería;
Producto;Si;No;Si;LLAVERO PANAMA CUERO PANAMA VERDE;OT050270910;Unidad;ACCESORIOS;LLAVERO;16990;12990;;12990;12990;;Ventas;;Mercaderías;;Costo de la mercadería;
Producto;Si;No;No;ROUEZ-REMACHE TAPADO-6.6-NIQUEL;AV0400390101;Unidad;AVIOS;AVIOS;1;1;;1;1;;Ventas;;Mercaderías;;Costo de la mercadería;
Producto;Si;No;No;ROUEZ-REMACHE TAPADO-8.8-NIQUEL;AV0400400101;Unidad;AVIOS;AVIOS;1;1;;1;1;;Ventas;;Mercaderías;;Costo de la mercadería;
Producto;Si;No;No;ROUEZ-REMACHE TAPADO-4.4-NIQUEL;AV0400130101;Unidad;AVIOS;AVIOS;1;1;;1;1;;Ventas;;Mercaderías;;Costo de la mercadería;
Producto;Si;No;No;ROUEZ-REMACHE TAPADO-10.10-NIQUEL;AV0400410101;Unidad;AVIOS;AVIOS;1;1;;1;1;;Ventas;;Mercaderías;;Costo de la mercadería;
Producto;Si;No;No;VANESKA-CUERO CROCO JUMBO BIFAZ--NEGRO ROJO;CUE0400767;Metro;CUERO;CUERO;1;1;;1;1;;Ventas;;Mercaderías;;Costo de la mercadería;
Producto;Si;No;No;VANESKA-CUERO CROCO JUMBO BIFAZ--CANELA RMY;CUE0400766;Metro;CUERO;CUERO;1;1;;1;1;;Ventas;;Mercaderías;;Costo de la mercadería;
Producto;Si;No;Si;TARJETERO KENNY NAPADO NEGRO;MC020280101;Unidad;MARRO CHICA;BILLETERA;55990;59990;;59990;59990;;Ventas;;Mercaderías;;Costo de la mercadería;
Producto;Si;No;Si;TARJETERO KENNY BRIDGE MALBEC;MC020280315;Unidad;MARRO CHICA;BILLETERA;55990;59990;;59990;59990;;Ventas;;Mercaderías;;Costo de la mercadería;
Producto;Si;No;Si;BOLSO TUBO GRANDE GAMUZA OLIVE/TABACO;MG010100516-4;Unidad;MARRO GRANDE;BOLSO;399990;429990;;429990;429990;;Ventas;;Mercaderías;;Costo de la mercadería;
Producto;Si;No;Si;BOLSO TUBO GRANDE GAMUZA/BRIDGE AZUL/TABACO;MG010100509-4;Unidad;MARRO GRANDE;BOLSO;399990;429990;;429990;429990;;Ventas;;Mercaderías;;Costo de la mercadería;
Producto;Si;No;Si;BOLSO TUBO GRANDE GAMUZA/IGUANA OLIVE/CARAMELO;MG010100516-3;Unidad;MARRO GRANDE;BOLSO;399990;429990;;429990;429990;;Ventas;;Mercaderías;;Costo de la mercadería;
Producto;Si;No;Si;BOLSO TUBO GRANDE GAMUZA/IGUANA AZUL/CARAMELO;MG010100509-3;Unidad;MARRO GRANDE;BOLSO;399990;429990;;429990;429990;;Ventas;;Mercaderías;;Costo de la mercadería;
Producto;Si;No;No;VAHE-HILO POLYESTER-N60-ROJO 57;AV1401255560;Metro;AVIOS;HILO;1;1;;1;1;;Ventas;;Mercaderías;;Costo de la mercadería;
Producto;Si;No;Si;BILLETERA PENY BRIDGE MALBEC;MC020300315;Unidad;MARRO CHICA;BILLETERA;89990;95990;;95990;95990;;Ventas;;Mercaderías;;Costo de la mercadería;
Producto;Si;No;Si;MOCHILA TOBIAS FULL BLACK BRIDGE NEGRO;MG010630301;Unidad;MARRO GRANDE;MOCHILA;249990;219990;;219990;219990;;Ventas;;Mercaderías;;Costo de la mercadería;
Producto;Si;No;Si;MOCHILA TOBIAS BRIDGE TABACO;MG010030304;Unidad;MARRO GRANDE;MOCHILA;249990;249990;;249990;249990;;Ventas;;Mercaderías;;Costo de la mercadería;
Producto;Si;No;Si;MOCHILA TOBIAS BRIDGE AZUL;MG010030309;Unidad;MARRO GRANDE;MOCHILA;94990;94990;;94990;94990;;Ventas;;Mercaderías;;Costo de la mercadería;
Producto;Si;No;Si;PRODUCTO OUTLET 15990;OUT15990;Unidad;OUTLET;OUTLET;15990;15990;;15990;15990;;Ventas;;Mercaderías;;Costo de la mercadería;
Producto;Si;No;Si;PRODUCTO OUTLET 70990;OUT70990;Unidad;OUTLET;OUTLET;70990;70990;;70990;70990;;Ventas;;Mercaderías;;Costo de la mercadería;
Producto;Si;No;Si;MOCHILA PIETRO BRIDGE NEGRO;MG010640301;Unidad;MARRO GRANDE;MOCHILA;399990;449990;;449990;449990;;Ventas;;Mercaderías;;Costo de la mercadería;
Producto;Si;No;Si;MOCHILA PIETRO BRIDGE TABACO;MG010640304;Unidad;MARRO GRANDE;MOCHILA;399990;449990;;449990;449990;;Ventas;;Mercaderías;;Costo de la mercadería;
Producto;Si;No;Si;PORTAPASAPORTE WARA IGUANA CARAMELO;MC020410703;Unidad;MARRO CHICA;PORTAPASAPORTE;150990;169990;;169990;169990;;Ventas;;Mercaderías;;Costo de la mercadería;
Producto;Si;No;Si;PORTAPASAPORTE WARA IGUANA ROJO;MC020410707;Unidad;MARRO CHICA;PORTAPASAPORTE;150990;169990;;169990;169990;;Ventas;;Mercaderías;;Costo de la mercadería;
Producto;Si;No;Si;PORTAPASAPORTE WARA IGUANA NEGRO;MC020410701;Unidad;MARRO CHICA;PORTAPASAPORTE;150990;169990;;169990;169990;;Ventas;;Mercaderías;;Costo de la mercadería;
Producto;Si;No;Si;PORTAPASAPORTE WARA NAPADO CARAMELO;MC020410103;Unidad;MARRO CHICA;PORTAPASAPORTE;149990;169990;;169990;169990;;Ventas;;Mercaderías;;Costo de la mercadería;
Producto;Si;No;Si;PORTAPASAPORTE WARA NAPADO ROJO;MC020410107;Unidad;MARRO CHICA;PORTAPASAPORTE;149990;169990;;169990;169990;;Ventas;;Mercaderías;;Costo de la mercadería;
Producto;Si;No;Si;PORTAPASAPORTE WARA NAPADO AZUL;MC020410109;Unidad;MARRO CHICA;PORTAPASAPORTE;149990;169990;;169990;169990;;Ventas;;Mercaderías;;Costo de la mercadería;
Producto;Si;No;Si;PORTAPASAPORTE WARA NAPADO VERDE;MC020410110;Unidad;MARRO CHICA;PORTAPASAPORTE;149990;169990;;169990;169990;;Ventas;;Mercaderías;;Costo de la mercadería;
Producto;Si;No;Si;PHONEBAG TANIA GAMUZA OLIVE;MG010650516;Unidad;MARRO GRANDE;PHONEBAG;39990;44990;;44990;44990;;Ventas;;Mercaderías;;Costo de la mercadería;
Producto;Si;No;Si;PHONEBAG TANIA GAMUZA GRIS MEDIO;MG010650517;Unidad;MARRO GRANDE;PHONEBAG;39990;44990;;44990;44990;;Ventas;;Mercaderías;;Costo de la mercadería;
Producto;Si;No;Si;PHONEBAG TANIA GAMUZA MARSALA;MG010650518;Unidad;MARRO GRANDE;PHONEBAG;28990;44990;;44990;44990;;Ventas;;Mercaderías;;Costo de la mercadería;
Producto;Si;No;Si;PHONEBAG TANIA GAMUZA VESUBIO;MG010650550;Unidad;MARRO GRANDE;PHONEBAG;39990;44990;;44990;44990;;Ventas;;Mercaderías;;Costo de la mercadería;
Producto;Si;No;Si;PHONEBAG TANIA GAMUZA OXIDO;MG010650556;Unidad;MARRO GRANDE;PHONEBAG;39990;44990;;44990;44990;;Ventas;;Mercaderías;;Costo de la mercadería;
Producto;Si;No;Si;PHONEBAG TANIA GAMUZA CAFE;MG010650558;Unidad;MARRO GRANDE;PHONEBAG;39990;44990;;44990;44990;;Ventas;;Mercaderías;;Costo de la mercadería;
Producto;Si;No;Si;CARTERA AMARILLA SET SOBRE GAMUZA OLIVE;MG010710516;Unidad;MARRO GRANDE;CARTERA;165990;159990;;159990;159990;;Ventas;;Mercaderías;;Costo de la mercadería;
Producto;Si;No;Si;CARTERA AMARILLA SET SOBRE GAMUZA GRIS MEDIO;MG010710517;Unidad;MARRO GRANDE;CARTERA;165990;159990;;159990;159990;;Ventas;;Mercaderías;;Costo de la mercadería;
Producto;Si;No;Si;CARTERA AMARILLA SET SOBRE GAMUZA MARSALA;MG010710518;Unidad;MARRO GRANDE;CARTERA;64990;159990;;159990;159990;;Ventas;;Mercaderías;;Costo de la mercadería;
Producto;Si;No;Si;CARTERA AMARILLA SET SOBRE CROCO NEGRO;MG010711001;Unidad;MARRO GRANDE;CARTERA;167990;139990;;139990;139990;;Ventas;;Mercaderías;;Costo de la mercadería;
Producto;Si;No;Si;CARTERA AMARILLA SET SOBRE CROCO CANELA;MG010711019;Unidad;MARRO GRANDE;CARTERA;167990;139990;;139990;139990;;Ventas;;Mercaderías;;Costo de la mercadería;
Producto;Si;No;Si;CARTERA AMARILLA SET SOBRE GAMUZA CAFE/SUELA;MG010710558-2;Unidad;MARRO GRANDE;CARTERA;165990;159990;;159990;159990;;Ventas;;Mercaderías;;Costo de la mercadería;
Producto;Si;No;No;-MOSQUETON ANZUELO GRANDE-P/30-HILO 3.5 MM-NIQUEL;AV1002270101;Unidad;AVIOS;AVIOS;1;1;;1;1;;Ventas;;Mercaderías;;Costo de la mercadería;
Producto;Si;No;No;-MOSQUETON ANZUELO CHICO-P/20-HILO 2 MM-NIQUEL;AV1002280101;Unidad;AVIOS;AVIOS;1;1;;1;1;;Ventas;;Mercaderías;;Costo de la mercadería;
Producto;Si;No;No;YKK-CIERRE CADENA ALUMINIO ART.05 RA CHAIN-N5-MALBEC 527;AV0100010261;Metro;AVIOS;AVIOS;1;1;;1;1;;Ventas;;Mercaderías;;Costo de la mercadería;
Producto;Si;No;No;YKK-CIERRE CADENA METAL ART.05 RN CHAIN-N5-MALBEC 527;AV0100010161;Metro;AVIOS;AVIOS;1;1;;1;1;;Ventas;;Mercaderías;;Costo de la mercadería;
Producto;Si;No;Si;MONEDERO GRACE NAPADO ROJO;MC020290107;Unidad;MARRO CHICA;MONEDERO;23990;26990;;26990;26990;;Ventas;;Mercaderías;;Costo de la mercadería;
?Producto;Si;No;Si;MONEDERO GRACE NAPADO AZUL;MC020290109;Unidad;MARRO CHICA;MONEDERO;23990;26990;;26990;26990;;Ventas;;Mercaderías;;Costo de la mercadería;
Producto;Si;No;Si;MONEDERO GRACE NAPADO VERDE;MC020290110;Unidad;MARRO CHICA;MONEDERO;23990;26990;;26990;26990;;Ventas;;Mercaderías;;Costo de la mercadería;
Producto;Si;No;Si;BILLETERA PENY NAPADO ROJO;MC020300107;Unidad;MARRO CHICA;BILLETERA;89990;95990;;95990;95990;;Ventas;;Mercaderías;;Costo de la mercadería;
Producto;Si;No;Si;CORREA VICENTA NAPADO NEGRO 20MM;OT010290101-20;Unidad;ACCESORIOS;CORREA;24990;24990;;24990;24990;;Ventas;;Mercaderías;;Costo de la mercadería;
Producto;Si;No;Si;CORREA VICENTA NAPADO CARAMELO 20MM;OT010290103-20;Unidad;ACCESORIOS;CORREA;24990;24990;;24990;24990;;Ventas;;Mercaderías;;Costo de la mercadería;
Producto;Si;No;Si;CORREA VICENTA NAPADO ROJO 20MM;OT010290107-20;Unidad;ACCESORIOS;CORREA;24990;24990;;24990;24990;;Ventas;;Mercaderías;;Costo de la mercadería;
Producto;Si;No;Si;CORREA VICENTA NAPADO SUELA 20 MM;OT010290102-20;Unidad;ACCESORIOS;CORREA;24990;24990;;24990;24990;;Ventas;;Mercaderías;;Costo de la mercadería;
Producto;Si;No;Si;CORREA VICENTA GAMUZA AVELLANA 20MM;OT010290555-20;Unidad;ACCESORIOS;CORREA;24990;24990;;24990;24990;;Ventas;;Mercaderías;;Costo de la mercadería;
Producto;Si;No;Si;CORREA VICENTA GAMUZA OXIDO 20MM;OT010290556-20;Unidad;ACCESORIOS;CORREA;24990;24990;;24990;24990;;Ventas;;Mercaderías;;Costo de la mercadería;
Producto;Si;No;Si;NECESSAIRE LANIN BRIDGE NEGRO;MC010420301;Unidad;MARRO CHICA;NECESSER;94990;99990;;99990;99990;;Ventas;;Mercaderías;;Costo de la mercadería;
Producto;Si;No;Si;NECESSAIRE LANIN BRIDGE CARAMELO;MC010420303;Unidad;MARRO CHICA;NECESSER;94990;99990;;99990;99990;;Ventas;;Mercaderías;;Costo de la mercadería;
Producto;Si;No;Si;NECESSAIRE LANIN BRIDGE TABACO;MC010420304;Unidad;MARRO CHICA;NECESSER;94990;99990;;99990;99990;;Ventas;;Mercaderías;;Costo de la mercadería;
Producto;Si;No;Si;CORREA ANTONIETA NAPADO NEGRO 30 MM;OT010260101-30;Unidad;ACCESORIOS;CORREA;26990;26990;;26990;26990;;Ventas;;Mercaderías;;Costo de la mercadería;
Producto;Si;No;Si;CORREA ANTONIETA NAPADO CARAMELO 30 MM;OT010260103-30;Unidad;ACCESORIOS;CORREA;26990;26990;;26990;26990;;Ventas;;Mercaderías;;Costo de la mercadería;
Producto;Si;No;Si;CORREA ANTONIETA NAPADO ROJO 30 MM;OT010260107-30;Unidad;ACCESORIOS;CORREA;26990;26990;;26990;26990;;Ventas;;Mercaderías;;Costo de la mercadería;
Producto;Si;No;Si;CORREA ANTONIETA NAPADO SUELA 30 MM;OT010260102-30;Unidad;ACCESORIOS;CORREA;26990;26990;;26990;26990;;Ventas;;Mercaderías;;Costo de la mercadería;
Producto;Si;No;Si;CORREA ANTONIETA GAMUZA AVELLANA 30 MM;OT010260555-30;Unidad;ACCESORIOS;CORREA;26990;26990;;26990;26990;;Ventas;;Mercaderías;;Costo de la mercadería;
Producto;Si;No;Si;CORREA ANTONIETA GAMUZA OXIDO 30 MM;OT010260556-30;Unidad;ACCESORIOS;CORREA;26990;26990;;26990;26990;;Ventas;;Mercaderías;;Costo de la mercadería;
Producto;Si;No;Si;MONEDERO GRACE BRIDGE MALBEC;MC020290315;Unidad;MARRO CHICA;MONEDERO;23990;26990;;26990;26990;;Ventas;;Mercaderías;;Costo de la mercadería;
Producto;Si;No;Si;PRODUCTO OUTLET 39990;OUT39990;Unidad;OUTLET;OUTLET;39990;39990;;39990;39990;;Ventas;;Mercaderías;;Costo de la mercadería;
Producto;Si;No;Si;BILLETERA MILO SIMPLE NAPADO SUELA;MC020430102;Unidad;MARRO CHICA;BILLETERA;55990;59990;;59990;59990;;Ventas;;Mercaderías;;Costo de la mercadería;
Producto;Si;No;Si;BILLETERA MILO SIMPLE NAPADO AZUL;MC020430109;Unidad;MARRO CHICA;BILLETERA;55990;59990;;59990;59990;;Ventas;;Mercaderías;;Costo de la mercadería;
Producto;Si;No;Si;PORTAPASAPORTE CHESTER CROCO NEGRO;MC020141001;Unidad;MARRO CHICA;PORTAPASAPORTE;16990;16990;;16990;16990;;Ventas;;Mercaderías;;Costo de la mercadería;
Producto;Si;No;Si;PORTAPASAPORTE CHESTER CROCO CANELA;MC020141019;Unidad;MARRO CHICA;PORTAPASAPORTE;16990;16990;;16990;16990;;Ventas;;Mercaderías;;Costo de la mercadería;
Producto;Si;No;Si;SOBRE OMEGA CROCO NEGRO;MG020831001;Unidad;MARRO GRANDE;SOBRE;60990;59990;;59990;59990;;Ventas;;Mercaderías;;Costo de la mercadería;
Producto;Si;No;Si;SOBRE OMEGA CROCO CANELA;MG020831019;Unidad;MARRO GRANDE;SOBRE;60990;59990;;59990;59990;;Ventas;;Mercaderías;;Costo de la mercadería;
Producto;Si;No;Si;PORTALAPTOP IVAN BRIDGE NEGRO;MG010670301;Unidad;MARRO GRANDE;PORTALAPTOP;199990;199990;;199990;199990;;Ventas;;Mercaderías;;Costo de la mercadería;
Producto;Si;No;Si;CORREA ANTONIETA NAPADO VERDE 30MM;OT010260110-30;Unidad;ACCESORIOS;CORREA;26990;26990;;26990;26990;;Ventas;;Mercaderías;;Costo de la mercadería;
Producto;Si;No;Si;CORREA ANTONIETA NAPADO AZUL 30MM;OT010260109-30;Unidad;ACCESORIOS;CORREA;26990;26990;;26990;26990;;Ventas;;Mercaderías;;Costo de la mercadería;
Producto;Si;No;Si;CORREA ANTONIETA GAMUZA VESUBIO 30MM;OT010260550-30;Unidad;ACCESORIOS;CORREA;26990;26990;;26990;26990;;Ventas;;Mercaderías;;Costo de la mercadería;
Producto;Si;No;Si;BANDOLERA ANTONIETA BRIDGE NEGRO;MG010690301;Unidad;MARRO GRANDE;BANDOLERA;134990;139990;;139990;139990;;Ventas;;Mercaderías;;Costo de la mercadería;
Producto;Si;No;Si;BOLSO TUBO GRANDE GAMUZA GRIS MEDIO/CARAMELO;MG010100517-3;Unidad;MARRO GRANDE;BOLSO;399990;429990;;429990;429990;;Ventas;;Mercaderías;;Costo de la mercadería;
Producto;Si;No;Si;PRODUCTO OUTLET 29990;OUT29990;Unidad;OUTLET;OUTLET;29990;29990;;29990;29990;;Ventas;;Mercaderías;;Costo de la mercadería;
Producto;Si;No;Si;TARJETERO HARRY BRIDGE MALBEC;MC020150315;Unidad;MARRO CHICA;TARJETERO;26990;29990;;29990;29990;;Ventas;;Mercaderías;;Costo de la mercadería;
Producto;Si;No;Si;TARJETERO BLACK BRIDGE NAPO SUELA;MC020080302;Unidad;MARRO CHICA;TARJETERO;8990;6990;;6990;6990;;Ventas;;Mercaderías;;Costo de la mercadería;
Producto;Si;No;Si;TARJETERO ARIES BRIDGE MALBEC;MC020100315;Unidad;MARRO CHICA;TARJETERO;9990;9990;;9990;9990;;Ventas;;Mercaderías;;Costo de la mercadería;
Producto;Si;No;Si;CARTERA LONDRES BRIDGE NEGRO;MG010860301;Unidad;MARRO GRANDE;CARTERA;171990;184990;;184990;184990;;Ventas;;Mercaderías;;Costo de la mercadería;
Producto;Si;No;Si;CARTERA LONDRES BRIDGE TABACO;MG010860304;Unidad;MARRO GRANDE;CARTERA;171990;184990;;184990;184990;;Ventas;;Mercaderías;;Costo de la mercadería;
Producto;Si;No;Si;CARTERA LONDRES BRIDGE CARAMELO;MG010860303;Unidad;MARRO GRANDE;CARTERA;171990;184990;;184990;184990;;Ventas;;Mercaderías;;Costo de la mercadería;
Producto;Si;No;Si;CARTERA LONDRES BRIDGE ROJO;MG010860307;Unidad;MARRO GRANDE;CARTERA;171990;184990;;184990;184990;;Ventas;;Mercaderías;;Costo de la mercadería;
Producto;Si;No;Si;BILLETERA PENY BRIDGE NEGRO;MC020300301;Unidad;MARRO CHICA;BILLETERA;89990;95990;;95990;95990;;Ventas;;Mercaderías;;Costo de la mercadería;
Producto;Si;No;Si;PRODUCTO OUTLET 34990;OUT34990;Unidad;OUTLET;OUTLET;34990;34990;;34990;34990;;Ventas;;Mercaderías;;Costo de la mercadería;
Producto;Si;No;Si;MOCHILA MARCOS BRIDGE CARAMELO;MG010190303;Unidad;MARRO GRANDE;MOCHILA;389990;429990;;429990;429990;;Ventas;;Mercaderías;;Costo de la mercadería;
Producto;Si;No;Si;BANDOLERA AMALIA MAGNUM NEGRO;MG100871101;Unidad;MARRO GRANDE;BANDOLERA;0;59990;;59990;59990;;Ventas;;Mercaderías;;Costo de la mercadería;
Producto;Si;No;Si;BANDOLERA AMALIA MAGNUM CUOIO;MG100871120;Unidad;MARRO GRANDE;BANDOLERA;0;59990;;59990;59990;;Ventas;;Mercaderías;;Costo de la mercadería;
Producto;Si;No;Si;BANDOLERA AMALIA MAGNUM ARMY;MG100871160;Unidad;MARRO GRANDE;BANDOLERA;0;59990;;59990;59990;;Ventas;;Mercaderías;;Costo de la mercadería;
Producto;Si;No;Si;BANDOLERA NOE MAGNUM NEGRO;MG100881101;Unidad;MARRO GRANDE;BANDOLERA;0;49990;;49990;49990;;Ventas;;Mercaderías;;Costo de la mercadería;
Producto;Si;No;Si;BANDOLERA NOE MAGNUM CUOIO;MG100881120;Unidad;MARRO GRANDE;BANDOLERA;0;49990;;49990;49990;;Ventas;;Mercaderías;;Costo de la mercadería;
Producto;Si;No;Si;BANDOLERA NOE MAGNUM ARMY;MG100881160;Unidad;MARRO GRANDE;BANDOLERA;0;49990;;49990;49990;;Ventas;;Mercaderías;;Costo de la mercadería;
Producto;Si;No;Si;BANDOLERA NOE DUNA NEGRO;MG100881201;Unidad;MARRO GRANDE;BANDOLERA;0;49990;;49990;49990;;Ventas;;Mercaderías;;Costo de la mercadería;
Producto;Si;No;Si;BANDOLERA MEGAN MAGNUM NEGRO;MG100891101;Unidad;MARRO GRANDE;BANDOLERA;95990;49990;;49990;49990;;Ventas;;Mercaderías;;Costo de la mercadería;
Producto;Si;No;Si;BANDOLERA MEGAN MAGNUM CUOIO;MG100891120;Unidad;MARRO GRANDE;BANDOLERA;95990;49990;;49990;49990;;Ventas;;Mercaderías;;Costo de la mercadería;
Producto;Si;No;Si;BANDOLERA MEGAN MAGNUM ARMY;MG100891160;Unidad;MARRO GRANDE;BANDOLERA;95990;49990;;49990;49990;;Ventas;;Mercaderías;;Costo de la mercadería;
Producto;Si;No;Si;BANDOLERA MEGAN NAPA LOLA SOFT HAVANA;MG100891353;Unidad;MARRO GRANDE;BANDOLERA;95990;49990;;49990;49990;;Ventas;;Mercaderías;;Costo de la mercadería;
Producto;Si;No;Si;BANDOLERA MEGAN NAPA LOLA SOFT CLAY;MG100891361;Unidad;MARRO GRANDE;BANDOLERA;95990;49990;;49990;49990;;Ventas;;Mercaderías;;Costo de la mercadería;
Producto;Si;No;Si;BANDOLERA MEGAN NAPA LOLA SOFT NEGRO;MG100891301;Unidad;MARRO GRANDE;BANDOLERA;95990;49990;;49990;49990;;Ventas;;Mercaderías;;Costo de la mercadería;
Producto;Si;No;Si;BANDOLERA ASTRID NAPA LOLA SOFT NEGRO;MG100901301;Unidad;MARRO GRANDE;BANDOLERA;0;49990;;49990;49990;;Ventas;;Mercaderías;;Costo de la mercadería;
Producto;Si;No;Si;BANDOLERA ASTRID NAPA LOLA SOFT HAVANA;MG100901353;Unidad;MARRO GRANDE;BANDOLERA;0;49990;;49990;49990;;Ventas;;Mercaderías;;Costo de la mercadería;
Producto;Si;No;Si;BANDOLERA ASTRID NAPA LOLA SOFT CLAY;MG100901361;Unidad;MARRO GRANDE;BANDOLERA;0;49990;;49990;49990;;Ventas;;Mercaderías;;Costo de la mercadería;
Producto;Si;No;Si;BANDOLERA ASTRID SAFARI NEGRO;MG100901401;Unidad;MARRO GRANDE;BANDOLERA;0;49990;;49990;49990;;Ventas;;Mercaderías;;Costo de la mercadería;
Producto;Si;No;Si;BANDOLERA ASTRID TOLEDO HAVANA;MG100901553;Unidad;MARRO GRANDE;BANDOLERA;0;49990;;49990;49990;;Ventas;;Mercaderías;;Costo de la mercadería;
Producto;Si;No;Si;BANDOLERA ASTRID TOLEDO CLAY;MG100901561;Unidad;MARRO GRANDE;BANDOLERA;0;49990;;49990;49990;;Ventas;;Mercaderías;;Costo de la mercadería;
Producto;Si;No;Si;BANDOLERA AMALIA MAGNUM HAVANA;MG100871153;Unidad;MARRO GRANDE;BANDOLERA;0;59990;;59990;59990;;Ventas;;Mercaderías;;Costo de la mercadería;
Producto;Si;No;Si;CINTURON PANAMA BRONCE TOSTADO 85;MC050160921-85;Unidad;CINTURON;CINTURON;51990;51990;;51990;51990;;Ventas;;Mercaderías;;Costo de la mercadería;
Producto;Si;No;Si;CINTURON PANAMA BRONCE TOSTADO 90;MC050160921-90;Unidad;CINTURON;CINTURON;51990;51990;;51990;51990;;Ventas;;Mercaderías;;Costo de la mercadería;
Producto;Si;No;Si;CINTURON PANAMA BRONCE TOSTADO 95;MC050160921-95;Unidad;CINTURON;CINTURON;51990;51990;;51990;51990;;Ventas;;Mercaderías;;Costo de la mercadería;
Producto;Si;No;Si;CINTURON PANAMA BRONCE TOSTADO 100;MC050160921-100;Unidad;CINTURON;CINTURON;51990;51990;;51990;51990;;Ventas;;Mercaderías;;Costo de la mercadería;
Producto;Si;No;Si;CINTURON PANAMA BRONCE TOSTADO 105;MC050160921-105;Unidad;CINTURON;CINTURON;51990;51990;;51990;51990;;Ventas;;Mercaderías;;Costo de la mercadería;
Producto;Si;No;Si;CINTURON PANAMA BRONCE TOSTADO 110;MC050160921-110;Unidad;CINTURON;CINTURON;51990;51990;;51990;51990;;Ventas;;Mercaderías;;Costo de la mercadería;
Producto;Si;No;Si;CINTURON PANAMA BRONCE TOSTADO 115;MC050160921-115;Unidad;CINTURON;CINTURON;51990;51990;;51990;51990;;Ventas;;Mercaderías;;Costo de la mercadería;
Producto;Si;No;Si;CINTURON PANAMA BRONCE TOSTADO 120;MC050160921-120;Unidad;CINTURON;CINTURON;51990;51990;;51990;51990;;Ventas;;Mercaderías;;Costo de la mercadería;
Producto;Si;No;Si;CINTURON PANAMA BRONCE VERDE 85;MC050160910-85;Unidad;CINTURON;CINTURON;51990;51990;;51990;51990;;Ventas;;Mercaderías;;Costo de la mercadería;
Producto;Si;No;Si;CINTURON PANAMA BRONCE VERDE 90;MC050160910-90;Unidad;CINTURON;CINTURON;51990;51990;;51990;51990;;Ventas;;Mercaderías;;Costo de la mercadería;
Producto;Si;No;Si;CINTURON PANAMA BRONCE VERDE 95;MC050160910-95;Unidad;CINTURON;CINTURON;51990;51990;;51990;51990;;Ventas;;Mercaderías;;Costo de la mercadería;
Producto;Si;No;Si;CINTURON PANAMA BRONCE VERDE 100;MC050160910-100;Unidad;CINTURON;CINTURON;51990;51990;;51990;51990;;Ventas;;Mercaderías;;Costo de la mercadería;
Producto;Si;No;Si;CINTURON PANAMA BRONCE VERDE 105;MC050160910-105;Unidad;CINTURON;CINTURON;51990;51990;;51990;51990;;Ventas;;Mercaderías;;Costo de la mercadería;
Producto;Si;No;Si;CINTURON PANAMA BRONCE VERDE 110;MC050160910-110;Unidad;CINTURON;CINTURON;51990;51990;;51990;51990;;Ventas;;Mercaderías;;Costo de la mercadería;
Producto;Si;No;Si;CINTURON PANAMA BRONCE VERDE 115;MC050160910-115;Unidad;CINTURON;CINTURON;51990;51990;;51990;51990;;Ventas;;Mercaderías;;Costo de la mercadería;
Producto;Si;No;Si;CINTURON PANAMA BRONCE VERDE 120;MC050160910-120;Unidad;CINTURON;CINTURON;51990;51990;;51990;51990;;Ventas;;Mercaderías;;Costo de la mercadería;
Producto;Si;No;Si;CINTURON PANAMA BRONCE AZUL 85;MC050160909-85;Unidad;CINTURON;CINTURON;51990;51990;;51990;51990;;Ventas;;Mercaderías;;Costo de la mercadería;
Producto;Si;No;Si;CINTURON PANAMA BRONCE AZUL 90;MC050160909-90;Unidad;CINTURON;CINTURON;51990;51990;;51990;51990;;Ventas;;Mercaderías;;Costo de la mercadería;
Producto;Si;No;Si;CINTURON PANAMA BRONCE AZUL 95;MC050160909-95;Unidad;CINTURON;CINTURON;51990;51990;;51990;51990;;Ventas;;Mercaderías;;Costo de la mercadería;
Producto;Si;No;Si;CINTURON PANAMA BRONCE AZUL 100;MC050160909-100;Unidad;CINTURON;CINTURON;51990;51990;;51990;51990;;Ventas;;Mercaderías;;Costo de la mercadería;
Producto;Si;No;Si;CINTURON PANAMA BRONCE AZUL 105;MC050160909-105;Unidad;CINTURON;CINTURON;51990;51990;;51990;51990;;Ventas;;Mercaderías;;Costo de la mercadería;
Producto;Si;No;Si;CINTURON PANAMA BRONCE AZUL 110;MC050160909-110;Unidad;CINTURON;CINTURON;51990;51990;;51990;51990;;Ventas;;Mercaderías;;Costo de la mercadería;
Producto;Si;No;Si;CINTURON PANAMA BRONCE AZUL 115;MC050160909-115;Unidad;CINTURON;CINTURON;51990;51990;;51990;51990;;Ventas;;Mercaderías;;Costo de la mercadería;
Producto;Si;No;Si;CINTURON PANAMA BRONCE AZUL 120;MC050160909-120;Unidad;CINTURON;CINTURON;51990;51990;;51990;51990;;Ventas;;Mercaderías;;Costo de la mercadería;
Producto;Si;No;Si;BANDOLERA LENA NAPADO VERDE;MG020570110;Unidad;MARRO GRANDE;BANDOLERA;189990;199990;;199990;199990;;Ventas;;Mercaderías;;Costo de la mercadería;
Producto;Si;No;Si;BANDOLERA LENA NAPADO AZUL;MG020570109;Unidad;MARRO GRANDE;BANDOLERA;189990;199990;;199990;199990;;Ventas;;Mercaderías;;Costo de la mercadería;
Producto;Si;No;Si;CARTERA MINI APHOLO C/CIERRE BRIDGE NEGRO;MG010910301;Unidad;MARRO GRANDE;CARTERA;165990;165990;;165990;165990;;Ventas;;Mercaderías;;Costo de la mercadería;
Producto;Si;No;Si;CARTERA MINI APHOLO C/CIERRE BRIDGE TABACO;MG010910304;Unidad;MARRO GRANDE;CARTERA;165990;165990;;165990;165990;;Ventas;;Mercaderías;;Costo de la mercadería;
Producto;Si;No;Si;CARTERA MINI APHOLO C/CIERRE BRIDGE ROJO;MG010910307;Unidad;MARRO GRANDE;CARTERA;165990;165990;;165990;165990;;Ventas;;Mercaderías;;Costo de la mercadería;
Producto;Si;No;Si;CARTERA AMARILLA C/CIERRE BRIDGE NEGRO;MG010920301;Unidad;MARRO GRANDE;CARTERA;165990;159990;;159990;159990;;Ventas;;Mercaderías;;Costo de la mercadería;
Producto;Si;No;Si;CARTERA AMARILLA C/CIERRE BRIDGE CARAMELO;MG010920303;Unidad;MARRO GRANDE;CARTERA;165990;159990;;159990;159990;;Ventas;;Mercaderías;;Costo de la mercadería;
Producto;Si;No;Si;CARTERA AMARILLA C/CIERRE BRIDGE TABACO;MG010920304;Unidad;MARRO GRANDE;CARTERA;165990;159990;;159990;159990;;Ventas;;Mercaderías;;Costo de la mercadería;
Producto;Si;No;Si;CARTERA APHOLO C/CIERRE BRIDGE NEGRO;MG010930301;Unidad;MARRO GRANDE;CARTERA;199990;199990;;199990;199990;;Ventas;;Mercaderías;;Costo de la mercadería;
Producto;Si;No;Si;CARTERA APHOLO C/CIERRE BRIDGE CARAMELO;MG010930303;Unidad;MARRO GRANDE;CARTERA;199990;199990;;199990;199990;;Ventas;;Mercaderías;;Costo de la mercadería;
Producto;Si;No;Si;CARTERA APHOLO C/CIERRE BRIDGE TABACO;MG010930304;Unidad;MARRO GRANDE;CARTERA;199990;199990;;199990;199990;;Ventas;;Mercaderías;;Costo de la mercadería;
Producto;Si;No;Si;CARTERA APHOLO C/CIERRE BRIDGE MALBEC;MG010930315;Unidad;MARRO GRANDE;CARTERA;199990;199990;;199990;199990;;Ventas;;Mercaderías;;Costo de la mercadería;
Producto;Si;No;Si;CARTERA AMARILLA C/CIERRE IGUANA ROJO;MG010920707;Unidad;MARRO GRANDE;CARTERA;167990;159990;;159990;159990;;Ventas;;Mercaderías;;Costo de la mercadería;
Producto;Si;No;Si;MOCHILA JUANA MAGNUM NEGRO;MG100941101;Unidad;MARRO GRANDE;MOCHILA;0;89990;;89990;89990;;Ventas;;Mercaderías;;Costo de la mercadería;
Producto;Si;No;Si;MOCHILA JUANA MAGNUM CUOIO;MG100941120;Unidad;MARRO GRANDE;MOCHILA;0;89990;;89990;89990;;Ventas;;Mercaderías;;Costo de la mercadería;
Producto;Si;No;Si;MOCHILA JUANA DUNA NEGRO;MG100941201;Unidad;MARRO GRANDE;MOCHILA;0;89990;;89990;89990;;Ventas;;Mercaderías;;Costo de la mercadería;
Producto;Si;No;Si;CARTERA MIRABELLA DUNA NEGRO;MG100951201;Unidad;MARRO GRANDE;CARTERA;149990;149990;;149990;149990;;Ventas;;Mercaderías;;Costo de la mercadería;
Producto;Si;No;Si;CARTERA MIRABELLA NAPADO NEGRO;MG100950101;Unidad;MARRO GRANDE;CARTERA;149990;149990;;149990;149990;;Ventas;;Mercaderías;;Costo de la mercadería;
Producto;Si;No;Si;CARTERA MIRABELLA NAPADO CARAMELO;MG100950103;Unidad;MARRO GRANDE;CARTERA;149990;149990;;149990;149990;;Ventas;;Mercaderías;;Costo de la mercadería;
Producto;Si;No;Si;CARTERA MIRABELLA NAPADO SUELA;MG100950102;Unidad;MARRO GRANDE;CARTERA;149990;149990;;149990;149990;;Ventas;;Mercaderías;;Costo de la mercadería;
Producto;Si;No;Si;PORTALAPTOP ELOY TAMPONATO SUELA;MG020560202;Unidad;MARRO GRANDE;PORTALAPTOP;83990;84990;;84990;84990;;Ventas;;Mercaderías;;Costo de la mercadería;
Producto;Si;No;Si;MORRAL BERLIN BRIDGE CHOCOLATE;MG010370352;Unidad;MARRO GRANDE;MORRAL;219990;229990;;229990;229990;;Ventas;;Mercaderías;;Costo de la mercadería;
Producto;Si;No;Si;CINTURON GUS 650 BRIDGE NEGRO 100;MC050140301-100;Unidad;CINTURON;CINTURON;51990;51990;;51990;51990;;Ventas;;Mercaderías;;Costo de la mercadería;
Producto;Si;No;Si;CINTURON GUS 650 BRIDGE NEGRO 105;MC050140301-105;Unidad;CINTURON;CINTURON;51990;51990;;51990;51990;;Ventas;;Mercaderías;;Costo de la mercadería;
Producto;Si;No;Si;CINTURON GUS 650 BRIDGE NEGRO 110;MC050140301-110;Unidad;CINTURON;CINTURON;51990;51990;;51990;51990;;Ventas;;Mercaderías;;Costo de la mercadería;
Producto;Si;No;Si;CINTURON GUS 650 BRIDGE NEGRO 115;MC050140301-115;Unidad;CINTURON;CINTURON;51990;51990;;51990;51990;;Ventas;;Mercaderías;;Costo de la mercadería;
Producto;Si;No;Si;CINTURON GUS 650 BRIDGE NEGRO 120;MC050140301-120;Unidad;CINTURON;CINTURON;51990;51990;;51990;51990;;Ventas;;Mercaderías;;Costo de la mercadería;
Producto;Si;No;Si;CINTURON GUS 650 BRIDGE NEGRO 85;MC050140301-85;Unidad;CINTURON;CINTURON;51990;51990;;51990;51990;;Ventas;;Mercaderías;;Costo de la mercadería;
Producto;Si;No;Si;CINTURON GUS 650 BRIDGE NEGRO 90;MC050140301-90;Unidad;CINTURON;CINTURON;51990;51990;;51990;51990;;Ventas;;Mercaderías;;Costo de la mercadería;
Producto;Si;No;Si;CINTURON GUS 650 BRIDGE NEGRO 95;MC050140301-95;Unidad;CINTURON;CINTURON;51990;51990;;51990;51990;;Ventas;;Mercaderías;;Costo de la mercadería;
Producto;Si;No;Si;MORRAL OLDIE BRIDGE CHOCOLATE;MG010500352;Unidad;MARRO GRANDE;MORRAL;189990;199990;;199990;199990;;Ventas;;Mercaderías;;Costo de la mercadería;
Producto;Si;No;Si;PORTALENTES ORION NAPADO AZUL;MC020110109;Unidad;MARRO CHICA;PORTALENTES;12990;12990;;12990;12990;;Ventas;;Mercaderías;;Costo de la mercadería;
Producto;Si;No;Si;PORTAFOLIO OLDIE BRIDGE CHOCOLATE;MG010510352;Unidad;MARRO GRANDE;PORTAFOLIO;439990;459990;;459990;459990;;Ventas;;Mercaderías;;Costo de la mercadería;
Producto;Si;No;Si;MORRAL CARLOS BRIDGE CHOCOLATE;MG020450352;Unidad;MARRO GRANDE;MORRAL;275990;299990;;299990;299990;;Ventas;;Mercaderías;;Costo de la mercadería;
Producto;Si;No;Si;MORRAL CARLOS TAMPONATO SUELA;MG020450202;Unidad;MARRO GRANDE;MORRAL;275990;299990;;299990;299990;;Ventas;;Mercaderías;;Costo de la mercadería;
Producto;Si;No;Si;BILLETERA MILO SIMPLE NAPADO TABACO;MC020430104;Unidad;MARRO CHICA;BILLETERA;55990;59990;;59990;59990;;Ventas;;Mercaderías;;Costo de la mercadería;
Producto;Si;No;Si;CARTERA LONDRES BRIDGE MALBEC;MG010860315;Unidad;MARRO GRANDE;CARTERA;171990;184990;;184990;184990;;Ventas;;Mercaderías;;Costo de la mercadería;
Producto;Si;No;Si;BILLETERA LIAM NAPADO CARAMELO;MC020440103;Unidad;MARRO CHICA;BILLETERA;81990;89990;;89990;89990;;Ventas;;Mercaderías;;Costo de la mercadería;
Producto;Si;No;Si;BILLETERA LIAM NAPADO AZUL;MC020440109;Unidad;MARRO CHICA;BILLETERA;81990;89990;;89990;89990;;Ventas;;Mercaderías;;Costo de la mercadería;
Producto;Si;No;Si;BILLETERA LIAM NAPADO NEGRO;MC020440101;Unidad;MARRO CHICA;BILLETERA;81990;89990;;89990;89990;;Ventas;;Mercaderías;;Costo de la mercadería;
Producto;Si;No;Si;BILLETERA LIAM NAPADO TABACO;MC020440104;Unidad;MARRO CHICA;BILLETERA;81990;89990;;89990;89990;;Ventas;;Mercaderías;;Costo de la mercadería;
Producto;Si;No;Si;BILLETERA LIAM NAPADO VERDE;MC020440110;Unidad;MARRO CHICA;BILLETERA;81990;89990;;89990;89990;;Ventas;;Mercaderías;;Costo de la mercadería;
Producto;Si;No;Si;MORRAL ANGOSTO BRIDGE CHOCOLATE;MG010270352;Unidad;MARRO GRANDE;MORRAL;189990;209990;;209990;209990;;Ventas;;Mercaderías;;Costo de la mercadería;
Producto;Si;No;Si;MORRAL ANGOSTO GAMUZA CAFE/TABACO;MG010270558-4;Unidad;MARRO GRANDE;MORRAL;189990;159990;;159990;159990;;Ventas;;Mercaderías;;Costo de la mercadería;
Producto;Si;No;Si;MORRAL ANGOSTO GAMUZA VESUBIO/TABACO;MG010270550-4;Unidad;MARRO GRANDE;MORRAL;189990;159990;;159990;159990;;Ventas;;Mercaderías;;Costo de la mercadería;
Producto;Si;No;Si;BILLETERA KEY BRIDGE CHOCOLATE;MC020200352;Unidad;MARRO CHICA;BILLETERA;0;44990;;44990;44990;;Ventas;;Mercaderías;;Costo de la mercadería;
Producto;Si;No;Si;CARTERA LISBOA NAPADO VERDE;MG010830110;Unidad;MARRO GRANDE;BANDOLERA;75990;79990;;79990;79990;;Ventas;;Mercaderías;;Costo de la mercadería;
Producto;Si;No;Si;CARTERA DOS HEBILLAS NEW GAMUZA OLIVE/TABACO;MG010740516-4;Unidad;MARRO GRANDE;CARTERA;269990;269990;;269990;269990;;Ventas;;Mercaderías;;Costo de la mercadería;
Producto;Si;No;Si;CARTERA DOS HEBILLAS NEW GAMUZA GRIS MEDIO/TABACO;MG010740517-4;Unidad;MARRO GRANDE;CARTERA;269990;269990;;269990;269990;;Ventas;;Mercaderías;;Costo de la mercadería;
Producto;Si;No;Si;TARJETERO KENNY BRIDGE TABACO;MC020280304;Unidad;MARRO CHICA;BILLETERA;55990;59990;;59990;59990;;Ventas;;Mercaderías;;Costo de la mercadería;
Producto;Si;No;Si;BOLSO TUBO GRANDE GAMUZA CAFE/NEGRO;MG010100558-1;Unidad;MARRO GRANDE;BOLSO;399990;429990;;429990;429990;;Ventas;;Mercaderías;;Costo de la mercadería;
Producto;Si;No;Si;BOLSO TUBO GRANDE GAMUZA BRIDGE GRIS OSCURO/TABACO;MG010100522-4;Unidad;MARRO GRANDE;BOLSO;399990;429990;;429990;429990;;Ventas;;Mercaderías;;Costo de la mercadería;
Producto;Si;No;Si;BOLSO TUBO GRANDE GAMUZA IGUANA GRIS OSCURO/CARAMELO;MG010100722-3;Unidad;MARRO GRANDE;BOLSO;399990;429990;;429990;429990;;Ventas;;Mercaderías;;Costo de la mercadería;
Producto;Si;No;Si;BOLSO URBANO BRIDGE CHOCOLATE;MG010080352;Unidad;MARRO GRANDE;BOLSO;214990;199990;;199990;199990;;Ventas;;Mercaderías;;Costo de la mercadería;
Producto;Si;No;Si;PRODUCTO OUTLET 7990;OUT7990;Unidad;OUTLET;OUTLET;7990;7990;;7990;7990;;Ventas;;Mercaderías;;Costo de la mercadería;
Producto;Si;No;Si;CARTERA YARA BRIDGE MALBEC;MG010600315;Unidad;MARRO GRANDE;BANDOLERA;159990;174990;;174990;174990;;Ventas;;Mercaderías;;Costo de la mercadería;
Producto;Si;No;Si;BILLETERA LUCA BRIDGE CHOCOLATE;MC020220352;Unidad;MARRO CHICA;BILLETERA;44990;49990;;49990;49990;;Ventas;;Mercaderías;;Costo de la mercadería;
Producto;Si;No;Si;BOLSO LIHUEN BRIDGE NEGRO;MG010610301;Unidad;MARRO GRANDE;BOLSO;155990;169990;;169990;169990;;Ventas;;Mercaderías;;Costo de la mercadería;
Producto;Si;No;Si;CARTERA MINI APHOLO C/CIERRE BRIDGE CARAMELO;MG010910303;Unidad;MARRO GRANDE;CARTERA;165990;165990;;165990;165990;;Ventas;;Mercaderías;;Costo de la mercadería;
Producto;Si;No;Si;CARTERA MINI APHOLO C/CIERRE BRIDGE MALBEC;MG010910315;Unidad;MARRO GRANDE;CARTERA;165990;165990;;165990;165990;;Ventas;;Mercaderías;;Costo de la mercadería;
Producto;Si;No;Si;PORTALAPTOP ELOY FIORENTINO CEDRO;MG020561623;Unidad;MARRO GRANDE;PORTALAPTOP;83990;84990;;84990;84990;;Ventas;;Mercaderías;;Costo de la mercadería;
Producto;Si;No;Si;PRODUCTO OUTLET 99990;OUT99990;Unidad;OUTLET;OUTLET;99990;99990;;99990;99990;;Ventas;;Mercaderías;;Costo de la mercadería;
Producto;Si;No;Si;MORRAL ADI VINTAGE BRIDGE NEGRO;MG010240301;Unidad;MARRO GRANDE;BOLSO;284990;299990;;299990;299990;;Ventas;;Mercaderías;;Costo de la mercadería;
?Producto;Si;No;Si;MORRAL ADI VINTAGE BRIDGE TABACO;MG010240304;Unidad;MARRO GRANDE;BOLSO;284990;299990;;299990;299990;;Ventas;;Mercaderías;;Costo de la mercadería;
Producto;Si;No;Si;PORTALAPTOP LES BRIDGE CHOCOLATE;MG020540352;Unidad;MARRO GRANDE;PORTALAPTOP;112990;112990;;112990;112990;;Ventas;;Mercaderías;;Costo de la mercadería;
Producto;Si;No;Si;PORTALAPTOP LES FIORENTINO CEDRO;MG020541623;Unidad;MARRO GRANDE;PORTALAPTOP;112990;112990;;112990;112990;;Ventas;;Mercaderías;;Costo de la mercadería;
Producto;Si;No;Si;PORTALENTES LUZ FIORENTINO CEDRO;MC020171623;Unidad;MARRO CHICA;PORTALENTES;12990;13990;;13990;13990;;Ventas;;Mercaderías;;Costo de la mercadería;
Producto;Si;No;Si;BILLETERA LEXI BRIDGE TABACO;MC020330304;Unidad;MARRO CHICA;BILLETERA;0;64990;;64990;64990;;Ventas;;Mercaderías;;Costo de la mercadería;
Producto;Si;No;Si;CARTERA CHALTEN BRIDGE MALBEC;MG010850315;Unidad;MARRO GRANDE;CARTERA;114990;119990;;119990;119990;;Ventas;;Mercaderías;;Costo de la mercadería;
Producto;Si;No;Si;PORTALENTES LUZ BRIDGE CHOCOLATE;MC020170352;Unidad;MARRO CHICA;PORTALENTES;12990;13990;;13990;13990;;Ventas;;Mercaderías;;Costo de la mercadería;
Producto;Si;No;Si;CARTERA AMARILLA SET SOBRE GAMUZA GRIS OSCURO;MG010710522;Unidad;MARRO GRANDE;CARTERA;165990;159990;;159990;159990;;Ventas;;Mercaderías;;Costo de la mercadería;
Producto;Si;No;Si;CARTERA AMARILLA SET SOBRE FIORENTINO CEDRO;MG010711623;Unidad;MARRO GRANDE;CARTERA;165990;159990;;159990;159990;;Ventas;;Mercaderías;;Costo de la mercadería;
Producto;Si;No;Si;TARJETERO RUBI FIORENTINO CEDRO;MC020271623;Unidad;MARRO CHICA;TARJETERO;12990;14990;;14990;14990;;Ventas;;Mercaderías;;Costo de la mercadería;
Producto;Si;No;Si;CARTERA BAULITO FIORENTINO CEDRO;MG010091623;Unidad;MARRO GRANDE;CARTERA;0;149990;;149990;149990;;Ventas;;Mercaderías;;Costo de la mercadería;
Producto;Si;No;Si;CINTURON FER TELA UNICO;MC010171724;Unidad;CINTURON;CINTURON;3990;3990;;3990;3990;;Ventas;;Mercaderías;;Costo de la mercadería;
Producto;Si;No;Si;BILLETERA BEIJING NAPADO AZUL;MC020480109;Unidad;MARRO CHICA;BILLETERA;95990;99990;;99990;99990;;Ventas;;Mercaderías;;Costo de la mercadería;
Producto;Si;No;Si;BILLETERA BEIJING NAPADO VERDE;MC020480110;Unidad;MARRO CHICA;BILLETERA;95990;99990;;99990;99990;;Ventas;;Mercaderías;;Costo de la mercadería;
Producto;Si;No;Si;PRODUCTO OUTLET 69990;OUT69990;Unidad;OUTLET;;69990;69990;;69990;69990;;Ventas;;Mercaderías;;Costo de la mercadería;
Producto;Si;No;Si;BOLSO TUBO GRANDE FIORENTINO CEDRO;MG010101623;Unidad;MARRO GRANDE;BOLSO;399990;429990;;429990;429990;;Ventas;;Mercaderías;;Costo de la mercadería;
Producto;Si;No;Si;BOLSO TUBO GRANDE GAMUZA BRIDGE GRIS OSCURO/CARAMELO;MG010100522-3;Unidad;MARRO GRANDE;BOLSO;399990;429990;;429990;429990;;Ventas;;Mercaderías;;Costo de la mercadería;
Producto;Si;No;Si;BOLSO TUBO GRANDE GAMUZA GRIS OSCURO/TABACO;MG010100522/4;Unidad;MARRO GRANDE;BOLSO;334990;334990;;334990;334990;;Ventas;;Mercaderías;;Costo de la mercadería;
Producto;Si;No;Si;BOLSO TUBO GRANDE GAMUZA BRIDGE OLIVE/CARAMELO;MG010100316-3;Unidad;MARRO GRANDE;BOLSO;399990;429990;;429990;429990;;Ventas;;Mercaderías;;Costo de la mercadería;
Producto;Si;No;Si;BANDOLERA NOE TOLEDO HAVANA;MG100881553;Unidad;MARRO GRANDE;BANDOLERA;0;49990;;49990;49990;;Ventas;;Mercaderías;;Costo de la mercadería;
Producto;Si;No;Si;BANDOLERA NOE NAPA LOLA SOFT HAVANA;MG100881353;Unidad;MARRO GRANDE;BANDOLERA;0;49990;;49990;49990;;Ventas;;Mercaderías;;Costo de la mercadería;
Producto;Si;No;Si;BANDOLERA NOE NAPA LOLA SOFT CLAY;MG100881361;Unidad;MARRO GRANDE;BANDOLERA;0;49990;;49990;49990;;Ventas;;Mercaderías;;Costo de la mercadería;
Producto;Si;No;Si;BANDOLERA NOE NAPA LOLA SOFT NEGRO;MG100881301;Unidad;MARRO GRANDE;BANDOLERA;0;49990;;49990;49990;;Ventas;;Mercaderías;;Costo de la mercadería;
Producto;Si;No;Si;BANDOLERA NOE TOLEDO CLAY;MG100881561;Unidad;MARRO GRANDE;BANDOLERA;0;49990;;49990;49990;;Ventas;;Mercaderías;;Costo de la mercadería;
Producto;Si;No;Si;PORTABILLETES CRATER NAPADO CARAMELO;MC020490103;Unidad;MARRO CHICA;PORTABILLETES;28990;28990;;28990;28990;;Ventas;;Mercaderías;;Costo de la mercadería;
Producto;Si;No;Si;PORTAFOLIO HUAPI BRIDGE NEGRO;MG010620301;Unidad;MARRO GRANDE;PORTAFOLIO;239990;259990;;259990;259990;;Ventas;;Mercaderías;;Costo de la mercadería;
Producto;Si;No;Si;PORTAFOLIO HUAPI FIORENTINO CEDRO;MG010621623;Unidad;MARRO GRANDE;PORTAFOLIO;239990;259990;;259990;259990;;Ventas;;Mercaderías;;Costo de la mercadería;
Producto;Si;No;Si;TARJETERO JUAN BRIDGE MALBEC;MC020190315;Unidad;MARRO CHICA;TARJETERO;29990;29990;;29990;29990;;Ventas;;Mercaderías;;Costo de la mercadería;
Producto;Si;No;Si;PORTABILLETES CORVUS BRIDGE MALBEC;MC020470315;Unidad;MARRO CHICA;PORTABILLETES;39990;39990;;39990;39990;;Ventas;;Mercaderías;;Costo de la mercadería;
Producto;Si;No;Si;PRODUCTO OUTLET 44990;OUT44990;Unidad;OUTLET;OUTLET;44990;44990;;44990;44990;;Ventas;;Mercaderías;;Costo de la mercadería;
Producto;Si;No;Si;CARTERA LISBOA FIORENTINO CEDRO;MG010831623;Unidad;MARRO GRANDE;CARTERA;75990;79990;;79990;79990;;Ventas;;Mercaderías;;Costo de la mercadería;
Producto;Si;No;Si;PORTALENTES ORION NAPADO VERDE;MC020110110;Unidad;MARRO CHICA;PORTALENTES;12990;12990;;12990;12990;;Ventas;;Mercaderías;;Costo de la mercadería;
Producto;Si;No;Si;PORTALENTES ORION NAPADO ROJO;MC020110107;Unidad;MARRO CHICA;PORTALENTES;12990;12990;;12990;12990;;Ventas;;Mercaderías;;Costo de la mercadería;
Producto;Si;No;Si;SOBRE OMEGA BRIDGE CARAMELO;MG020830303;Unidad;MARRO GRANDE;SOBRE;59990;59990;;59990;59990;;Ventas;;Mercaderías;;Costo de la mercadería;
Producto;Si;No;Si;SOBRE OMEGA BRIDGE MALBEC;MG020830315;Unidad;MARRO GRANDE;SOBRE;59990;59990;;59990;59990;;Ventas;;Mercaderías;;Costo de la mercadería;
Producto;Si;No;Si;SOBRE OMEGA GAMUZA AZUL;MG020830509;Unidad;MARRO GRANDE;SOBRE;59990;59990;;59990;59990;;Ventas;;Mercaderías;;Costo de la mercadería;
Producto;Si;No;Si;SOBRE OMEGA GAMUZA MARSALA;MG020830518;Unidad;MARRO GRANDE;SOBRE;31990;59990;;59990;59990;;Ventas;;Mercaderías;;Costo de la mercadería;
Producto;Si;No;Si;SOBRE OMEGA GAMUZA GRIS OSCURO;MG020830522;Unidad;MARRO GRANDE;SOBRE;59990;59990;;59990;59990;;Ventas;;Mercaderías;;Costo de la mercadería;
Producto;Si;No;Si;SOBRE OMEGA GAMUZA OLIVE;MG020830516;Unidad;MARRO GRANDE;SOBRE;59990;59990;;59990;59990;;Ventas;;Mercaderías;;Costo de la mercadería;
Producto;Si;No;Si;BANDOLERA VICENTA GAMUZA AZUL;MG010700509;Unidad;MARRO GRANDE;BANDOLERA;94990;99990;;99990;99990;;Ventas;;Mercaderías;;Costo de la mercadería;
Producto;Si;No;Si;BANDOLERA VICENTA GAMUZA OLIVE;MG010700516;Unidad;MARRO GRANDE;BANDOLERA;94990;99990;;99990;99990;;Ventas;;Mercaderías;;Costo de la mercadería;
Producto;Si;No;Si;BANDOLERA VICENTA GAMUZA GRIS MEDIO;MG010700517;Unidad;MARRO GRANDE;BANDOLERA;94990;99990;;99990;99990;;Ventas;;Mercaderías;;Costo de la mercadería;
Producto;Si;No;Si;BANDOLERA VICENTA GAMUZA GRIS OSCURO;MG010700522;Unidad;MARRO GRANDE;BANDOLERA;94990;99990;;99990;99990;;Ventas;;Mercaderías;;Costo de la mercadería;
Producto;Si;No;Si;BANDOLERA VICENTA GAMUZA MARSALA;MG010700518;Unidad;MARRO GRANDE;BANDOLERA;46990;99990;;99990;99990;;Ventas;;Mercaderías;;Costo de la mercadería;
Producto;Si;No;Si;ZAPATILLA URBANA CUERO NEGRO 39;CA060010301-39;Unidad;CALZADO;ZAPATILLA;119990;79990;;79990;79990;;Ventas;;Mercaderías;;Costo de la mercadería;
Producto;Si;No;Si;ZAPATILLA URBANA CUERO NEGRO 41;CA060010301-41;Unidad;CALZADO;ZAPATILLA;119990;79990;;79990;79990;;Ventas;;Mercaderías;;Costo de la mercadería;
Producto;Si;No;Si;ZAPATILLA URBANA CUERO NEGRO 42;CA060010301-42;Unidad;CALZADO;ZAPATILLA;119990;79990;;79990;79990;;Ventas;;Mercaderías;;Costo de la mercadería;
Producto;Si;No;Si;ZAPATILLA URBANA CUERO NEGRO 43;CA060010301-43;Unidad;CALZADO;ZAPATILLA;119990;79990;;79990;79990;;Ventas;;Mercaderías;;Costo de la mercadería;
Producto;Si;No;Si;ZAPATILLA URBANA CUERO NEGRO 44;CA060010301-44;Unidad;CALZADO;ZAPATILLA;119990;79990;;79990;79990;;Ventas;;Mercaderías;;Costo de la mercadería;
Producto;Si;No;Si;ZAPATILLA URBANA CUERO NEGRO 45;CA060010301-45;Unidad;CALZADO;ZAPATILLA;119990;79990;;79990;79990;;Ventas;;Mercaderías;;Costo de la mercadería;
Producto;Si;No;Si;ZAPATILLA URBANA CUERO SUELA 39;CA060010302-39;Unidad;CALZADO;ZAPATILLA;119990;79990;;79990;79990;;Ventas;;Mercaderías;;Costo de la mercadería;
Producto;Si;No;Si;ZAPATILLA URBANA CUERO SUELA 40;CA060010302-40;Unidad;CALZADO;ZAPATILLA;119990;79990;;79990;79990;;Ventas;;Mercaderías;;Costo de la mercadería;
Producto;Si;No;Si;ZAPATILLA URBANA CUERO SUELA 41;CA060010302-41;Unidad;CALZADO;ZAPATILLA;119990;79990;;79990;79990;;Ventas;;Mercaderías;;Costo de la mercadería;
Producto;Si;No;Si;ZAPATILLA URBANA CUERO SUELA 42;CA060010302-42;Unidad;CALZADO;ZAPATILLA;119990;79990;;79990;79990;;Ventas;;Mercaderías;;Costo de la mercadería;
Producto;Si;No;Si;ZAPATILLA URBANA CUERO SUELA 43;CA060010302-43;Unidad;CALZADO;ZAPATILLA;119990;79990;;79990;79990;;Ventas;;Mercaderías;;Costo de la mercadería;
Producto;Si;No;Si;ZAPATILLA URBANA CUERO SUELA 44;CA060010302-44;Unidad;CALZADO;ZAPATILLA;119990;79990;;79990;79990;;Ventas;;Mercaderías;;Costo de la mercadería;
Producto;Si;No;Si;ZAPATILLA URBANA CUERO SUELA 45;CA060010302-45;Unidad;CALZADO;ZAPATILLA;119990;79990;;79990;79990;;Ventas;;Mercaderías;;Costo de la mercadería;
Producto;Si;No;Si;CARTERA IBERA CROCO CANELA;MG010961019;Unidad;MARRO GRANDE;CARTERA;64990;64990;;64990;64990;;Ventas;;Mercaderías;;Costo de la mercadería;
Producto;Si;No;Si;CARTERA IBERA SENA WHISKY;MG010961825;Unidad;MARRO GRANDE;CARTERA;64990;64990;;64990;64990;;Ventas;;Mercaderías;;Costo de la mercadería;
Producto;Si;No;Si;CARTERA IBERA SENA OLIVA;MG010961816;Unidad;MARRO GRANDE;CARTERA;64990;64990;;64990;64990;;Ventas;;Mercaderías;;Costo de la mercadería;
Producto;Si;No;Si;CARTERA IBERA SENA CARAMELO;MG010961803;Unidad;MARRO GRANDE;CARTERA;64990;64990;;64990;64990;;Ventas;;Mercaderías;;Costo de la mercadería;
Producto;Si;No;Si;CARTERA IBERA SENA CAPUCHINO;MG010961826;Unidad;MARRO GRANDE;CARTERA;64990;64990;;64990;64990;;Ventas;;Mercaderías;;Costo de la mercadería;
Producto;Si;No;Si;CARTERA IBERA SENA PIEDRA;MG010961827;Unidad;MARRO GRANDE;CARTERA;64990;64990;;64990;64990;;Ventas;;Mercaderías;;Costo de la mercadería;
Producto;Si;No;Si;CARTERA IBERA BRIDGE NEGRO;MG010960301;Unidad;MARRO GRANDE;CARTERA;64990;64990;;64990;64990;;Ventas;;Mercaderías;;Costo de la mercadería;
Producto;Si;No;Si;BOLSO LIHUEN FIORENTINO CEDRO;MG010611623;Unidad;MARRO GRANDE;BOLSO;155990;169990;;169990;169990;;Ventas;;Mercaderías;;Costo de la mercadería;
Producto;Si;No;Si;MOCHILA TOBIAS BRIDGE CARAMELO;MG010030303;Unidad;MARRO GRANDE;MOCHILA;249990;249990;;249990;249990;;Ventas;;Mercaderías;;Costo de la mercadería;
Producto;Si;No;Si;PORTAFOLIO VENUS CH BRIDGE MALBEC;MG010770315;Unidad;MARRO GRANDE;PORTAFOLIO;259990;269990;;269990;269990;;Ventas;;Mercaderías;;Costo de la mercadería;
Producto;Si;No;Si;BORCEGOS CLASSIC CUERO SUELA 39;CA110050002-39;Unidad;CALZADO;BORCEGO;129990;79990;;79990;79990;;Ventas;;Mercaderías;;Costo de la mercadería;
Producto;Si;No;Si;BORCEGOS CLASSIC CUERO SUELA 40;CA110050002-40;Unidad;CALZADO;BORCEGO;129990;79990;;79990;79990;;Ventas;;Mercaderías;;Costo de la mercadería;
Producto;Si;No;Si;BORCEGOS CLASSIC CUERO SUELA 41;CA110050002-41;Unidad;CALZADO;BORCEGO;129990;79990;;79990;79990;;Ventas;;Mercaderías;;Costo de la mercadería;
Producto;Si;No;Si;BORCEGOS CLASSIC CUERO SUELA 42;CA110050002-42;Unidad;CALZADO;BORCEGO;129990;79990;;79990;79990;;Ventas;;Mercaderías;;Costo de la mercadería;
Producto;Si;No;Si;BORCEGOS CLASSIC CUERO SUELA 43;CA110050002-43;Unidad;CALZADO;BORCEGO;129990;79990;;79990;79990;;Ventas;;Mercaderías;;Costo de la mercadería;
Producto;Si;No;Si;BORCEGOS CLASSIC CUERO SUELA 44;CA110050002-44;Unidad;CALZADO;BORCEGO;129990;79990;;79990;79990;;Ventas;;Mercaderías;;Costo de la mercadería;
Producto;Si;No;Si;BORCEGOS CLASSIC CUERO SUELA 45;CA110050002-45;Unidad;CALZADO;BORCEGO;129990;79990;;79990;79990;;Ventas;;Mercaderías;;Costo de la mercadería;
Producto;Si;No;Si;BOTAS MORRIS CUERO SUELA 39;CA110060002-39;Unidad;CALZADO;BOTAS;119990;59990;;59990;59990;;Ventas;;Mercaderías;;Costo de la mercadería;
Producto;Si;No;Si;BOTAS MORRIS CUERO SUELA 40;CA110060002-40;Unidad;CALZADO;BOTAS;119990;59990;;59990;59990;;Ventas;;Mercaderías;;Costo de la mercadería;
Producto;Si;No;Si;BOTAS MORRIS CUERO SUELA 41;CA110060002-41;Unidad;CALZADO;BOTAS;119990;59990;;59990;59990;;Ventas;;Mercaderías;;Costo de la mercadería;
Producto;Si;No;Si;BOTAS MORRIS CUERO SUELA 42;CA110060002-42;Unidad;CALZADO;BOTAS;119990;59990;;59990;59990;;Ventas;;Mercaderías;;Costo de la mercadería;
Producto;Si;No;Si;BOTAS MORRIS CUERO SUELA 43;CA110060002-43;Unidad;CALZADO;BOTAS;119990;59990;;59990;59990;;Ventas;;Mercaderías;;Costo de la mercadería;
Producto;Si;No;Si;BOTAS MORRIS CUERO SUELA 44;CA110060002-44;Unidad;CALZADO;BOTAS;119990;59990;;59990;59990;;Ventas;;Mercaderías;;Costo de la mercadería;
Producto;Si;No;Si;BOTAS MORRIS CUERO SUELA 45;CA110060002-45;Unidad;CALZADO;BOTAS;119990;59990;;59990;59990;;Ventas;;Mercaderías;;Costo de la mercadería;
Producto;Si;No;Si;MORRAL OLDIE FIORENTINO CEDRO;MG010501623;Unidad;MARRO GRANDE;MORRAL;189990;199990;;199990;199990;;Ventas;;Mercaderías;;Costo de la mercadería;
Producto;Si;No;Si;CARTERA APHOLO C/CIERRE FIORENTINO CEDRO;MG010931623;Unidad;MARRO GRANDE;CARTERA;199990;199990;;199990;199990;;Ventas;;Mercaderías;;Costo de la mercadería;
Producto;Si;No;Si;CAJA REGALO LUCERO;OT120300000;Unidad;ACCESORIOS;REGALO;0;0;;0;0;;Ventas;;Mercaderías;;Costo de la mercadería;
Producto;Si;No;Si;PAPEL REGALO LUCERO;OT120310000;Unidad;ACCESORIOS;REGALO;0;0;;0;0;;Ventas;;Mercaderías;;Costo de la mercadería;
Producto;Si;No;Si;SOMBRERO ALGODON TOSTADO/NEGRO XS;OT130320021-XS;Unidad;ACCESORIOS;SOMBRERO;0;39990;;39990;39990;;Ventas;;Mercaderías;;Costo de la mercadería;
Producto;Si;No;Si;SOMBRERO ALGODON TOSTADO/NEGRO S;OT130320021-S;Unidad;ACCESORIOS;SOMBRERO;0;39990;;39990;39990;;Ventas;;Mercaderías;;Costo de la mercadería;
Producto;Si;No;Si;SOMBRERO ALGODON TOSTADO/NEGRO M;OT130320021-M;Unidad;ACCESORIOS;SOMBRERO;0;39990;;39990;39990;;Ventas;;Mercaderías;;Costo de la mercadería;
Producto;Si;No;Si;SOMBRERO ALGODON TOSTADO/NEGRO L;OT130320021-L;Unidad;ACCESORIOS;SOMBRERO;0;39990;;39990;39990;;Ventas;;Mercaderías;;Costo de la mercadería;
Producto;Si;No;Si;SOMBRERO ALGODON TOSTADO/NEGRO XL;OT130320021-XL;Unidad;ACCESORIOS;SOMBRERO;0;39990;;39990;39990;;Ventas;;Mercaderías;;Costo de la mercadería;
Producto;Si;No;Si;SOMBRERO ALGODON TOSTADO/NEGRO XXL;OT130320021-XXL;Unidad;ACCESORIOS;SOMBRERO;0;39990;;39990;39990;;Ventas;;Mercaderías;;Costo de la mercadería;
Producto;Si;No;Si;SOMBRERO ALGODON NATURAL/NEGRO XS;OT130320008-XS;Unidad;ACCESORIOS;SOMBRERO;0;39990;;39990;39990;;Ventas;;Mercaderías;;Costo de la mercadería;
Producto;Si;No;Si;SOMBRERO ALGODON NATURAL/NEGRO S;OT130320008-S;Unidad;ACCESORIOS;SOMBRERO;0;39990;;39990;39990;;Ventas;;Mercaderías;;Costo de la mercadería;
Producto;Si;No;Si;SOMBRERO ALGODON NATURAL/NEGRO M;OT130320008-M;Unidad;ACCESORIOS;SOMBRERO;0;39990;;39990;39990;;Ventas;;Mercaderías;;Costo de la mercadería;
Producto;Si;No;Si;SOMBRERO ALGODON NATURAL/NEGRO L;OT130320008-L;Unidad;ACCESORIOS;SOMBRERO;0;39990;;39990;39990;;Ventas;;Mercaderías;;Costo de la mercadería;
Producto;Si;No;Si;SOMBRERO ALGODON NATURAL/NEGRO XL;OT130320008-XL;Unidad;ACCESORIOS;SOMBRERO;0;39990;;39990;39990;;Ventas;;Mercaderías;;Costo de la mercadería;
Producto;Si;No;Si;SOMBRERO ALGODON NATURAL/NEGRO XXL;OT130320008-XXL;Unidad;ACCESORIOS;SOMBRERO;0;39990;;39990;39990;;Ventas;;Mercaderías;;Costo de la mercadería;
Producto;Si;No;Si;SOMBRERO RAFIA TOSTADO/BLANCO XS;OT130330021-XS;Unidad;ACCESORIOS;SOMBRERO;0;49990;;49990;49990;;Ventas;;Mercaderías;;Costo de la mercadería;
Producto;Si;No;Si;SOMBRERO RAFIA TOSTADO/BLANCO S;OT130330021-S;Unidad;ACCESORIOS;SOMBRERO;0;49990;;49990;49990;;Ventas;;Mercaderías;;Costo de la mercadería;
Producto;Si;No;Si;SOMBRERO RAFIA TOSTADO/BLANCO M;OT130330021-M;Unidad;ACCESORIOS;SOMBRERO;0;49990;;49990;49990;;Ventas;;Mercaderías;;Costo de la mercadería;
Producto;Si;No;Si;SOMBRERO RAFIA TOSTADO/BLANCO L;OT130330021-L;Unidad;ACCESORIOS;SOMBRERO;0;49990;;49990;49990;;Ventas;;Mercaderías;;Costo de la mercadería;
Producto;Si;No;Si;SOMBRERO RAFIA TOSTADO/BLANCO XL;OT130330021-XL;Unidad;ACCESORIOS;SOMBRERO;0;49990;;49990;49990;;Ventas;;Mercaderías;;Costo de la mercadería;
Producto;Si;No;Si;SOMBRERO RAFIA TOSTADO/BLANCO XXL;OT130330021-XXL;Unidad;ACCESORIOS;SOMBRERO;0;49990;;49990;49990;;Ventas;;Mercaderías;;Costo de la mercadería;
Producto;Si;No;Si;SOMBRERO RAFIA NATURAL/AZUL XS;OT130330008-XS;Unidad;ACCESORIOS;SOMBRERO;0;49990;;49990;49990;;Ventas;;Mercaderías;;Costo de la mercadería;
Producto;Si;No;Si;SOMBRERO RAFIA NATURAL/AZUL S;OT130330008-S;Unidad;ACCESORIOS;SOMBRERO;0;49990;;49990;49990;;Ventas;;Mercaderías;;Costo de la mercadería;
Producto;Si;No;Si;SOMBRERO RAFIA NATURAL/AZUL M;OT130330008-M;Unidad;ACCESORIOS;SOMBRERO;0;49990;;49990;49990;;Ventas;;Mercaderías;;Costo de la mercadería;
Producto;Si;No;Si;SOMBRERO RAFIA NATURAL/AZUL L;OT130330008-L;Unidad;ACCESORIOS;SOMBRERO;0;49990;;49990;49990;;Ventas;;Mercaderías;;Costo de la mercadería;
Producto;Si;No;Si;SOMBRERO RAFIA NATURAL/AZUL XL;OT130330008-XL;Unidad;ACCESORIOS;SOMBRERO;0;49990;;49990;49990;;Ventas;;Mercaderías;;Costo de la mercadería;
Producto;Si;No;Si;SOMBRERO RAFIA NATURAL/AZUL XXL;OT130330008-XXL;Unidad;ACCESORIOS;SOMBRERO;0;49990;;49990;49990;;Ventas;;Mercaderías;;Costo de la mercadería;
Producto;Si;No;Si;PORTALENTES COLBY FIORENTINO CEDRO;MC020461623;Unidad;MARRO CHICA;PORTALENTES;0;29990;;29990;29990;;Ventas;;Mercaderías;;Costo de la mercadería;
Producto;Si;No;Si;MOCHILA PACARI FIORENTINO CEDRO;MG010041623;Unidad;MARRO GRANDE;MOCHILA;232990;239990;;239990;239990;;Ventas;;Mercaderías;;Costo de la mercadería;
Producto;Si;No;Si;PORTALLAVES ALAN BRIDGE NEGRO;MC020450301;Unidad;MARRO CHICA;PORTALLAVES;49990;39990;;39990;39990;;Ventas;;Mercaderías;;Costo de la mercadería;
Producto;Si;No;Si;PORTALLAVES ALAN BRIDGE TABACO;MC020450304;Unidad;MARRO CHICA;PORTALLAVES;49990;39990;;39990;39990;;Ventas;;Mercaderías;;Costo de la mercadería;
Producto;Si;No;Si;PORTALLAVES ALAN FIORENTINO CEDRO;MC020451623;Unidad;MARRO CHICA;PORTALLAVES;49990;39990;;39990;39990;;Ventas;;Mercaderías;;Costo de la mercadería;
Producto;Si;No;Si;PORTALLAVES ALAN SENA VISON;MC020451828;Unidad;MARRO CHICA;PORTALLAVES;49990;39990;;39990;39990;;Ventas;;Mercaderías;;Costo de la mercadería;
Producto;Si;No;Si;PORTALLAVES ALAN SENA CAPUCHINO;MC020451826;Unidad;MARRO CHICA;PORTALLAVES;49990;39990;;39990;39990;;Ventas;;Mercaderías;;Costo de la mercadería;
Producto;Si;No;Si;PORTALENTES COLBY BRIDGE NEGRO;MC020460301;Unidad;MARRO CHICA;PORTALENTES;0;29990;;29990;29990;;Ventas;;Mercaderías;;Costo de la mercadería;
Producto;Si;No;Si;PORTAFOLIO OLDIE FIORENTINO CEDRO;MG010511623;Unidad;MARRO GRANDE;PORTAFOLIO;439990;459990;;459990;459990;;Ventas;;Mercaderías;;Costo de la mercadería;
Producto;Si;No;Si;RIÑONERA CRUZ S NAPADO NEGRO;MG010400101-S;Unidad;MARRO GRANDE;RIÑONERA;65990;69990;;69990;69990;;Ventas;;Mercaderías;;Costo de la mercadería;
Producto;Si;No;Si;RIÑONERA CRUZ S NAPADO CARAMELO;MG010400103-S;Unidad;MARRO GRANDE;RIÑONERA;65990;69990;;69990;69990;;Ventas;;Mercaderías;;Costo de la mercadería;
Producto;Si;No;Si;TARJETERO RUBI MODENA TABACO;MC020271904;Unidad;MARRO CHICA;TARJETERO;12990;14990;;14990;14990;;Ventas;;Mercaderías;;Costo de la mercadería;
Producto;Si;No;Si;TAG SIMPLE BRIDGE NEGRO;MC020510301;Unidad;MARRO CHICA;TAG;8990;9990;;9990;9990;;Ventas;;Mercaderías;;Costo de la mercadería;
Producto;Si;No;Si;TAG SIMPLE BRIDGE TABACO;MC020510304;Unidad;MARRO CHICA;TAG;8990;9990;;9990;9990;;Ventas;;Mercaderías;;Costo de la mercadería;
Producto;Si;No;Si;BILLETERA LUCA FIORENTINO CEDRO;MC020221623;Unidad;MARRO CHICA;BILLETERA;44990;49990;;49990;49990;;Ventas;;Mercaderías;;Costo de la mercadería;
Producto;Si;No;Si;MOCHILA PIETRO FIORENTINO CEDRO;MG010641623;Unidad;MARRO GRANDE;MOCHILA;399990;449990;;449990;449990;;Ventas;;Mercaderías;;Costo de la mercadería;
Producto;Si;No;Si;LLAVERO JAIRO L216 NAPADO CHOCOLATE;OT050240152;Unidad;ACCESORIOS;LLAVERO;16990;12990;;12990;12990;;Ventas;;Mercaderías;;Costo de la mercadería;
Producto;Si;No;Si;LLAVERO PANAMA CUERO PANAMA TOSTADO;OT050270921;Unidad;ACCESORIOS;LLAVERO;16990;12990;;12990;12990;;Ventas;;Mercaderías;;Costo de la mercadería;
Producto;Si;No;Si;TARJETERO ARIES FIORENTINO CEDRO;MC020101623;Unidad;MARRO CHICA;TARJETERO;9990;9990;;9990;9990;;Ventas;;Mercaderías;;Costo de la mercadería;
Producto;Si;No;Si;TARJETERO ARIES MODENA TABACO;MC020101904;Unidad;MARRO CHICA;TARJETERO;9990;9990;;9990;9990;;Ventas;;Mercaderías;;Costo de la mercadería;
Producto;Si;No;Si;TAG INICIALES VACHETTA NATURAL;MC020522008;Unidad;ACCESORIOS;TAG;3990;3990;;3990;3990;;Ventas;;Mercaderías;;Costo de la mercadería;
Producto;Si;No;Si;TAG INICIALES VACHETTA VISON;MC020522028;Unidad;ACCESORIOS;TAG;3990;3990;;3990;3990;;Ventas;;Mercaderías;;Costo de la mercadería;
Producto;Si;No;Si;TAG INICIALES VACHETTA NEGRO;MC020522001;Unidad;ACCESORIOS;TAG;3990;3990;;3990;3990;;Ventas;;Mercaderías;;Costo de la mercadería;
Producto;Si;No;Si;TAG INICIALES VACHETTA SUELA;MC020522002;Unidad;ACCESORIOS;TAG;3990;3990;;3990;3990;;Ventas;;Mercaderías;;Costo de la mercadería;
Producto;Si;No;Si;TAG INICIALES VACHETTA CHOCOLATE;MC020522052;Unidad;ACCESORIOS;TAG;3990;3990;;3990;3990;;Ventas;;Mercaderías;;Costo de la mercadería;
Producto;Si;No;Si;PORTAPASAPORTE CHESTER FIORENTINO CEDRO;MC020141623;Unidad;MARRO CHICA;PORTAPASAPORTE;15990;16990;;16990;16990;;Ventas;;Mercaderías;;Costo de la mercadería;
Producto;Si;No;Si;PORTAPASAPORTE CHESTER MODENA TABACO;MC020141904;Unidad;MARRO CHICA;PORTAPASAPORTE;15990;16990;;16990;16990;;Ventas;;Mercaderías;;Costo de la mercadería;
Producto;Si;No;Si;MOCHILA LIBRA BRIDGE NEGRO;MG010970301;Unidad;MARRO GRANDE;MOCHILA;279990;299990;;299990;299990;;Ventas;;Mercaderías;;Costo de la mercadería;
Producto;Si;No;Si;MOCHILA LIBRA BRIDGE TABACO;MG010970304;Unidad;MARRO GRANDE;MOCHILA;279990;299990;;299990;299990;;Ventas;;Mercaderías;;Costo de la mercadería;
Producto;Si;No;Si;MOCHILA LIBRA BRIDGE CARAMELO;MG010970303;Unidad;MARRO GRANDE;MOCHILA;279990;299990;;299990;299990;;Ventas;;Mercaderías;;Costo de la mercadería;
Producto;Si;No;Si;MOCHILA LIBRA BRIDGE MALBEC;MG010970315;Unidad;MARRO GRANDE;MOCHILA;279990;299990;;299990;299990;;Ventas;;Mercaderías;;Costo de la mercadería;
Producto;Si;No;Si;LLAVERO INICIALES NAPADO ROJO;OT020340107;Unidad;ACCESORIOS;LLAVERO;12990;12990;;12990;12990;;Ventas;;Mercaderías;;Costo de la mercadería;
Producto;Si;No;Si;LLAVERO INICIALES NAPADO AZUL;OT020340109;Unidad;ACCESORIOS;LLAVERO;12990;12990;;12990;12990;;Ventas;;Mercaderías;;Costo de la mercadería;
Producto;Si;No;Si;LLAVERO INICIALES NAPADO VERDE;OT020340110;Unidad;ACCESORIOS;LLAVERO;12990;12990;;12990;12990;;Ventas;;Mercaderías;;Costo de la mercadería;
Producto;Si;No;Si;CARTERA JUSTINA BRIDGE NEGRO;MG010980301;Unidad;MARRO GRANDE;CARTERA;0;119990;;119990;119990;;Ventas;;Mercaderías;;Costo de la mercadería;
Producto;Si;No;Si;CARTERA JUSTINA BRIDGE CARAMELO;MG010980303;Unidad;MARRO GRANDE;CARTERA;0;119990;;119990;119990;;Ventas;;Mercaderías;;Costo de la mercadería;
Producto;Si;No;Si;CARTERA JUSTINA BRIDGE TABACO;MG010980304;Unidad;MARRO GRANDE;CARTERA;0;119990;;119990;119990;;Ventas;;Mercaderías;;Costo de la mercadería;
Producto;Si;No;Si;CARTERA JUSTINA FIORENTINO CEDRO;MG010981623;Unidad;MARRO GRANDE;CARTERA;0;119990;;119990;119990;;Ventas;;Mercaderías;;Costo de la mercadería;
Producto;Si;No;Si;TARJETERO JUAN FIORENTINO CEDRO;MC020191623;Unidad;MARRO CHICA;TARJETERO;29990;29990;;29990;29990;;Ventas;;Mercaderías;;Costo de la mercadería;
Producto;Si;No;Si;TAG AMAYA VACHETTA VISON;MC020532028;Unidad;ACCESORIOS;TAG;12990;12990;;12990;12990;;Ventas;;Mercaderías;;Costo de la mercadería;
Producto;Si;No;Si;TAG AMAYA VACHETTA SUELA;MC020532002;Unidad;ACCESORIOS;TAG;12990;12990;;12990;12990;;Ventas;;Mercaderías;;Costo de la mercadería;
?Producto;Si;No;Si;PORTALENTES LUZ NAPADO AZUL;MC020170109;Unidad;MARRO CHICA;PORTALENTES;12990;13990;;13990;13990;;Ventas;;Mercaderías;;Costo de la mercadería;
Producto;Si;No;Si;PORTALENTES LUZ NAPADO VERDE;MC020170110;Unidad;MARRO CHICA;PORTALENTES;12990;13990;;13990;13990;;Ventas;;Mercaderías;;Costo de la mercadería;
Producto;Si;No;Si;PORTALENTES LUZ NAPADO ROJO;MC020170107;Unidad;MARRO CHICA;PORTALENTES;12990;13990;;13990;13990;;Ventas;;Mercaderías;;Costo de la mercadería;
Producto;Si;No;Si;BANDOLERA ASTRID SALLY NEGRO;MG100902201;Unidad;MARRO GRANDE;BANDOLERA;0;49990;;49990;49990;;Ventas;;Mercaderías;;Costo de la mercadería;
Producto;Si;No;Si;BANDOLERA ASTRID SALLY WHISKY;MG100902225;Unidad;MARRO GRANDE;BANDOLERA;0;49990;;49990;49990;;Ventas;;Mercaderías;;Costo de la mercadería;
Producto;Si;No;Si;BANDOLERA ASTRID SALLY SUELA;MG100902202;Unidad;MARRO GRANDE;BANDOLERA;0;49990;;49990;49990;;Ventas;;Mercaderías;;Costo de la mercadería;
Producto;Si;No;Si;BANDOLERA MEGAN SENA NUDE;MG100891831;Unidad;MARRO GRANDE;BANDOLERA;95990;49990;;49990;49990;;Ventas;;Mercaderías;;Costo de la mercadería;
Producto;Si;No;Si;BANDOLERA MEGAN SENA VISON;MG100891828;Unidad;MARRO GRANDE;BANDOLERA;95990;49990;;49990;49990;;Ventas;;Mercaderías;;Costo de la mercadería;
Producto;Si;No;Si;BANDOLERA MEGAN MACEIO COTTON;MG100892129;Unidad;MARRO GRANDE;BANDOLERA;95990;49990;;49990;49990;;Ventas;;Mercaderías;;Costo de la mercadería;
Producto;Si;No;Si;BANDOLERA MEGAN MACEIO NEGRO;MG100892101;Unidad;MARRO GRANDE;BANDOLERA;95990;49990;;49990;49990;;Ventas;;Mercaderías;;Costo de la mercadería;
Producto;Si;No;Si;BANDOLERA MEGAN MACEIO ARCE;MG100892130;Unidad;MARRO GRANDE;BANDOLERA;95990;49990;;49990;49990;;Ventas;;Mercaderías;;Costo de la mercadería;
Producto;Si;No;Si;BANDOLERA MEGAN SENA CARAMELO;MG100891803;Unidad;MARRO GRANDE;BANDOLERA;95990;49990;;49990;49990;;Ventas;;Mercaderías;;Costo de la mercadería;
Producto;Si;No;Si;MOCHILA MARCOS FULL BLACK NAPADO NEGRO;MG010990101;Unidad;MARRO GRANDE;MOCHILA;389990;429990;;429990;429990;;Ventas;;Mercaderías;;Costo de la mercadería;
Producto;Si;No;Si;MOCHILA MARCOS FULL BLACK BRIDGE NEGRO;MG010990301;Unidad;MARRO GRANDE;MOCHILA;389990;429990;;429990;429990;;Ventas;;Mercaderías;;Costo de la mercadería;
Producto;Si;No;Si;MOCHILA PIETRO FULL BLACK BRIDGE NEGRO;MG011000301;Unidad;MARRO GRANDE;MOCHILA;399990;449990;;449990;449990;;Ventas;;Mercaderías;;Costo de la mercadería;
Producto;Si;No;Si;CAMISA LISA LINO BLANCO 38;S1ITA8987-38;Unidad;TEXTIL;CAMISA;49990;69990;;69990;69990;;Ventas;;Mercaderías;;Costo de la mercadería;
Producto;Si;No;Si;CAMISA LISA LINO BLANCO 40;S1ITA8987-40;Unidad;TEXTIL;CAMISA;49990;69990;;69990;69990;;Ventas;;Mercaderías;;Costo de la mercadería;
Producto;Si;No;Si;CAMISA LISA LINO BLANCO 42;S1ITA8987-42;Unidad;TEXTIL;CAMISA;49990;69990;;69990;69990;;Ventas;;Mercaderías;;Costo de la mercadería;
Producto;Si;No;Si;CAMISA LISA LINO BLANCO 44;S1ITA8987-44;Unidad;TEXTIL;CAMISA;49990;69990;;69990;69990;;Ventas;;Mercaderías;;Costo de la mercadería;
Producto;Si;No;Si;CAMISA LISA LINO BLANCO 46;S1ITA8987-46;Unidad;TEXTIL;CAMISA;49990;69990;;69990;69990;;Ventas;;Mercaderías;;Costo de la mercadería;
Producto;Si;No;Si;CAMISA LISA LINO CELESTE 38;SIITA8981-38;Unidad;TEXTIL;CAMISA;49990;69990;;69990;69990;;Ventas;;Mercaderías;;Costo de la mercadería;
Producto;Si;No;Si;CAMISA LISA LINO CELESTE 40;SIITA8981-40;Unidad;TEXTIL;CAMISA;49990;69990;;69990;69990;;Ventas;;Mercaderías;;Costo de la mercadería;
Producto;Si;No;Si;CAMISA LISA LINO CELESTE 42;SIITA8981-42;Unidad;TEXTIL;CAMISA;49990;69990;;69990;69990;;Ventas;;Mercaderías;;Costo de la mercadería;
Producto;Si;No;Si;CAMISA LISA LINO CELESTE 44;SIITA8981-44;Unidad;TEXTIL;CAMISA;49990;69990;;69990;69990;;Ventas;;Mercaderías;;Costo de la mercadería;
Producto;Si;No;Si;CAMISA LISA LINO CELESTE 46;SIITA8981-46;Unidad;TEXTIL;CAMISA;49990;69990;;69990;69990;;Ventas;;Mercaderías;;Costo de la mercadería;
Producto;Si;No;Si;CAMISA LISA LINO AZULINO 38;S1ITA8983-38;Unidad;TEXTIL;CAMISA;49990;69990;;69990;69990;;Ventas;;Mercaderías;;Costo de la mercadería;
Producto;Si;No;Si;CAMISA LISA LINO AZULINO 40;S1ITA8983-40;Unidad;TEXTIL;CAMISA;49990;69990;;69990;69990;;Ventas;;Mercaderías;;Costo de la mercadería;
Producto;Si;No;Si;CAMISA LISA LINO AZULINO 42;S1ITA8983-42;Unidad;TEXTIL;CAMISA;49990;69990;;69990;69990;;Ventas;;Mercaderías;;Costo de la mercadería;
Producto;Si;No;Si;CAMISA LISA LINO AZULINO 44;S1ITA8983-44;Unidad;TEXTIL;CAMISA;49990;69990;;69990;69990;;Ventas;;Mercaderías;;Costo de la mercadería;
Producto;Si;No;Si;CAMISA LISA LINO AZULINO 46;S1ITA8983-46;Unidad;TEXTIL;CAMISA;49990;69990;;69990;69990;;Ventas;;Mercaderías;;Costo de la mercadería;
Producto;Si;No;Si;CAMISA LISA ALGODON BEIGE 38;S44560-38;Unidad;TEXTIL;CAMISA;39990;69990;;69990;69990;;Ventas;;Mercaderías;;Costo de la mercadería;
Producto;Si;No;Si;CAMISA LISA ALGODON BEIGE 40;S44560-40;Unidad;TEXTIL;CAMISA;39990;69990;;69990;69990;;Ventas;;Mercaderías;;Costo de la mercadería;
Producto;Si;No;Si;CAMISA LISA ALGODON BEIGE 42;S44560-42;Unidad;TEXTIL;CAMISA;39990;69990;;69990;69990;;Ventas;;Mercaderías;;Costo de la mercadería;
Producto;Si;No;Si;CAMISA LISA ALGODON BEIGE 44;S44560-44;Unidad;TEXTIL;CAMISA;39990;69990;;69990;69990;;Ventas;;Mercaderías;;Costo de la mercadería;
Producto;Si;No;Si;CAMISA LISA ALGODON BEIGE 46;S44560-46;Unidad;TEXTIL;CAMISA;39990;69990;;69990;69990;;Ventas;;Mercaderías;;Costo de la mercadería;
Producto;Si;No;Si;CAMISA CUADROS ALGODON N/B 38;C8R8625-38;Unidad;TEXTIL;CAMISA;39990;69990;;69990;69990;;Ventas;;Mercaderías;;Costo de la mercadería;
Producto;Si;No;Si;CAMISA CUADROS ALGODON N/B 40;C8R8625-40;Unidad;TEXTIL;CAMISA;39990;69990;;69990;69990;;Ventas;;Mercaderías;;Costo de la mercadería;
Producto;Si;No;Si;CAMISA CUADROS ALGODON N/B 42;C8R8625-42;Unidad;TEXTIL;CAMISA;39990;69990;;69990;69990;;Ventas;;Mercaderías;;Costo de la mercadería;
Producto;Si;No;Si;CAMISA CUADROS ALGODON N/B 44;C8R8625-44;Unidad;TEXTIL;CAMISA;39990;69990;;69990;69990;;Ventas;;Mercaderías;;Costo de la mercadería;
Producto;Si;No;Si;CAMISA CUADROS ALGODON N/B 46;C8R8625-46;Unidad;TEXTIL;CAMISA;39990;69990;;69990;69990;;Ventas;;Mercaderías;;Costo de la mercadería;
Producto;Si;No;Si;CAMISA MULTIRAYAS ALGODON CELESTE 38;A20-38;Unidad;TEXTIL;CAMISA;39990;69990;;69990;69990;;Ventas;;Mercaderías;;Costo de la mercadería;
Producto;Si;No;Si;CAMISA MULTIRAYAS ALGODON CELESTE 40;A20-40;Unidad;TEXTIL;CAMISA;39990;69990;;69990;69990;;Ventas;;Mercaderías;;Costo de la mercadería;
Producto;Si;No;Si;CAMISA MULTIRAYAS ALGODON CELESTE 42;A20-42;Unidad;TEXTIL;CAMISA;39990;69990;;69990;69990;;Ventas;;Mercaderías;;Costo de la mercadería;
Producto;Si;No;Si;CAMISA MULTIRAYAS ALGODON CELESTE 44;A20-44;Unidad;TEXTIL;CAMISA;39990;69990;;69990;69990;;Ventas;;Mercaderías;;Costo de la mercadería;
Producto;Si;No;Si;CAMISA MULTIRAYAS ALGODON CELESTE 46;A20-46;Unidad;TEXTIL;CAMISA;39990;69990;;69990;69990;;Ventas;;Mercaderías;;Costo de la mercadería;
Producto;Si;No;Si;PORTALLAVES COLT PONT WISKY;MC020542325;Unidad;ACCESORIOS;PORTALLAVES;34990;29990;;29990;29990;;Ventas;;Mercaderías;;Costo de la mercadería;
Producto;Si;No;Si;PORTALLAVES COLT BRIDGE NEGRO;MC020540301;Unidad;ACCESORIOS;PORTALLAVES;34990;29990;;29990;29990;;Ventas;;Mercaderías;;Costo de la mercadería;
Producto;Si;No;Si;PORTALLAVES COLT FIORENTINO CEDRO;MC020541623;Unidad;ACCESORIOS;PORTALLAVES;34990;29990;;29990;29990;;Ventas;;Mercaderías;;Costo de la mercadería;
Producto;Si;No;Si;PORTACINTO LOU MODENA NEGRO;MC020561901;Unidad;ACCESORIOS;PORTACINTO;19990;14990;;14990;14990;;Ventas;;Mercaderías;;Costo de la mercadería;
Producto;Si;No;Si;PORTACINTO LOU MODENA TABACO;MC020561904;Unidad;ACCESORIOS;PORTACINTO;19990;14990;;14990;14990;;Ventas;;Mercaderías;;Costo de la mercadería;
Producto;Si;No;Si;PORTACABLES 3 MODENA NEGRO;MC020551901;Unidad;ACCESORIOS;PORTACABLES;4990;4990;;4990;4990;;Ventas;;Mercaderías;;Costo de la mercadería;
Producto;Si;No;Si;PORTACABLES 3 FIORENTINO CEDRO;MC020551623;Unidad;ACCESORIOS;PORTACABLES;4990;4990;;4990;4990;;Ventas;;Mercaderías;;Costo de la mercadería;
Producto;Si;No;Si;PORTACABLES 3 VAQUETA NATURAL;MC020550408;Unidad;ACCESORIOS;PORTACABLES;4990;4990;;4990;4990;;Ventas;;Mercaderías;;Costo de la mercadería;
Producto;Si;No;Si;PORTACABLES 3 VAQUETA CHOCOLATE;MC020550452;Unidad;ACCESORIOS;PORTACABLES;4990;4990;;4990;4990;;Ventas;;Mercaderías;;Costo de la mercadería;
Producto;Si;No;Si;PORTACABLES 3 VAQUETA SUELA;MC020550402;Unidad;ACCESORIOS;PORTACABLES;4990;4990;;4990;4990;;Ventas;;Mercaderías;;Costo de la mercadería;
Producto;Si;No;Si;PORTACABLES 3 VAQUETA DULCE DE LECHE;MC020550413;Unidad;ACCESORIOS;PORTACABLES;4990;4990;;4990;4990;;Ventas;;Mercaderías;;Costo de la mercadería;
Producto;Si;No;Si;PORTACABLES 3 VAQUETA NEGRO;MC020550401;Unidad;ACCESORIOS;PORTACABLES;4990;4990;;4990;4990;;Ventas;;Mercaderías;;Costo de la mercadería;
Producto;Si;No;Si;PORTACINTO LOU FIORENTINO CEDRO;MC020561623;Unidad;ACCESORIOS;PORTACINTO;19990;14990;;14990;14990;;Ventas;;Mercaderías;;Costo de la mercadería;
Producto;Si;No;Si;PRODUCTO OUTLET 120000;OUT120000;Unidad;OUTLET;OUTLET;120000;120000;;120000;120000;;Ventas;;Mercaderías;;Costo de la mercadería;
Producto;Si;No;Si;MOCASIN PAULA CUERO NUDE 36;CA140090031-36;Unidad;CALZADO;MOCASIN;99990;59990;;59990;59990;;Ventas;;Mercaderías;;Costo de la mercadería;
Producto;Si;No;Si;MOCASIN PAULA CUERO NUDE 37;CA140090031-37;Unidad;CALZADO;MOCASIN;99990;59990;;59990;59990;;Ventas;;Mercaderías;;Costo de la mercadería;
Producto;Si;No;Si;MOCASIN PAULA CUERO NUDE 38;CA140090031-38;Unidad;CALZADO;MOCASIN;99990;59990;;59990;59990;;Ventas;;Mercaderías;;Costo de la mercadería;
Producto;Si;No;Si;MOCASIN PAULA CUERO NUDE 39;CA140090031-39;Unidad;CALZADO;MOCASIN;99990;59990;;59990;59990;;Ventas;;Mercaderías;;Costo de la mercadería;
Producto;Si;No;Si;MOCASIN PAULA CUERO NUDE 40;CA140090031-40;Unidad;CALZADO;MOCASIN;99990;59990;;59990;59990;;Ventas;;Mercaderías;;Costo de la mercadería;
Producto;Si;No;Si;MOCASIN PAULA CUERO NUDE 41;CA140090031-41;Unidad;CALZADO;MOCASIN;99990;59990;;59990;59990;;Ventas;;Mercaderías;;Costo de la mercadería;
Producto;Si;No;Si;CAMISA LISA LINO GRIS 38;S1ITA8986-38;Unidad;TEXTIL;CAMISA;49990;69990;;69990;69990;;Ventas;;Mercaderías;;Costo de la mercadería;
Producto;Si;No;Si;CAMISA LISA LINO GRIS 40;S1ITA8986-40;Unidad;TEXTIL;CAMISA;49990;69990;;69990;69990;;Ventas;;Mercaderías;;Costo de la mercadería;
Producto;Si;No;Si;CAMISA LISA LINO GRIS 42;S1ITA8986-42;Unidad;TEXTIL;CAMISA;49990;69990;;69990;69990;;Ventas;;Mercaderías;;Costo de la mercadería;
Producto;Si;No;Si;CAMISA LISA LINO GRIS 44;S1ITA8986-44;Unidad;TEXTIL;CAMISA;49990;69990;;69990;69990;;Ventas;;Mercaderías;;Costo de la mercadería;
Producto;Si;No;Si;CAMISA LISA LINO GRIS 46;S1ITA8986-46;Unidad;TEXTIL;CAMISA;49990;69990;;69990;69990;;Ventas;;Mercaderías;;Costo de la mercadería;
Producto;Si;No;Si;CAMISA LISA LINO BEIGE 38;S1ITA8985-38;Unidad;TEXTIL;CAMISA;49990;69990;;69990;69990;;Ventas;;Mercaderías;;Costo de la mercadería;
Producto;Si;No;Si;CAMISA LISA LINO BEIGE 40;S1ITA8985-40;Unidad;TEXTIL;CAMISA;49990;69990;;69990;69990;;Ventas;;Mercaderías;;Costo de la mercadería;
Producto;Si;No;Si;CAMISA LISA LINO BEIGE 42;S1ITA8985-42;Unidad;TEXTIL;CAMISA;49990;69990;;69990;69990;;Ventas;;Mercaderías;;Costo de la mercadería;
Producto;Si;No;Si;CAMISA LISA LINO BEIGE 44;S1ITA8985-44;Unidad;TEXTIL;CAMISA;49990;69990;;69990;69990;;Ventas;;Mercaderías;;Costo de la mercadería;
Producto;Si;No;Si;CAMISA LISA LINO BEIGE 46;S1ITA8985-46;Unidad;TEXTIL;CAMISA;49990;69990;;69990;69990;;Ventas;;Mercaderías;;Costo de la mercadería;
Producto;Si;No;Si;CAMISA LISA LINO CASCARILLA 38;S13-38;Unidad;TEXTIL;CAMISA;49990;69990;;69990;69990;;Ventas;;Mercaderías;;Costo de la mercadería;
Producto;Si;No;Si;CAMISA LISA LINO CASCARILLA 40;S13-40;Unidad;TEXTIL;CAMISA;49990;69990;;69990;69990;;Ventas;;Mercaderías;;Costo de la mercadería;
Producto;Si;No;Si;CAMISA LISA LINO CASCARILLA 42;S13-42;Unidad;TEXTIL;CAMISA;49990;69990;;69990;69990;;Ventas;;Mercaderías;;Costo de la mercadería;
Producto;Si;No;Si;CAMISA LISA LINO CASCARILLA 44;S13-44;Unidad;TEXTIL;CAMISA;49990;69990;;69990;69990;;Ventas;;Mercaderías;;Costo de la mercadería;
Producto;Si;No;Si;CAMISA LISA LINO CASCARILLA 46;S13-46;Unidad;TEXTIL;CAMISA;49990;69990;;69990;69990;;Ventas;;Mercaderías;;Costo de la mercadería;
Producto;Si;No;Si;CAMISA RAYADA MIXTA B/N 38;ANGELO10028-38;Unidad;TEXTIL;CAMISA;39990;69990;;69990;69990;;Ventas;;Mercaderías;;Costo de la mercadería;
Producto;Si;No;Si;CAMISA RAYADA MIXTA B/N 40;ANGELO10028-40;Unidad;TEXTIL;CAMISA;39990;69990;;69990;69990;;Ventas;;Mercaderías;;Costo de la mercadería;
Producto;Si;No;Si;CAMISA RAYADA MIXTA B/N 42;ANGELO10028-42;Unidad;ACCESORIOS;CAMISA;39990;69990;;69990;69990;;Ventas;;Mercaderías;;Costo de la mercadería;
Producto;Si;No;Si;CAMISA RAYADA MIXTA B/N 44;ANGELO10028-44;Unidad;TEXTIL;CAMISA;39990;69990;;69990;69990;;Ventas;;Mercaderías;;Costo de la mercadería;
Producto;Si;No;Si;CAMISA RAYADA MIXTA B/N 46;ANGELO10028-46;Unidad;TEXTIL;CAMISA;39990;69990;;69990;69990;;Ventas;;Mercaderías;;Costo de la mercadería;
Producto;Si;No;Si;CAMISA LISA LINO LILA 38;S1ITA8981-0-38;Unidad;TEXTIL;CAMISA;49990;69990;;69990;69990;;Ventas;;Mercaderías;;Costo de la mercadería;
Producto;Si;No;Si;CAMISA LISA LINO LILA 40;S1ITA8981-0-40;Unidad;TEXTIL;CAMISA;49990;69990;;69990;69990;;Ventas;;Mercaderías;;Costo de la mercadería;
Producto;Si;No;Si;CAMISA LISA LINO LILA 42;S1ITA8981-0-42;Unidad;TEXTIL;CAMISA;49990;69990;;69990;69990;;Ventas;;Mercaderías;;Costo de la mercadería;
Producto;Si;No;Si;CAMISA LISA LINO LILA 44;S1ITA8981-0-44;Unidad;TEXTIL;CAMISA;49990;69990;;69990;69990;;Ventas;;Mercaderías;;Costo de la mercadería;
Producto;Si;No;Si;CAMISA LISA LINO LILA 46;S1ITA8981-0-46;Unidad;TEXTIL;CAMISA;49990;69990;;69990;69990;;Ventas;;Mercaderías;;Costo de la mercadería;
Producto;Si;No;Si;CAMISA RAYITAS ALGODÓN BLANCO-AMARILLA 38;S15C3716-38;Unidad;TEXTIL;CAMISA;39990;69990;;69990;69990;;Ventas;;Mercaderías;;Costo de la mercadería;
Producto;Si;No;Si;CAMISA RAYITAS ALGODON BLANCO-AMARILLA 40;S15C3716-40;Unidad;TEXTIL;CAMISA;39990;69990;;69990;69990;;Ventas;;Mercaderías;;Costo de la mercadería;
Producto;Si;No;Si;CAMISA RAYITAS ALGODON BLANCA-AMARILLA 42;S15C3716-42;Unidad;TEXTIL;CAMISA;39990;69990;;69990;69990;;Ventas;;Mercaderías;;Costo de la mercadería;
Producto;Si;No;Si;CAMISA RAYITAS ALGODON BLANCO-AMARILLA 44;S15C3716-44;Unidad;TEXTIL;CAMISA;39990;69990;;69990;69990;;Ventas;;Mercaderías;;Costo de la mercadería;
Producto;Si;No;Si;CAMISA RAYITAS ALGODON BLANCO-AMARILLA 46;S15C3716-46;Unidad;TEXTIL;CAMISA;39990;69990;;69990;69990;;Ventas;;Mercaderías;;Costo de la mercadería;
Producto;Si;No;Si;CAMISA LISA ALGODON AMARILLA 38;C44620-38;Unidad;TEXTIL;CAMISA;39990;69990;;69990;69990;;Ventas;;Mercaderías;;Costo de la mercadería;
Producto;Si;No;Si;CAMISA LISA ALGODON AMARILLA 40;C44620-40;Unidad;TEXTIL;CAMISA;39990;69990;;69990;69990;;Ventas;;Mercaderías;;Costo de la mercadería;
Producto;Si;No;Si;CAMISA LISA ALGODON AMARILLA 42;C44620-42;Unidad;TEXTIL;CAMISA;39990;69990;;69990;69990;;Ventas;;Mercaderías;;Costo de la mercadería;
Producto;Si;No;Si;CAMISA LISA ALGODON AMARILLA 44;C44620-44;Unidad;TEXTIL;CAMISA;39990;69990;;69990;69990;;Ventas;;Mercaderías;;Costo de la mercadería;
Producto;Si;No;Si;CAMISA LISA ALGODON AMARILLA 46;C44620-46;Unidad;TEXTIL;CAMISA;39990;69990;;69990;69990;;Ventas;;Mercaderías;;Costo de la mercadería;
Producto;Si;No;Si;CAMISA TRAMA ALGODON BLANCO 38;S10-7-38;Unidad;TEXTIL;CAMISA;39990;69990;;69990;69990;;Ventas;;Mercaderías;;Costo de la mercadería;
Producto;Si;No;Si;CAMISA TRAMA ALGODON BLANCO 40;S10-7-40;Unidad;TEXTIL;CAMISA;39990;69990;;69990;69990;;Ventas;;Mercaderías;;Costo de la mercadería;
Producto;Si;No;Si;CAMISA TRAMA ALGODON BLANCO 42;S10-7-42;Unidad;TEXTIL;CAMISA;39990;69990;;69990;69990;;Ventas;;Mercaderías;;Costo de la mercadería;
Producto;Si;No;Si;CAMISA TRAMA ALGODON BLANCO 44;S10-7-44;Unidad;TEXTIL;CAMISA;39990;69990;;69990;69990;;Ventas;;Mercaderías;;Costo de la mercadería;
Producto;Si;No;Si;CAMISA TRAMA ALGODON BLANCO 46;S10-7-46;Unidad;TEXTIL;CAMISA;39990;69990;;69990;69990;;Ventas;;Mercaderías;;Costo de la mercadería;
Producto;Si;No;Si;CAMISA ALGODON CUADRITOS 38;C12I1150-38;Unidad;TEXTIL;CAMISA;39990;69990;;69990;69990;;Ventas;;Mercaderías;;Costo de la mercadería;
Producto;Si;No;Si;CAMISA ALGODON CUADRITOS 40;C12I1150-40;Unidad;TEXTIL;CAMISA;39990;69990;;69990;69990;;Ventas;;Mercaderías;;Costo de la mercadería;
Producto;Si;No;Si;CAMISA ALGODON CUADRITOS 42;C12I1150-42;Unidad;TEXTIL;CAMISA;39990;69990;;69990;69990;;Ventas;;Mercaderías;;Costo de la mercadería;
Producto;Si;No;Si;CAMISA ALGODON CUADRITOS 44;C12I1150-44;Unidad;TEXTIL;CAMISA;39990;69990;;69990;69990;;Ventas;;Mercaderías;;Costo de la mercadería;
Producto;Si;No;Si;CAMISA ALGODON CUADRITOS 46;C12I1150-46;Unidad;TEXTIL;CAMISA;39990;69990;;69990;69990;;Ventas;;Mercaderías;;Costo de la mercadería;
Producto;Si;No;Si;CAMISA RAYADA ALGODON B/CELESTE 38;4121284-38;Unidad;TEXTIL;CAMISA;39990;69990;;69990;69990;;Ventas;;Mercaderías;;Costo de la mercadería;
Producto;Si;No;Si;CAMISA RAYADA ALGODON B/CELESTE 40;4121284-40;Unidad;TEXTIL;CAMISA;39990;69990;;69990;69990;;Ventas;;Mercaderías;;Costo de la mercadería;
Producto;Si;No;Si;CAMISA RAYADA ALGODON B/CELESTE 42;4121284-42;Unidad;TEXTIL;CAMISA;39990;69990;;69990;69990;;Ventas;;Mercaderías;;Costo de la mercadería;
Producto;Si;No;Si;CAMISA RAYADA ALGODON B/CELESTE 44;4121284-44;Unidad;TEXTIL;CAMISA;39990;69990;;69990;69990;;Ventas;;Mercaderías;;Costo de la mercadería;
Producto;Si;No;Si;CAMISA RAYADA ALGODON B/CELESTE 46;4121284-46;Unidad;TEXTIL;CAMISA;39990;69990;;69990;69990;;Ventas;;Mercaderías;;Costo de la mercadería;
Producto;Si;No;Si;PORTAFOLIO VENUS CH GAMUZA/IGUANA AZUL/CARAMELO;MG010770509-3;Unidad;MARRO GRANDE;PORTAFOLIO;259990;269990;;269990;269990;;Ventas;;Mercaderías;;Costo de la mercadería;
Producto;Si;No;Si;PULSERA ESPIGA BRIDGE NEGRO M;OT050350301-M;Unidad;ACCESORIOS;PULSERA;12990;12990;;12990;12990;;Ventas;;Mercaderías;;Costo de la mercadería;
Producto;Si;No;Si;PULSERA ESPIGA BRIDGE TABACO L;OT050350304-L;Unidad;ACCESORIOS;PULSERA;12990;12990;;12990;12990;;Ventas;;Mercaderías;;Costo de la mercadería;
Producto;Si;No;Si;PULSERA ESPIGA BRIDGE TABACO M;OT050350304-M;Unidad;ACCESORIOS;PULSERA;12990;12990;;12990;12990;;Ventas;;Mercaderías;;Costo de la mercadería;
Producto;Si;No;Si;PULSERA ESPIGA BRIDGE CARAMELO M;OT050350303-M;Unidad;ACCESORIOS;PULSERA;12990;12990;;12990;12990;;Ventas;;Mercaderías;;Costo de la mercadería;
Producto;Si;No;Si;PULSERA ESPIGA BRIDGE CARAMELO L;OT050350303-L;Unidad;ACCESORIOS;PULSERA;12990;12990;;12990;12990;;Ventas;;Mercaderías;;Costo de la mercadería;
Producto;Si;No;Si;PULSERA ESPIGA BRIDGE NEGRO L;OT050350301-L;Unidad;ACCESORIOS;PULSERA;12990;12990;;12990;12990;;Ventas;;Mercaderías;;Costo de la mercadería;
Producto;Si;No;Si;PULSERA RIO BRIDGE ROJO S;OT050360307-S;Unidad;ACCESORIOS;PULSERA;12990;12990;;12990;12990;;Ventas;;Mercaderías;;Costo de la mercadería;
Producto;Si;No;Si;PULSERA RIO BRIDGE ROJO M;OT050360307-M;Unidad;ACCESORIOS;PULSERA;12990;12990;;12990;12990;;Ventas;;Mercaderías;;Costo de la mercadería;
Producto;Si;No;Si;PULSERA RIO BRIDGE ROJO L;OT050360307-L;Unidad;ACCESORIOS;PULSERA;12990;12990;;12990;12990;;Ventas;;Mercaderías;;Costo de la mercadería;
Producto;Si;No;Si;PULSERA RIO BRIDGE TABACO S;OT050360304-S;Unidad;ACCESORIOS;PULSERA;12990;12990;;12990;12990;;Ventas;;Mercaderías;;Costo de la mercadería;
Producto;Si;No;Si;PULSERA RIO BRIDGE TABACO M;OT050360304-M;Unidad;ACCESORIOS;PULSERA;12990;12990;;12990;12990;;Ventas;;Mercaderías;;Costo de la mercadería;
Producto;Si;No;Si;PULSERA RIO BRIDGE TABACO L;OT050360304-L;Unidad;ACCESORIOS;PULSERA;12990;12990;;12990;12990;;Ventas;;Mercaderías;;Costo de la mercadería;
Producto;Si;No;Si;PULSERA RIO BRIDGE NEGRO S;OT050360301-S;Unidad;ACCESORIOS;PULSERA;12990;12990;;12990;12990;;Ventas;;Mercaderías;;Costo de la mercadería;
Producto;Si;No;Si;PULSERA RIO BRIDGE NEGRO M;OT050360301-M;Unidad;ACCESORIOS;PULSERA;12990;12990;;12990;12990;;Ventas;;Mercaderías;;Costo de la mercadería;
Producto;Si;No;Si;PULSERA RIO BRIDGE NEGRO L;OT050360301-L;Unidad;ACCESORIOS;PULSERA;12990;12990;;12990;12990;;Ventas;;Mercaderías;;Costo de la mercadería;
Producto;Si;No;Si;PULSERA RIO BRIDGE CARAMELO M;OT050360303-M;Unidad;ACCESORIOS;PULSERA;12990;12990;;12990;12990;;Ventas;;Mercaderías;;Costo de la mercadería;
Producto;Si;No;Si;PULSERA RIO BRIDGE CARAMELO L;OT050360303-L;Unidad;ACCESORIOS;PULSERA;12990;12990;;12990;12990;;Ventas;;Mercaderías;;Costo de la mercadería;
Producto;Si;No;Si;PULSERA DOT BRIDGE TABACO S;OT050370304-S;Unidad;ACCESORIOS;PULSERA;12990;12990;;12990;12990;;Ventas;;Mercaderías;;Costo de la mercadería;
Producto;Si;No;Si;PULSERA DOT BRIDGE TABACO M;OT050370304-M;Unidad;ACCESORIOS;PULSERA;12990;12990;;12990;12990;;Ventas;;Mercaderías;;Costo de la mercadería;
Producto;Si;No;Si;PULSERA DOT BRIDGE TABACO L;OT050370304-L;Unidad;ACCESORIOS;PULSERA;12990;12990;;12990;12990;;Ventas;;Mercaderías;;Costo de la mercadería;
Producto;Si;No;Si;PULSERA DOT BRIDGE CARAMELO M;OT050370303-M;Unidad;ACCESORIOS;PULSERA;12990;12990;;12990;12990;;Ventas;;Mercaderías;;Costo de la mercadería;
Producto;Si;No;Si;PULSERA DOT BRIDGE CARAMELO L;OT050370303-L;Unidad;ACCESORIOS;PULSERA;12990;12990;;12990;12990;;Ventas;;Mercaderías;;Costo de la mercadería;
Producto;Si;No;Si;PULSERA DOT BRIDGE NEGRO S;OT050370301-S;Unidad;ACCESORIOS;PULSERA;12990;12990;;12990;12990;;Ventas;;Mercaderías;;Costo de la mercadería;
Producto;Si;No;Si;PULSERA DOT BRIDGE NEGRO M;OT050370301-M;Unidad;ACCESORIOS;PULSERA;12990;12990;;12990;12990;;Ventas;;Mercaderías;;Costo de la mercadería;
Producto;Si;No;Si;PULSERA DOT BRIDGE NEGRO L;OT050370301-L;Unidad;ACCESORIOS;PULSERA;12990;12990;;12990;12990;;Ventas;;Mercaderías;;Costo de la mercadería;
Producto;Si;No;Si;PULSERA ROMA BRIDGE NEGRO S;OT050380301-S;Unidad;ACCESORIOS;PULSERA;12990;12990;;12990;12990;;Ventas;;Mercaderías;;Costo de la mercadería;
Producto;Si;No;Si;PULSERA ROMA BRIDGE NEGRO M;OT050380301-M;Unidad;ACCESORIOS;PULSERA;12990;12990;;12990;12990;;Ventas;;Mercaderías;;Costo de la mercadería;
Producto;Si;No;Si;PULSERA ROMA BRIDGE NEGRO L;OT050380301-L;Unidad;ACCESORIOS;PULSERA;12990;12990;;12990;12990;;Ventas;;Mercaderías;;Costo de la mercadería;
Producto;Si;No;Si;PULSERA ROMA BRIDGE CARAMELO S;OT050380303-S;Unidad;ACCESORIOS;PULSERA;12990;12990;;12990;12990;;Ventas;;Mercaderías;;Costo de la mercadería;
Producto;Si;No;Si;PULSERA ROMA BRIDGE CARAMELO M;OT050380303-M;Unidad;ACCESORIOS;PULSERA;12990;12990;;12990;12990;;Ventas;;Mercaderías;;Costo de la mercadería;
Producto;Si;No;Si;PULSERA ROMA BRIDGE CARAMELO L;OT050380303-L;Unidad;ACCESORIOS;PULSERA;12990;12990;;12990;12990;;Ventas;;Mercaderías;;Costo de la mercadería;
Producto;Si;No;Si;PULSERA ROMA BRIDGE TABACO S;OT050380304-S;Unidad;ACCESORIOS;PULSERA;12990;12990;;12990;12990;;Ventas;;Mercaderías;;Costo de la mercadería;
Producto;Si;No;Si;PULSERA ROMA BRIDGE TABACO M;OT050380304-M;Unidad;ACCESORIOS;PULSERA;12990;12990;;12990;12990;;Ventas;;Mercaderías;;Costo de la mercadería;
Producto;Si;No;Si;PULSERA ROMA BRIDGE TABACO L;OT050380304-L;Unidad;ACCESORIOS;PULSERA;12990;12990;;12990;12990;;Ventas;;Mercaderías;;Costo de la mercadería;
?Producto;Si;No;Si;BILLETERA LEON BRIDGE TABACO;MC150580304;Unidad;MARRO CHICA;BILLETERA;0;14990;;14990;14990;;Ventas;;Mercaderías;;Costo de la mercadería;
Producto;Si;No;Si;BILLETERA LEON FIORENTINO CEDRO;MC150581623;Unidad;MARRO CHICA;;0;14990;;14990;14990;;Ventas;;Mercaderías;;Costo de la mercadería;
Producto;Si;No;Si;BILLETERA BECK BRIDGE TABACO;MC150590304;Unidad;MARRO CHICA;BILLETERA;24990;24990;;24990;24990;;Ventas;;Mercaderías;;Costo de la mercadería;
Producto;Si;No;Si;BILLETERA BECK FIORENTINO CEDRO;MC150591623;Unidad;MARRO CHICA;BILLETERA;24990;24990;;24990;24990;;Ventas;;Mercaderías;;Costo de la mercadería;
Producto;Si;No;Si;BILLETERA AMY CUERO NATURAL;MC150600008;Unidad;MARRO CHICA;BILLETERA;32990;32990;;32990;32990;;Ventas;;Mercaderías;;Costo de la mercadería;
Producto;Si;No;Si;TARJETERO MILTON BRIDGE TABACO;MC150610304;Unidad;MARRO CHICA;TARJETERO;19990;19990;;19990;19990;;Ventas;;Mercaderías;;Costo de la mercadería;
Producto;Si;No;Si;BANDOLERA NATY SIMPLE GAMUZA OLIVE;MG010290516;Unidad;MARRO GRANDE;BANDOLERA;89990;89990;;89990;89990;;Ventas;;Mercaderías;;Costo de la mercadería;
Producto;Si;No;Si;BANDOLERA NATY SIMPLE GAMUZA AZUL;MG010290509;Unidad;MARRO GRANDE;BANDOLERA;89990;89990;;89990;89990;;Ventas;;Mercaderías;;Costo de la mercadería;
Producto;Si;No;Si;BANDOLERA NATY SIMPLE GAMUZA GRIS MEDIO;MG010290517;Unidad;MARRO GRANDE;BANDOLERA;89990;89990;;89990;89990;;Ventas;;Mercaderías;;Costo de la mercadería;
Producto;Si;No;Si;BANDOLERA NATY SIMPLE GAMUZA MARSALA;MG010290518;Unidad;MARRO GRANDE;BANDOLERA;59990;89990;;89990;89990;;Ventas;;Mercaderías;;Costo de la mercadería;
Producto;Si;No;Si;PULSERA RIO BRIDGE CARAMELO S;OT050360303-S;Unidad;ACCESORIOS;PULSERA;12990;12990;;12990;12990;;Ventas;;Mercaderías;;Costo de la mercadería;
Producto;Si;No;Si;PULSERA TRENZADA NAPADO NEGRO S;OT010390101-S;Unidad;ACCESORIOS;PULSERA;2990;2990;;2990;2990;;Ventas;;Mercaderías;;Costo de la mercadería;
Producto;Si;No;Si;PULSERA TRENZADA NAPADO NEGRO M;OT010390101-M;Unidad;ACCESORIOS;PULSERA;2990;2990;;2990;2990;;Ventas;;Mercaderías;;Costo de la mercadería;
Producto;Si;No;Si;PULSERA TRENZADA NAPADO NEGRO L;OT010390101-L;Unidad;ACCESORIOS;PULSERA;2990;2990;;2990;2990;;Ventas;;Mercaderías;;Costo de la mercadería;
Producto;Si;No;Si;PULSERA TRENZADA NAPADO CARAMELO S;OT010390103-S;Unidad;ACCESORIOS;PULSERA;2990;2990;;2990;2990;;Ventas;;Mercaderías;;Costo de la mercadería;
Producto;Si;No;Si;PULSERA TRENZADA NAPADO CARAMELO M;OT010390103-M;Unidad;ACCESORIOS;PULSERA;2990;2990;;2990;2990;;Ventas;;Mercaderías;;Costo de la mercadería;
Producto;Si;No;Si;PULSERA TRENZADA NAPADO CARAMELO L;OT010390103-L;Unidad;ACCESORIOS;PULSERA;2990;2990;;2990;2990;;Ventas;;Mercaderías;;Costo de la mercadería;
Producto;Si;No;Si;PULSERA TRENZADA NAPADO SUELA S;OT010390102-S;Unidad;ACCESORIOS;PULSERA;2990;2990;;2990;2990;;Ventas;;Mercaderías;;Costo de la mercadería;
Producto;Si;No;Si;PULSERA TRENZADA NAPADO SUELA M;OT010390102-M;Unidad;ACCESORIOS;PULSERA;2990;2990;;2990;2990;;Ventas;;Mercaderías;;Costo de la mercadería;
Producto;Si;No;Si;PULSERA TRENZADA NAPADO SUELA L;OT010390102-L;Unidad;ACCESORIOS;PULSERA;2990;2990;;2990;2990;;Ventas;;Mercaderías;;Costo de la mercadería;
Producto;Si;No;Si;TARJETERO MILTON FIORENTINO CEDRO;MC150611623;Unidad;MARRO CHICA;TARJETERO;19990;19990;;19990;19990;;Ventas;;Mercaderías;;Costo de la mercadería;
Producto;Si;No;Si;PORTALENTES COLBY BRIDGE TABACO;MC020460304;Unidad;MARRO CHICA;PORTALENTES;0;29990;;29990;29990;;Ventas;;Mercaderías;;Costo de la mercadería;
Producto;Si;No;Si;PORTALENTES COLBY BRIDGE CARAMELO;MC020460303;Unidad;MARRO CHICA;PORTALENTES;0;29990;;29990;29990;;Ventas;;Mercaderías;;Costo de la mercadería;
Producto;Si;No;Si;PORTALENTES COLBY BRIDGE ROJO;MC020460307;Unidad;MARRO CHICA;PORTALENTES;0;29990;;29990;29990;;Ventas;;Mercaderías;;Costo de la mercadería;
Producto;Si;No;Si;PORTALENTES COLBY IGUANA NEGRO;MC020460701;Unidad;MARRO CHICA;PORTALENTES;0;29990;;29990;29990;;Ventas;;Mercaderías;;Costo de la mercadería;
Producto;Si;No;Si;PORTALENTES COLBY IGUANA VERDE;MC020460710;Unidad;MARRO CHICA;PORTALENTES;0;29990;;29990;29990;;Ventas;;Mercaderías;;Costo de la mercadería;
Producto;Si;No;Si;PORTALENTES COLBY IGUANA ROJO;MC020460707;Unidad;MARRO CHICA;PORTALENTES;0;29990;;29990;29990;;Ventas;;Mercaderías;;Costo de la mercadería;
Producto;Si;No;Si;PORTALENTES COLBY IGUANA AZUL;MC020460709;Unidad;MARRO CHICA;PORTALENTES;0;29990;;29990;29990;;Ventas;;Mercaderías;;Costo de la mercadería;
Producto;Si;No;Si;PORTALENTES COLBY IGUANA CARAMELO;MC020460703;Unidad;MARRO CHICA;PORTALENTES;0;29990;;29990;29990;;Ventas;;Mercaderías;;Costo de la mercadería;
Producto;Si;No;Si;PULSERA DOT BRIDGE CARAMELO S;OT050370303-S;Unidad;ACCESORIOS;PULSERA;12990;12990;;12990;12990;;Ventas;;Mercaderías;;Costo de la mercadería;
Producto;Si;No;Si;PORTALAPTOP ELOY MODENA TABACO;MG020561904;Unidad;MARRO GRANDE;PORTALAPTOP;83990;84990;;84990;84990;;Ventas;;Mercaderías;;Costo de la mercadería;
Producto;Si;No;Si;PORTALAPTOP ELOY MODENA NEGRO;MG020561901;Unidad;MARRO GRANDE;PORTALAPTOP;83990;84990;;84990;84990;;Ventas;;Mercaderías;;Costo de la mercadería;
Producto;Si;No;Si;PORTACABLES 2 MODENA NEGRO;MC020611901;Unidad;MARRO CHICA;PORTACABLES;7990;7990;;7990;7990;;Ventas;;Mercaderías;;Costo de la mercadería;
Producto;Si;No;Si;PORTACABLES 2 FIORENTINO CEDRO;MC020611623;Unidad;MARRO CHICA;PORTACABLES;7990;7990;;7990;7990;;Ventas;;Mercaderías;;Costo de la mercadería;
Producto;Si;No;Si;PORTACABLES 2 VAQUETA NATURAL;MC020610408;Unidad;MARRO CHICA;PORTACABLES;7990;7990;;7990;7990;;Ventas;;Mercaderías;;Costo de la mercadería;
Producto;Si;No;Si;PORTACABLES 2 VAQUETA CHOCOLATE;MC020610452;Unidad;MARRO CHICA;PORTACABLES;7990;7990;;7990;7990;;Ventas;;Mercaderías;;Costo de la mercadería;
Producto;Si;No;Si;PORTACABLES 2 VAQUETA SUELA;MC020610402;Unidad;MARRO CHICA;PORTACABLES;7990;7990;;7990;7990;;Ventas;;Mercaderías;;Costo de la mercadería;
Producto;Si;No;Si;PORTACABLES 2 VAQUETA DULCE DE LECHE;MC020610413;Unidad;MARRO CHICA;PORTACABLES;7990;7990;;7990;7990;;Ventas;;Mercaderías;;Costo de la mercadería;
Producto;Si;No;Si;PORTACABLES 2 VAQUETA NEGRO;MC020610401;Unidad;MARRO CHICA;PORTACABLES;7990;7990;;7990;7990;;Ventas;;Mercaderías;;Costo de la mercadería;
Producto;Si;No;Si;RIÑONERA CRUZ L BRIDGE NEGRO;MG011010301-L;Unidad;MARRO GRANDE;RIÑONERA;65990;69990;;69990;69990;;Ventas;;Mercaderías;;Costo de la mercadería;
Producto;Si;No;Si;RIÑONERA CRUZ L BRIDGE TABACO;MG011010304-L;Unidad;MARRO GRANDE;RIÑONERA;65990;69990;;69990;69990;;Ventas;;Mercaderías;;Costo de la mercadería;
Producto;Si;No;Si;RIÑONERA CRUZ L BRIDGE CARAMELO;MG011010303-L;Unidad;MARRO GRANDE;RIÑONERA;65990;69990;;69990;69990;;Ventas;;Mercaderías;;Costo de la mercadería;
Producto;Si;No;Si;RIÑONERA CRUZ L FIORENTINO CEDRO;MG011011623-L;Unidad;MARRO GRANDE;RIÑONERA;65990;69990;;69990;69990;;Ventas;;Mercaderías;;Costo de la mercadería;
Producto;Si;No;Si;CORREA LOLI ALGODON/CUERO NEGRO;OT020410301;Unidad;ACCESORIOS;CORREA;29990;29990;;29990;29990;;Ventas;;Mercaderías;;Costo de la mercadería;
Producto;Si;No;Si;CORREA LOLI ALGODON/CUERO CARAMELO;OT020410303;Unidad;ACCESORIOS;CORREA;29990;29990;;29990;29990;;Ventas;;Mercaderías;;Costo de la mercadería;
Producto;Si;No;Si;CORREA LOLI ALGODON/CUERO TABACO;OT020410304;Unidad;ACCESORIOS;CORREA;29990;29990;;29990;29990;;Ventas;;Mercaderías;;Costo de la mercadería;
Producto;Si;No;Si;CORREA LOLI ALGODON/CUERO ROJO;OT020410307;Unidad;ACCESORIOS;CORREA;29990;29990;;29990;29990;;Ventas;;Mercaderías;;Costo de la mercadería;
Producto;Si;No;Si;CORREA LOLI ALGODON/CUERO MALBEC;OT020410315;Unidad;ACCESORIOS;CORREA;29990;29990;;29990;29990;;Ventas;;Mercaderías;;Costo de la mercadería;
Producto;Si;No;Si;CORREA LOLI ALGODON/CUERO VERDE;OT020410310;Unidad;ACCESORIOS;CORREA;29990;29990;;29990;29990;;Ventas;;Mercaderías;;Costo de la mercadería;
Producto;Si;No;Si;CORREA LOLI ALGODON/CUERO AZUL;OT020410309;Unidad;ACCESORIOS;CORREA;29990;29990;;29990;29990;;Ventas;;Mercaderías;;Costo de la mercadería;
Producto;Si;No;Si;CORREA LORE ACRILICO/CUERO NEGRO;OT020420301;Unidad;ACCESORIOS;CORREA;26990;26990;;26990;26990;;Ventas;;Mercaderías;;Costo de la mercadería;
Producto;Si;No;Si;CORREA LORE ACRILICO/CUERO CARAMELO;OT020420303;Unidad;ACCESORIOS;CORREA;26990;26990;;26990;26990;;Ventas;;Mercaderías;;Costo de la mercadería;
Producto;Si;No;Si;MOUSEPAD BRIDGE CARAMELO;OT010400303;Unidad;DECO;MOUSEPAD;16990;16990;;16990;16990;;Ventas;;Mercaderías;;Costo de la mercadería;
Producto;Si;No;Si;SANDALIA MAR CUERO SUELA 36;CA140070002-36;Unidad;CALZADO;SANDALIA;99990;59990;;59990;59990;;Ventas;;Mercaderías;;Costo de la mercadería;
Producto;Si;No;Si;SANDALIA MAR CUERO SUELA 37;CA140070002-37;Unidad;CALZADO;SANDALIA;99990;59990;;59990;59990;;Ventas;;Mercaderías;;Costo de la mercadería;
Producto;Si;No;Si;SANDALIA MAR CUERO SUELA 38;CA140070002-38;Unidad;CALZADO;SANDALIA;99990;59990;;59990;59990;;Ventas;;Mercaderías;;Costo de la mercadería;
Producto;Si;No;Si;SANDALIA MAR CUERO SUELA 39;CA140070002-39;Unidad;CALZADO;SANDALIA;99990;59990;;59990;59990;;Ventas;;Mercaderías;;Costo de la mercadería;
Producto;Si;No;Si;SANDALIA MAR CUERO SUELA 40;CA140070002-40;Unidad;CALZADO;SANDALIA;99990;59990;;59990;59990;;Ventas;;Mercaderías;;Costo de la mercadería;
Producto;Si;No;Si;SANDALIA MAR CUERO SUELA 41;CA140070002-41;Unidad;CALZADO;SANDALIA;99990;59990;;59990;59990;;Ventas;;Mercaderías;;Costo de la mercadería;
Producto;Si;No;Si;SANDALIA SOFIA CUERO NEGRO 36;CA140080001-36;Unidad;CALZADO;SANDALIA;79990;59990;;59990;59990;;Ventas;;Mercaderías;;Costo de la mercadería;
Producto;Si;No;Si;SANDALIA SOFIA CUERO NEGRO 37;CA140080001-37;Unidad;CALZADO;SANDALIA;79990;59990;;59990;59990;;Ventas;;Mercaderías;;Costo de la mercadería;
Producto;Si;No;Si;SANDALIA SOFIA CUERO NEGRO 38;CA140080001-38;Unidad;CALZADO;SANDALIA;79990;59990;;59990;59990;;Ventas;;Mercaderías;;Costo de la mercadería;
Producto;Si;No;Si;SANDALIA SOFIA CUERO NEGRO 39;CA140080001-39;Unidad;CALZADO;SANDALIA;79990;59990;;59990;59990;;Ventas;;Mercaderías;;Costo de la mercadería;
Producto;Si;No;Si;SANDALIA SOFIA CUERO NEGRO 40;CA140080001-40;Unidad;CALZADO;SANDALIA;79990;59990;;59990;59990;;Ventas;;Mercaderías;;Costo de la mercadería;
Producto;Si;No;Si;SANDALIA SOFIA CUERO NEGRO 41;CA140080001-41;Unidad;CALZADO;SANDALIA;79990;59990;;59990;59990;;Ventas;;Mercaderías;;Costo de la mercadería;
Producto;Si;No;Si;PANTUFLA GALO CARPINCHO CARAMELO 41;CA090112403-41;Unidad;CALZADO;PANTUFLA;0;14990;;14990;14990;;Ventas;;Mercaderías;;Costo de la mercadería;
Producto;Si;No;Si;PANTUFLA GALO CARPINCHO CARAMELO 42;CA090112403-42;Unidad;CALZADO;PANTUFLA;0;14990;;14990;14990;;Ventas;;Mercaderías;;Costo de la mercadería;
Producto;Si;No;Si;PANTUFLA GALO CARPINCHO CARAMELO 43;CA090112403-43;Unidad;CALZADO;PANTUFLA;0;14990;;14990;14990;;Ventas;;Mercaderías;;Costo de la mercadería;
Producto;Si;No;Si;SOMBRERO TRENZA BRIDGE CHOCOLATE S;OT090210352-S;Unidad;ACCESORIOS;SOMBRERO;95990;95990;;95990;95990;;Ventas;;Mercaderías;;Costo de la mercadería;
Producto;Si;No;Si;SOMBRERO TRENZA BRIDGE CHOCOLATE M;OT090210352-M;Unidad;ACCESORIOS;SOMBRERO;95990;95990;;95990;95990;;Ventas;;Mercaderías;;Costo de la mercadería;
Producto;Si;No;Si;SOMBRERO TRENZA BRIDGE CHOCOLATE L;OT090210352-L;Unidad;ACCESORIOS;SOMBRERO;95990;95990;;95990;95990;;Ventas;;Mercaderías;;Costo de la mercadería;
Producto;Si;No;Si;SOMBRERO TRENZA BRIDGE CHOCOLATE XL;OT090210352-XL;Unidad;ACCESORIOS;SOMBRERO;95990;95990;;95990;95990;;Ventas;;Mercaderías;;Costo de la mercadería;
Producto;Si;No;Si;SOMBRERO TRENZA BRIDGE CHOCOLATE XXL;OT090210352-XXL;Unidad;ACCESORIOS;SOMBRERO;95990;95990;;95990;95990;;Ventas;;Mercaderías;;Costo de la mercadería;
Producto;Si;No;Si;PAPEL SEDA EL LUCERO 60x40;OT160430001;Unidad;ACCESORIOS;PAPELERIA;0;0;;0;0;;Ventas;;Mercaderías;;Costo de la mercadería;
Producto;Si;No;Si;PORTALENTES MANU IGUANA NEGRO;MC020620701;Unidad;MARRO CHICA;PORTALENTES;17990;17990;;17990;17990;;Ventas;;Mercaderías;;Costo de la mercadería;
Producto;Si;No;Si;PORTALENTES MANU IGUANA VERDE;MC020620710;Unidad;MARRO CHICA;PORTALENTES;17990;17990;;17990;17990;;Ventas;;Mercaderías;;Costo de la mercadería;
Producto;Si;No;Si;PORTALENTES MANU IGUANA ROJO;MC020620707;Unidad;MARRO CHICA;PORTALENTES;17990;17990;;17990;17990;;Ventas;;Mercaderías;;Costo de la mercadería;
Producto;Si;No;Si;PORTALENTES MANU IGUANA AZUL;MC020620709;Unidad;MARRO CHICA;PORTALENTES;17990;17990;;17990;17990;;Ventas;;Mercaderías;;Costo de la mercadería;
Producto;Si;No;Si;PORTALENTES MANU IGUANA CARAMELO;MC020620703;Unidad;MARRO CHICA;PORTALENTES;17990;17990;;17990;17990;;Ventas;;Mercaderías;;Costo de la mercadería;
Producto;Si;No;Si;PORTALENTES MANU BRIDGE NEGRO;MC020620301;Unidad;MARRO CHICA;PORTALENTES;17990;17990;;17990;17990;;Ventas;;Mercaderías;;Costo de la mercadería;
Producto;Si;No;Si;PORTALENTES MANU BRIDGE TABACO;MC020620304;Unidad;MARRO CHICA;PORTALENTES;17990;17990;;17990;17990;;Ventas;;Mercaderías;;Costo de la mercadería;
Producto;Si;No;Si;PORTALENTES MANU BRIDGE CARAMELO;MC020620303;Unidad;MARRO CHICA;PORTALENTES;17990;17990;;17990;17990;;Ventas;;Mercaderías;;Costo de la mercadería;
Producto;Si;No;Si;PORTALENTES MANU BRIDGE MALBEC;MC020620315;Unidad;MARRO CHICA;PORTALENTES;17990;17990;;17990;17990;;Ventas;;Mercaderías;;Costo de la mercadería;
Producto;Si;No;Si;PORTALENTES MANU BRIDGE ROJO;MC020620307;Unidad;MARRO CHICA;PORTALENTES;17990;17990;;17990;17990;;Ventas;;Mercaderías;;Costo de la mercadería;
Producto;Si;No;Si;NECESSAIRE MINI MARCOS FIORENTINO CEDRO;MG010261623;Unidad;MARRO GRANDE;NECESSAIRE;99990;104990;;104990;104990;;Ventas;;Mercaderías;;Costo de la mercadería;
Producto;Si;No;Si;NECESSAIRE MINI MARCOS MODENA TABACO;MG010261904;Unidad;MARRO GRANDE;NECESSAIRE;99990;104990;;104990;104990;;Ventas;;Mercaderías;;Costo de la mercadería;
Producto;Si;No;Si;PORTALAPTOP JOY FIORENTINO CEDRO;MG020551623;Unidad;MARRO GRANDE;PORTALAPTOP;66990;69990;;69990;69990;;Ventas;;Mercaderías;;Costo de la mercadería;
Producto;Si;No;Si;PORTACINTO ELIAS MODENA NEGRO;MC020631901;Unidad;MARRO CHICA;PORTACINTO;16990;14990;;14990;14990;;Ventas;;Mercaderías;;Costo de la mercadería;
Producto;Si;No;Si;PORTACINTO ELIAS MODENA TABACO;MC020631904;Unidad;MARRO CHICA;PORTACINTO;16990;14990;;14990;14990;;Ventas;;Mercaderías;;Costo de la mercadería;
Producto;Si;No;Si;PORTACINTO ELIAS FIORENTINO CEDRO;MC020631623;Unidad;MARRO CHICA;PORTACINTO;16990;14990;;14990;14990;;Ventas;;Mercaderías;;Costo de la mercadería;
Producto;Si;No;Si;PORTALAPTOP JOY MODENA NEGRO;MG020551901;Unidad;MARRO GRANDE;PORTALAPTOP;66990;69990;;69990;69990;;Ventas;;Mercaderías;;Costo de la mercadería;
Producto;Si;No;Si;PORTALAPTOP JOY MODENA TABACO;MG020551904;Unidad;MARRO GRANDE;PORTALAPTOP;66990;69990;;69990;69990;;Ventas;;Mercaderías;;Costo de la mercadería;
Producto;Si;No;Si;TARJETERO JUAN NAPADO MALBEC;MC020190115;Unidad;MARRO CHICA;TARJETERO;29990;29990;;29990;29990;;Ventas;;Mercaderías;;Costo de la mercadería;
Producto;Si;No;Si;TARJETERO JUAN NAPADO TABACO;MC020190104;Unidad;MARRO CHICA;TARJETERO;29990;29990;;29990;29990;;Ventas;;Mercaderías;;Costo de la mercadería;
Producto;Si;No;Si;BANDOLERA NATY NAPADO VERDE;MG020010110;Unidad;MARRO GRANDE;BANDOLERA;109990;109990;;109990;109990;;Ventas;;Mercaderías;;Costo de la mercadería;
Producto;Si;No;Si;CINTURON MIA NIQUEL BRIDGE NEGRO XS;MC050120301-XS;Unidad;CINTURON;CINTURON;39990;39990;;39990;39990;;Ventas;;Mercaderías;;Costo de la mercadería;
Producto;Si;No;Si;CINTURON MIA NIQUEL BRIDGE ROJO XS;MC050120307-XS;Unidad;CINTURON;CINTURON;39990;39990;;39990;39990;;Ventas;;Mercaderías;;Costo de la mercadería;
Producto;Si;No;Si;CINTURON MIA NIQUEL BRIDGE CARAMELO XS;MC050120303-XS;Unidad;CINTURON;CINTURON;39990;39990;;39990;39990;;Ventas;;Mercaderías;;Costo de la mercadería;
Producto;Si;No;Si;CINTURON MIA NIQUEL BRIDGE VERDE XS;MC050120310-XS;Unidad;CINTURON;CINTURON;39990;39990;;39990;39990;;Ventas;;Mercaderías;;Costo de la mercadería;
Producto;Si;No;Si;CINTURON MIA NIQUEL BRIDGE TABACO XS;MC050120304-XS;Unidad;CINTURON;CINTURON;39990;39990;;39990;39990;;Ventas;;Mercaderías;;Costo de la mercadería;
Producto;Si;No;Si;CINTURON MIA NIQUEL BRIDGE AZUL XS;MC050120309-XS;Unidad;CINTURON;CINTURON;39990;39990;;39990;39990;;Ventas;;Mercaderías;;Costo de la mercadería;
Producto;Si;No;Si;MOCASIN JULIA CUERO SUELA 36;CA140100002-36;Unidad;CALZADO;MOCASIN;99990;59990;;59990;59990;;Ventas;;Mercaderías;;Costo de la mercadería;
Producto;Si;No;Si;MOCASIN JULIA CUERO SUELA 37;CA140100002-37;Unidad;CALZADO;MOCASIN;99990;59990;;59990;59990;;Ventas;;Mercaderías;;Costo de la mercadería;
Producto;Si;No;Si;MOCASIN JULIA CUERO SUELA 38;CA140100002-38;Unidad;CALZADO;MOCASIN;99990;59990;;59990;59990;;Ventas;;Mercaderías;;Costo de la mercadería;
Producto;Si;No;Si;MOCASIN JULIA CUERO SUELA 39;CA140100002-39;Unidad;CALZADO;MOCASIN;99990;59990;;59990;59990;;Ventas;;Mercaderías;;Costo de la mercadería;
Producto;Si;No;Si;MOCASIN JULIA CUERO SUELA 40;CA140100002-40;Unidad;CALZADO;MOCASIN;99990;59990;;59990;59990;;Ventas;;Mercaderías;;Costo de la mercadería;
Producto;Si;No;Si;MOCASIN JULIA CUERO SUELA 41;CA140100002-41;Unidad;CALZADO;MOCASIN;99990;59990;;59990;59990;;Ventas;;Mercaderías;;Costo de la mercadería;
Producto;Si;No;Si;CARTERA AMANDA FIORENTINO CEDRO;MG151021623;Unidad;MARRO GRANDE;CARTERA;110990;89990;;89990;89990;;Ventas;;Mercaderías;;Costo de la mercadería;
Producto;Si;No;Si;MOCHILA JUANA SALLY NEGRO;MG100942201;Unidad;MARRO GRANDE;MOCHILA;0;89990;;89990;89990;;Ventas;;Mercaderías;;Costo de la mercadería;
Producto;Si;No;Si;MOCHILA JUANA SENA CARAMELO;MG100941803;Unidad;MARRO GRANDE;MOCHILA;0;89990;;89990;89990;;Ventas;;Mercaderías;;Costo de la mercadería;
Producto;Si;No;Si;BANDOLERA MEGAN SALLY NEGRO;MG100892201;Unidad;MARRO GRANDE;MOCHILA;95990;49990;;49990;49990;;Ventas;;Mercaderías;;Costo de la mercadería;
Producto;Si;No;Si;BANDOLERA MEGAN SENA OLIVE;MG100891816;Unidad;MARRO GRANDE;BANDOLERA;95990;49990;;49990;49990;;Ventas;;Mercaderías;;Costo de la mercadería;
Producto;Si;No;Si;BANDOLERA AMALIA MACEIO NEGRO;MG100872101;Unidad;MARRO GRANDE;BANDOLERA;0;59990;;59990;59990;;Ventas;;Mercaderías;;Costo de la mercadería;
Producto;Si;No;Si;BANDOLERA ASTRID TOLEDO MANGO;MG100901562;Unidad;MARRO GRANDE;BANDOLERA;0;49990;;49990;49990;;Ventas;;Mercaderías;;Costo de la mercadería;
Producto;Si;No;Si;TARJETERO JUAN MODENA TABACO;MC020191904;Unidad;MARRO CHICA;TARJETERO;29990;29990;;29990;29990;;Ventas;;Mercaderías;;Costo de la mercadería;
Producto;Si;No;Si;BILLETERA AMY FIORENTINO CEDRO;MC150601623;Unidad;MARRO CHICA;BILLETERA;32990;32990;;32990;32990;;Ventas;;Mercaderías;;Costo de la mercadería;
Producto;Si;No;Si;BANDOLERA PAMPA FIORENTINO CEDRO;MG151031623;Unidad;MARRO GRANDE;BANDOLERA;94990;94990;;94990;94990;;Ventas;;Mercaderías;;Costo de la mercadería;
Producto;Si;No;Si;SOMBRERO RAFIA TOSTADO/NEGRO XS;OT130330021-1-XS;Unidad;ACCESORIOS;SOMBRERO;0;49990;;49990;49990;;Ventas;;Mercaderías;;Costo de la mercadería;
Producto;Si;No;Si;SOMBRERO RAFIA TOSTADO/NEGRO S;OT130330021-1-S;Unidad;ACCESORIOS;SOMBRERO;0;49990;;49990;49990;;Ventas;;Mercaderías;;Costo de la mercadería;
Producto;Si;No;Si;SOMBRERO RAFIA TOSTADO/NEGRO M;OT130330021-1-M;Unidad;ACCESORIOS;SOMBRERO;0;49990;;49990;49990;;Ventas;;Mercaderías;;Costo de la mercadería;
Producto;Si;No;Si;SOMBRERO RAFIA TOSTADO/NEGRO L;OT130330021-1-L;Unidad;ACCESORIOS;SOMBRERO;0;49990;;49990;49990;;Ventas;;Mercaderías;;Costo de la mercadería;
Producto;Si;No;Si;SOMBRERO RAFIA TOSTADO/NEGRO XL;OT130330021-1-XL;Unidad;ACCESORIOS;SOMBRERO;0;49990;;49990;49990;;Ventas;;Mercaderías;;Costo de la mercadería;
Producto;Si;No;Si;SOMBRERO RAFIA TOSTADO/NEGRO XXL;OT130330021-1-XXL;Unidad;ACCESORIOS;SOMBRERO;0;49990;;49990;49990;;Ventas;;Mercaderías;;Costo de la mercadería;
Producto;Si;No;Si;SOMBRERO RAFIA TOSTADO/CHOCOLATE XS;OT130330021-52-XS;Unidad;ACCESORIOS;SOMBRERO;0;49990;;49990;49990;;Ventas;;Mercaderías;;Costo de la mercadería;
Producto;Si;No;Si;SOMBRERO RAFIA TOSTADO/CHOCOLATE S;OT130330021-52-S;Unidad;ACCESORIOS;SOMBRERO;0;49990;;49990;49990;;Ventas;;Mercaderías;;Costo de la mercadería;
Producto;Si;No;Si;SOMBRERO RAFIA TOSTADO/CHOCOLATE M;OT130330021-52-M;Unidad;ACCESORIOS;SOMBRERO;0;49990;;49990;49990;;Ventas;;Mercaderías;;Costo de la mercadería;
Producto;Si;No;Si;SOMBRERO RAFIA TOSTADO/CHOCOLATE L;OT130330021-52-L;Unidad;ACCESORIOS;SOMBRERO;0;49990;;49990;49990;;Ventas;;Mercaderías;;Costo de la mercadería;
Producto;Si;No;Si;SOMBRERO RAFIA TOSTADO/CHOCOLATE XL;OT130330021-52-XL;Unidad;ACCESORIOS;SOMBRERO;0;49990;;49990;49990;;Ventas;;Mercaderías;;Costo de la mercadería;
Producto;Si;No;Si;SOMBRERO RAFIA TOSTADO/CHOCOLATE XXL;OT130330021-52-XXL;Unidad;ACCESORIOS;SOMBRERO;0;49990;;49990;49990;;Ventas;;Mercaderías;;Costo de la mercadería;
Producto;Si;No;Si;SOMBRERO RAFIA NATURAL/NEGRO XS;OT130330008-1-XS;Unidad;ACCESORIOS;SOMBRERO;0;49990;;49990;49990;;Ventas;;Mercaderías;;Costo de la mercadería;
Producto;Si;No;Si;SOMBRERO RAFIA NATURAL/NEGRO S;OT130330008-1-S;Unidad;ACCESORIOS;SOMBRERO;0;49990;;49990;49990;;Ventas;;Mercaderías;;Costo de la mercadería;
Producto;Si;No;Si;SOMBRERO RAFIA NATURAL/NEGRO M;OT130330008-1-M;Unidad;ACCESORIOS;SOMBRERO;0;49990;;49990;49990;;Ventas;;Mercaderías;;Costo de la mercadería;
Producto;Si;No;Si;SOMBRERO RAFIA NATURAL/NEGRO L;OT130330008-1-L;Unidad;ACCESORIOS;SOMBRERO;0;49990;;49990;49990;;Ventas;;Mercaderías;;Costo de la mercadería;
Producto;Si;No;Si;SOMBRERO RAFIA NATURAL/NEGRO XL;OT130330008-1-XL;Unidad;ACCESORIOS;SOMBRERO;0;49990;;49990;49990;;Ventas;;Mercaderías;;Costo de la mercadería;
Producto;Si;No;Si;SOMBRERO RAFIA NATURAL/NEGRO XXL;OT130330008-1-XXL;Unidad;ACCESORIOS;SOMBRERO;0;49990;;49990;49990;;Ventas;;Mercaderías;;Costo de la mercadería;
Producto;Si;No;Si;SOMBRERO ALGODON TOSTADO/CHOCOLATE XS;OT130320021-52-XS;Unidad;ACCESORIOS;SOMBRERO;0;39990;;39990;39990;;Ventas;;Mercaderías;;Costo de la mercadería;
Producto;Si;No;Si;SOMBRERO ALGODON TOSTADO/CHOCOLATE S;OT130320021-52-S;Unidad;ACCESORIOS;SOMBRERO;0;39990;;39990;39990;;Ventas;;Mercaderías;;Costo de la mercadería;
Producto;Si;No;Si;SOMBRERO ALGODON TOSTADO/CHOCOLATE M;OT130320021-52-M;Unidad;ACCESORIOS;SOMBRERO;0;39990;;39990;39990;;Ventas;;Mercaderías;;Costo de la mercadería;
Producto;Si;No;Si;SOMBRERO ALGODON TOSTADO/CHOCOLATE L;OT130320021-52-L;Unidad;ACCESORIOS;SOMBRERO;0;39990;;39990;39990;;Ventas;;Mercaderías;;Costo de la mercadería;
Producto;Si;No;Si;SOMBRERO ALGODON TOSTADO/CHOCOLATE XL;OT130320021-52-XL;Unidad;ACCESORIOS;SOMBRERO;0;39990;;39990;39990;;Ventas;;Mercaderías;;Costo de la mercadería;
Producto;Si;No;Si;SOMBRERO ALGODON TOSTADO/CHOCOLATE XXL;OT130320021-52-XXL;Unidad;ACCESORIOS;SOMBRERO;0;39990;;39990;39990;;Ventas;;Mercaderías;;Costo de la mercadería;
Producto;Si;No;Si;MONEDERO GRACE IGUANA VERDE;MC020290710;Unidad;MARRO CHICA;MONEDERO;24990;26990;;26990;26990;;Ventas;;Mercaderías;;Costo de la mercadería;
Producto;Si;No;Si;CARTUCHERA MONT BRIDGE MALBEC;MC020360315;Unidad;MARRO CHICA;CARTUCHERA;34990;39990;;39990;39990;;Ventas;;Mercaderías;;Costo de la mercadería;
Producto;Si;No;Si;BILLETERA MILO SIMPLE SALLY NEGRO;MC020432201;Unidad;MARRO CHICA;BILLETERA;55990;49990;;49990;49990;;Ventas;;Mercaderías;;Costo de la mercadería;
Producto;Si;No;Si;BILLETERA MILO SIMPLE SALLY SUELA;MC020432202;Unidad;MARRO CHICA;BILLETERA;55990;49990;;49990;49990;;Ventas;;Mercaderías;;Costo de la mercadería;
Producto;Si;No;Si;BILLETERA MILO SIMPLE FIORENTINO CEDRO;MC020431623;Unidad;MARRO CHICA;BILLETERA;55990;59990;;59990;59990;;Ventas;;Mercaderías;;Costo de la mercadería;
Producto;Si;No;Si;CAP JOCKEY NAPADO NEGRO;OT090440101;Unidad;ACCESORIOS;GORRA;69990;69990;;69990;69990;;Ventas;;Mercaderías;;Costo de la mercadería;
Producto;Si;No;Si;CAP JOCKEY CARPINCHO OXIDO;OT090442456;Unidad;ACCESORIOS;GORRA;79990;79990;;79990;79990;;Ventas;;Mercaderías;;Costo de la mercadería;
Producto;Si;No;Si;BILLETERA BEIJING BRIDGE MALBEC;MC020480315;Unidad;MARRO CHICA;BILLETERA;95990;99990;;99990;99990;;Ventas;;Mercaderías;;Costo de la mercadería;
Producto;Si;No;Si;PORTALLAVES RONAN PONT NEGRO;MC020642301;Unidad;MARRO CHICA;PORTALLAVES;59990;49990;;49990;49990;;Ventas;;Mercaderías;;Costo de la mercadería;
?Producto;Si;No;Si;PORTALLAVES RONAN PONT WISKY;MC020642325;Unidad;MARRO CHICA;PORTALLAVES;59990;49990;;49990;49990;;Ventas;;Mercaderías;;Costo de la mercadería;
Producto;Si;No;Si;PORTALLAVES RONAN FIORENTINO CEDRO;MC020641623;Unidad;MARRO CHICA;PORTALLAVES;59990;49990;;49990;49990;;Ventas;;Mercaderías;;Costo de la mercadería;
Producto;Si;No;Si;PANTUFLA GALO CARPINCHO CHOCOLATE 41;CA090112452-41;Unidad;CALZADO;PANTUFLA;0;14990;;14990;14990;;Ventas;;Mercaderías;;Costo de la mercadería;
Producto;Si;No;Si;TAG AMAYA VAQUETA  CHOCOLATE;MC020530452;Unidad;ACCESORIOS;TAG;12990;12990;;12990;12990;;Ventas;;Mercaderías;;Costo de la mercadería;
Producto;Si;No;Si;TAG AMAYA VAQUETA  NATURAL;MC020530408;Unidad;ACCESORIOS;TAG;12990;12990;;12990;12990;;Ventas;;Mercaderías;;Costo de la mercadería;
Producto;Si;No;Si;TAG AMAYA VAQUETA  NEGRO;MC020530401;Unidad;ACCESORIOS;TAG;12990;12990;;12990;12990;;Ventas;;Mercaderías;;Costo de la mercadería;
Producto;Si;No;Si;PANTUFLA GALO CARPINCHO CHOCOLATE 42;CA090112452-42;Unidad;CALZADO;PANTUFLA;0;14990;;14990;14990;;Ventas;;Mercaderías;;Costo de la mercadería;
Producto;Si;No;Si;PANTUFLA GALO CARPINCHO CHOCOLATE 43;CA090112452-43;Unidad;CALZADO;PANTUFLA;0;14990;;14990;14990;;Ventas;;Mercaderías;;Costo de la mercadería;
Producto;Si;No;Si;PANTUFLA GALO CARPINCHO CHOCOLATE 44;CA090112452-44;Unidad;CALZADO;PANTUFLA;0;14990;;14990;14990;;Ventas;;Mercaderías;;Costo de la mercadería;
Producto;Si;No;Si;PANTUFLA GALO CARPINCHO CHOCOLATE 45;CA090112452-45;Unidad;CALZADO;PANTUFLA;0;14990;;14990;14990;;Ventas;;Mercaderías;;Costo de la mercadería;
Producto;Si;No;Si;PORTALENTES ORION BRIDGE MALBEC;MC020110315;Unidad;MARRO CHICA;PORTALENTES;12990;12990;;12990;12990;;Ventas;;Mercaderías;;Costo de la mercadería;
Producto;Si;No;Si;TARJETERO RUBI IGUANA VERDE;MC020270710;Unidad;MARRO CHICA;TARJETERO;13990;14990;;14990;14990;;Ventas;;Mercaderías;;Costo de la mercadería;
Producto;Si;No;Si;TOTE LUCERO GRANDE LIENZO CRUDO;OT120460000;Unidad;ACCESORIOS;OTROS;0;0;;0;0;;Ventas;;Mercaderías;;Costo de la mercadería;
Producto;Si;No;Si;TOTE LUCERO MEDIANO LIENZO CRUDO;OT120470000;Unidad;ACCESORIOS;OTROS;0;0;;0;0;;Ventas;;Mercaderías;;Costo de la mercadería;
Producto;Si;No;Si;ZAPATILLA URBANA CUERO BORGOÑA 39;CA060010332-39;Unidad;CALZADO;ZAPATILLA;119990;79990;;79990;79990;;Ventas;;Mercaderías;;Costo de la mercadería;
Producto;Si;No;Si;ZAPATILLA URBANA CUERO BORGOÑA 40;CA060010332-40;Unidad;CALZADO;ZAPATILLA;119990;79990;;79990;79990;;Ventas;;Mercaderías;;Costo de la mercadería;
Producto;Si;No;Si;ZAPATILLA URBANA CUERO BORGOÑA 41;CA060010332-41;Unidad;CALZADO;ZAPATILLA;119990;79990;;79990;79990;;Ventas;;Mercaderías;;Costo de la mercadería;
Producto;Si;No;Si;ZAPATILLA URBANA CUERO BORGOÑA 42;CA060010332-42;Unidad;CALZADO;ZAPATILLA;119990;79990;;79990;79990;;Ventas;;Mercaderías;;Costo de la mercadería;
Producto;Si;No;Si;ZAPATILLA URBANA CUERO BORGOÑA 43;CA060010332-43;Unidad;CALZADO;ZAPATILLA;119990;79990;;79990;79990;;Ventas;;Mercaderías;;Costo de la mercadería;
Producto;Si;No;Si;ZAPATILLA URBANA CUERO BORGOÑA 44;CA060010332-44;Unidad;CALZADO;ZAPATILLA;119990;79990;;79990;79990;;Ventas;;Mercaderías;;Costo de la mercadería;
Producto;Si;No;Si;ZAPATILLA URBANA CUERO BORGOÑA 45;CA060010332-45;Unidad;CALZADO;ZAPATILLA;119990;79990;;79990;79990;;Ventas;;Mercaderías;;Costo de la mercadería;
Producto;Si;No;Si;MOCHILA PIETRO BRIDGE CARAMELO;MG010640303;Unidad;MARRO GRANDE;MOCHILA;399990;449990;;449990;449990;;Ventas;;Mercaderías;;Costo de la mercadería;
Producto;Si;No;Si;CARTERA IBERA FIORENTINO CEDRO;MG010961623;Unidad;MARRO GRANDE;CARETERA;64990;64990;;64990;64990;;Ventas;;Mercaderías;;Costo de la mercadería;
Producto;Si;No;Si;NECESSAIRE LANIN FIORENTINO CEDRO;MC010421623;Unidad;MARRO CHICA;NECESSAIRE;94990;99990;;99990;99990;;Ventas;;Mercaderías;;Costo de la mercadería;
Producto;Si;No;Si;CARTERA IBERA SALLY SUELA;MG010962202;Unidad;MARRO GRANDE;CARTERA;64990;64990;;64990;64990;;Ventas;;Mercaderías;;Costo de la mercadería;
Producto;Si;No;Si;CARTERA IBERA SALLY NEGRO;MG010962201;Unidad;MARRO GRANDE;CARTERA;64990;64990;;64990;64990;;Ventas;;Mercaderías;;Costo de la mercadería;
Producto;Si;No;Si;TARJETERO RUBI BRIDGE MALBEC;MC020270315;Unidad;MARRO CHICA;TARJETERO;12990;14990;;14990;14990;;Ventas;;Mercaderías;;Costo de la mercadería;
Producto;Si;No;Si;LLAVERO KAREN AZUL/AVELLANA;OT020480309-55;Unidad;ACCESORIOS;LLAVERO;20990;21990;;21990;21990;;Ventas;;Mercaderías;;Costo de la mercadería;
Producto;Si;No;Si;LLAVERO KAREN AZUL/MARSALA;OT020480309-18;Unidad;ACCESORIOS;LLAVERO;20990;21990;;21990;21990;;Ventas;;Mercaderías;;Costo de la mercadería;
Producto;Si;No;Si;LLAVERO KAREN NEGRO/OXIDO;OT020480301-56;Unidad;ACCESORIOS;LLAVERO;20990;21990;;21990;21990;;Ventas;;Mercaderías;;Costo de la mercadería;
Producto;Si;No;Si;LLAVERO KAREN NEGRO/VESUBIO;OT020480301-50;Unidad;ACCESORIOS;LLAVERO;20990;21990;;21990;21990;;Ventas;;Mercaderías;;Costo de la mercadería;
Producto;Si;No;Si;LLAVERO KAREN NEGRO/GRIS MEDIO;OT020480301-17;Unidad;ACCESORIOS;LLAVERO;20990;21990;;21990;21990;;Ventas;;Mercaderías;;Costo de la mercadería;
Producto;Si;No;Si;TARJETERO RUBI DUNA NEGRO;MC020271201;Unidad;MARRO CHICA;TARJETERO;12990;14990;;14990;14990;;Ventas;;Mercaderías;;Costo de la mercadería;
Producto;Si;No;Si;LLAVERO KAREN MALBEC/MARSALA;OT020480315-18;Unidad;ACCESORIOS;LLAVERO;20990;21990;;21990;21990;;Ventas;;Mercaderías;;Costo de la mercadería;
Producto;Si;No;Si;LLAVERO KAREN MALBEC/AZUL;OT020480315-09;Unidad;ACCESORIOS;LLAVERO;20990;21990;;21990;21990;;Ventas;;Mercaderías;;Costo de la mercadería;
Producto;Si;No;Si;LLAVERO KAREN CARAMELO/OLIVE;OT020480303-16;Unidad;ACCESORIOS;LLAVERO;20990;21990;;21990;21990;;Ventas;;Mercaderías;;Costo de la mercadería;
Producto;Si;No;Si;LLAVERO KAREN CARAMELO/MARSALA;OT020480303-18;Unidad;ACCESORIOS;LLAVERO;20990;21990;;21990;21990;;Ventas;;Mercaderías;;Costo de la mercadería;
Producto;Si;No;Si;LLAVERO KAREN TABACO/OLIVE;OT020480304-16;Unidad;ACCESORIOS;LLAVERO;20990;21990;;21990;21990;;Ventas;;Mercaderías;;Costo de la mercadería;
Producto;Si;No;Si;LLAVERO KAREN TABACO/AVELLANA;OT020480304-55;Unidad;ACCESORIOS;LLAVERO;20990;21990;;21990;21990;;Ventas;;Mercaderías;;Costo de la mercadería;
Producto;Si;No;Si;LLAVERO KAREN CARAMELO/CAFE;OT020480303-58;Unidad;ACCESORIOS;LLAVERO;20990;21990;;21990;21990;;Ventas;;Mercaderías;;Costo de la mercadería;
Producto;Si;No;Si;PRODUCTO OUTLET 24990;OUT24990;Unidad;OUTLET;OUTLET;24990;24990;;24990;24990;;Ventas;;Mercaderías;;Costo de la mercadería;
Producto;Si;No;Si;PRODUCTO OUTLET 49990;OUT49990;Unidad;OUTLET;OUTLET;49990;49990;;49990;49990;;Ventas;;Mercaderías;;Costo de la mercadería;
Producto;Si;No;Si;ZAPATILLA URBANA CUERO TABACO 39;CA060010304-39;Unidad;CALZADO;ZAPATILLA;119990;79990;;79990;79990;;Ventas;;Mercaderías;;Costo de la mercadería;
Producto;Si;No;Si;ZAPATILLA URBANA CUERO TABACO 40;CA060010304-40;Unidad;CALZADO;ZAPATILLA;119990;79990;;79990;79990;;Ventas;;Mercaderías;;Costo de la mercadería;
Producto;Si;No;Si;ZAPATILLA URBANA CUERO TABACO 41;CA060010304-41;Unidad;CALZADO;ZAPATILLA;119990;79990;;79990;79990;;Ventas;;Mercaderías;;Costo de la mercadería;
Producto;Si;No;Si;ZAPATILLA URBANA CUERO TABACO 42;CA060010304-42;Unidad;CALZADO;ZAPATILLA;119990;79990;;79990;79990;;Ventas;;Mercaderías;;Costo de la mercadería;
Producto;Si;No;Si;ZAPATILLA URBANA CUERO TABACO 43;CA060010304-43;Unidad;CALZADO;ZAPATILLA;119990;79990;;79990;79990;;Ventas;;Mercaderías;;Costo de la mercadería;
Producto;Si;No;Si;ZAPATILLA URBANA CUERO TABACO 44;CA060010304-44;Unidad;CALZADO;ZAPATILLA;119990;79990;;79990;79990;;Ventas;;Mercaderías;;Costo de la mercadería;
Producto;Si;No;Si;ZAPATILLA URBANA CUERO TABACO 45;CA060010304-45;Unidad;CALZADO;ZAPATILLA;119990;79990;;79990;79990;;Ventas;;Mercaderías;;Costo de la mercadería;
Producto;Si;No;Si;ZAPATILLA MATEO CUERO NEGRO 39;CA170120001-39;Unidad;CALZADO;ZAPATILLA;119990;79990;;79990;79990;;Ventas;;Mercaderías;;Costo de la mercadería;
Producto;Si;No;Si;ZAPATILLA MATEO CUERO NEGRO 40;CA170120001-40;Unidad;CALZADO;ZAPATILLA;119990;79990;;79990;79990;;Ventas;;Mercaderías;;Costo de la mercadería;
Producto;Si;No;Si;ZAPATILLA MATEO CUERO NEGRO 41;CA170120001-41;Unidad;CALZADO;ZAPATILLA;119990;79990;;79990;79990;;Ventas;;Mercaderías;;Costo de la mercadería;
Producto;Si;No;Si;ZAPATILLA MATEO CUERO NEGRO 42;CA170120001-42;Unidad;CALZADO;ZAPATILLA;119990;79990;;79990;79990;;Ventas;;Mercaderías;;Costo de la mercadería;
Producto;Si;No;Si;ZAPATILLA MATEO CUERO NEGRO 43;CA170120001-43;Unidad;CALZADO;ZAPATILLA;119990;79990;;79990;79990;;Ventas;;Mercaderías;;Costo de la mercadería;
Producto;Si;No;Si;ZAPATILLA MATEO CUERO NEGRO 44;CA170120001-44;Unidad;CALZADO;ZAPATILLA;119990;79990;;79990;79990;;Ventas;;Mercaderías;;Costo de la mercadería;
Producto;Si;No;Si;ZAPATILLA MATEO CUERO TABACO 39;CA170120004-39;Unidad;CALZADO;ZAPATILLA;119990;79990;;79990;79990;;Ventas;;Mercaderías;;Costo de la mercadería;
Producto;Si;No;Si;ZAPATILLA MATEO CUERO TABACO 40;CA170120004-40;Unidad;CALZADO;ZAPATILLA;119990;79990;;79990;79990;;Ventas;;Mercaderías;;Costo de la mercadería;
Producto;Si;No;Si;ZAPATILLA MATEO CUERO TABACO 41;CA170120004-41;Unidad;CALZADO;ZAPATILLA;119990;79990;;79990;79990;;Ventas;;Mercaderías;;Costo de la mercadería;
Producto;Si;No;Si;ZAPATILLA MATEO CUERO TABACO 42;CA170120004-42;Unidad;CALZADO;ZAPATILLA;119990;79990;;79990;79990;;Ventas;;Mercaderías;;Costo de la mercadería;
Producto;Si;No;Si;ZAPATILLA MATEO CUERO TABACO 43;CA170120004-43;Unidad;CALZADO;ZAPATILLA;119990;79990;;79990;79990;;Ventas;;Mercaderías;;Costo de la mercadería;
Producto;Si;No;Si;ZAPATILLA MATEO CUERO TABACO 44;CA170120004-44;Unidad;CALZADO;ZAPATILLA;119990;79990;;79990;79990;;Ventas;;Mercaderías;;Costo de la mercadería;
Producto;Si;No;Si;ZAPATILLA MATEO CUERO TABACO 45;CA170120004-45;Unidad;CALZADO;ZAPATILLA;119990;79990;;79990;79990;;Ventas;;Mercaderías;;Costo de la mercadería;
Producto;Si;No;Si;ZAPATILLA MATEO CUERO BORGOÑA 39;CA170120032-39;Unidad;CALZADO;ZAPATILLA;119990;79990;;79990;79990;;Ventas;;Mercaderías;;Costo de la mercadería;
Producto;Si;No;Si;ZAPATILLA MATEO CUERO BORGOÑA 40;CA170120032-40;Unidad;CALZADO;ZAPATILLA;119990;79990;;79990;79990;;Ventas;;Mercaderías;;Costo de la mercadería;
Producto;Si;No;Si;ZAPATILLA MATEO CUERO BORGOÑA 41;CA170120032-41;Unidad;CALZADO;ZAPATILLA;119990;79990;;79990;79990;;Ventas;;Mercaderías;;Costo de la mercadería;
Producto;Si;No;Si;ZAPATILLA MATEO CUERO BORGOÑA 42;CA170120032-42;Unidad;CALZADO;ZAPATILLA;119990;79990;;79990;79990;;Ventas;;Mercaderías;;Costo de la mercadería;
Producto;Si;No;Si;ZAPATILLA MATEO CUERO BORGOÑA 43;CA170120032-43;Unidad;CALZADO;ZAPATILLA;119990;79990;;79990;79990;;Ventas;;Mercaderías;;Costo de la mercadería;
Producto;Si;No;Si;ZAPATILLA MATEO CUERO BORGOÑA 44;CA170120032-44;Unidad;CALZADO;ZAPATILLA;119990;79990;;79990;79990;;Ventas;;Mercaderías;;Costo de la mercadería;
Producto;Si;No;Si;ZAPATILLA MATEO CUERO BORGOÑA 45;CA170120032-45;Unidad;CALZADO;ZAPATILLA;119990;79990;;79990;79990;;Ventas;;Mercaderías;;Costo de la mercadería;
Producto;Si;No;Si;ZAPATILLA MATEO CUERO AZUL 39;CA170120009-39;Unidad;CALZADO;ZAPATILLA;119990;79990;;79990;79990;;Ventas;;Mercaderías;;Costo de la mercadería;
Producto;Si;No;Si;ZAPATILLA MATEO CUERO AZUL 40;CA170120009-40;Unidad;CALZADO;ZAPATILLA;119990;79990;;79990;79990;;Ventas;;Mercaderías;;Costo de la mercadería;
Producto;Si;No;Si;ZAPATILLA MATEO CUERO AZUL 41;CA170120009-41;Unidad;CALZADO;ZAPATILLA;119990;79990;;79990;79990;;Ventas;;Mercaderías;;Costo de la mercadería;
Producto;Si;No;Si;ZAPATILLA MATEO CUERO AZUL 42;CA170120009-42;Unidad;CALZADO;ZAPATILLA;119990;79990;;79990;79990;;Ventas;;Mercaderías;;Costo de la mercadería;
Producto;Si;No;Si;ZAPATILLA MATEO CUERO AZUL 43;CA170120009-43;Unidad;CALZADO;ZAPATILLA;119990;79990;;79990;79990;;Ventas;;Mercaderías;;Costo de la mercadería;
Producto;Si;No;Si;ZAPATILLA MATEO CUERO AZUL 44;CA170120009-44;Unidad;CALZADO;ZAPATILLA;119990;79990;;79990;79990;;Ventas;;Mercaderías;;Costo de la mercadería;
Producto;Si;No;Si;ZAPATILLA MATEO CUERO AZUL 45;CA170120009-45;Unidad;CALZADO;ZAPATILLA;119990;79990;;79990;79990;;Ventas;;Mercaderías;;Costo de la mercadería;
Producto;Si;No;Si;SOMBRERO FABIO CUERO ENGRASADO NEGRO S;OT130492501-S;Unidad;ACCESORIOS;SOMBRERO;120990;99990;;99990;99990;;Ventas;;Mercaderías;;Costo de la mercadería;
Producto;Si;No;Si;SOMBRERO FABIO CUERO ENGRASADO NEGRO M;OT130492501-M;Unidad;ACCESORIOS;SOMBREROS;120990;99990;;99990;99990;;Ventas;;Mercaderías;;Costo de la mercadería;
Producto;Si;No;Si;SOMBRERO FABIO CUERO ENGRASADO NEGRO L;OT130492501-L;Unidad;ACCESORIOS;SOMBRERO;120990;99990;;99990;99990;;Ventas;;Mercaderías;;Costo de la mercadería;
Producto;Si;No;Si;SOMBRERO FABIO CUERO ENGRASADO NEGRO XL;OT130492501-XL;Unidad;ACCESORIOS;SOMBRERO;120990;99990;;99990;99990;;Ventas;;Mercaderías;;Costo de la mercadería;
Producto;Si;No;Si;SOMBRERO FABIO CUERO ENGRASADO NEGRO XXL;OT130492501-XXL;Unidad;ACCESORIOS;SOMBRERO;120990;99990;;99990;99990;;Ventas;;Mercaderías;;Costo de la mercadería;
Producto;Si;No;Si;SOMBRERO FABIO CUERO ENGRASADO CHOCOLATE S;OT130492552-S;Unidad;ACCESORIOS;SOMBRERO;120990;99990;;99990;99990;;Ventas;;Mercaderías;;Costo de la mercadería;
Producto;Si;No;Si;SOMBRERO FABIO CUERO ENGRASADO CHOCOLATE M;OT130492552-M;Unidad;ACCESORIOS;SOMBRERO;120990;99990;;99990;99990;;Ventas;;Mercaderías;;Costo de la mercadería;
Producto;Si;No;Si;SOMBRERO FABIO CUERO ENGRASADO CHOCOLATE L;OT130492552-L;Unidad;ACCESORIOS;SOMBRERO;120990;99990;;99990;99990;;Ventas;;Mercaderías;;Costo de la mercadería;
Producto;Si;No;Si;SOMBRERO FABIO CUERO ENGRASADO CHOCOLATE XL;OT130492552-XL;Unidad;ACCESORIOS;SOMBRERO;120990;99990;;99990;99990;;Ventas;;Mercaderías;;Costo de la mercadería;
Producto;Si;No;Si;SOMBRERO FABIO CUERO ENGRASADO CHOCOLATE XXL;OT130492552-XXL;Unidad;ACCESORIOS;SOMBRERO;120990;99990;;99990;99990;;Ventas;;Mercaderías;;Costo de la mercadería;
Producto;Si;No;Si;GORRO VENTO PAÑO LANA NEGRO S;OT130502601-S;Unidad;ACCESORIOS;GORRO;49990;49990;;49990;49990;;Ventas;;Mercaderías;;Costo de la mercadería;
Producto;Si;No;Si;GORRO VENTO PAÑO LANA NEGRO M;OT130502601-M;Unidad;ACCESORIOS;GORRO;49990;49990;;49990;49990;;Ventas;;Mercaderías;;Costo de la mercadería;
Producto;Si;No;Si;GORRO VENTO PAÑO LANA NEGRO L;OT130502601-L;Unidad;ACCESORIOS;GORRO;49990;49990;;49990;49990;;Ventas;;Mercaderías;;Costo de la mercadería;
Producto;Si;No;Si;GORRO VENTO PAÑO LANA NEGRO XL;OT130502601-XL;Unidad;ACCESORIOS;GORRO;49990;49990;;49990;49990;;Ventas;;Mercaderías;;Costo de la mercadería;
Producto;Si;No;Si;GORRO VENTO PAÑO LANA NEGRO XXL;OT130502601-XXL;Unidad;ACCESORIOS;GORRO;49990;49990;;49990;49990;;Ventas;;Mercaderías;;Costo de la mercadería;
Producto;Si;No;Si;GORRO VENTO PAÑO LANA GRIS S;OT130502612-S;Unidad;ACCESORIOS;GORRO;49990;49990;;49990;49990;;Ventas;;Mercaderías;;Costo de la mercadería;
Producto;Si;No;Si;GORRO VENTO PAÑO LANA GRIS M;OT130502612-M;Unidad;ACCESORIOS;GORRO;49990;49990;;49990;49990;;Ventas;;Mercaderías;;Costo de la mercadería;
Producto;Si;No;Si;GORRO VENTO PAÑO LANA GRIS L;OT130502612-L;Unidad;ACCESORIOS;GORRO;49990;49990;;49990;49990;;Ventas;;Mercaderías;;Costo de la mercadería;
Producto;Si;No;Si;GORRO VENTO PAÑO LANA GRIS XL;OT130502612-XL;Unidad;ACCESORIOS;GORRO;49990;49990;;49990;49990;;Ventas;;Mercaderías;;Costo de la mercadería;
Producto;Si;No;Si;GORRO VENTO PAÑO LANA GRIS XXL;OT130502612-XXL;Unidad;ACCESORIOS;GORRO;49990;49990;;49990;49990;;Ventas;;Mercaderías;;Costo de la mercadería;
Producto;Si;No;Si;GORRO VENTO PAÑO LANA BEIGE S;OT130502611-S;Unidad;ACCESORIOS;GORRO;49990;49990;;49990;49990;;Ventas;;Mercaderías;;Costo de la mercadería;
Producto;Si;No;Si;GORRO VENTO PAÑO LANA BEIGE M;OT130502611-M;Unidad;ACCESORIOS;GORRO;49990;49990;;49990;49990;;Ventas;;Mercaderías;;Costo de la mercadería;
Producto;Si;No;Si;GORRO VENTO PAÑO LANA BEIGE L;OT130502611-L;Unidad;ACCESORIOS;GORRO;49990;49990;;49990;49990;;Ventas;;Mercaderías;;Costo de la mercadería;
Producto;Si;No;Si;GORRO VENTO PAÑO LANA BEIGE XL;OT130502611-XL;Unidad;ACCESORIOS;GORRO;49990;49990;;49990;49990;;Ventas;;Mercaderías;;Costo de la mercadería;
Producto;Si;No;Si;GORRO VENTO PAÑO LANA BEIGE XXL;OT130502611-XXL;Unidad;ACCESORIOS;GORRO;49990;49990;;49990;49990;;Ventas;;Mercaderías;;Costo de la mercadería;
Producto;Si;No;Si;GORRO VENTO PAÑO LANA VERDE S;OT130502610-S;Unidad;ACCESORIOS;GORRO;49990;49990;;49990;49990;;Ventas;;Mercaderías;;Costo de la mercadería;
Producto;Si;No;Si;GORRO VENTO PAÑO LANA VERDE M;OT130502610-M;Unidad;ACCESORIOS;GORRO;49990;49990;;49990;49990;;Ventas;;Mercaderías;;Costo de la mercadería;
Producto;Si;No;Si;GORRO VENTO PAÑO LANA VERDE L;OT130502610-L;Unidad;ACCESORIOS;GORRO;49990;49990;;49990;49990;;Ventas;;Mercaderías;;Costo de la mercadería;
Producto;Si;No;Si;GORRO VENTO PAÑO LANA VERDE XL;OT130502610-XL;Unidad;ACCESORIOS;GORRO;49990;49990;;49990;49990;;Ventas;;Mercaderías;;Costo de la mercadería;
Producto;Si;No;Si;GORRO VENTO PAÑO LANA VERDE XXL;OT130502610-XXL;Unidad;ACCESORIOS;GORRO;49990;49990;;49990;49990;;Ventas;;Mercaderías;;Costo de la mercadería;
Producto;Si;No;Si;CAMPERA CRUX MICROFIBRA AZUL S;TX130102709-S;Unidad;TEXTIL;CAMPERA;223990;99990;;99990;99990;;Ventas;;Mercaderías;;Costo de la mercadería;
Producto;Si;No;Si;CAMPERA CRUX MICROFIBRA AZUL M;TX130102709-M;Unidad;TEXTIL;CAMPERA;223990;99990;;99990;99990;;Ventas;;Mercaderías;;Costo de la mercadería;
Producto;Si;No;Si;CAMPERA CRUX MICROFIBRA AZUL L;TX130102709-L;Unidad;TEXTIL;CAMPERA;223990;99990;;99990;99990;;Ventas;;Mercaderías;;Costo de la mercadería;
Producto;Si;No;Si;CAMPERA CRUX MICROFIBRA AZUL XL;TX130102709-XL;Unidad;TEXTIL;CAMPERA;223990;99990;;99990;99990;;Ventas;;Mercaderías;;Costo de la mercadería;
Producto;Si;No;Si;CAMPERA CRUX MICROFIBRA AZUL XXL;TX130102709-XXL;Unidad;TEXTIL;CAMPERA;223990;99990;;99990;99990;;Ventas;;Mercaderías;;Costo de la mercadería;
Producto;Si;No;Si;CAMPERA CRUX MICROFIBRA NEGRO S;TX130102701-S;Unidad;TEXTIL;CAMPERA;223990;99990;;99990;99990;;Ventas;;Mercaderías;;Costo de la mercadería;
Producto;Si;No;Si;CAMPERA CRUX MICROFIBRA NEGRO M;TX130102701-M;Unidad;TEXTIL;CAMPERA;223990;99990;;99990;99990;;Ventas;;Mercaderías;;Costo de la mercadería;
Producto;Si;No;Si;CAMPERA CRUX MICROFIBRA NEGRO L;TX130102701-L;Unidad;TEXTIL;CAMPERA;223990;99990;;99990;99990;;Ventas;;Mercaderías;;Costo de la mercadería;
Producto;Si;No;Si;CAMPERA CRUX MICROFIBRA NEGRO XL;TX130102701-XL;Unidad;TEXTIL;CAMPERA;223990;99990;;99990;99990;;Ventas;;Mercaderías;;Costo de la mercadería;
Producto;Si;No;Si;CAMPERA CRUX MICROFIBRA NEGRO XXL;TX130102701-XXL;Unidad;TEXTIL;CAMPERA;223990;99990;;99990;99990;;Ventas;;Mercaderías;;Costo de la mercadería;
Producto;Si;No;Si;CAMPERA CRUX MICROFIBRA VERDE S;TX130102710-S;Unidad;TEXTIL;CAMPERA;223990;99990;;99990;99990;;Ventas;;Mercaderías;;Costo de la mercadería;
Producto;Si;No;Si;CAMPERA CRUX MICROFIBRA VERDE M;TX130102710-M;Unidad;TEXTIL;CAMPERA;223990;99990;;99990;99990;;Ventas;;Mercaderías;;Costo de la mercadería;
Producto;Si;No;Si;CAMPERA CRUX MICROFIBRA VERDE L;TX130102710-L;Unidad;TEXTIL;CAMPERA;223990;99990;;99990;99990;;Ventas;;Mercaderías;;Costo de la mercadería;
Producto;Si;No;Si;CAMPERA CRUX MICROFIBRA VERDE XL;TX130102710-XL;Unidad;TEXTIL;CAMPERA;223990;99990;;99990;99990;;Ventas;;Mercaderías;;Costo de la mercadería;
Producto;Si;No;Si;CAMPERA CRUX MICROFIBRA VERDE XXL;TX130102710-XXL;Unidad;TEXTIL;CAMPERA;223990;99990;;99990;99990;;Ventas;;Mercaderías;;Costo de la mercadería;
Producto;Si;No;Si;CHALECO RAMI MICROPOLAR NEGRO S;TX130122701-S;Unidad;TEXTIL;CHALECO;159990;99990;;99990;99990;;Ventas;;Mercaderías;;Costo de la mercadería;
Producto;Si;No;Si;CHALECO RAMI MICROPOLAR NEGRO M;TX130122701-M;Unidad;TEXTIL;CHALECO;159990;99990;;99990;99990;;Ventas;;Mercaderías;;Costo de la mercadería;
Producto;Si;No;Si;CHALECO RAMI MICROPOLAR NEGRO L;TX130122701-L;Unidad;TEXTIL;CHALECO;159990;99990;;99990;99990;;Ventas;;Mercaderías;;Costo de la mercadería;
Producto;Si;No;Si;CHALECO RAMI MICROPOLAR NEGRO XL;TX130122701-XL;Unidad;TEXTIL;CHALECO;159990;99990;;99990;99990;;Ventas;;Mercaderías;;Costo de la mercadería;
Producto;Si;No;Si;CHALECO RAMI MICROPOLAR NEGRO XXL;TX130122701-XXL;Unidad;TEXTIL;CHALECO;159990;99990;;99990;99990;;Ventas;;Mercaderías;;Costo de la mercadería;
Producto;Si;No;Si;CHALECO RAMI MICROPOLAR AZUL S;TX130122709-S;Unidad;TEXTIL;CHALECO;159990;99990;;99990;99990;;Ventas;;Mercaderías;;Costo de la mercadería;
Producto;Si;No;Si;CHALECO RAMI MICROPOLAR AZUL M;TX130122709-M;Unidad;TEXTIL;CHALECO;159990;99990;;99990;99990;;Ventas;;Mercaderías;;Costo de la mercadería;
Producto;Si;No;Si;CHALECO RAMI MICROPOLAR AZUL L;TX130122709-L;Unidad;TEXTIL;CHALECO;159990;99990;;99990;99990;;Ventas;;Mercaderías;;Costo de la mercadería;
Producto;Si;No;Si;CHALECO RAMI MICROPOLAR AZUL XL;TX130122709-XL;Unidad;TEXTIL;CHALECO;159990;99990;;99990;99990;;Ventas;;Mercaderías;;Costo de la mercadería;
Producto;Si;No;Si;CHALECO RAMI MICROPOLAR AZUL XXL;TX130122709-XXL;Unidad;TEXTIL;CHALECO;159990;99990;;99990;99990;;Ventas;;Mercaderías;;Costo de la mercadería;
Producto;Si;No;Si;CHALECO RAMI MICROPOLAR VERDE S;TX130122710-S;Unidad;TEXTIL;CHALECO;159990;99990;;99990;99990;;Ventas;;Mercaderías;;Costo de la mercadería;
Producto;Si;No;Si;CHALECO RAMI MICROPOLAR VERDE M;TX130122710-M;Unidad;TEXTIL;CHALECO;159990;99990;;99990;99990;;Ventas;;Mercaderías;;Costo de la mercadería;
Producto;Si;No;Si;CHALECO RAMI MICROPOLAR VERDE L;TX130122710-L;Unidad;TEXTIL;CHALECO;159990;99990;;99990;99990;;Ventas;;Mercaderías;;Costo de la mercadería;
Producto;Si;No;Si;CHALECO RAMI MICROPOLAR VERDE XL;TX130122710-XL;Unidad;TEXTIL;CHALECO;159990;99990;;99990;99990;;Ventas;;Mercaderías;;Costo de la mercadería;
Producto;Si;No;Si;CHALECO RAMI MICROPOLAR VERDE XXL;TX130122710-XXL;Unidad;TEXTIL;CHALECO;159990;99990;;99990;99990;;Ventas;;Mercaderías;;Costo de la mercadería;
Producto;Si;No;Si;CAMPERA CHANDRA MICROFIBRA NEGRO S;TX130112701-S;Unidad;TEXTIL;CAMPERA;199990;99990;;99990;99990;;Ventas;;Mercaderías;;Costo de la mercadería;
Producto;Si;No;Si;CAMPERA CHANDRA MICROFIBRA NEGRO M;TX130112701-M;Unidad;TEXTIL;CAMPERA;199990;99990;;99990;99990;;Ventas;;Mercaderías;;Costo de la mercadería;
Producto;Si;No;Si;CAMPERA CHANDRA MICROFIBRA NEGRO L;TX130112701-L;Unidad;TEXTIL;CAMPERA;199990;99990;;99990;99990;;Ventas;;Mercaderías;;Costo de la mercadería;
Producto;Si;No;Si;CAMPERA CHANDRA MICROFIBRA NEGRO XL;TX130112701-XL;Unidad;TEXTIL;CAMPERA;199990;99990;;99990;99990;;Ventas;;Mercaderías;;Costo de la mercadería;
Producto;Si;No;Si;CAMPERA CHANDRA MICROFIBRA NEGRO XXL;TX130112701-XXL;Unidad;TEXTIL;CAMPERA;199990;99990;;99990;99990;;Ventas;;Mercaderías;;Costo de la mercadería;
Producto;Si;No;Si;CAMPERA CHANDRA MICROFIBRA AZUL S;TX130112709-S;Unidad;TEXTIL;CAMPERA;199990;99990;;99990;99990;;Ventas;;Mercaderías;;Costo de la mercadería;
Producto;Si;No;Si;CAMPERA CHANDRA MICROFIBRA AZUL M;TX130112709-M;Unidad;TEXTIL;CAMPERA;199990;99990;;99990;99990;;Ventas;;Mercaderías;;Costo de la mercadería;
Producto;Si;No;Si;CAMPERA CHANDRA MICROFIBRA AZUL L;TX130112709-L;Unidad;TEXTIL;CAMPERA;199990;99990;;99990;99990;;Ventas;;Mercaderías;;Costo de la mercadería;
Producto;Si;No;Si;CAMPERA CHANDRA MICROFIBRA AZUL XL;TX130112709-XL;Unidad;TEXTIL;CAMPERA;199990;99990;;99990;99990;;Ventas;;Mercaderías;;Costo de la mercadería;
Producto;Si;No;Si;CAMPERA CHANDRA MICROFIBRA AZUL XXL;TX130112709-XXL;Unidad;TEXTIL;CAMPERA;199990;99990;;99990;99990;;Ventas;;Mercaderías;;Costo de la mercadería;
Producto;Si;No;Si;CAMPERA CHANDRA MICROFIBRA VERDE S;TX130112710-S;Unidad;TEXTIL;CAMPERA;199990;99990;;99990;99990;;Ventas;;Mercaderías;;Costo de la mercadería;
Producto;Si;No;Si;CAMPERA CHANDRA MICROFIBRA VERDE M;TX130112710-M;Unidad;TEXTIL;CAMPERA;199990;99990;;99990;99990;;Ventas;;Mercaderías;;Costo de la mercadería;
Producto;Si;No;Si;CAMPERA CHANDRA MICROFIBRA VERDE L;TX130112710-L;Unidad;TEXTIL;CAMPERA;199990;99990;;99990;99990;;Ventas;;Mercaderías;;Costo de la mercadería;
Producto;Si;No;Si;CAMPERA CHANDRA MICROFIBRA VERDE XL;TX130112710-XL;Unidad;TEXTIL;CAMPERA;199990;99990;;99990;99990;;Ventas;;Mercaderías;;Costo de la mercadería;
?Producto;Si;No;Si;CAMPERA CHANDRA MICROFIBRA VERDE XXL;TX130112710-XXL;Unidad;TEXTIL;MICROFIBRA;199990;99990;;99990;99990;;Ventas;;Mercaderías;;Costo de la mercadería;
Producto;Si;No;Si;CAMPERA CHANDRA MICROFIBRA CEMENTO S;TX130112733-S;Unidad;TEXTIL;CAMPERA;199990;99990;;99990;99990;;Ventas;;Mercaderías;;Costo de la mercadería;
Producto;Si;No;Si;CAMPERA CHANDRA MICROFIBRA CEMENTO M;TX130112733-M;Unidad;TEXTIL;CAMPERA;199990;99990;;99990;99990;;Ventas;;Mercaderías;;Costo de la mercadería;
Producto;Si;No;Si;CAMPERA CHANDRA MICROFIBRA CEMENTO L;TX130112733-L;Unidad;TEXTIL;CAMPERA;199990;99990;;99990;99990;;Ventas;;Mercaderías;;Costo de la mercadería;
Producto;Si;No;Si;CAMPERA CHANDRA MICROFIBRA CEMENTO XL;TX130112733-XL;Unidad;TEXTIL;CAMPERA;199990;99990;;99990;99990;;Ventas;;Mercaderías;;Costo de la mercadería;
Producto;Si;No;Si;CAMPERA CHANDRA MICROFIBRA CEMENTO XXL;TX130112733-XXL;Unidad;TEXTIL;CAMPERA;199990;99990;;99990;99990;;Ventas;;Mercaderías;;Costo de la mercadería;
Producto;Si;No;Si;ZAPATILLA MATEO CUERO NEGRO 45;CA170120001-45;Unidad;CALZADO;ZAPATILLA;119990;79990;;79990;79990;;Ventas;;Mercaderías;;Costo de la mercadería;
Producto;Si;No;Si;ZAPATILLA MATEO CUERO VERDE 39;CA170120010-39;Unidad;CALZADO;ZAPATILLA;119990;79990;;79990;79990;;Ventas;;Mercaderías;;Costo de la mercadería;
Producto;Si;No;Si;ZAPATILLA MATEO CUERO VERDE 40;CA170120010-40;Unidad;CALZADO;ZAPATILLA;119990;79990;;79990;79990;;Ventas;;Mercaderías;;Costo de la mercadería;
Producto;Si;No;Si;ZAPATILLA MATEO CUERO VERDE 41;CA170120010-41;Unidad;CALZADO;ZAPATILLA;119990;79990;;79990;79990;;Ventas;;Mercaderías;;Costo de la mercadería;
Producto;Si;No;Si;ZAPATILLA MATEO CUERO VERDE 42;CA170120010-42;Unidad;CALZADO;ZAPATILLA;119990;79990;;79990;79990;;Ventas;;Mercaderías;;Costo de la mercadería;
Producto;Si;No;Si;ZAPATILLA MATEO CUERO VERDE 43;CA170120010-43;Unidad;CALZADO;ZAPATILLA;119990;79990;;79990;79990;;Ventas;;Mercaderías;;Costo de la mercadería;
Producto;Si;No;Si;ZAPATILLA MATEO CUERO VERDE 44;CA170120010-44;Unidad;CALZADO;ZAPATILLA;119990;79990;;79990;79990;;Ventas;;Mercaderías;;Costo de la mercadería;
Producto;Si;No;Si;ZAPATILLA MATEO CUERO VERDE 45;CA170120010-45;Unidad;CALZADO;ZAPATILLA;119990;79990;;79990;79990;;Ventas;;Mercaderías;;Costo de la mercadería;
Producto;Si;No;Si;MOCASIN FANGIO CUERO TABACO 39;CA170130004-39;Unidad;CALZADO;MOCASIN;0;59990;;59990;59990;;Ventas;;Mercaderías;;Costo de la mercadería;
Producto;Si;No;Si;MOCASIN FANGIO CUERO TABACO 40;CA170130004-40;Unidad;CALZADO;MOCASIN;0;59990;;59990;59990;;Ventas;;Mercaderías;;Costo de la mercadería;
Producto;Si;No;Si;MOCASIN FANGIO CUERO TABACO 41;CA170130004-41;Unidad;CALZADO;MOCASIN;0;59990;;59990;59990;;Ventas;;Mercaderías;;Costo de la mercadería;
Producto;Si;No;Si;MOCASIN FANGIO CUERO TABACO 42;CA170130004-42;Unidad;CALZADO;MOCASIN;0;59990;;59990;59990;;Ventas;;Mercaderías;;Costo de la mercadería;
Producto;Si;No;Si;MOCASIN FANGIO CUERO TABACO 43;CA170130004-43;Unidad;CALZADO;MOCASIN;0;59990;;59990;59990;;Ventas;;Mercaderías;;Costo de la mercadería;
Producto;Si;No;Si;MOCASIN FANGIO CUERO TABACO 44;CA170130004-44;Unidad;CALZADO;MOCASIN;0;59990;;59990;59990;;Ventas;;Mercaderías;;Costo de la mercadería;
Producto;Si;No;Si;MOCASIN FANGIO CUERO TABACO 45;CA170130004-45;Unidad;CALZADO;MOCASIN;0;59990;;59990;59990;;Ventas;;Mercaderías;;Costo de la mercadería;
Producto;Si;No;Si;MOCASIN FANGIO CUERO NEGRO 39;CA170130001-39;Unidad;CALZADO;MOCASIN;0;59990;;59990;59990;;Ventas;;Mercaderías;;Costo de la mercadería;
Producto;Si;No;Si;MOCASIN FANGIO CUERO NEGRO 40;CA170130001-40;Unidad;CALZADO;MOCASIN;0;59990;;59990;59990;;Ventas;;Mercaderías;;Costo de la mercadería;
Producto;Si;No;Si;MOCASIN FANGIO CUERO NEGRO 41;CA170130001-41;Unidad;CALZADO;MOCASIN;0;59990;;59990;59990;;Ventas;;Mercaderías;;Costo de la mercadería;
Producto;Si;No;Si;MOCASIN FANGIO CUERO NEGRO 42;CA170130001-42;Unidad;CALZADO;MOCASIN;0;59990;;59990;59990;;Ventas;;Mercaderías;;Costo de la mercadería;
Producto;Si;No;Si;MOCASIN FANGIO CUERO NEGRO 43;CA170130001-43;Unidad;CALZADO;MOCASIN;0;59990;;59990;59990;;Ventas;;Mercaderías;;Costo de la mercadería;
Producto;Si;No;Si;MOCASIN FANGIO CUERO NEGRO 44;CA170130001-44;Unidad;CALZADO;MOCASIN;0;59990;;59990;59990;;Ventas;;Mercaderías;;Costo de la mercadería;
Producto;Si;No;Si;MOCASIN FANGIO CUERO NEGRO 45;CA170130001-45;Unidad;CALZADO;MOCASIN;0;59990;;59990;59990;;Ventas;;Mercaderías;;Costo de la mercadería;
Producto;Si;No;Si;CAMPERA ALBERTO CUERO NEGRO S;TX180130101-S;Unidad;TEXTIL;CAMPERA;299990;279990;;279990;279990;;Ventas;;Mercaderías;;Costo de la mercadería;
Producto;Si;No;Si;CAMPERA ALBERTO CUERO NEGRO M;TX180130101-M;Unidad;TEXTIL;CAMPERA;299990;279990;;279990;279990;;Ventas;;Mercaderías;;Costo de la mercadería;
Producto;Si;No;Si;CAMPERA ALBERTO CUERO NEGRO L;TX180130101-L;Unidad;TEXTIL;CAMPERA;299990;279990;;279990;279990;;Ventas;;Mercaderías;;Costo de la mercadería;
Producto;Si;No;Si;CAMPERA ALBERTO CUERO CHOCOLATE S;TX180130152-S;Unidad;TEXTIL;CAMPERA;299990;279990;;279990;279990;;Ventas;;Mercaderías;;Costo de la mercadería;
Producto;Si;No;Si;CAMPERA ALBERTO CUERO CHOCOLATE M;TX180130152-M;Unidad;TEXTIL;CAMPERA;299990;279990;;279990;279990;;Ventas;;Mercaderías;;Costo de la mercadería;
Producto;Si;No;Si;CAMPERA ALBERTO CUERO CHOCOLATE L;TX180130152-L;Unidad;TEXTIL;CAMPERA;299990;279990;;279990;279990;;Ventas;;Mercaderías;;Costo de la mercadería;
Producto;Si;No;Si;CAMPERA ALBERTO CUERO CHOCOLATE XL;TX180130152-XL;Unidad;TEXTIL;CAMPERA;299990;279990;;279990;279990;;Ventas;;Mercaderías;;Costo de la mercadería;
Producto;Si;No;Si;CAMPERA JAVIER CUERO NEGRO S;TX180140101-S;Unidad;TEXTIL;CAMPERA;299990;279990;;279990;279990;;Ventas;;Mercaderías;;Costo de la mercadería;
Producto;Si;No;Si;CAMPERA JAVIER CUERO NEGRO M;TX180140101-M;Unidad;TEXTIL;CAMPERA;299990;279990;;279990;279990;;Ventas;;Mercaderías;;Costo de la mercadería;
Producto;Si;No;Si;CAMPERA JAVIER CUERO NEGRO L;TX180140101-L;Unidad;TEXTIL;CAMPERA;299990;279990;;279990;279990;;Ventas;;Mercaderías;;Costo de la mercadería;
Producto;Si;No;Si;CAMPERA JAVIER CUERO NEGRO XL;TX180140101-XL;Unidad;TEXTIL;CAMPERA;299990;279990;;279990;279990;;Ventas;;Mercaderías;;Costo de la mercadería;
Producto;Si;No;Si;CAMPERA CRISTINA CUERO NEGRO XS M/C;TX180150101-XS-MC;Unidad;TEXTIL;CAMPERA;299990;279990;;279990;279990;;Ventas;;Mercaderías;;Costo de la mercadería;
Producto;Si;No;Si;CAMPERA CRISTINA CUERO NEGRO XS;TX180150101-XS;Unidad;TEXTIL;CAMPERA;299990;279990;;279990;279990;;Ventas;;Mercaderías;;Costo de la mercadería;
Producto;Si;No;Si;CAMPERA CRISTINA CUERO NEGRO S;TX180150101-S;Unidad;TEXTIL;CAMPERA;299990;279990;;279990;279990;;Ventas;;Mercaderías;;Costo de la mercadería;
Producto;Si;No;Si;CAMPERA CRISTINA CUERO NEGRO M;TX180150101-M;Unidad;TEXTIL;CAMPERA;299990;279990;;279990;279990;;Ventas;;Mercaderías;;Costo de la mercadería;
Producto;Si;No;Si;CAMPERA CRISTINA CUERO NEGRO L;TX180150101-L;Unidad;TEXTIL;CAMPERA;299990;279990;;279990;279990;;Ventas;;Mercaderías;;Costo de la mercadería;
Producto;Si;No;Si;CAMPERA CRISTINA CUERO NEGRO XL;TX180150101-XL;Unidad;TEXTIL;CAMPERA;299990;279990;;279990;279990;;Ventas;;Mercaderías;;Costo de la mercadería;
Producto;Si;No;Si;CAMPERA CRISTINA CUERO CARAMELO XS M/C;TX180150103-XS-MC;Unidad;TEXTIL;CAMPERA;299990;279990;;279990;279990;;Ventas;;Mercaderías;;Costo de la mercadería;
Producto;Si;No;Si;CAMPERA CRISTINA CUERO CARAMELO XS;TX180150103-XS;Unidad;TEXTIL;CAMPERA;299990;279990;;279990;279990;;Ventas;;Mercaderías;;Costo de la mercadería;
Producto;Si;No;Si;CAMPERA CRISTINA CUERO CARAMELO S;TX180150103-S;Unidad;TEXTIL;CAMPERA;299990;279990;;279990;279990;;Ventas;;Mercaderías;;Costo de la mercadería;
Producto;Si;No;Si;CAMPERA CRISTINA CUERO CARAMELO M;TX180150103-M;Unidad;TEXTIL;CAMPERA;299990;279990;;279990;279990;;Ventas;;Mercaderías;;Costo de la mercadería;
Producto;Si;No;Si;CAMPERA CRISTINA CUERO CARAMELO L;TX180150103-L;Unidad;TEXTIL;CAMPERA;299990;279990;;279990;279990;;Ventas;;Mercaderías;;Costo de la mercadería;
Producto;Si;No;Si;CAMPERA CRISTINA CUERO CARAMELO XL;TX180150103-XL;Unidad;TEXTIL;CAMPERA;299990;279990;;279990;279990;;Ventas;;Mercaderías;;Costo de la mercadería;
Producto;Si;No;Si;CAMPERA CRISTINA CUERO TIZA XS M/C;TX180150134-XS-MC;Unidad;TEXTIL;CAMPERA;299990;279990;;279990;279990;;Ventas;;Mercaderías;;Costo de la mercadería;
Producto;Si;No;Si;CAMPERA CRISTINA CUERO TIZA XS;TX180150134-XS;Unidad;TEXTIL;CAMPERA;299990;279990;;279990;279990;;Ventas;;Mercaderías;;Costo de la mercadería;
Producto;Si;No;Si;CAMPERA CRISTINA CUERO TIZA S;TX180150134-S;Unidad;TEXTIL;CAMPERA;299990;279990;;279990;279990;;Ventas;;Mercaderías;;Costo de la mercadería;
Producto;Si;No;Si;CAMPERA CRISTINA CUERO TIZA M;TX180150134-M;Unidad;TEXTIL;CAMPERA;299990;279990;;279990;279990;;Ventas;;Mercaderías;;Costo de la mercadería;
Producto;Si;No;Si;CAMPERA CRISTINA CUERO TIZA L;TX180150134-L;Unidad;TEXTIL;CAMPERA;299990;279990;;279990;279990;;Ventas;;Mercaderías;;Costo de la mercadería;
Producto;Si;No;Si;CAMPERA CRISTINA CUERO TIZA XL;TX180150134-XL;Unidad;TEXTIL;CAMPERA;299990;279990;;279990;279990;;Ventas;;Mercaderías;;Costo de la mercadería;
Producto;Si;No;Si;CAMPERA CRISTINA CUERO SUELA XS M/C;TX180150102-XS-MC;Unidad;TEXTIL;CAMPERA;299990;279990;;279990;279990;;Ventas;;Mercaderías;;Costo de la mercadería;
Producto;Si;No;Si;CAMPERA CRISTINA CUERO SUELA XS;TX180150102-XS;Unidad;TEXTIL;CAMPERA;299990;279990;;279990;279990;;Ventas;;Mercaderías;;Costo de la mercadería;
Producto;Si;No;Si;CAMPERA CRISTINA CUERO SUELA S;TX180150102-S;Unidad;TEXTIL;CAMPERA;299990;279990;;279990;279990;;Ventas;;Mercaderías;;Costo de la mercadería;
Producto;Si;No;Si;CAMPERA CRISTINA CUERO SUELA M;TX180150102-M;Unidad;TEXTIL;CAMPERA;299990;279990;;279990;279990;;Ventas;;Mercaderías;;Costo de la mercadería;
Producto;Si;No;Si;CAMPERA CRISTINA CUERO SUELA L;TX180150102-L;Unidad;TEXTIL;CAMPERA;299990;279990;;279990;279990;;Ventas;;Mercaderías;;Costo de la mercadería;
Producto;Si;No;Si;CAMPERA CRISTINA CUERO SUELA XL;TX180150102-XL;Unidad;TEXTIL;CAMPERA;299990;279990;;279990;279990;;Ventas;;Mercaderías;;Costo de la mercadería;
Producto;Si;No;Si;BANDOLERA VICENTA BRIDGE MALBEC;MG010700315;Unidad;MARRO GRANDE;BANDOLERA;94990;99990;;99990;99990;;Ventas;;Mercaderías;;Costo de la mercadería;
Producto;Si;No;Si;CARTERA LISBOA GAMUZA AZUL/CARAMELO;MG010830509-3;Unidad;MARRO GRANDE;CARTERA;75990;79990;;79990;79990;;Ventas;;Mercaderías;;Costo de la mercadería;
Producto;Si;No;Si;CARTERA LISBOA GAMUZA OLIVE/TABACO;MG010830516-4;Unidad;MARRO GRANDE;CARTERA;75990;79990;;79990;79990;;Ventas;;Mercaderías;;Costo de la mercadería;
Producto;Si;No;Si;CARTERA LISBOA GAMUZA OLIVE/CARAMELO;MG010830516-3;Unidad;MARRO GRANDE;CARTERA;75990;79990;;79990;79990;;Ventas;;Mercaderías;;Costo de la mercadería;
Producto;Si;No;Si;SEÑALADOR VAQUETA SUELA;OT020450402;Unidad;ACCESORIOS;SEÑALADOR;2990;2990;;2990;2990;;Ventas;;Mercaderías;;Costo de la mercadería;
Producto;Si;No;Si;SEÑALADOR VAQUETA NATURAL;OT020450408;Unidad;ACCESORIOS;SEÑALADOR;2990;2990;;2990;2990;;Ventas;;Mercaderías;;Costo de la mercadería;
Producto;Si;No;Si;SEÑALADOR VAQUETA VISON;OT020450428;Unidad;ACCESORIOS;SEÑALADOR;2990;2990;;2990;2990;;Ventas;;Mercaderías;;Costo de la mercadería;
Producto;Si;No;Si;SEÑALADOR VAQUETA CHOCOLATE;OT020450452;Unidad;ACCESORIOS;SEÑALADOR;2990;2990;;2990;2990;;Ventas;;Mercaderías;;Costo de la mercadería;
Producto;Si;No;Si;BORCEGOS ALELI CUERO SUELA 36;CA140140002-36;Unidad;CALZADO;BORCEGO;149990;59990;;59990;59990;;Ventas;;Mercaderías;;Costo de la mercadería;
Producto;Si;No;Si;BORCEGO ALELI CUERO SUELA 37;CA140140002-37;Unidad;CALZADO;BORCEGO;149990;59990;;59990;59990;;Ventas;;Mercaderías;;Costo de la mercadería;
Producto;Si;No;Si;BORCEGOS ALELI CUERO SUELA 38;CA140140002-38;Unidad;CALZADO;BORCEGO;149990;59990;;59990;59990;;Ventas;;Mercaderías;;Costo de la mercadería;
Producto;Si;No;Si;BORCEGOS ALELI CUERO SUELA 39;CA140140002-39;Unidad;CALZADO;BORCEGO;149990;59990;;59990;59990;;Ventas;;Mercaderías;;Costo de la mercadería;
Producto;Si;No;Si;BORCEGOS ALELI CUERO SUELA 40;CA140140002-40;Unidad;CALZADO;BORCEGO;149990;59990;;59990;59990;;Ventas;;Mercaderías;;Costo de la mercadería;
Producto;Si;No;Si;BOTAS JAZMIN CUERO NEGRO 36;CA140150001-36;Unidad;CALZADO;BOTAS;149990;59990;;59990;59990;;Ventas;;Mercaderías;;Costo de la mercadería;
Producto;Si;No;Si;BOTAS JAZMIN CUERO NEGRO 37;CA140150001-37;Unidad;CALZADO;BOTAS;149990;59990;;59990;59990;;Ventas;;Mercaderías;;Costo de la mercadería;
Producto;Si;No;Si;BOTAS JAZMIN CUERO NEGRO 38;CA140150001-38;Unidad;CALZADO;BOTAS;149990;59990;;59990;59990;;Ventas;;Mercaderías;;Costo de la mercadería;
Producto;Si;No;Si;BOTAS JAZMIN CUERO NEGRO 39;CA140150001-39;Unidad;CALZADO;BOTAS;149990;59990;;59990;59990;;Ventas;;Mercaderías;;Costo de la mercadería;
Producto;Si;No;Si;BOTAS JAZMIN CUERO NEGRO 40;CA140150001-40;Unidad;CALZADO;BOTAS;149990;59990;;59990;59990;;Ventas;;Mercaderías;;Costo de la mercadería;
Producto;Si;No;Si;CAMPERA ALBERTO CUERO NEGRO XL;TX180130101-XL;Unidad;TEXTIL;CAMPERA;299990;279990;;279990;279990;;Ventas;;Mercaderías;;Costo de la mercadería;
Producto;Si;No;Si;PORTALAPICERAS VAQUETA NEGRO;MC020650401;Unidad;MARRO CHICA;PORTALAPICERAS;12990;12990;;12990;12990;;Ventas;;Mercaderías;;Costo de la mercadería;
Producto;Si;No;Si;PORTALAPICERAS VAQUETA SUELA;MC020650402;Unidad;MARRO CHICA;PORTALAPICERAS;12990;12990;;12990;12990;;Ventas;;Mercaderías;;Costo de la mercadería;
Producto;Si;No;Si;PORTALAPICERAS VAQUETA CHOCOLATE;MC020650452;Unidad;MARRO CHICA;PORTALAPICERAS;12990;12990;;12990;12990;;Ventas;;Mercaderías;;Costo de la mercadería;
Producto;Si;No;Si;PORTALAPICERAS VAQUETA NATURAL;MC020650408;Unidad;MARRO CHICA;PORTALAPICERAS;12990;12990;;12990;12990;;Ventas;;Mercaderías;;Costo de la mercadería;
Producto;Si;No;Si;PORTALAPICERA VAQUETA VISON;MC020650428;Unidad;MARRO CHICA;PORTALAPICERA;12990;12990;;12990;12990;;Ventas;;Mercaderías;;Costo de la mercadería;
Producto;Si;No;Si;PORTALAPICERAS FIORENTINO CEDRO;MC020651623;Unidad;MARRO CHICA;PORTALAPICERAS;12990;12990;;12990;12990;;Ventas;;Mercaderías;;Costo de la mercadería;
Producto;Si;No;Si;TARJETERO BILL DUNA NEGRO;MC020261201;Unidad;MARRO CHICA;TARJETERO;18990;21990;;21990;21990;;Ventas;;Mercaderías;;Costo de la mercadería;
Producto;Si;No;Si;MONEDERO AMBAR NAPADO NEGRO;MC020660101;Unidad;MARRO CHICA;MONEDERO;44990;55990;;55990;55990;;Ventas;;Mercaderías;;Costo de la mercadería;
Producto;Si;No;Si;MONEDERO AMBAR NAPADO TABACO;MC020660104;Unidad;MARRO CHICA;MONEDERO;44990;55990;;55990;55990;;Ventas;;Mercaderías;;Costo de la mercadería;
Producto;Si;No;Si;MONEDERO AMBAR NAPADO CARAMELO;MC020660103;Unidad;MARRO CHICA;MONEDERO;44990;55990;;55990;55990;;Ventas;;Mercaderías;;Costo de la mercadería;
Producto;Si;No;Si;MONEDERO AMBAR NAPADO AZUL;MC020660109;Unidad;MARRO CHICA;MONEDERO;44990;55990;;55990;55990;;Ventas;;Mercaderías;;Costo de la mercadería;
Producto;Si;No;Si;BILLETERA FICHERO SALLY NEGRO;MC020372201;Unidad;MARRO CHICA;BILLETERA;99990;112990;;112990;112990;;Ventas;;Mercaderías;;Costo de la mercadería;
Producto;Si;No;Si;BILLETERA FICHERO SALLY SUELA;MC020372202;Unidad;MARRO CHICA;BILLETERA;99990;112990;;112990;112990;;Ventas;;Mercaderías;;Costo de la mercadería;
Producto;Si;No;Si;CARTERA DOS HEBILLAS NEW GAMUZA AZUL/TABACO;MG010740509-4;Unidad;MARRO GRANDE;CARTERA;269990;269990;;269990;269990;;Ventas;;Mercaderías;;Costo de la mercadería;
Producto;Si;No;Si;BILLETERA OSADIA BRIDGE MALBEC;MC020210315;Unidad;MARRO CHICA;BILLETERA;89990;95990;;95990;95990;;Ventas;;Mercaderías;;Costo de la mercadería;
Producto;Si;No;Si;FUNDA CAMPERA LIENZO CRUDO;OT010510000;Unidad;TEXTIL;FUNDA;0;0;;0;0;;Ventas;;Mercaderías;;Costo de la mercadería;
Producto;Si;No;Si;NECESSAIRE FELI BRIDGE ROJO;MC020670307;Unidad;MARRO CHICA;NECESSAIRE;64990;74990;;74990;74990;;Ventas;;Mercaderías;;Costo de la mercadería;
Producto;Si;No;Si;BANDOLERA SAGITTA NAPADO VERDE;MG010810110;Unidad;MARRO GRANDE;BANDOLERA;112990;99990;;99990;99990;;Ventas;;Mercaderías;;Costo de la mercadería;
Producto;Si;No;Si;NECESSAIRE LARA IGUANA NEGRO;MC020680701;Unidad;MARRO CHICA;NECESSAIRE;59990;64990;;64990;64990;;Ventas;;Mercaderías;;Costo de la mercadería;
Producto;Si;No;Si;NECESSAIRE LARA IGUANA ROJO;MC020680707;Unidad;MARRO CHICA;NECESSAIRE;59990;64990;;64990;64990;;Ventas;;Mercaderías;;Costo de la mercadería;
Producto;Si;No;Si;NECESSAIRE LARA IGUANA CARAMELO;MC020680703;Unidad;MARRO CHICA;NECESSAIRE;59990;64990;;64990;64990;;Ventas;;Mercaderías;;Costo de la mercadería;
Producto;Si;No;Si;NECESSAIRE LARA BRIDGE CARAMELO;MC020680303;Unidad;MARRO CHICA;NECESSAIRE;59990;64990;;64990;64990;;Ventas;;Mercaderías;;Costo de la mercadería;
Producto;Si;No;Si;NECESSAIRE LARA BRIDGE MALBEC;MC020680315;Unidad;MARRO CHICA;NECESSAIRE;59990;64990;;64990;64990;;Ventas;;Mercaderías;;Costo de la mercadería;
Producto;Si;No;Si;NECESSAIRE LARA BRIDGE NEGRO;MC020680301;Unidad;MARRO CHICA;NECESSAIRE;59990;64990;;64990;64990;;Ventas;;Mercaderías;;Costo de la mercadería;
Producto;Si;No;Si;NECESSAIRE LARA FIORENTINO CEDRO;MC020681623;Unidad;MARRO CHICA;NECESSAIRE;59990;64990;;64990;64990;;Ventas;;Mercaderías;;Costo de la mercadería;
Producto;Si;No;Si;CARTUCHERA MONT DUNA NEGRO;MC020361201;Unidad;MARRO CHICA;CARTUCHERA;34990;39990;;39990;39990;;Ventas;;Mercaderías;;Costo de la mercadería;
Producto;Si;No;Si;BILLETERA PENY BRIDGE TABACO;MC020300304;Unidad;MARRO CHICA;BILLETERA;89990;95990;;95990;95990;;Ventas;;Mercaderías;;Costo de la mercadería;
Producto;Si;No;Si;CARTERA MINI APHOLO C/CIERRE FIORENTINO CEDRO;MG010911623;Unidad;MARRO GRANDE;CARTERA;165990;165990;;165990;165990;;Ventas;;Mercaderías;;Costo de la mercadería;
Producto;Si;No;Si;CARTERA ACONCAGUA DUNA NEGRO;MG010841201;Unidad;MARRO GRANDE;CARTERA;71990;79990;;79990;79990;;Ventas;;Mercaderías;;Costo de la mercadería;
Producto;Si;No;Si;BANDOLERA MEGAN SALLY SUELA;MG100892202;Unidad;MARRO GRANDE;BANDOLERA;95990;49990;;49990;49990;;Ventas;;Mercaderías;;Costo de la mercadería;
Producto;Si;No;Si;BANDOLERA MEGAN SENA PIEDRA;MG100891827;Unidad;MARRO GRANDE;BANDOLERA;95990;49990;;49990;49990;;Ventas;;Mercaderías;;Costo de la mercadería;
Producto;Si;No;Si;BANDOLERA MEGAN SENA WHISKY;MG100891825;Unidad;MARRO GRANDE;BANDOLERA;95990;49990;;49990;49990;;Ventas;;Mercaderías;;Costo de la mercadería;
Producto;Si;No;Si;BANDOLERA AMALIA SENA PIEDRA;MG100871827;Unidad;MARRO GRANDE;BANDOLERA;0;59990;;59990;59990;;Ventas;;Mercaderías;;Costo de la mercadería;
Producto;Si;No;Si;BANDOLERA AMALIA SENA VISON;MG100871828;Unidad;MARRO GRANDE;BANDOLERA;0;59990;;59990;59990;;Ventas;;Mercaderías;;Costo de la mercadería;
Producto;Si;No;Si;BANDOLERA AMALIA SENA WHISKY;MG100871825;Unidad;MARRO GRANDE;BANDOLERA;0;59990;;59990;59990;;Ventas;;Mercaderías;;Costo de la mercadería;
Producto;Si;No;Si;PRODUCTO OUTLET 80990;OUT80990;Unidad;OUTLET;OUTLET;80990;80990;;80990;80990;;Ventas;;Mercaderías;;Costo de la mercadería;
Producto;Si;No;Si;BILLETERA LIAM NAPADO SUELA;MC020440102;Unidad;MARRO CHICA;BILLETERA;81990;89990;;89990;89990;;Ventas;;Mercaderías;;Costo de la mercadería;
Producto;Si;No;Si;PHONEBAG TANIA BRIDGE NEGRO;MG010650301;Unidad;MARRO GRANDE;PHONEBAG;39990;44990;;44990;44990;;Ventas;;Mercaderías;;Costo de la mercadería;
Producto;Si;No;Si;PHONEBAG TANIA BRIDGE CARAMELO;MG010650303;Unidad;MARRO GRANDE;PHONEBAG;39990;44990;;44990;44990;;Ventas;;Mercaderías;;Costo de la mercadería;
Producto;Si;No;Si;PHONEBAG TANIA BRIDGE TABACO;MG010650304;Unidad;MARRO GRANDE;PHONEBAG;39990;44990;;44990;44990;;Ventas;;Mercaderías;;Costo de la mercadería;
Producto;Si;No;Si;PHONEBAG TANIA BRIDGE ROJO;MG010650307;Unidad;MARRO GRANDE;PHONEBAG;39990;44990;;44990;44990;;Ventas;;Mercaderías;;Costo de la mercadería;
Producto;Si;No;Si;BANDOLERA ASTRID SENA PIEDRA;MG100901827;Unidad;MARRO GRANDE;BANDOLERA;0;49990;;49990;49990;;Ventas;;Mercaderías;;Costo de la mercadería;
Producto;Si;No;Si;BANDOLERA ASTRID SENA VISON;MG100901828;Unidad;MARRO GRANDE;BANDOLERA;0;49990;;49990;49990;;Ventas;;Mercaderías;;Costo de la mercadería;
Producto;Si;No;Si;BANDOLERA ASTRID MACEIO COTTON;MG100902129;Unidad;MARRO GRANDE;BANDOLERA;0;49990;;49990;49990;;Ventas;;Mercaderías;;Costo de la mercadería;
Producto;Si;No;Si;BANDOLERA ASTRID SENA OLIVE;MG100901816;Unidad;MARRO GRANDE;BANDOLERA;0;49990;;49990;49990;;Ventas;;Mercaderías;;Costo de la mercadería;
Producto;Si;No;Si;PHONEBAG TANIA GAMUZA AZUL;MG010650509;Unidad;MARRO GRANDE;PHONEBAG;39990;44990;;44990;44990;;Ventas;;Mercaderías;;Costo de la mercadería;
Producto;Si;No;Si;SOBRE GEMINI NAPADO VERDE;MG010800110;Unidad;MARRO GRANDE;SOBRE;79990;79990;;79990;79990;;Ventas;;Mercaderías;;Costo de la mercadería;
Producto;Si;No;Si;SOBRE GEMINI DUNA NEGRO;MG010801201;Unidad;MARRO GRANDE;SOBRE;79990;79990;;79990;79990;;Ventas;;Mercaderías;;Costo de la mercadería;
Producto;Si;No;Si;BANDOLERA RUFINA NAPADO SUELA;MG011040102;Unidad;MARRO GRANDE;BANDOLERA;139990;119990;;119990;119990;;Ventas;;Mercaderías;;Costo de la mercadería;
Producto;Si;No;Si;BANDOLERA RUFINA NAPADO CARAMELO;MG011040103;Unidad;MARRO GRANDE;BANDOLERA;139990;119990;;119990;119990;;Ventas;;Mercaderías;;Costo de la mercadería;
Producto;Si;No;Si;BANDOLERA RUFINA NAPADO ROJO;MG011040107;Unidad;MARRO GRANDE;BANDOLERA;139990;119990;;119990;119990;;Ventas;;Mercaderías;;Costo de la mercadería;
Producto;Si;No;Si;BANDOLERA RUFINA DUNA NEGRO;MG011041201;Unidad;MARRO GRANDE;BANDOLERA;139990;119990;;119990;119990;;Ventas;;Mercaderías;;Costo de la mercadería;
Producto;Si;No;Si;NECESSAIRE MINI MARCOS BRIDGE CHOCOLATE;MG010260352;Unidad;MARRO GRANDE;NECESSAIRE;99990;104990;;104990;104990;;Ventas;;Mercaderías;;Costo de la mercadería;
Producto;Si;No;Si;PORTACABLES 1 FIORENTINO CEDRO;MC020691623;Unidad;MARRO CHICA;PORTACABLES;5990;5990;;5990;5990;;Ventas;;Mercaderías;;Costo de la mercadería;
Producto;Si;No;Si;PORTACABLES 1 VAQUETA  CHOCOLATE;MC020690452;Unidad;MARRO CHICA;PORTACABLES;5990;5990;;5990;5990;;Ventas;;Mercaderías;;Costo de la mercadería;
Producto;Si;No;Si;PORTACABLES 1 VAQUETA  SUELA;MC020690402;Unidad;MARRO CHICA;PORTACABLES;5990;5990;;5990;5990;;Ventas;;Mercaderías;;Costo de la mercadería;
Producto;Si;No;Si;PORTACABLES 1 VAQUETA  DULCE DE LECHE;MC020690413;Unidad;MARRO CHICA;PORTACABLES;5990;5990;;5990;5990;;Ventas;;Mercaderías;;Costo de la mercadería;
Producto;Si;No;Si;PORTACABLES 1 MODENA NEGRO;MC020691901;Unidad;MARRO CHICA;PORTACABLES;5990;5990;;5990;5990;;Ventas;;Mercaderías;;Costo de la mercadería;
Producto;Si;No;Si;PORTACABLES 1 VAQUETA  NATURAL;MC020690408;Unidad;MARRO CHICA;PORTACABLES;5990;5990;;5990;5990;;Ventas;;Mercaderías;;Costo de la mercadería;
Producto;Si;No;Si;PORTACINTO LOU BRIDGE NEGRO;MC020560301;Unidad;MARRO CHICA;PORTACINTO;19990;14990;;14990;14990;;Ventas;;Mercaderías;;Costo de la mercadería;
Producto;Si;No;Si;PORTACINTO LOU BRIDGE TABACO;MC020560304;Unidad;MARRO CHICA;PORTACINTO;19990;14990;;14990;14990;;Ventas;;Mercaderías;;Costo de la mercadería;
Producto;Si;No;Si;PORTACINTO ELIAS BRIDGE NEGRO;MC020630301;Unidad;MARRO CHICA;PORTACINTO;16990;14990;;14990;14990;;Ventas;;Mercaderías;;Costo de la mercadería;
Producto;Si;No;Si;PORTACINTO ELIAS BRIDGE TABACO;MC020630304;Unidad;MARRO CHICA;PORTACINTO;16990;14990;;14990;14990;;Ventas;;Mercaderías;;Costo de la mercadería;
Producto;Si;No;Si;TAG SIMPLE BRIDGE CARAMELO;MC020510303;Unidad;MARRO CHICA;TAG;8990;9990;;9990;9990;;Ventas;;Mercaderías;;Costo de la mercadería;
Producto;Si;No;Si;TAG SIMPLE BRIDGE ROJO;MC020510307;Unidad;MARRO CHICA;TAG;8990;9990;;9990;9990;;Ventas;;Mercaderías;;Costo de la mercadería;
Producto;Si;No;Si;TAG SIMPLE BRIDGE AZUL;MC020510309;Unidad;MARRO CHICA;TAG;8990;9990;;9990;9990;;Ventas;;Mercaderías;;Costo de la mercadería;
Producto;Si;No;Si;TAG SIMPLE BRIDGE VERDE;MC020510310;Unidad;MARRO CHICA;TAG;8990;9990;;9990;9990;;Ventas;;Mercaderías;;Costo de la mercadería;
Producto;Si;No;Si;SOBRE GEMINI NAPADO MALBEC;MG010800115;Unidad;MARRO GRANDE;SOBRE;79990;79990;;79990;79990;;Ventas;;Mercaderías;;Costo de la mercadería;
?Producto;Si;No;Si;BOLSO TUBO GRANDE GAMUZA/BRIDGE AZUL/CARAMELO;MG010100309-3;Unidad;MARRO GRANDE;BOLSO TUBO;399990;429990;;429990;429990;;Ventas;;Mercaderías;;Costo de la mercadería;
Producto;Si;No;Si;BILLETERA ADAM BRIDGE NEGRO;MC020700301;Unidad;MARRO CHICA;BILLETERA;62990;65990;;65990;65990;;Ventas;;Mercaderías;;Costo de la mercadería;
Producto;Si;No;Si;BILLETERA ADAM BRIDGE TABACO;MC020700304;Unidad;MARRO CHICA;BILLETERA;62990;65990;;65990;65990;;Ventas;;Mercaderías;;Costo de la mercadería;
Producto;Si;No;Si;BILLETERA ADAM BRIDGE CARAMELO;MC020700303;Unidad;MARRO CHICA;BILLETERA;62990;65990;;65990;65990;;Ventas;;Mercaderías;;Costo de la mercadería;
Producto;Si;No;Si;BILLETERA ADAM NAPADO NEGRO;MC020700101;Unidad;MARRO CHICA;BILLETERA;62990;65990;;65990;65990;;Ventas;;Mercaderías;;Costo de la mercadería;
Producto;Si;No;Si;BILLETERA ADAM NAPADO SUELA;MC020700102;Unidad;MARRO CHICA;BILLETERA;62990;65990;;65990;65990;;Ventas;;Mercaderías;;Costo de la mercadería;
Producto;Si;No;Si;BILLETERA ADAM NAPADO AZUL;MC020700109;Unidad;MARRO CHICA;BILLETERA;62990;65990;;65990;65990;;Ventas;;Mercaderías;;Costo de la mercadería;
Producto;Si;No;Si;BILLETERA ADAM NAPADO VERDE;MC020700110;Unidad;MARRO CHICA;BILLETERA;62990;65990;;65990;65990;;Ventas;;Mercaderías;;Costo de la mercadería;
Producto;Si;No;Si;BANDOLERA ANTONIETA BRIDGE TABACO;MG010690304;Unidad;MARRO GRANDE;BANDOLERA;134990;139990;;139990;139990;;Ventas;;Mercaderías;;Costo de la mercadería;
Producto;Si;No;Si;BANDOLERA ANTONIETA BRIDGE CARAMELO;MG010690303;Unidad;MARRO GRANDE;BANDOLERA;134990;139990;;139990;139990;;Ventas;;Mercaderías;;Costo de la mercadería;
Producto;Si;No;Si;CARTERA LEANDRA DUNA NEGRO;MG011051201;Unidad;MARRO GRANDE;CARTERA;89990;109990;;109990;109990;;Ventas;;Mercaderías;;Costo de la mercadería;
Producto;Si;No;Si;CARTERA LEANDRA NAPADO ROJO;MG011050107;Unidad;MARRO GRANDE;CARTERA;89990;109990;;109990;109990;;Ventas;;Mercaderías;;Costo de la mercadería;
Producto;Si;No;Si;CARTERA LEANDRA NAPADO CARAMELO;MG011050103;Unidad;MARRO GRANDE;CARTERA;89990;109990;;109990;109990;;Ventas;;Mercaderías;;Costo de la mercadería;
Producto;Si;No;Si;CARTERA LEANDRA NAPADO SUELA;MG011050102;Unidad;MARRO GRANDE;CARTERA;89990;109990;;109990;109990;;Ventas;;Mercaderías;;Costo de la mercadería;
Producto;Si;No;Si;PRODUCTO OUTLET 89990;OUT89990;Unidad;OUTLET;OUTLET;89990;89990;;89990;89990;;Ventas;;Mercaderías;;Costo de la mercadería;
Producto;Si;No;Si;MONEDERO CORY IGUANA NEGRO;MC020720701;Unidad;MARRO CHICA;MONEDERO;0;11990;;11990;11990;;Ventas;;Mercaderías;;Costo de la mercadería;
Producto;Si;No;Si;MONEDERO CORY IGUANA ROJO;MC020720707;Unidad;MARRO CHICA;MONEDERO;0;11990;;11990;11990;;Ventas;;Mercaderías;;Costo de la mercadería;
Producto;Si;No;Si;MONEDERO CORY IGUANA CARAMELO;MC020720703;Unidad;MARRO CHICA;MONEDERO;0;11990;;11990;11990;;Ventas;;Mercaderías;;Costo de la mercadería;
Producto;Si;No;Si;TARJETERO NEW KENNY BRIDGE CARAMELO;MC020710303;Unidad;MARRO CHICA;TARJETERO;59990;64990;;64990;64990;;Ventas;;Mercaderías;;Costo de la mercadería;
Producto;Si;No;Si;TARJETERO NEW KENNY BRIDGE NEGRO;MC020710301;Unidad;MARRO CHICA;TARJETERO;59990;64990;;64990;64990;;Ventas;;Mercaderías;;Costo de la mercadería;
Producto;Si;No;Si;TARJETERO NEW KENNY BRIDGE TABACO;MC020710304;Unidad;MARRO CHICA;TARJETERO;59990;64990;;64990;64990;;Ventas;;Mercaderías;;Costo de la mercadería;
Producto;Si;No;Si;TARJETERO NEW KENNY BRIDGE ROJO;MC020710307;Unidad;MARRO CHICA;TARJETERO;59990;64990;;64990;64990;;Ventas;;Mercaderías;;Costo de la mercadería;
Producto;Si;No;Si;TARJETERO NEW KENNY BRIDGE MALBEC;MC020710315;Unidad;MARRO CHICA;TARJETERO;59990;64990;;64990;64990;;Ventas;;Mercaderías;;Costo de la mercadería;
Producto;Si;No;Si;TARJETERO NEW KENNY NAPADO NEGRO;MC020710101;Unidad;MARRO CHICA;TARJETERO;59990;64990;;64990;64990;;Ventas;;Mercaderías;;Costo de la mercadería;
Producto;Si;No;Si;TARJETERO NEW KENNY NAPADO CARAMELO;MC020710103;Unidad;MARRO CHICA;TARJETERO;59990;64990;;64990;64990;;Ventas;;Mercaderías;;Costo de la mercadería;
Producto;Si;No;Si;TARJETERO NEW KENNY NAPADO ROJO;MC020710107;Unidad;MARRO CHICA;TARJETERO;59990;64990;;64990;64990;;Ventas;;Mercaderías;;Costo de la mercadería;
Producto;Si;No;Si;MOCHILA MARCOS FULL BLACK DUNA NEGRO;MG010991201;Unidad;MARRO GRANDE;MOCHILA;389990;429990;;429990;429990;;Ventas;;Mercaderías;;Costo de la mercadería;
Producto;Si;No;Si;BANDOLERA CARLA BRIDGE NEGRO;MG011060301;Unidad;MARRO GRANDE;BANDOLERA;69990;69990;;69990;69990;;Ventas;;Mercaderías;;Costo de la mercadería;
Producto;Si;No;Si;BANDOLERA CARLA BRIDGE CARAMELO;MG011060303;Unidad;MARRO GRANDE;BANDOLERA;69990;69990;;69990;69990;;Ventas;;Mercaderías;;Costo de la mercadería;
Producto;Si;No;Si;BANDOLERA CARLA BRIDGE ROJO;MG011060307;Unidad;MARRO GRANDE;BANDOLERA;69990;69990;;69990;69990;;Ventas;;Mercaderías;;Costo de la mercadería;
Producto;Si;No;Si;BANDOLERA CARLA FIORENTINO CEDRO;MG011061623;Unidad;MARRO GRANDE;BANDOLERA;69990;69990;;69990;69990;;Ventas;;Mercaderías;;Costo de la mercadería;
Producto;Si;No;Si;PORTALAPTOP MILTON FIORENTINO CEDRO;MG011071623;Unidad;MARRO GRANDE;PORTALAPTOP;69990;74990;;74990;74990;;Ventas;;Mercaderías;;Costo de la mercadería;
Producto;Si;No;Si;PORTALAPTOP MILTON MODENA NEGRO;MG011071901;Unidad;MARRO GRANDE;PORTALAPTOP;69990;74990;;74990;74990;;Ventas;;Mercaderías;;Costo de la mercadería;
Producto;Si;No;Si;PORTALAPTOP MILTON BRIDGE TABACO;MG011070304;Unidad;MARRO GRANDE;PORTALAPTOP;69990;74990;;74990;74990;;Ventas;;Mercaderías;;Costo de la mercadería;
Producto;Si;No;Si;PORTALAPTOP MILTON BRIDGE NEGRO;MG011070301;Unidad;MARRO GRANDE;PORTALAPTOP;69990;74990;;74990;74990;;Ventas;;Mercaderías;;Costo de la mercadería;
Producto;Si;No;Si;PORTALAPTOP MILTON BRIDGE CARAMELO;MG011070303;Unidad;MARRO GRANDE;PORTALAPTOP;69990;74990;;74990;74990;;Ventas;;Mercaderías;;Costo de la mercadería;
Producto;Si;No;Si;PORTALAPTOP MILTON BRIDGE MALBEC;MG011070315;Unidad;MARRO GRANDE;PORTALAPTOP;69990;74990;;74990;74990;;Ventas;;Mercaderías;;Costo de la mercadería;
Producto;Si;No;Si;PORTALENTES COLBY BRIDGE MALBEC;MC020460315;Unidad;MARRO GRANDE;PORTALENTES;0;29990;;29990;29990;;Ventas;;Mercaderías;;Costo de la mercadería;
Producto;Si;No;Si;CARTERA LISBOA DUNA NEGRO;MG010831201;Unidad;MARRO GRANDE;CARTERA;75990;79990;;79990;79990;;Ventas;;Mercaderías;;Costo de la mercadería;
Producto;Si;No;Si;CARTERA LISBOA GAMUZA GRIS OSCURO/TABACO;MG010830522-4;Unidad;MARRO GRANDE;CARTERA;75990;79990;;79990;79990;;Ventas;;Mercaderías;;Costo de la mercadería;
Producto;Si;No;Si;PRODUCTO OUTLET 1190;OUT1190;Unidad;OUTLET;OUTLET;1190;1190;;1190;1190;;Ventas;;Mercaderías;;Costo de la mercadería;
Producto;Si;No;Si;GORRO SIRIUS LANA LLAMA CRUDO;TX190162836;Unidad;TEXTIL;GORRO;19990;24990;;24990;24990;;Ventas;;Mercaderías;;Costo de la mercadería;
Producto;Si;No;Si;GORRO SIRIUS LANA LLAMA NEGRO;TX190162801;Unidad;TEXTIL;GORRO;19990;24990;;24990;24990;;Ventas;;Mercaderías;;Costo de la mercadería;
Producto;Si;No;Si;GORRO SIRIUS LANA LLAMA AZUL;TX190162809;Unidad;ACCESORIOS;GORRO;19990;24990;;24990;24990;;Ventas;;Mercaderías;;Costo de la mercadería;
Producto;Si;No;Si;GORRO SIRIUS LANA LLAMA GRIS;TX190162812;Unidad;ACCESORIOS;GORRO;19990;24990;;24990;24990;;Ventas;;Mercaderías;;Costo de la mercadería;
Producto;Si;No;Si;GORRO SIRIUS LANA LLAMA VISON;TX190162828;Unidad;TEXTIL;GORRO;19990;24990;;24990;24990;;Ventas;;Mercaderías;;Costo de la mercadería;
Producto;Si;No;Si;GORRO SIRIUS LANA LLAMA BEIGE;TX190162811;Unidad;ACCESORIOS;GORRO;19990;24990;;24990;24990;;Ventas;;Mercaderías;;Costo de la mercadería;
Producto;Si;No;Si;BUFANDA CAPELLA LANA LLAMA CRUDO;TX190172837;Unidad;ACCESORIOS;BUFANDA;59990;79990;;79990;79990;;Ventas;;Mercaderías;;Costo de la mercadería;
Producto;Si;No;Si;BUFANDA CAPELLA LANA LLAMA NEGRO;TX190172801;Unidad;ACCESORIOS;BUFANDA;59990;79990;;79990;79990;;Ventas;;Mercaderías;;Costo de la mercadería;
Producto;Si;No;Si;BUFANDA CAPELLA LANA LLAMA VISON;TX190172828;Unidad;ACCESORIOS;BUFANDA;59990;79990;;79990;79990;;Ventas;;Mercaderías;;Costo de la mercadería;
Producto;Si;No;Si;BUFANDA CAPELLA LANA LLAMA BEIGE;TX190172811;Unidad;ACCESORIOS;BUFANDA;59990;79990;;79990;79990;;Ventas;;Mercaderías;;Costo de la mercadería;
Producto;Si;No;Si;GORRO ANTARES LANA ALPACA CRUDO;TX190182936;Unidad;ACCESORIOS;GORRO;24990;24990;;24990;24990;;Ventas;;Mercaderías;;Costo de la mercadería;
Producto;Si;No;Si;GORRO ANTARES LANA ALPACA NEGRO;TX190182901;Unidad;ACCESORIOS;GORRO;24990;24990;;24990;24990;;Ventas;;Mercaderías;;Costo de la mercadería;
Producto;Si;No;Si;GORRO ANTARES LANA ALPACA AZUL;TX190182909;Unidad;ACCESORIOS;GORRO;24990;24990;;24990;24990;;Ventas;;Mercaderías;;Costo de la mercadería;
Producto;Si;No;Si;GORRO ANTARES LANA ALPACA GRIS;TX190182912;Unidad;ACCESORIOS;GORRO;24990;24990;;24990;24990;;Ventas;;Mercaderías;;Costo de la mercadería;
Producto;Si;No;Si;GORRO ANTARES LANA ALPACA TOSTADO;TX190182921;Unidad;ACCESORIOS;GORRO;24990;24990;;24990;24990;;Ventas;;Mercaderías;;Costo de la mercadería;
Producto;Si;No;Si;GORRO VEGA LANA ALPACA CRUDO;TX190192936;Unidad;ACCESORIOS;GORRO;24990;24990;;24990;24990;;Ventas;;Mercaderías;;Costo de la mercadería;
Producto;Si;No;Si;GORRO VEGA LANA ALPACA NEGRO;TX190192901;Unidad;ACCESORIOS;GORRO;24990;24990;;24990;24990;;Ventas;;Mercaderías;;Costo de la mercadería;
Producto;Si;No;Si;GORRO VEGA LANA ALPACA AZUL;TX190192909;Unidad;ACCESORIOS;GORRO;24990;24990;;24990;24990;;Ventas;;Mercaderías;;Costo de la mercadería;
Producto;Si;No;Si;GORRO VEGA LANA ALPACA GRIS MEDIO;TX190192912;Unidad;ACCESORIOS;GORRO;24990;24990;;24990;24990;;Ventas;;Mercaderías;;Costo de la mercadería;
Producto;Si;No;Si;GORRO VEGA LANA ALPACA TOSTADO;TX190192921;Unidad;ACCESORIOS;GORRO;24990;24990;;24990;24990;;Ventas;;Mercaderías;;Costo de la mercadería;
Producto;Si;No;Si;BUFANDA ADHARA LANA ALPACA CRUDO;TX190202936;Unidad;ACCESORIOS;BUFANDA;79990;79990;;79990;79990;;Ventas;;Mercaderías;;Costo de la mercadería;
Producto;Si;No;Si;BUFANDA ADHARA LANA ALPACA NEGRO;TX190202901;Unidad;ACCESORIOS;BUFANDA;79990;79990;;79990;79990;;Ventas;;Mercaderías;;Costo de la mercadería;
Producto;Si;No;Si;BUFANDA ADHARA LANA ALPACA AZUL;TX190202909;Unidad;ACCESORIOS;BUFANDA;79990;79990;;79990;79990;;Ventas;;Mercaderías;;Costo de la mercadería;
Producto;Si;No;Si;BUFANDA ADHARA LANA ALPACA GRIS;TX190202912;Unidad;ACCESORIOS;BUFANDA;79990;79990;;79990;79990;;Ventas;;Mercaderías;;Costo de la mercadería;
Producto;Si;No;Si;BUFANDA ACRUX LANA ALPACA CRUDO;TX190212936;Unidad;ACCESORIOS;BUFANDA;79990;79990;;79990;79990;;Ventas;;Mercaderías;;Costo de la mercadería;
Producto;Si;No;Si;BUFANDA ACRUX LANA ALPACA NEGRO;TX190212901;Unidad;ACCESORIOS;BUFANDA;79990;79990;;79990;79990;;Ventas;;Mercaderías;;Costo de la mercadería;
Producto;Si;No;Si;BUFANDA ACRUX LANA ALPACA TOSTADO;TX190212921;Unidad;ACCESORIOS;BUFANDA;79990;79990;;79990;79990;;Ventas;;Mercaderías;;Costo de la mercadería;
Producto;Si;No;Si;BUFANDA ACRUX LANA ALPACA AZUL;TX190212909;Unidad;ACCESORIOS;BUFANDA;79990;79990;;79990;79990;;Ventas;;Mercaderías;;Costo de la mercadería;
Producto;Si;No;Si;BUFANDA ACRUX LANA ALPACA GRIS;TX190212912;Unidad;ACCESORIOS;BUFANDA;79990;79990;;79990;79990;;Ventas;;Mercaderías;;Costo de la mercadería;
Producto;Si;No;Si;PORTA HIGIENE BRIDGE CARAMELO;MC020750303;Unidad;MARRO CHICA;NECESSAIRE;51990;55990;;55990;55990;;Ventas;;Mercaderías;;Costo de la mercadería;
Producto;Si;No;Si;PORTA HIGIENE BRIDGE AZUL;MC020750309;Unidad;MARRO CHICA;NECESSAIRE;51990;55990;;55990;55990;;Ventas;;Mercaderías;;Costo de la mercadería;
Producto;Si;No;Si;FUNDA CUADERNO A4 FIORENTINO NEGRO;MC020731601;Unidad;MARRO CHICA;FUNDA CUADERNO;116990;116990;;116990;116990;;Ventas;;Mercaderías;;Costo de la mercadería;
Producto;Si;No;Si;FUNDA CUADERNO A5 FIORENTINO NEGRO;MC020741601;Unidad;MARRO CHICA;FUNDA CUADERNO;65990;65990;;65990;65990;;Ventas;;Mercaderías;;Costo de la mercadería;
Producto;Si;No;Si;FUNDA CUADERNO A4 FIORENTINO CEDRO;MC020731623;Unidad;MARRO CHICA;FUNDA CUADERNO;116990;116990;;116990;116990;;Ventas;;Mercaderías;;Costo de la mercadería;
Producto;Si;No;Si;FUNDA CUADERNO A5 FIORENTINO CEDRO;MC020741623;Unidad;MARRO CHICA;FUNDA CUADERNO;65990;65990;;65990;65990;;Ventas;;Mercaderías;;Costo de la mercadería;
Producto;Si;No;Si;PORTA HIGIENE BRIDGE VERDE;MC020750310;Unidad;MARRO CHICA;NECESSAIRE;51990;55990;;55990;55990;;Ventas;;Mercaderías;;Costo de la mercadería;
Producto;Si;No;Si;BUFANDA ADHARA LANA ALPACA TOSTADO;TX190202921;Unidad;TEXTIL;BUFANDA;79990;79990;;79990;79990;;Ventas;;Mercaderías;;Costo de la mercadería;
Producto;Si;No;Si;LLAVERO KAREN MALBEC/OXIDO;OT020480315-56;Unidad;ACCESORIOS;LLAVERO;20990;21990;;21990;21990;;Ventas;;Mercaderías;;Costo de la mercadería;
Producto;Si;No;Si;LLAVERO KAREN NEGRO/GRIS OSCURO;OT020480301-22;Unidad;ACCESORIOS;LLAVERO;20990;21990;;21990;21990;;Ventas;;Mercaderías;;Costo de la mercadería;
Producto;Si;No;Si;LLAVERO KAREN CARAMELO/AZUL;OT020480303-09;Unidad;ACCESORIOS;LLAVERO;20990;21990;;21990;21990;;Ventas;;Mercaderías;;Costo de la mercadería;
Producto;Si;No;Si;FUNDA CUADERNO A6 FIORENTINO NEGRO;MC020761601;Unidad;MARRO CHICA;LIBRERIA;36990;36990;;36990;36990;;Ventas;;Mercaderías;;Costo de la mercadería;
Producto;Si;No;Si;FUNDA CUADERNO A6 FIORENTINO CEDRO;MC020761623;Unidad;MARRO CHICA;;36990;36990;;36990;36990;;Ventas;;Mercaderías;;Costo de la mercadería;
Producto;Si;No;Si;TARJETERO HARRY FIORENTINO CEDRO;MC020151623;Unidad;MARRO CHICA;TARJETERO;26990;29990;;29990;29990;;Ventas;;Mercaderías;;Costo de la mercadería;
Producto;Si;No;Si;MOCHILA PIETRO DUNA NEGRO;MG010641201;Unidad;MARRO GRANDE;MOCHILA;399990;449990;;449990;449990;;Ventas;;Mercaderías;;Costo de la mercadería;
Producto;Si;No;Si;PORTALENTES MANU VAQUETA NATURAL;MC020260408;Unidad;MARRO CHICA;PORTALENTES;17990;17990;;17990;17990;;Ventas;;Mercaderías;;Costo de la mercadería;
Producto;Si;No;Si;PORTALENTES MANU VAQUETA CHOCOLATE;MC020260452;Unidad;MARRO CHICA;PORTALENTES;17990;17990;;17990;17990;;Ventas;;Mercaderías;;Costo de la mercadería;
Producto;Si;No;Si;PORTALENTES MANU VAQUETA SUELA;MC020260402;Unidad;MARRO CHICA;PORTALENTES;17990;17990;;17990;17990;;Ventas;;Mercaderías;;Costo de la mercadería;
Producto;Si;No;Si;PORTALENTES MANU VAQUETA DULCE DE LECHE;MC020260413;Unidad;MARRO CHICA;PORTALENTES;17990;17990;;17990;17990;;Ventas;;Mercaderías;;Costo de la mercadería;
Producto;Si;No;Si;TOTE DELIA PELO HEREFORD;MG211083139;Unidad;MARRO GRANDE;CARTERA;175990;175990;;175990;175990;;Ventas;;Mercaderías;;Costo de la mercadería;
Producto;Si;No;Si;TOTE DELIA PELO HOLANDO;MG211083140;Unidad;MARRO GRANDE;CARTERA;175990;175990;;175990;175990;;Ventas;;Mercaderías;;Costo de la mercadería;
Producto;Si;No;Si;DELANTAL JAIME CUERO SUELA;OT210520002;Unidad;DECO;DELANTAL;149990;149990;;149990;149990;;Ventas;;Mercaderías;;Costo de la mercadería;
Producto;Si;No;Si;PORTA HIGIENE FIORENTINO CEDRO;MC020751623;Unidad;MARRO CHICA;NECESSAIRE;51990;55990;;55990;55990;;Ventas;;Mercaderías;;Costo de la mercadería;
Producto;Si;No;Si;PORTA HIGIENE BRIDGE NEGRO;MC020750301;Unidad;MARRO CHICA;NECESSAIRE;51990;55990;;55990;55990;;Ventas;;Mercaderías;;Costo de la mercadería;
Producto;Si;No;Si;PORTA HIGIENE BRIDGE TABACO;MC020750304;Unidad;MARRO CHICA;NECESSAIRE;51990;55990;;55990;55990;;Ventas;;Mercaderías;;Costo de la mercadería;
Producto;Si;No;Si;MONEDERO CORY DUNA NEGRO;MC020721201;Unidad;MARRO CHICA;MONEDERO;0;11990;;11990;11990;;Ventas;;Mercaderías;;Costo de la mercadería;
Producto;Si;No;Si;MONEDERO CORY NAPADO ROJO;MC020720107;Unidad;MARRO CHICA;MONEDERO;0;11990;;11990;11990;;Ventas;;Mercaderías;;Costo de la mercadería;
Producto;Si;No;Si;MONEDERO CORY NAPADO CARAMELO;MC020720103;Unidad;MARRO CHICA;MONEDERO;0;11990;;11990;11990;;Ventas;;Mercaderías;;Costo de la mercadería;
Producto;Si;No;Si;MONEDERO CORY NAPADO SUELA;MC020720102;Unidad;MARRO CHICA;MONEDERO;0;11990;;11990;11990;;Ventas;;Mercaderías;;Costo de la mercadería;
Producto;Si;No;Si;MONEDERO CORY NAPADO MALBEC;MC020720115;Unidad;MARRO CHICA;MONEDERO;0;11990;;11990;11990;;Ventas;;Mercaderías;;Costo de la mercadería;
Producto;Si;No;Si;MONEDERO CORY BRIDGE LONDON;MC020720305;Unidad;MARRO CHICA;MONEDERO;0;11990;;11990;11990;;Ventas;;Mercaderías;;Costo de la mercadería;
Producto;Si;No;Si;NECESSAIRE FELI IGUANA NEGRO;MC020670701;Unidad;MARRO CHICA;NECESSAIRE;64990;74990;;74990;74990;;Ventas;;Mercaderías;;Costo de la mercadería;
Producto;Si;No;Si;NECESSAIRE FELI IGUANA CARAMELO;MC020670703;Unidad;MARRO CHICA;NECESSAIRE;64990;74990;;74990;74990;;Ventas;;Mercaderías;;Costo de la mercadería;
Producto;Si;No;Si;NECESSAIRE FELI IGUANA ROJO;MC020670707;Unidad;MARRO CHICA;NECESSAIRE;64990;74990;;74990;74990;;Ventas;;Mercaderías;;Costo de la mercadería;
Producto;Si;No;Si;NECESSAIRE FELI BRIDGE NEGRO;MC020670301;Unidad;MARRO CHICA;NECESSAIRE;64990;74990;;74990;74990;;Ventas;;Mercaderías;;Costo de la mercadería;
Producto;Si;No;Si;NECESSAIRE FELI BRIDGE TABACO;MC020670304;Unidad;MARRO CHICA;NECESSAIRE;64990;74990;;74990;74990;;Ventas;;Mercaderías;;Costo de la mercadería;
Producto;Si;No;Si;NECESSAIRE FELI BRIDGE CARAMELO;MC020670303;Unidad;MARRO CHICA;NECESSAIRE;64990;74990;;74990;74990;;Ventas;;Mercaderías;;Costo de la mercadería;
Producto;Si;No;Si;CARTERA CHALTEN BRIDGE LONDON;MG010850305;Unidad;MARRO GRANDE;CARTERA;114990;119990;;119990;119990;;Ventas;;Mercaderías;;Costo de la mercadería;
Producto;Si;No;Si;PHONEBAG TAURUS BRIDGE CHOCOLATE;MG010780352;Unidad;MARRO GRANDE;PHONEBAG;88990;88990;;88990;88990;;Ventas;;Mercaderías;;Costo de la mercadería;
Producto;Si;No;Si;BOLSO URBANO BRIDGE CARAMELO;MG010080303;Unidad;MARRO GRANDE;BOLSO;214990;199990;;199990;199990;;Ventas;;Mercaderías;;Costo de la mercadería;
Producto;Si;No;Si;BOLSO URBANO DUNA NEGRO;MG010081201;Unidad;MARRO GRANDE;BOLSO;214990;199990;;199990;199990;;Ventas;;Mercaderías;;Costo de la mercadería;
Producto;Si;No;Si;CARTERA BAULITO GAMUZA CAFE/TABACO;MG010090558;Unidad;MARRO GRANDE;CARTERA;0;149990;;149990;149990;;Ventas;;Mercaderías;;Costo de la mercadería;
Producto;Si;No;Si;CARTERA ACONCAGUA BRIDGE MALBEC;MG010840315;Unidad;MARRO GRANDE;CARTERA;71990;79990;;79990;79990;;Ventas;;Mercaderías;;Costo de la mercadería;
Producto;Si;No;Si;CARTERA ACONCAGUA BRIDGE TABACO;MG010840304;Unidad;MARRO GRANDE;CARTERA;71990;79990;;79990;79990;;Ventas;;Mercaderías;;Costo de la mercadería;
Producto;Si;No;Si;CARTERA AMARILLA C/CIERRE BRIDGE CHOCOLATE;MG010920352;Unidad;MARRO GRANDE;CARTERA;165990;159990;;159990;159990;;Ventas;;Mercaderías;;Costo de la mercadería;
Producto;Si;No;Si;CARTERA AMARILLA C/CIERRE BRIDGE LONDON;MG010920305;Unidad;MARRO GRANDE;CARTERA;165990;159990;;159990;159990;;Ventas;;Mercaderías;;Costo de la mercadería;
Producto;Si;No;Si;CARTERA CHALTEN BRIDGE TABACO;MG010850304;Unidad;MARRO GRANDE;CARTERA;114990;119990;;119990;119990;;Ventas;;Mercaderías;;Costo de la mercadería;
Producto;Si;No;Si;MOCHILA PACARI FIORENTINO NEGRO;MG010041601;Unidad;MARRO GRANDE;MOCHILA;232990;239990;;239990;239990;;Ventas;;Mercaderías;;Costo de la mercadería;
Producto;Si;No;Si;MOCHILA PACARI BRIDGE CHOCOLATE;MG010040352;Unidad;MARRO GRANDE;MOCHILA;232990;239990;;239990;239990;;Ventas;;Mercaderías;;Costo de la mercadería;
Producto;Si;No;Si;CARTERA MINI APHOLO SET SOBRE BRIDGE CHOCOLATE;MG010730352;Unidad;MARRO GRANDE;CARTERA;165990;165990;;165990;165990;;Ventas;;Mercaderías;;Costo de la mercadería;
Producto;Si;No;Si;BANDOLERA CARLA FIORENTINO NEGRO;MG011061601;Unidad;MARRO GRANDE;BANDOLERA;69990;69990;;69990;69990;;Ventas;;Mercaderías;;Costo de la mercadería;
Producto;Si;No;Si;BANDOLERA CARLA BRIDGE MALBEC;MG011060315;Unidad;MARRO GRANDE;BANDOLERA;69990;69990;;69990;69990;;Ventas;;Mercaderías;;Costo de la mercadería;
Producto;Si;No;Si;BANDOLERA CARLA BRIDGE LONDON;MG011060305;Unidad;MARRO GRANDE;BANDOLERA;69990;69990;;69990;69990;;Ventas;;Mercaderías;;Costo de la mercadería;
Producto;Si;No;Si;CARTERA AMARILLA SET SOBRE BRIDGE CHOCOLATE;MG010710352;Unidad;MARRO GRANDE;CARTERA;165990;159990;;159990;159990;;Ventas;;Mercaderías;;Costo de la mercadería;
Producto;Si;No;Si;BOLSO LIHUEN BRIDGE CHOCOLATE;MG010610352;Unidad;MARRO GRANDE;BOLSO;155990;169990;;169990;169990;;Ventas;;Mercaderías;;Costo de la mercadería;
Producto;Si;No;Si;TARJETERO ARIES VINTAGE LIGHT;MC020103241;Unidad;MARRO CHICA;TARJETERO;9990;9990;;9990;9990;;Ventas;;Mercaderías;;Costo de la mercadería;
Producto;Si;No;Si;TARJETERO ARIES VINTAGE MEDIO;MC020103242;Unidad;MARRO CHICA;TARJETERO;9990;9990;;9990;9990;;Ventas;;Mercaderías;;Costo de la mercadería;
Producto;Si;No;Si;PORTALENTES ORION VINTAGE LIGHT;MC020113241;Unidad;MARRO CHICA;PORTALENTES;12990;12990;;12990;12990;;Ventas;;Mercaderías;;Costo de la mercadería;
Producto;Si;No;Si;PORTALENTES ORION VINTAGE MEDIO;MC020113242;Unidad;MARRO CHICA;PORTALENTES;12990;12990;;12990;12990;;Ventas;;Mercaderías;;Costo de la mercadería;
Producto;Si;No;Si;MONEDERO GRACE VINTAGE LIGHT;MC020293241;Unidad;MARRO CHICA;MONEDERO;23990;26990;;26990;26990;;Ventas;;Mercaderías;;Costo de la mercadería;
Producto;Si;No;Si;MONEDERO GRACE VINTAGE MEDIO;MC020293242;Unidad;MARRO CHICA;MONEDERO;23990;26990;;26990;26990;;Ventas;;Mercaderías;;Costo de la mercadería;
Producto;Si;No;Si;PRODUCTO OUTLET 1290;OUT1290;Unidad;OUTLET;OUTLET;1290;1290;;1290;1290;;Ventas;;Mercaderías;;Costo de la mercadería;
Producto;Si;No;Si;TARJETERO MULTI DUNA NEGRO;MC020771201;Unidad;MARRO CHICA;TARJETERO;56990;59990;;59990;59990;;Ventas;;Mercaderías;;Costo de la mercadería;
Producto;Si;No;Si;TARJETERO MULTI NAPADO CARAMELO;MC020770103;Unidad;MARRO CHICA;TARJETERO;56990;59990;;59990;59990;;Ventas;;Mercaderías;;Costo de la mercadería;
Producto;Si;No;Si;TARJETERO MULTI NAPADO SUELA;MC020770102;Unidad;MARRO CHICA;TARJETERO;56990;59990;;59990;59990;;Ventas;;Mercaderías;;Costo de la mercadería;
Producto;Si;No;Si;TARJETERO MULTI NAPADO ROJO;MC020770107;Unidad;MARRO CHICA;TARJETERO;56990;59990;;59990;59990;;Ventas;;Mercaderías;;Costo de la mercadería;
Producto;Si;No;Si;TARJETERO MULTI NAPADO MALBEC;MC020770115;Unidad;MARRO CHICA;TARJETERO;56990;59990;;59990;59990;;Ventas;;Mercaderías;;Costo de la mercadería;
Producto;Si;No;Si;TARJETERO MULTI IGUANA NEGRO;MC020770701;Unidad;MARRO CHICA;TARJETERO;56990;59990;;59990;59990;;Ventas;;Mercaderías;;Costo de la mercadería;
Producto;Si;No;Si;TARJETERO MULTI IGUANA CARAMELO;MC020770703;Unidad;MARRO CHICA;TARJETERO;56990;59990;;59990;59990;;Ventas;;Mercaderías;;Costo de la mercadería;
Producto;Si;No;Si;TARJETERO MULTI IGUANA ROJO;MC020770707;Unidad;MARRO CHICA;TARJETERO;56990;59990;;59990;59990;;Ventas;;Mercaderías;;Costo de la mercadería;
Producto;Si;No;Si;ZAPATILLA MATEO CUERO BLANCO 39;CA170120024-39;Unidad;CALZADO;ZAPATILLA;119990;79990;;79990;79990;;Ventas;;Mercaderías;;Costo de la mercadería;
Producto;Si;No;Si;ZAPATILLA MATEO CUERO BLANCO 40;CA170120024-40;Unidad;CALZADO;ZAPATILLA;119990;79990;;79990;79990;;Ventas;;Mercaderías;;Costo de la mercadería;
Producto;Si;No;Si;ZAPATILLA MATEO CUERO BLANCO 41;CA170120024-41;Unidad;CALZADO;ZAPATILLA;119990;79990;;79990;79990;;Ventas;;Mercaderías;;Costo de la mercadería;
Producto;Si;No;Si;ZAPATILLA MATEO CUERO BLANCO 42;CA170120024-42;Unidad;CALZADO;ZAPATILLA;119990;79990;;79990;79990;;Ventas;;Mercaderías;;Costo de la mercadería;
Producto;Si;No;Si;ZAPATILLA MATEO CUERO BLANCO 43;CA170120024-43;Unidad;CALZADO;ZAPATILLA;119990;79990;;79990;79990;;Ventas;;Mercaderías;;Costo de la mercadería;
Producto;Si;No;Si;ZAPATILLA MATEO CUERO BLANCO 44;CA170120024-44;Unidad;CALZADO;ZAPATILLA;119990;79990;;79990;79990;;Ventas;;Mercaderías;;Costo de la mercadería;
Producto;Si;No;Si;ZAPATILLA MATEO CUERO BLANCO 45;CA170120024-45;Unidad;CALZADO;ZAPATILLA;119990;79990;;79990;79990;;Ventas;;Mercaderías;;Costo de la mercadería;
Producto;Si;No;Si;PRODUCTO OUTLET 6490;OUT6490;Unidad;OUTLET;OUTLET;6490;6490;;6490;6490;;Ventas;;Mercaderías;;Costo de la mercadería;
Producto;Si;No;Si;PORTACABLES 2 VINTAGE LIGHT;MC020613241;Unidad;MARRO CHICA;PORTACABLES;7990;7990;;7990;7990;;Ventas;;Mercaderías;;Costo de la mercadería;
Producto;Si;No;Si;PORTACABLES 3 VINTAGE LIGHT;MC020553241;Unidad;MARRO CHICA;PORTACABLES;4990;4990;;4990;4990;;Ventas;;Mercaderías;;Costo de la mercadería;
?Producto;Si;No;Si;PORTACABLES 3 VINTAGE MEDIO;MC020553242;Unidad;MARRO CHICA;PORTACABLES;4990;4990;;4990;4990;;Ventas;;Mercaderías;;Costo de la mercadería;
Producto;Si;No;Si;PHONEBAG TANIA PELO BEIGE;MG010653111;Unidad;MARRO GRANDE;PHONEBAG;39990;44990;;44990;44990;;Ventas;;Mercaderías;;Costo de la mercadería;
Producto;Si;No;Si;PHONEBAG TANIA PELO MARRON;MG010653163;Unidad;MARRO GRANDE;PHONEBAG;39990;44990;;44990;44990;;Ventas;;Mercaderías;;Costo de la mercadería;
Producto;Si;No;Si;PHONEBAG TANIA LEDER DESCARNE ROSA;MG010653464;Unidad;MARRO GRANDE;PHONEBAG;39990;44990;;44990;44990;;Ventas;;Mercaderías;;Costo de la mercadería;
Producto;Si;No;Si;PORTA TABACO FIORENTINO CEDRO;MC020781623;Unidad;MARRO CHICA;PORTA TABACO;39990;29990;;29990;29990;;Ventas;;Mercaderías;;Costo de la mercadería;
Producto;Si;No;Si;PORTA TABACO FIORENTINO NEGRO;MC020781601;Unidad;MARRO CHICA;PORTA TABACO;39990;29990;;29990;29990;;Ventas;;Mercaderías;;Costo de la mercadería;
Producto;Si;No;Si;MONEDERO CORY VINTAGE LIGHT;MC020723241;Unidad;MARRO CHICA;MONEDERO;0;11990;;11990;11990;;Ventas;;Mercaderías;;Costo de la mercadería;
Producto;Si;No;Si;PORTALENTES COLBY VINTAGE LIGHT;MC020463241;Unidad;MARRO CHICA;PORTALENTES;0;29990;;29990;29990;;Ventas;;Mercaderías;;Costo de la mercadería;
Producto;Si;No;Si;CARTUCHERA MONT VINTAGE LIGHT;MC020363241;Unidad;MARRO CHICA;CARTUCHERA;34990;39990;;39990;39990;;Ventas;;Mercaderías;;Costo de la mercadería;
Producto;Si;No;Si;PHONEBAG TANIA VINTAGE DARK;MG010653243;Unidad;MARRO GRANDE;PHONEBAG;39990;44990;;44990;44990;;Ventas;;Mercaderías;;Costo de la mercadería;
Producto;Si;No;Si;PHONEBAG TANIA VINTAGE LIGHT;MG010653241;Unidad;MARRO GRANDE;PHONEBAG;39990;44990;;44990;44990;;Ventas;;Mercaderías;;Costo de la mercadería;
Producto;Si;No;Si;CHOMBA POLO NAOS PIQUE NEGRO S;TX200183001-S;Unidad;TEXTIL;CHOMBA;49990;69990;;69990;69990;;Ventas;;Mercaderías;;Costo de la mercadería;
Producto;Si;No;Si;CHOMBA POLO NAOS PIQUE NEGRO M;TX200183001-M;Unidad;TEXTIL;CHOMBA;49990;69990;;69990;69990;;Ventas;;Mercaderías;;Costo de la mercadería;
Producto;Si;No;Si;CHOMBA POLO NAOS PIQUE NEGRO L;TX200183001-L;Unidad;TEXTIL;CHOMBA;49990;69990;;69990;69990;;Ventas;;Mercaderías;;Costo de la mercadería;
Producto;Si;No;Si;CHOMBA POLO NAOS PIQUE NEGRO XL;TX200183001-XL;Unidad;TEXTIL;CHOMBA;49990;69990;;69990;69990;;Ventas;;Mercaderías;;Costo de la mercadería;
Producto;Si;No;Si;CHOMBA POLO NAOS PIQUE NEGRO XXL;TX200183001-XXL;Unidad;TEXTIL;CHOMBA;49990;69990;;69990;69990;;Ventas;;Mercaderías;;Costo de la mercadería;
Producto;Si;No;Si;CHOMBA POLO NAOS PIQUE NEGRO XXXL;TX200183001-XXXL;Unidad;TEXTIL;CHOMBA;49990;69990;;69990;69990;;Ventas;;Mercaderías;;Costo de la mercadería;
Producto;Si;No;Si;CHOMBA POLO NAOS PIQUE BLANCO S;TX200183024-S;Unidad;TEXTIL;CHOMBA;49990;69990;;69990;69990;;Ventas;;Mercaderías;;Costo de la mercadería;
Producto;Si;No;Si;CHOMBA POLO NAOS PIQUE BLANCO M;TX200183024-M;Unidad;TEXTIL;CHOMBA;49990;69990;;69990;69990;;Ventas;;Mercaderías;;Costo de la mercadería;
Producto;Si;No;Si;CHOMBA POLO NAOS PIQUE BLANCO L;TX200183024-L;Unidad;TEXTIL;CHOMBA;49990;69990;;69990;69990;;Ventas;;Mercaderías;;Costo de la mercadería;
Producto;Si;No;Si;CHOMBA POLO NAOS PIQUE BLANCO XL;TX200183024-XL;Unidad;TEXTIL;CHOMBA;49990;69990;;69990;69990;;Ventas;;Mercaderías;;Costo de la mercadería;
Producto;Si;No;Si;CHOMBA POLO NAOS PIQUE BLANCO XXL;TX200183024-XXL;Unidad;TEXTIL;CHOMBA;49990;69990;;69990;69990;;Ventas;;Mercaderías;;Costo de la mercadería;
Producto;Si;No;Si;CHOMBA POLO NAOS PIQUE BLANCO XXXL;TX200183024-XXXL;Unidad;TEXTIL;CHOMBA;49990;69990;;69990;69990;;Ventas;;Mercaderías;;Costo de la mercadería;
Producto;Si;No;Si;CHOMBA POLO NAOS PIQUE AZUL MARINO S;TX200183037-S;Unidad;TEXTIL;CHOMBA;49990;69990;;69990;69990;;Ventas;;Mercaderías;;Costo de la mercadería;
Producto;Si;No;Si;CHOMBA POLO NAOS PIQUE AZUL MARINO M;TX200183037-M;Unidad;TEXTIL;CHOMBA;49990;69990;;69990;69990;;Ventas;;Mercaderías;;Costo de la mercadería;
Producto;Si;No;Si;CHOMBA POLO NAOS PIQUE AZUL MARINO L;TX200183037-L;Unidad;TEXTIL;CHOMBA;49990;69990;;69990;69990;;Ventas;;Mercaderías;;Costo de la mercadería;
Producto;Si;No;Si;CHOMBA POLO NAOS PIQUE AZUL MARINO XL;TX200183037-XL;Unidad;TEXTIL;CHOMBA;49990;69990;;69990;69990;;Ventas;;Mercaderías;;Costo de la mercadería;
Producto;Si;No;Si;CHOMBA POLO NAOS PIQUE AZUL MARINO XXL;TX200183037-XXL;Unidad;TEXTIL;CHOMBA;49990;69990;;69990;69990;;Ventas;;Mercaderías;;Costo de la mercadería;
Producto;Si;No;Si;CHOMBA POLO NAOS PIQUE AZUL MARINO XXXL;TX200183037-XXXL;Unidad;TEXTIL;CHOMBA;49990;69990;;69990;69990;;Ventas;;Mercaderías;;Costo de la mercadería;
Producto;Si;No;Si;CHOMBA POLO NAOS PIQUE DENIM GASTADO S;TX200183038-S;Unidad;TEXTIL;CHOMBA;49990;69990;;69990;69990;;Ventas;;Mercaderías;;Costo de la mercadería;
Producto;Si;No;Si;CHOMBA POLO NAOS PIQUE DENIM GASTADO M;TX200183038-M;Unidad;TEXTIL;CHOMBA;49990;69990;;69990;69990;;Ventas;;Mercaderías;;Costo de la mercadería;
Producto;Si;No;Si;CHOMBA POLO NAOS PIQUE DENIM GASTADO L;TX200183038-L;Unidad;TEXTIL;CHOMBA;49990;69990;;69990;69990;;Ventas;;Mercaderías;;Costo de la mercadería;
Producto;Si;No;Si;CHOMBA POLO NAOS PIQUE DENIM GASTADO XL;TX200183038-XL;Unidad;TEXTIL;CHOMBA;49990;69990;;69990;69990;;Ventas;;Mercaderías;;Costo de la mercadería;
Producto;Si;No;Si;CHOMBA POLO NAOS PIQUE DENIM GASTADO XXL;TX200183038-XXL;Unidad;TEXTIL;CHOMBA;49990;69990;;69990;69990;;Ventas;;Mercaderías;;Costo de la mercadería;
Producto;Si;No;Si;CHOMBA POLO NAOS PIQUE DENIM GASTADO XXXL;TX200183038-XXXL;Unidad;TEXTIL;CHOMBA;49990;69990;;69990;69990;;Ventas;;Mercaderías;;Costo de la mercadería;
Producto;Si;No;Si;BANDOLERA ANTONIETA NAPADO MALBEC;MG010690115;Unidad;MARRO GRANDE;BANDOLERA;134990;139990;;139990;139990;;Ventas;;Mercaderías;;Costo de la mercadería;
Producto;Si;No;Si;BOLSO TUBO GRANDE PELO  MARRON;MG010103163;Unidad;MARRO GRANDE;BOLSO;399990;429990;;429990;429990;;Ventas;;Mercaderías;;Costo de la mercadería;
Producto;Si;No;Si;TARJETERO ROMA NAPADO ROJO;MC020060107;Unidad;MARRO CHICA;TARJETERO;11990;11990;;11990;11990;;Ventas;;Mercaderías;;Costo de la mercadería;
Producto;Si;No;Si;TARJETERO ROMA NAPADO MALBEC;MC020060115;Unidad;MARRO CHICA;TARJETERO;11990;11990;;11990;11990;;Ventas;;Mercaderías;;Costo de la mercadería;
Producto;Si;No;Si;TARJETERO ROMA DUNA NEGRO;MC020061201;Unidad;MARRO CHICA;TARJETERO;11990;11990;;11990;11990;;Ventas;;Mercaderías;;Costo de la mercadería;
Producto;Si;No;Si;TARJETERO ROMA NAPADO NEGRO;MC020060101;Unidad;MARRO CHICA;TARJETERO;11990;11990;;11990;11990;;Ventas;;Mercaderías;;Costo de la mercadería;
Producto;Si;No;Si;TARJETERO ROMA BRIDGE CHOCOLATE;MC020060352;Unidad;MARRO CHICA;TARJETERO;11990;11990;;11990;11990;;Ventas;;Mercaderías;;Costo de la mercadería;
Producto;Si;No;Si;GUANTE RIGEL LANA LLAMA BEIGE;TX190222811;Unidad;TEXTIL;GUANTE;24990;29990;;29990;29990;;Ventas;;Mercaderías;;Costo de la mercadería;
Producto;Si;No;Si;GUANTE RIGEL LANA LLAMA VISON;TX190222828;Unidad;TEXTIL;GUANTE;24990;29990;;29990;29990;;Ventas;;Mercaderías;;Costo de la mercadería;
Producto;Si;No;Si;GUANTE RIGEL LANA LLAMA CRUDO;TX190222836;Unidad;TEXTIL;GUANTE;29990;29990;;29990;29990;;Ventas;;Mercaderías;;Costo de la mercadería;
Producto;Si;No;Si;CAMPERA SKI C/CIERRE LANA NEGRO L;TX220233501-L;Unidad;TEXTIL;CAMPERA;106990;54990;;54990;54990;;Ventas;;Mercaderías;;Costo de la mercadería;
Producto;Si;No;Si;CAMPERA SKI C/CIERRE LANA NEGRO M;TX220233501-M;Unidad;TEXTIL;CAMPERA;106990;54990;;54990;54990;;Ventas;;Mercaderías;;Costo de la mercadería;
Producto;Si;No;Si;CAMPERA SKI C/CIERRE LANA NEGRO XL;TX220233501-XL;Unidad;TEXTIL;CAMPERA;106990;54990;;54990;54990;;Ventas;;Mercaderías;;Costo de la mercadería;
Producto;Si;No;Si;CAMPERA SKI C/CIERRE LANA NEGRO XXL;TX220233501-XXL;Unidad;TEXTIL;CAMPERA;106990;54990;;54990;54990;;Ventas;;Mercaderías;;Costo de la mercadería;
Producto;Si;No;Si;CAMPERA SKI C/CIERRE LANA AZUL M;TX220233509-M;Unidad;TEXTIL;CAMPERA;106990;54990;;54990;54990;;Ventas;;Mercaderías;;Costo de la mercadería;
Producto;Si;No;Si;CAMPERA SKI C/CIERRE LANA AZUL L;TX220233509-L;Unidad;TEXTIL;CAMPERA;106990;54990;;54990;54990;;Ventas;;Mercaderías;;Costo de la mercadería;
Producto;Si;No;Si;CAMPERA SKI C/CIERRE LANA AZUL XL;TX220233509-XL;Unidad;TEXTIL;CAMPERA;106990;54990;;54990;54990;;Ventas;;Mercaderías;;Costo de la mercadería;
Producto;Si;No;Si;CAMPERA SKI C/CIERRE LANA AZUL XXL;TX220233509-XXL;Unidad;TEXTIL;CAMPERA;106990;54990;;54990;54990;;Ventas;;Mercaderías;;Costo de la mercadería;
Producto;Si;No;Si;CAMPERA SKI C/CIERRE LANA GRIS TOPO M;TX220233512-M;Unidad;TEXTIL;CAMPERA;106990;54990;;54990;54990;;Ventas;;Mercaderías;;Costo de la mercadería;
Producto;Si;No;Si;CAMPERA SKI C/CIERRE LANA GRIS TOPO L;TX220233512-L;Unidad;TEXTIL;CAMPERA;106990;54990;;54990;54990;;Ventas;;Mercaderías;;Costo de la mercadería;
Producto;Si;No;Si;CAMPERA SKI C/CIERRE LANA GRIS TOPO XL;TX220233512-XL;Unidad;TEXTIL;CAMPERA;106990;54990;;54990;54990;;Ventas;;Mercaderías;;Costo de la mercadería;
Producto;Si;No;Si;CAMPERA SKI C/CIERRE LANA GRIS TOPO XXL;TX220233512-XXL;Unidad;TEXTIL;CAMPERA;106990;54990;;54990;54990;;Ventas;;Mercaderías;;Costo de la mercadería;
Producto;Si;No;Si;CHALECO PRATTO ALGODON/LANA AZUL M;TX220243609-M;Unidad;TEXTIL;CHALECO;92990;54990;;54990;54990;;Ventas;;Mercaderías;;Costo de la mercadería;
Producto;Si;No;Si;CHALECO PRATTO ALGODON/LANA AZUL L;TX220243609-L;Unidad;TEXTIL;CHALECO;92990;54990;;54990;54990;;Ventas;;Mercaderías;;Costo de la mercadería;
Producto;Si;No;Si;CHALECO PRATTO ALGODON/LANA AZUL XXL;TX220243609-XXL;Unidad;TEXTIL;CHALECO;92990;54990;;54990;54990;;Ventas;;Mercaderías;;Costo de la mercadería;
Producto;Si;No;Si;CHALECO PRATTO ALGODON/LANA NEGRO M;TX220243601-M;Unidad;TEXTIL;CHALECO;92990;54990;;54990;54990;;Ventas;;Mercaderías;;Costo de la mercadería;
Producto;Si;No;Si;CHALECO PRATTO ALGODON/LANA NEGRO L;TX220243601-L;Unidad;TEXTIL;CHALECO;92990;54990;;54990;54990;;Ventas;;Mercaderías;;Costo de la mercadería;
Producto;Si;No;Si;CHALECO PRATTO ALGODON/LANA NEGRO XL;TX220243601-XL;Unidad;TEXTIL;CHALECO;92990;54990;;54990;54990;;Ventas;;Mercaderías;;Costo de la mercadería;
Producto;Si;No;Si;CHALECO PRATTO ALGODON/LANA NEGRO XXL;TX220243601-XXL;Unidad;TEXTIL;CHALECO;92990;54990;;54990;54990;;Ventas;;Mercaderías;;Costo de la mercadería;
Producto;Si;No;Si;SWEATER 1/2 CIERRE ALGODON/LANA CHOCOLATE L;TX220253652-L;Unidad;TEXTIL;SWEATER;110990;54990;;54990;54990;;Ventas;;Mercaderías;;Costo de la mercadería;
Producto;Si;No;Si;SWEATER 1/2 CIERRE ALGODON/LANA CHOCOLATE XL;TX220253652-XL;Unidad;TEXTIL;SWEATER;110990;54990;;54990;54990;;Ventas;;Mercaderías;;Costo de la mercadería;
Producto;Si;No;Si;"SWEATER 1/2 CIERRE	ALGODON/LANA	CHOCOLATE XXL";TX220253652-XXL;Unidad;TEXTIL;SWEATER;110990;54990;;54990;54990;;Ventas;;Mercaderías;;Costo de la mercadería;
Producto;Si;No;Si;"SWEATER 1/2 CIERRE	ALGODON/LANA	BEIGE L";TX220253611-L;Unidad;TEXTIL;SWEATER;110990;54990;;54990;54990;;Ventas;;Mercaderías;;Costo de la mercadería;
Producto;Si;No;Si;"SWEATER 1/2 CIERRE	ALGODON/LANA	BEIGE XL";TX220253611-XL;Unidad;TEXTIL;SWEATER;110990;54990;;54990;54990;;Ventas;;Mercaderías;;Costo de la mercadería;
Producto;Si;No;Si;CAMPERA VIR LANA CHOCOLATE M;TX220263552-M;Unidad;TEXTIL;CAMPERA;116990;54990;;54990;54990;;Ventas;;Mercaderías;;Costo de la mercadería;
Producto;Si;No;Si;CAMPERA VIR LANA CHOCOLATE L;TX220263552-L;Unidad;TEXTIL;CAMPERA;116990;54990;;54990;54990;;Ventas;;Mercaderías;;Costo de la mercadería;
Producto;Si;No;Si;CAMPERA VIR LANA CHOCOLATE XXL;TX220263552-XXL;Unidad;TEXTIL;CAMPERA;116990;54990;;54990;54990;;Ventas;;Mercaderías;;Costo de la mercadería;
Producto;Si;No;Si;CAMPERA VIR LANA CHOCOLINO M;TX220263565-M;Unidad;TEXTIL;CAMPERA;116990;54990;;54990;54990;;Ventas;;Mercaderías;;Costo de la mercadería;
Producto;Si;No;Si;CAMPERA VIR LANA CHOCOLINO L;TX220263565-L;Unidad;TEXTIL;CAMPERA;116990;54990;;54990;54990;;Ventas;;Mercaderías;;Costo de la mercadería;
Producto;Si;No;Si;CAMPERA VIR LANA CHOCOLINO XL;TX220263565-XL;Unidad;TEXTIL;CAMPERA;116990;54990;;54990;54990;;Ventas;;Mercaderías;;Costo de la mercadería;
Producto;Si;No;Si;CAMPERA VIR LANA CHOCOLINO XXL;TX220263565-XXL;Unidad;TEXTIL;CAMPERA;116990;54990;;54990;54990;;Ventas;;Mercaderías;;Costo de la mercadería;
Producto;Si;No;Si;TARJETERO VINCENT BRIDGE CHOCOLATE;MC020380352;Unidad;MARRO CHICA;TARJETERO;34990;34990;;34990;34990;;Ventas;;Mercaderías;;Costo de la mercadería;
Producto;Si;No;Si;NECESSAIRE LANIN PELO BEIGE;MC010423111;Unidad;MARRO CHICA;NECESSAIRE;94990;99990;;99990;99990;;Ventas;;Mercaderías;;Costo de la mercadería;
Producto;Si;No;Si;NECESSAIRE LANIN VINTAGE LIGHT;MC010423241;Unidad;MARRO CHICA;NECESSAIRE;94990;99990;;99990;99990;;Ventas;;Mercaderías;;Costo de la mercadería;
Producto;Si;No;Si;CARTERA AMARILLA SET SOBRE VINTAGE LIGHT;MG010713241;Unidad;MARRO GRANDE;CARTERA;165990;159990;;159990;159990;;Ventas;;Mercaderías;;Costo de la mercadería;
Producto;Si;No;Si;CARTERA AMARILLA SET SOBRE VINTAGE MEDIO;MG010713242;Unidad;MARRO GRANDE;CARTERA;165990;159990;;159990;159990;;Ventas;;Mercaderías;;Costo de la mercadería;
Producto;Si;No;Si;BANDOLERA VICENTA VINTAGE DARK;MG010703243;Unidad;MARRO GRANDE;BANDOLERA;94990;99990;;99990;99990;;Ventas;;Mercaderías;;Costo de la mercadería;
Producto;Si;No;Si;PRODUCTO OUTLET 149990;OUT149990;Unidad;OUTLET;OUTLET;149990;149990;;149990;149990;;Ventas;;Mercaderías;;Costo de la mercadería;
Producto;Si;No;Si;PRODUTO OUTLET 189990;OUT189990;Unidad;OUTLET;OUTLET;189990;189990;;189990;189990;;Ventas;;Mercaderías;;Costo de la mercadería;
Producto;Si;No;Si;CARTERA IBERA BRIDGE MALBEC;MG010960315;Unidad;MARRO GRANDE;CARTERA;64990;64990;;64990;64990;;Ventas;;Mercaderías;;Costo de la mercadería;
Producto;Si;No;Si;CARTERA IBERA BRIDGE TABACO;MG010960304;Unidad;MARRO GRANDE;CARTERA;64990;64990;;64990;64990;;Ventas;;Mercaderías;;Costo de la mercadería;
Producto;Si;No;Si;RIÑONERA CRUZ S BRIDGE CHOCOLATE;MG010400352-S;Unidad;MARRO GRANDE;RIÑONERA;65990;69990;;69990;69990;;Ventas;;Mercaderías;;Costo de la mercadería;
Producto;Si;No;Si;RIÑONERA CRUZ S FIORENTINO CEDRO;MG010401623-S;Unidad;MARRO GRANDE;RIÑONERA;65990;69990;;69990;69990;;Ventas;;Mercaderías;;Costo de la mercadería;
Producto;Si;No;Si;RIÑONERA CRUZ L BRIDGE CHOCOLATE;MG011010352-L;Unidad;MARRO GRANDE;RIÑONERA;65990;69990;;69990;69990;;Ventas;;Mercaderías;;Costo de la mercadería;
Producto;Si;No;Si;CARTUCHERA MONT VINTAGE DARK;MC020363243;Unidad;MARRO CHICA;CARTUCHERA;34990;39990;;39990;39990;;Ventas;;Mercaderías;;Costo de la mercadería;
Producto;Si;No;Si;BILLETERA MILO SIMPLE DUNA NEGRO;MC020431201;Unidad;MARRO CHICA;BILLETERA;55990;59990;;59990;59990;;Ventas;;Mercaderías;;Costo de la mercadería;
Producto;Si;No;Si;PORTAFOLIO VENUS CH GAMUZA/IGUANA OLIVE/CARAMELO;MG010770516-3;Unidad;MARRO GRANDE;PORTAFOLIO;259990;269990;;269990;269990;;Ventas;;Mercaderías;;Costo de la mercadería;
Producto;Si;No;Si;CARTERA AMARILLA SET SOBRE PELO/BR  MARRON/CHOCOLATE;MG010713163;Unidad;MARRO GRANDE;CARTERA;165990;159990;;159990;159990;;Ventas;;Mercaderías;;Costo de la mercadería;
Producto;Si;No;Si;CARTERA AMARILLA SET SOBRE V21 BEIGE;MG010713311;Unidad;MARRO GRANDE;CARTERA;165990;159990;;159990;159990;;Ventas;;Mercaderías;;Costo de la mercadería;
Producto;Si;No;Si;CARTERA AMARILLA SET SOBRE CRASH BLACK;MG010713344;Unidad;MARRO GRANDE;CARTERA;165990;139990;;139990;139990;;Ventas;;Mercaderías;;Costo de la mercadería;
Producto;Si;No;Si;CARTERA AMARILLA C/CIERRE PELO BEIGE;MG010923111;Unidad;MARRO GRANDE;CARTERA;165990;159990;;159990;159990;;Ventas;;Mercaderías;;Costo de la mercadería;
Producto;Si;No;Si;CARTERA LEANDRA CRASH BLUE DARK;MG011053347;Unidad;MARRO GRANDE;CARTERA;89990;109990;;109990;109990;;Ventas;;Mercaderías;;Costo de la mercadería;
Producto;Si;No;Si;MOCHILA PACARI VINTAGE LIGHT;MG010043241;Unidad;MARRO GRANDE;MOCHILA;232990;239990;;239990;239990;;Ventas;;Mercaderías;;Costo de la mercadería;
Producto;Si;No;Si;MOCHILA PACARI VINTAGE DARK;MG010043243;Unidad;MARRO GRANDE;MOCHILA;232990;239990;;239990;239990;;Ventas;;Mercaderías;;Costo de la mercadería;
Producto;Si;No;Si;MOCHILA PACARI PELO BEIGE;MG010043111;Unidad;MARRO GRANDE;MOCHILA;232990;239990;;239990;239990;;Ventas;;Mercaderías;;Costo de la mercadería;
Producto;Si;No;Si;MOCHILA PACARI PELO MARRON;MG010043163;Unidad;MARRO GRANDE;MOCHILA;232990;239990;;239990;239990;;Ventas;;Mercaderías;;Costo de la mercadería;
Producto;Si;No;Si;MOCHILA PACARI CRASH BLACK;MG010043344;Unidad;MARRO GRANDE;MOCHILA;232990;219990;;219990;219990;;Ventas;;Mercaderías;;Costo de la mercadería;
Producto;Si;No;Si;MOCHILA PACARI CRASH MALBORO;MG010043345;Unidad;MARRO GRANDE;MOCHILA;232990;219990;;219990;219990;;Ventas;;Mercaderías;;Costo de la mercadería;
Producto;Si;No;Si;MOCHILA PACARI CRASH BLUE DARK;MG010043347;Unidad;MARRO GRANDE;MOCHILA;232990;219990;;219990;219990;;Ventas;;Mercaderías;;Costo de la mercadería;
Producto;Si;No;Si;BANDOLERA ASTRID TOLEDO NEGRO;MG100901501;Unidad;MARRO GRANDE;BANDOLERA;0;49990;;49990;49990;;Ventas;;Mercaderías;;Costo de la mercadería;
Producto;Si;No;Si;PRODUCTO OUTLET 119990;OUT119990;Unidad;OUTLET;OUTLET;119990;119990;;119990;119990;;Ventas;;Mercaderías;;Costo de la mercadería;
Producto;Si;No;Si;BILLETERA LEXI BRIDGE MALBEC;MC020330315;Unidad;MARRO CHICA;BILLETERA;0;64990;;64990;64990;;Ventas;;Mercaderías;;Costo de la mercadería;
Producto;Si;No;Si;CARTERA AMARILLA SET SOBRE CRASH BLUE DARK;MG010713347;Unidad;MARRO GRANDE;CARTERA;165990;139990;;139990;139990;;Ventas;;Mercaderías;;Costo de la mercadería;
Producto;Si;No;Si;CARTERA AMARILLA SET SOBRE CRASH MALBORO;MG010713345;Unidad;MARRO GRANDE;CARTERA;165990;139990;;139990;139990;;Ventas;;Mercaderías;;Costo de la mercadería;
Producto;Si;No;Si;MOCHILA PACARI CRASH BEIGE;MG010043311;Unidad;MARRO GRANDE;MOCHILA;232990;219990;;219990;219990;;Ventas;;Mercaderías;;Costo de la mercadería;
Producto;Si;No;Si;CARTERA LONDRES CRASH BLUE DARK;MG010863347;Unidad;MARRO GRANDE;CARTERA;171990;184990;;184990;184990;;Ventas;;Mercaderías;;Costo de la mercadería;
Producto;Si;No;Si;CARTERA LONDRES V21 BEIGE;MG010863311;Unidad;MARRO GRANDE;CARTERA;171990;184990;;184990;184990;;Ventas;;Mercaderías;;Costo de la mercadería;
Producto;Si;No;Si;CARTERA AMARILLA SET SOBRE VINTAGE DARK;MG010713243;Unidad;MARRO GRANDE;CARTERA;165990;159990;;159990;159990;;Ventas;;Mercaderías;;Costo de la mercadería;
Producto;Si;No;Si;BILLETERA LUCA NAPADO MALBEC;MC020220115;Unidad;MARRO CHICA;BILLETERA;44990;49990;;49990;49990;;Ventas;;Mercaderías;;Costo de la mercadería;
Producto;Si;No;Si;BILLETERA LUCA NAPADO ROJO;MC020220107;Unidad;MARRO CHICA;BILLETERA;44990;49990;;49990;49990;;Ventas;;Mercaderías;;Costo de la mercadería;
Producto;Si;No;Si;BILLETERA LUCA NAPADO TABACO;MC020220104;Unidad;MARRO CHICA;BILLETERA;44990;49990;;49990;49990;;Ventas;;Mercaderías;;Costo de la mercadería;
Producto;Si;No;Si;LLAVERO INICIALES NAPADO SUELA;OT020340102;Unidad;ACCESORIOS;LLAVERO;12990;12990;;12990;12990;;Ventas;;Mercaderías;;Costo de la mercadería;
Producto;Si;No;Si;LLAVERO INICIALES NAPADO NEGRO;OT020340101;Unidad;ACCESORIOS;LLAVERO;12990;12990;;12990;12990;;Ventas;;Mercaderías;;Costo de la mercadería;
Producto;Si;No;Si;LLAVERO INICIALES NAPADO TABACO;OT020340104;Unidad;ACCESORIOS;LLAVERO;12990;12990;;12990;12990;;Ventas;;Mercaderías;;Costo de la mercadería;
Producto;Si;No;Si;LLAVERO INICIALES FIORENTINO CEDRO;OT020341623;Unidad;ACCESORIOS;LLAVERO;12990;12990;;12990;12990;;Ventas;;Mercaderías;;Costo de la mercadería;
Producto;Si;No;Si;PRODUCTO OUTLET 129990;OUT129990;Unidad;OUTLET;OUTLET;129990;129990;;129990;129990;;Ventas;;Mercaderías;;Costo de la mercadería;
Producto;Si;No;Si;PRODUCTO OUTLET 179990;OUT179990;Unidad;OUTLET;OUTLET;179990;179990;;179990;179990;;Ventas;;Mercaderías;;Costo de la mercadería;
Producto;Si;No;Si;BANDOLERA NOE SENA PIEDRA;MG100881827;Unidad;MARRO GRANDE;BANDOLERA;0;49990;;49990;49990;;Ventas;;Mercaderías;;Costo de la mercadería;
Producto;Si;No;Si;BANDOLERA NOE SENA DARK OLIVE;MG100881816;Unidad;MARRO GRANDE;BANDOLERA;0;49990;;49990;49990;;Ventas;;Mercaderías;;Costo de la mercadería;
Producto;Si;No;Si;BANDOLERA NOE SALLY NEGRO;MG100882201;Unidad;MARRO GRANDE;BANDOLERA;0;49990;;49990;49990;;Ventas;;Mercaderías;;Costo de la mercadería;
Producto;Si;No;Si;BANDOLERA NOE SENA VISON;MG100881828;Unidad;MARRO GRANDE;BANDOLERA;0;49990;;49990;49990;;Ventas;;Mercaderías;;Costo de la mercadería;
Producto;Si;No;Si;BANDOLERA NOE MACEIO COTTON;MG100882129;Unidad;MARRO GRANDE;BANDOLERA;0;49990;;49990;49990;;Ventas;;Mercaderías;;Costo de la mercadería;
Producto;Si;No;Si;CARTERA LEANDRA CRASH BEIGE;MG011053311;Unidad;MARRO GRANDE;CARTERA;89990;109990;;109990;109990;;Ventas;;Mercaderías;;Costo de la mercadería;
Producto;Si;No;Si;BILLETERA LUCA DUNA NEGRO;MC020221201;Unidad;MARRO CHICA;BILLETERA;44990;49990;;49990;49990;;Ventas;;Mercaderías;;Costo de la mercadería;
Producto;Si;No;Si;MOUSEPAD BRIDGE TABACO;OT010400304;Unidad;DECO;MOUSEPAD;16990;16990;;16990;16990;;Ventas;;Mercaderías;;Costo de la mercadería;
Producto;Si;No;Si;MOUSEPAD BRIDGE NEGRO;OT010400301;Unidad;DECO;MOUSEPAD;16990;16990;;16990;16990;;Ventas;;Mercaderías;;Costo de la mercadería;
Producto;Si;No;Si;MOUSEPAD BRIDGE ROJO;OT010400307;Unidad;DECO;MOUSEPAD;16990;16990;;16990;16990;;Ventas;;Mercaderías;;Costo de la mercadería;
Producto;Si;No;Si;MOUSEPAD NAPADO NEGRO;OT010400101;Unidad;DECO;MOUSEPAD;16990;16990;;16990;16990;;Ventas;;Mercaderías;;Costo de la mercadería;
Producto;Si;No;Si;MOUSEPAD NAPADO CARAMELO;OT010400103;Unidad;DECO;MOUSEPAD;16990;16990;;16990;16990;;Ventas;;Mercaderías;;Costo de la mercadería;
Producto;Si;No;Si;MOUSEPAD NAPADO TABACO;OT010400104;Unidad;DECO;MOUSEPAD;16990;16990;;16990;16990;;Ventas;;Mercaderías;;Costo de la mercadería;
Producto;Si;No;Si;MOUSEPAD NAPADO SUELA;OT010400102;Unidad;DECO;MOUSEPAD;16990;16990;;16990;16990;;Ventas;;Mercaderías;;Costo de la mercadería;
Producto;Si;No;Si;CARTUCHERA MONT PELO MARRON;MC020363163;Unidad;MARRO CHICA;CARTUCHERA;34990;39990;;39990;39990;;Ventas;;Mercaderías;;Costo de la mercadería;
Producto;Si;No;Si;CARTUCHERA MONT PELO BEIGE;MC020363111;Unidad;MARRO CHICA;CARTUCHERA;34990;39990;;39990;39990;;Ventas;;Mercaderías;;Costo de la mercadería;
Producto;Si;No;Si;INDIVIDUAL CURVO BRIDGE NEGRO;OT020540301;Unidad;DECO;INDIVIDUAL;39990;35990;;35990;35990;;Ventas;;Mercaderías;;Costo de la mercadería;
Producto;Si;No;Si;INDIVIDUAL CURVO BRIDGE TABACO;OT020540304;Unidad;DECO;INDIVIDUAL;39990;35990;;35990;35990;;Ventas;;Mercaderías;;Costo de la mercadería;
Producto;Si;No;Si;INDIVIDUAL CURVO BRIDGE ROJO;OT020540307;Unidad;DECO;INDIVIDUAL;39990;35990;;35990;35990;;Ventas;;Mercaderías;;Costo de la mercadería;
Producto;Si;No;Si;INDIVIDUAL CURVO NAPADO NEGRO;OT020540101;Unidad;DECO;INDIVIDUAL;39990;35990;;35990;35990;;Ventas;;Mercaderías;;Costo de la mercadería;
Producto;Si;No;Si;INDIVIDUAL CURVO NAPADO CARAMELO;OT020540103;Unidad;DECO;INDIVIDUAL;39990;35990;;35990;35990;;Ventas;;Mercaderías;;Costo de la mercadería;
Producto;Si;No;Si;INDIVIDUAL CURVO NAPADO TABACO;OT020540104;Unidad;DECO;INDIVIDUAL;39990;35990;;35990;35990;;Ventas;;Mercaderías;;Costo de la mercadería;
Producto;Si;No;Si;INDIVIDUAL CURVO NAPADO SUELA;OT020540102;Unidad;DECO;INDIVIDUAL;39990;35990;;35990;35990;;Ventas;;Mercaderías;;Costo de la mercadería;
Producto;Si;No;Si;INDIVIDUAL RECTO BRIDGE NEGRO;OT020530301;Unidad;DECO;INDIVIDUAL;39990;35990;;35990;35990;;Ventas;;Mercaderías;;Costo de la mercadería;
Producto;Si;No;Si;INDIVIDUAL RECTO BRIDGE TABACO;OT020530304;Unidad;DECO;INDIVIDUAL;39990;35990;;35990;35990;;Ventas;;Mercaderías;;Costo de la mercadería;
Producto;Si;No;Si;INDIVIDUAL RECTO BRIDGE ROJO;OT020530307;Unidad;DECO;INDIVIDUAL;39990;35990;;35990;35990;;Ventas;;Mercaderías;;Costo de la mercadería;
Producto;Si;No;Si;INDIVIDUAL RECTO NAPADO NEGRO;OT020530101;Unidad;DECO;INDIVIDUAL;39990;35990;;35990;35990;;Ventas;;Mercaderías;;Costo de la mercadería;
Producto;Si;No;Si;INDIVIDUAL RECTO NAPADO CARAMELO;OT020530103;Unidad;DECO;INDIVIDUAL;39990;35990;;35990;35990;;Ventas;;Mercaderías;;Costo de la mercadería;
?Producto;Si;No;Si;INDIVIDUAL RECTO NAPADO TABACO;OT020530104;Unidad;DECO;INDIVIDUAL;39990;35990;;35990;35990;;Ventas;;Mercaderías;;Costo de la mercadería;
Producto;Si;No;Si;INDIVIDUAL RECTO NAPADO SUELA;OT020530102;Unidad;DECO;INDIVIDUAL;39990;35990;;35990;35990;;Ventas;;Mercaderías;;Costo de la mercadería;
Producto;Si;No;Si;PORTACABLES 2 VINTAGE DARK;MC020613243;Unidad;MARRO CHICA;PORTACABLES;7990;7990;;7990;7990;;Ventas;;Mercaderías;;Costo de la mercadería;
Producto;Si;No;Si;PORTALENTES ORION VINTAGE DARK;MC020113243;Unidad;MARRO CHICA;PORTALENTES;12990;12990;;12990;12990;;Ventas;;Mercaderías;;Costo de la mercadería;
Producto;Si;No;Si;MONEDERO GRACE VINTAGE DARK;MC020293243;Unidad;MARRO CHICA;MONEDERO;23990;26990;;26990;26990;;Ventas;;Mercaderías;;Costo de la mercadería;
Producto;Si;No;Si;TARJETERO ARIES VINTAGE DARK;MC020103243;Unidad;MARRO CHICA;TARJETERO;9990;9990;;9990;9990;;Ventas;;Mercaderías;;Costo de la mercadería;
Producto;Si;No;Si;MONEDERO CORY VINTAGE DARK;MC020723243;Unidad;MARRO CHICA;MONEDERO;0;11990;;11990;11990;;Ventas;;Mercaderías;;Costo de la mercadería;
Producto;Si;No;Si;PORTACABLES 3 VINTAGE DARK;MC020553243;Unidad;MARRO CHICA;PORTACABLES;4990;4990;;4990;4990;;Ventas;;Mercaderías;;Costo de la mercadería;
Producto;Si;No;Si;PORTALENTES COLBY VINTAGE DARK;MC020463243;Unidad;MARRO CHICA;PORTALENTES;0;29990;;29990;29990;;Ventas;;Mercaderías;;Costo de la mercadería;
Producto;Si;No;Si;MONEDERO CORY VINTAGE MEDIO;MC020723242;Unidad;MARRO CHICA;MONEDERO;0;11990;;11990;11990;;Ventas;;Mercaderías;;Costo de la mercadería;
Producto;Si;No;Si;PHONEBAG TANIA VINTAGE MEDIO;MG010653242;Unidad;MARRO GRANDE;PHONEBAG;39990;44990;;44990;44990;;Ventas;;Mercaderías;;Costo de la mercadería;
Producto;Si;No;Si;PORTALENTES COLBY VINTAGE MEDIO;MC020463242;Unidad;MARRO CHICA;PORTALENTES;0;29990;;29990;29990;;Ventas;;Mercaderías;;Costo de la mercadería;
Producto;Si;No;Si;CARTERA LONDRES BRIDGE CHOCOLATE;MG010860352;Unidad;MARRO GRANDE;CARTERA;171990;184990;;184990;184990;;Ventas;;Mercaderías;;Costo de la mercadería;
Producto;Si;No;Si;PRODUCTO OUTLET 155990;OUT155990;Unidad;OUTLET;OUTLET;155990;155990;;155990;155990;;Ventas;;Mercaderías;;Costo de la mercadería;
Producto;Si;No;Si;PRODUCTO OUTLET 199990;OUT199990;Unidad;OUTLET;OUTLET;199990;199990;;199990;199990;;Ventas;;Mercaderías;;Costo de la mercadería;
Producto;Si;No;Si;PRODUCTO OUTLET 59990;OUT59990;Unidad;OUTLET;OUTLET;59990;59990;;59990;59990;;Ventas;;Mercaderías;;Costo de la mercadería;
Producto;Si;No;Si;PORTALENTES ORION NAPADO MALBEC;MC020110115;Unidad;MARRO CHICA;PORTALENTES;12990;12990;;12990;12990;;Ventas;;Mercaderías;;Costo de la mercadería;
Producto;Si;No;Si;LLAVERO KAREN AZUL/AZUL;OT020480309-09;Unidad;ACCESORIOS;LLAVERO;20990;21990;;21990;21990;;Ventas;;Mercaderías;;Costo de la mercadería;
Producto;Si;No;Si;LLAVERO KAREN VERDE/OLIVE;OT020480310-16;Unidad;ACCESORIOS;LLAVERO;20990;21990;;21990;21990;;Ventas;;Mercaderías;;Costo de la mercadería;
Producto;Si;No;Si;NECESSAIRE TOM BRIDGE ROJO;MC020010307;Unidad;MARRO CHICA;NECESSAIRE;51990;51990;;51990;51990;;Ventas;;Mercaderías;;Costo de la mercadería;
Producto;Si;No;Si;NECESSAIRE TOM BRIDGE CHOCOLATE;MC020010352;Unidad;MARRO CHICA;NECESSAIRE;51990;51990;;51990;51990;;Ventas;;Mercaderías;;Costo de la mercadería;
Producto;Si;No;Si;NECESSAIRE TOM BRIDGE NEGRO;MC020010301;Unidad;MARRO CHICA;NECESSAIRE;51990;51990;;51990;51990;;Ventas;;Mercaderías;;Costo de la mercadería;
Producto;Si;No;Si;NECESSAIRE TOM BRIDGE CARAMELO;MC020010303;Unidad;MARRO CHICA;NECESSAIRE;51990;51990;;51990;51990;;Ventas;;Mercaderías;;Costo de la mercadería;
Producto;Si;No;Si;NECESSAIRE TOM BRIDGE TABACO;MC020010304;Unidad;MARRO CHICA;NECESSAIRE;51990;51990;;51990;51990;;Ventas;;Mercaderías;;Costo de la mercadería;
Producto;Si;No;Si;PHONEBAG TANIA GAMUZA OXIDO/CARAMELO;MG010650556-3;Unidad;MARRO GRANDE;PHONEBAG;39990;44990;;44990;44990;;Ventas;;Mercaderías;;Costo de la mercadería;
Producto;Si;No;Si;MONEDERO LUISA BRIDGE NEGRO;MC020790301;Unidad;MARRO CHICA;MONEDERO;65990;65990;;65990;65990;;Ventas;;Mercaderías;;Costo de la mercadería;
Producto;Si;No;Si;MONEDERO LUISA BRIDGE TABACO;MC020790304;Unidad;MARRO CHICA;MONEDERO;65990;65990;;65990;65990;;Ventas;;Mercaderías;;Costo de la mercadería;
Producto;Si;No;Si;MONEDERO LUISA NAPADO CARAMELO;MC020790103;Unidad;MARRO CHICA;MONEDERO;65990;65990;;65990;65990;;Ventas;;Mercaderías;;Costo de la mercadería;
Producto;Si;No;Si;MONEDERO LUISA BRIDGE MALBEC;MC020790315;Unidad;MARRO CHICA;MONEDERO;65990;65990;;65990;65990;;Ventas;;Mercaderías;;Costo de la mercadería;
Producto;Si;No;Si;MONEDERO LUISA BRIDGE ROJO;MC020790307;Unidad;MARRO CHICA;MONEDERO;65990;65990;;65990;65990;;Ventas;;Mercaderías;;Costo de la mercadería;
Producto;Si;No;Si;BANDOLERA NEW VICENTA DESCARNE ROSA;MG011093464;Unidad;MARRO GRANDE;BANDOLERA;81990;49990;;49990;49990;;Ventas;;Mercaderías;;Costo de la mercadería;
Producto;Si;No;Si;BANDOLERA NEW VICENTA DESCARNE AZUL;MG011093409;Unidad;MARRO GRANDE;BANDOLERA;81990;49990;;49990;49990;;Ventas;;Mercaderías;;Costo de la mercadería;
Producto;Si;No;Si;BANDOLERA NEW VICENTA GAMUZA VESUBIO;MG011090550;Unidad;MARRO GRANDE;BANDOLERA;81990;89990;;89990;89990;;Ventas;;Mercaderías;;Costo de la mercadería;
Producto;Si;No;Si;BANDOLERA NEW VICENTA NAPADO NEGRO;MG011090101;Unidad;MARRO GRANDE;BANDOLERA;89990;89990;;89990;89990;;Ventas;;Mercaderías;;Costo de la mercadería;
Producto;Si;No;Si;BANDOLERA NEW VICENTA NAPADO CARAMELO;MG011090103;Unidad;MARRO GRANDE;BANDOLERA;89990;89990;;89990;89990;;Ventas;;Mercaderías;;Costo de la mercadería;
Producto;Si;No;Si;MOCHILA ATLAS 1 FULL BLACK NAPADO NEGRO;MG011100101;Unidad;MARRO GRANDE;MOCHILA;310990;310990;;310990;310990;;Ventas;;Mercaderías;;Costo de la mercadería;
Producto;Si;No;Si;MOCHILA ATLAS 2 FULL BLACK NAPADO NEGRO;MG011110101;Unidad;MARRO GRANDE;MOCHILA;335990;335990;;335990;335990;;Ventas;;Mercaderías;;Costo de la mercadería;
Producto;Si;No;Si;PORTALAPTOP JOY FIORENTINO NEGRO;MG020551601;Unidad;MARRO GRANDE;PORTALAPTOP;66990;69990;;69990;69990;;Ventas;;Mercaderías;;Costo de la mercadería;
Producto;Si;No;Si;CARTERA LISBOA GAMUZA AZUL/TABACO;MG010830509-4;Unidad;MARRO GRANDE;CARTERA;75990;79990;;79990;79990;;Ventas;;Mercaderías;;Costo de la mercadería;
Producto;Si;No;Si;BANDOLERA NATY SIMPLE NAPADO MALBEC;MG010290115;Unidad;MARRO GRANDE;CARTERA;89990;89990;;89990;89990;;Ventas;;Mercaderías;;Costo de la mercadería;
Producto;Si;No;Si;CARTERA MINI EMMA NAPADO NEGRO;MG011120101;Unidad;MARRO GRANDE;CARTERA;119990;129990;;129990;129990;;Ventas;;Mercaderías;;Costo de la mercadería;
Producto;Si;No;Si;CARTERA MINI EMMA NAPADO SUELA;MG011120102;Unidad;MARRO GRANDE;CARTERA;119990;129990;;129990;129990;;Ventas;;Mercaderías;;Costo de la mercadería;
Producto;Si;No;Si;CARTERA MINI EMMA NAPADO CARAMELO;MG011120103;Unidad;MARRO GRANDE;CARTERA;119990;129990;;129990;129990;;Ventas;;Mercaderías;;Costo de la mercadería;
Producto;Si;No;Si;BOTINERO MARCOS 30 BRIDGE TABACO;MG010210304;Unidad;MARRO GRANDE;NECESSAIRE;125990;125990;;125990;125990;;Ventas;;Mercaderías;;Costo de la mercadería;
Producto;Si;No;Si;BOTINERO MARCOS 30 BRIDGE CARAMELO;MG010210303;Unidad;MARRO GRANDE;NECESSAIRE;125990;125990;;125990;125990;;Ventas;;Mercaderías;;Costo de la mercadería;
Producto;Si;No;Si;BOTINERO MARCOS 30 BRIDGE CHOCOLATE;MG010210352;Unidad;MARRO GRANDE;NECESSAIRE;125990;125990;;125990;125990;;Ventas;;Mercaderías;;Costo de la mercadería;
Producto;Si;No;Si;BOTINERO MARCOS 30 BRIDGE MALBEC;MG010210315;Unidad;MARRO GRANDE;NECESSAIRE;125990;125990;;125990;125990;;Ventas;;Mercaderías;;Costo de la mercadería;
Producto;Si;No;Si;BOTINERO MARCOS 30 GAMUZA CAFE/NEGRO;MG010210558-1;Unidad;MARRO GRANDE;NECESSAIRE;125990;125990;;125990;125990;;Ventas;;Mercaderías;;Costo de la mercadería;
Producto;Si;No;Si;BOTINERO MARCOS 30 GAMUZA CAFE/TABACO;MG010210558-4;Unidad;MARRO GRANDE;NECESSAIRE;125990;125990;;125990;125990;;Ventas;;Mercaderías;;Costo de la mercadería;
Producto;Si;No;Si;BOTINERO MARCOS 30 GAMUZA AZUL/CARAMELO;MG010210509-3;Unidad;MARRO GRANDE;NECESSAIRE;125990;125990;;125990;125990;;Ventas;;Mercaderías;;Costo de la mercadería;
Producto;Si;No;Si;PORTAFOLIO VENUS CH GAMUZA/BRIDGE AZUL/CARAMELO;MG010770309-3;Unidad;MARRO GRANDE;PORTAFOLIO;259990;269990;;269990;269990;;Ventas;;Mercaderías;;Costo de la mercadería;
Producto;Si;No;Si;PORTAFOLIO VENUS CH GAMUZA/BRIDGE OLIVE/TABACO;MG010770516-4;Unidad;MARRO GRANDE;PORTAFOLIO;259990;269990;;269990;269990;;Ventas;;Mercaderías;;Costo de la mercadería;
Producto;Si;No;Si;PORTAFOLIO VENUS CH GAMUZA/BRIDGE GRIS MEDIO/CARAMELO;MG010770517-3;Unidad;MARRO GRANDE;PORTAFOLIO;259990;269990;;269990;269990;;Ventas;;Mercaderías;;Costo de la mercadería;
Producto;Si;No;Si;PORTAFOLIO VENUS CH GAMUZA/BRIDGE VESUBIO/TABACO;MG010770550-4;Unidad;MARRO GRANDE;PORTAFOLIO;259990;269990;;269990;269990;;Ventas;;Mercaderías;;Costo de la mercadería;
Producto;Si;No;Si;MONEDERO CIRCULAR IGUANA NEGRO;MC020800701;Unidad;MARRO CHICA;MONEDRO;49990;49990;;49990;49990;;Ventas;;Mercaderías;;Costo de la mercadería;
Producto;Si;No;Si;MONEDERO CIRCULAR IGUANA ROJO;MC020800707;Unidad;MARRO CHICA;MONEDRO;49990;49990;;49990;49990;;Ventas;;Mercaderías;;Costo de la mercadería;
Producto;Si;No;Si;MONEDERO CIRCULAR IGUANA CARAMELO;MC020800703;Unidad;MARRO CHICA;MONEDERO;49990;49990;;49990;49990;;Ventas;;Mercaderías;;Costo de la mercadería;
Producto;Si;No;Si;SET POSAVASOS CUADRADO X4 BRIDGE NEGRO;MC020810301;Unidad;MARRO CHICA;POSAVASOS;35990;35990;;35990;35990;;Ventas;;Mercaderías;;Costo de la mercadería;
Producto;Si;No;Si;SET POSAVASOS CUADRADO X4 BRIDGE TABACO;MC020810304;Unidad;MARRO CHICA;POSAVASOS;35990;35990;;35990;35990;;Ventas;;Mercaderías;;Costo de la mercadería;
Producto;Si;No;Si;SET POSAVASOS CUADRADO X4 BRIDGE ROJO;MC020810307;Unidad;DECO;POSAVASOS;35990;35990;;35990;35990;;Ventas;;Mercaderías;;Costo de la mercadería;
Producto;Si;No;Si;SET POSAVASOS CUADRADO X4 NAPADO NEGRO;MC020810101;Unidad;DECO;POSAVASOS;35990;35990;;35990;35990;;Ventas;;Mercaderías;;Costo de la mercadería;
Producto;Si;No;Si;SET POSAVASOS CUADRADO X4 NAPADO SUELA;MC020810102;Unidad;DECO;POSAVASOS;35990;35990;;35990;35990;;Ventas;;Mercaderías;;Costo de la mercadería;
Producto;Si;No;Si;SET POSAVASOS CUADRADO X4 NAPADO CARAMELO;MC020810103;Unidad;DECO;POSAVASOS;35990;35990;;35990;35990;;Ventas;;Mercaderías;;Costo de la mercadería;
Producto;Si;No;Si;SET POSAVASOS CUADRADO X4 NAPADO TABACO;MC020810104;Unidad;DECO;POSAVASOS;35990;35990;;35990;35990;;Ventas;;Mercaderías;;Costo de la mercadería;
Producto;Si;No;Si;MOCHILA PORTIA BRIDGE CHOCOLATE;MG010790352;Unidad;MARRO GRANDE;MOCHILA;279990;299990;;299990;299990;;Ventas;;Mercaderías;;Costo de la mercadería;
Producto;Si;No;Si;CARTERA LEANDRA NAPADO NEGRO;MG011050101;Unidad;MARRO GRANDE;CARTERA;8990;109990;;109990;109990;;Ventas;;Mercaderías;;Costo de la mercadería;
Producto;Si;No;Si;CARTERA LEANDRA NAPADO MALBEC;MG011050115;Unidad;MARRO GRANDE;CARTERA;89990;109990;;109990;109990;;Ventas;;Mercaderías;;Costo de la mercadería;
Producto;Si;No;Si;PORTALAPTOP ELOY FIORENTINO NEGRO;MG020561601;Unidad;MARRO GRANDE;PORTALAPTOP;83990;84990;;84990;84990;;Ventas;;Mercaderías;;Costo de la mercadería;
Producto;Si;No;Si;PORTALAPTOP MILTON FIORENTINO NEGRO;MG011071601;Unidad;MARRO GRANDE;PORTALAPTOP;69990;74990;;74990;74990;;Ventas;;Mercaderías;;Costo de la mercadería;
Producto;Si;No;Si;PORTAFOLIO RUBEN BRIDGE CHOCOLATE;MG010420352;Unidad;MARRO GRANDE;PORTAFOLIO;325990;349990;;349990;349990;;Ventas;;Mercaderías;;Costo de la mercadería;
Producto;Si;No;Si;BANDOLERA LENA NAPADO MALBEC;MG020570115;Unidad;MARRO GRANDE;BANDOLERA;189990;199990;;199990;199990;;Ventas;;Mercaderías;;Costo de la mercadería;
Producto;Si;No;Si;TARJETERO PISCIS BRIDGE TABACO;MC020500304;Unidad;MARRO CHICA;TARJETERO;6990;6990;;6990;6990;;Ventas;;Mercaderías;;Costo de la mercadería;
Producto;Si;No;Si;TARJETERO PISCIS FIORENTINO CEDRO;MC020501623;Unidad;MARRO CHICA;TARJETERO;6990;6990;;6990;6990;;Ventas;;Mercaderías;;Costo de la mercadería;
Producto;Si;No;Si;PORTALAPICERAS BRIDGE NEGRO;MC020650301;Unidad;MARRO CHICA;PORTALAPICERAS;12990;12990;;12990;12990;;Ventas;;Mercaderías;;Costo de la mercadería;
Producto;Si;No;Si;PORTALAPICERAS BRIDGE CHOCOLATE;MC020650352;Unidad;MARRO CHICA;PORTALAPICERAS;12990;12990;;12990;12990;;Ventas;;Mercaderías;;Costo de la mercadería;
Producto;Si;No;Si;PORTALAPICERAS BRIDGE CARAMELO;MC020650303;Unidad;MARRO CHICA;PORTALAPICERAS;12990;12990;;12990;12990;;Ventas;;Mercaderías;;Costo de la mercadería;
Producto;Si;No;Si;PORTALAPICERAS BRIDGE MALBEC;MC020650315;Unidad;MARRO CHICA;PORTALAPICERAS;12990;12990;;12990;12990;;Ventas;;Mercaderías;;Costo de la mercadería;
Producto;Si;No;Si;PORTALAPICERAS BRIDGE ROJO;MC020650307;Unidad;MARRO CHICA;PORTALAPICERAS;12990;12990;;12990;12990;;Ventas;;Mercaderías;;Costo de la mercadería;
Producto;Si;No;Si;CARTERA EMILIA DUNA NEGRO;MG011131201;Unidad;MARRO GRANDE;CARTERA;210990;219990;;219990;219990;;Ventas;;Mercaderías;;Costo de la mercadería;
Producto;Si;No;Si;CARTERA EMILIA NAPADO MALBEC;MG011130115;Unidad;MARRO GRANDE;CARTERA;210990;219990;;219990;219990;;Ventas;;Mercaderías;;Costo de la mercadería;
Producto;Si;No;Si;CARTERA EMILIA NAPADO CARAMELO;MG011130103;Unidad;MARRO GRANDE;CARTERA;210990;219990;;219990;219990;;Ventas;;Mercaderías;;Costo de la mercadería;
Producto;Si;No;Si;CARTERA EMILIA CRASH BLACK;MG011133344;Unidad;MARRO GRANDE;CARTERA;210990;219990;;219990;219990;;Ventas;;Mercaderías;;Costo de la mercadería;
Producto;Si;No;Si;MONEDERO AMBAR NAPADO ROJO;MC020660107;Unidad;MARRO CHICA;MONEDERO;44990;55990;;55990;55990;;Ventas;;Mercaderías;;Costo de la mercadería;
Producto;Si;No;Si;BILLETERA ADAM BRIDGE CHOCOLATE;MC020700352;Unidad;MARRO CHICA;BILLETERA;62990;65990;;65990;65990;;Ventas;;Mercaderías;;Costo de la mercadería;
Producto;Si;No;Si;CAMISA ALASKA VIYELA ROJO 38;TX240293907-38;Unidad;TEXTIL;CAMISA;0;69990;;69990;69990;;Ventas;;Mercaderías;;Costo de la mercadería;
Producto;Si;No;Si;CAMISA ALASKA VIYELA ROJO 40;TX240293907-40;Unidad;TEXTIL;CAMISA;0;69990;;69990;69990;;Ventas;;Mercaderías;;Costo de la mercadería;
Producto;Si;No;Si;CAMISA ALASKA VIYELA ROJO 42;TX240293907-42;Unidad;TEXTIL;CAMISA;0;69990;;69990;69990;;Ventas;;Mercaderías;;Costo de la mercadería;
Producto;Si;No;Si;CAMISA ALASKA VIYELA ROJO 44;TX240293907-44;Unidad;TEXTIL;CAMISA;0;69990;;69990;69990;;Ventas;;Mercaderías;;Costo de la mercadería;
Producto;Si;No;Si;CAMISA ALASKA VIYELA ROJO 46;TX240293907-46;Unidad;TEXTIL;CAMISA;0;69990;;69990;69990;;Ventas;;Mercaderías;;Costo de la mercadería;
Producto;Si;No;Si;CAMISA ALASKA VIYELA ROJO 48;TX240293907-48;Unidad;TEXTIL;CAMISA;0;69990;;69990;69990;;Ventas;;Mercaderías;;Costo de la mercadería;
Producto;Si;No;Si;CAMISA ALASKA VIYELA ROJO 50;TX240293907-50;Unidad;TEXTIL;CAMISA;0;69990;;69990;69990;;Ventas;;Mercaderías;;Costo de la mercadería;
Producto;Si;No;Si;CAMISA ALASKA VIYELA ROSA 38;TX240293946-38;Unidad;TEXTIL;CAMISA;0;69990;;69990;69990;;Ventas;;Mercaderías;;Costo de la mercadería;
Producto;Si;No;Si;CAMISA ALASKA VIYELA ROSA 40;TX240293946-40;Unidad;TEXTIL;CAMISA;0;69990;;69990;69990;;Ventas;;Mercaderías;;Costo de la mercadería;
Producto;Si;No;Si;CAMISA ALASKA VIYELA ROSA 42;TX240293946-42;Unidad;TEXTIL;CAMISA;0;69990;;69990;69990;;Ventas;;Mercaderías;;Costo de la mercadería;
Producto;Si;No;Si;CAMISA ALASKA VIYELA ROSA 44;TX240293946-44;Unidad;TEXTIL;CAMISA;0;69990;;69990;69990;;Ventas;;Mercaderías;;Costo de la mercadería;
Producto;Si;No;Si;CAMISA ALASKA VIYELA ROSA 48;TX240293946-48;Unidad;TEXTIL;CAMISA;0;69990;;69990;69990;;Ventas;;Mercaderías;;Costo de la mercadería;
Producto;Si;No;Si;CAMISA ALASKA VIYELA ROSA 50;TX240293946-50;Unidad;TEXTIL;CAMISA;0;69990;;69990;69990;;Ventas;;Mercaderías;;Costo de la mercadería;
Producto;Si;No;Si;CAMISA ALASKA 607 VERDE VIYELA 38;TX240293910-38;Unidad;TEXTIL;CAMISA;0;69990;;69990;69990;;Ventas;;Mercaderías;;Costo de la mercadería;
Producto;Si;No;Si;CAMISA ALASKA 607 VIYELA VERDE 40;TX240293910-40;Unidad;TEXTIL;CAMISA;0;69990;;69990;69990;;Ventas;;Mercaderías;;Costo de la mercadería;
Producto;Si;No;Si;CAMISA ALASKA 607 VIYELA VERDE 42;TX240293910-42;Unidad;TEXTIL;CAMISA;0;69990;;69990;69990;;Ventas;;Mercaderías;;Costo de la mercadería;
Producto;Si;No;Si;CAMISA ALASKA 607 VIYELA VERDE 44;TX240293910-44;Unidad;TEXTIL;CAMISA;0;69990;;69990;69990;;Ventas;;Mercaderías;;Costo de la mercadería;
Producto;Si;No;Si;CAMISA ALASKA 607 VIYELA VERDE 46;TX240293910-46;Unidad;TEXTIL;CAMISA;0;69990;;69990;69990;;Ventas;;Mercaderías;;Costo de la mercadería;
Producto;Si;No;Si;CAMISA ALASKA 607 VIYELA VERDE 48;TX240293910-48;Unidad;TEXTIL;CAMISA;0;69990;;69990;69990;;Ventas;;Mercaderías;;Costo de la mercadería;
Producto;Si;No;Si;CAMISA ALASKA 607 VIYELA VERDE 50;TX240293910-50;Unidad;TEXTIL;CAMISA;0;69990;;69990;69990;;Ventas;;Mercaderías;;Costo de la mercadería;
Producto;Si;No;Si;CAMISA ALASKA 609 VIYELA VERDE 38;TX240303910-38;Unidad;TEXTIL;CAMISA;0;69990;;69990;69990;;Ventas;;Mercaderías;;Costo de la mercadería;
Producto;Si;No;Si;CAMISA ALASKA 609 VIYELA VERDE 40;TX240303910-40;Unidad;TEXTIL;CAMISA;0;69990;;69990;69990;;Ventas;;Mercaderías;;Costo de la mercadería;
Producto;Si;No;Si;CAMISA ALASKA 609 VIYELA VERDE 42;TX240303910-42;Unidad;TEXTIL;CAMISA;0;69990;;69990;69990;;Ventas;;Mercaderías;;Costo de la mercadería;
Producto;Si;No;Si;CAMISA ALASKA 609 VIYELA VERDE 44;TX240303910-44;Unidad;TEXTIL;CAMISA;0;69990;;69990;69990;;Ventas;;Mercaderías;;Costo de la mercadería;
Producto;Si;No;Si;CAMISA ALASKA 609 VIYELA VERDE 46;TX240303910-46;Unidad;TEXTIL;CAMISA;0;69990;;69990;69990;;Ventas;;Mercaderías;;Costo de la mercadería;
Producto;Si;No;Si;CAMISA ALASKA 609 VIYELA VERDE 48;TX240303910-48;Unidad;TEXTIL;CAMISA;0;69990;;69990;69990;;Ventas;;Mercaderías;;Costo de la mercadería;
Producto;Si;No;Si;CAMISA ALASKA 609 VIYELA VERDE 50;TX240303910-50;Unidad;TEXTIL;CAMISA;0;69990;;69990;69990;;Ventas;;Mercaderías;;Costo de la mercadería;
Producto;Si;No;Si;CAMISA ALASKA VIYELA ROSA 46;TX240293946-46;Unidad;TEXTIL;CAMISA;0;69990;;69990;69990;;Ventas;;Mercaderías;;Costo de la mercadería;
Producto;Si;No;Si;CARTERA MINI EMMA NAPADO ROJO;MG011120107;Unidad;MARRO GRANDE;CARTERA;119990;129990;;129990;129990;;Ventas;;Mercaderías;;Costo de la mercadería;
Producto;Si;No;Si;CARTERA MINI EMMA NAPADO MALBEC;MG011120115;Unidad;MARRO GRANDE;CARTERA;119990;129990;;129990;129990;;Ventas;;Mercaderías;;Costo de la mercadería;
Producto;Si;No;Si;CARTERA AMARILLA SET SOBRE PELO HEREFORD;MG010713139;Unidad;MARRO GRANDE;CARTERA;165990;159990;;159990;159990;;Ventas;;Mercaderías;;Costo de la mercadería;
Producto;Si;No;Si;CARTERA AMARILLA SET SOBRE PELO HOLANDO;MG010713140;Unidad;MARRO GRANDE;CARTERA;165990;159990;;159990;159990;;Ventas;;Mercaderías;;Costo de la mercadería;
Producto;Si;No;Si;BOLSO TUBO GRANDE PELO MARRON ROJIZO;MG010103148;Unidad;MARRO GRANDE;BOLSO;399990;429990;;429990;429990;;Ventas;;Mercaderías;;Costo de la mercadería;
Producto;Si;No;Si;BOLSA PARA BILLETERAS CH LIENZO CRUDO;OT120560000;Unidad;DECO;REGALO;0;0;;0;0;;Ventas;;Mercaderías;;Costo de la mercadería;
Producto;Si;No;Si;BOLSA PARA BILLETERAS GDE LIENZO CRUDO;OT120550000;Unidad;DECO;REGALO;0;0;;0;0;;Ventas;;Mercaderías;;Costo de la mercadería;
Producto;Si;No;Si;BANDOLERA NEW VICENTA NAPADO SUELA;MG011090102;Unidad;MARRO GRANDE;BANDOLERA;89990;89990;;89990;89990;;Ventas;;Mercaderías;;Costo de la mercadería;
Producto;Si;No;Si;BANDOLERA NEW VICENTA VINTAGE MEDIO;MG011093242;Unidad;MARRO GRANDE;BANDOLERA;89990;49990;;49990;49990;;Ventas;;Mercaderías;;Costo de la mercadería;
Producto;Si;No;Si;BANDOLERA NATY SIMPLE NAPADO SUELA;MG010290102;Unidad;MARRO GRANDE;BANDOLERA;89990;89990;;89990;89990;;Ventas;;Mercaderías;;Costo de la mercadería;
Producto;Si;No;Si;SET POSAVASOS CIRCULAR X4 BRIDGE NEGRO;MC020820301;Unidad;DECO;POSAVASOS;39990;39990;;39990;39990;;Ventas;;Mercaderías;;Costo de la mercadería;
Producto;Si;No;Si;SET POSAVASOS CIRCULAR X4 BRIDGE TABACO;MC020820304;Unidad;DECO;POSAVASOS;39990;39990;;39990;39990;;Ventas;;Mercaderías;;Costo de la mercadería;
Producto;Si;No;Si;SET POSAVASOS CIRCULAR X4 BRIDGE ROJO;MC020820307;Unidad;DECO;POSAVASOS;39990;39990;;39990;39990;;Ventas;;Mercaderías;;Costo de la mercadería;
Producto;Si;No;Si;SET POSAVASOS CIRCULAR X4 NAPADO NEGRO;MC020820101;Unidad;DECO;POSAVASOS;39990;39990;;39990;39990;;Ventas;;Mercaderías;;Costo de la mercadería;
Producto;Si;No;Si;SET POSAVASOS CIRCULAR X4 NAPADO CARAMELO;MC020820103;Unidad;DECO;POSAVASOS;39990;39990;;39990;39990;;Ventas;;Mercaderías;;Costo de la mercadería;
Producto;Si;No;Si;SET POSAVASOS CIRCULAR X4 NAPADO TABACO;MC020820104;Unidad;DECO;POSAVASOS;39990;39990;;39990;39990;;Ventas;;Mercaderías;;Costo de la mercadería;
Producto;Si;No;Si;SET POSAVASOS CIRCULAR X4 NAPADO SUELA;MC020820102;Unidad;DECO;POSAVASOS;39990;39990;;39990;39990;;Ventas;;Mercaderías;;Costo de la mercadería;
Producto;Si;No;Si;SET POSAVASOS CIRCULAR X4 NAPADO MALBEC;MC020820115;Unidad;DECO;POSAVASOS;39990;39990;;39990;39990;;Ventas;;Mercaderías;;Costo de la mercadería;
Producto;Si;No;Si;PORTACABLES 2 VINTAGE MEDIO;MC020613242;Unidad;MARRO CHICA;PORTACABLES;7990;7990;;7990;7990;;Ventas;;Mercaderías;;Costo de la mercadería;
Producto;Si;No;Si;BANDOLERA AMALIA SALLY NEGRO;MG100872201;Unidad;MARRO GRANDE;BANDOLERA;0;59990;;59990;59990;;Ventas;;Mercaderías;;Costo de la mercadería;
Producto;Si;No;Si;MOCHILA JUANA SALLY WHISKY;MG100942225;Unidad;MARRO GRANDE;MOCHILA;0;89990;;89990;89990;;Ventas;;Mercaderías;;Costo de la mercadería;
Producto;Si;No;Si;MOCHILA JUANA SALLY SUELA;MG100942202;Unidad;MARRO GRANDE;MOCHILA;0;89990;;89990;89990;;Ventas;;Mercaderías;;Costo de la mercadería;
Producto;Si;No;Si;MOCHILA JUANA MACEIO COTTON;MG100942129;Unidad;MARRO GRANDE;MOCHILA;0;89990;;89990;89990;;Ventas;;Mercaderías;;Costo de la mercadería;
Producto;Si;No;Si;MOCHILA ANA MACEIO COTTON;MG101212129;Unidad;MARRO GRANDE;MOCHILA;0;109990;;109990;109990;;Ventas;;Mercaderías;;Costo de la mercadería;
Producto;Si;No;Si;MOCHILA ANA SALLY NEGRO;MG101212201;Unidad;MARRO GRANDE;MOCHILA;0;109990;;109990;109990;;Ventas;;Mercaderías;;Costo de la mercadería;
Producto;Si;No;Si;MOCHILA ANA SALLY SUELA;MG101212202;Unidad;MARRO GRANDE;MOCHILA;0;109990;;109990;109990;;Ventas;;Mercaderías;;Costo de la mercadería;
Producto;Si;No;Si;MOCHILA ANA SALLY WHISKY;MG101212225;Unidad;MARRO GRANDE;MOCHILA;0;109990;;109990;109990;;Ventas;;Mercaderías;;Costo de la mercadería;
Producto;Si;No;Si;BILLETERA ARLO NAPADO NEGRO;MC020830101;Unidad;MARRO CHICA;BILLETERA;61990;65990;;65990;65990;;Ventas;;Mercaderías;;Costo de la mercadería;
Producto;Si;No;Si;BILLETERA ARLO NAPADO AZUL;MC020830109;Unidad;MARRO CHICA;BILLETERA;61990;65990;;65990;65990;;Ventas;;Mercaderías;;Costo de la mercadería;
Producto;Si;No;Si;BILLETERA ARLO NAPADO VERDE;MC020830110;Unidad;MARRO CHICA;BILLETERA;61990;65990;;65990;65990;;Ventas;;Mercaderías;;Costo de la mercadería;
Producto;Si;No;Si;BILLETERA ARLO BRIDGE NEGRO;MC020830301;Unidad;MARRO CHICA;BILLETERA;61990;65990;;65990;65990;;Ventas;;Mercaderías;;Costo de la mercadería;
Producto;Si;No;Si;BILLETERA ARLO BRIDGE CARAMELO;MC020830303;Unidad;MARRO CHICA;BILLETERA;61990;65990;;65990;65990;;Ventas;;Mercaderías;;Costo de la mercadería;
Producto;Si;No;Si;BILLETERA ARLO BRIDGE TABACO;MC020830304;Unidad;MARRO CHICA;BILLETERA;61990;65990;;65990;65990;;Ventas;;Mercaderías;;Costo de la mercadería;
Producto;Si;No;Si;BILLETERA ARLO BRIDGE CHOCOLATE;MC020830352;Unidad;MARRO CHICA;BILLETERA;61990;65990;;65990;65990;;Ventas;;Mercaderías;;Costo de la mercadería;
Producto;Si;No;Si;CARTERA AMARILLA C/CIERRE VINTAGE MEDIO;MG010923242;Unidad;MARRO GRANDE;CARTERA;165990;159990;;159990;159990;;Ventas;;Mercaderías;;Costo de la mercadería;
Producto;Si;No;Si;NECESSAIRE TOM DUNA NEGRO;MC020011201;Unidad;MARRO CHICA;necessaire;51990;51990;;51990;51990;;Ventas;;Mercaderías;;Costo de la mercadería;
Producto;Si;No;Si;CAMISA ALGODÓN BEIGE 42;TX240353711-42;Unidad;TEXTIL;CAMISA;99990;69990;;69990;69990;;Ventas;;Mercaderías;;Costo de la mercadería;
Producto;Si;No;Si;CAMISA ALGODÓN CELESTE 46;TX240363709-46;Unidad;TEXTIL;CAMISA;99990;69990;;69990;69990;;Ventas;;Mercaderías;;Costo de la mercadería;
?Producto;Si;No;Si;PRODUCTO OUTLET 64990;OUT64990;Unidad;OUTLET;;64990;64990;;64990;64990;;Ventas;;Mercaderías;;Costo de la mercadería;
Producto;Si;No;Si;BANDOLERA NEW VICENTA NAPADO MALBEC;MG011090115;Unidad;MARRO GRANDE;BANDOLERA;89990;89990;;89990;89990;;Ventas;;Mercaderías;;Costo de la mercadería;
Producto;Si;No;Si;CARTERA LISBOA NAPADO MALBEC;MG010830115;Unidad;MARRO GRANDE;CARTERA;75990;79990;;79990;79990;;Ventas;;Mercaderías;;Costo de la mercadería;
Producto;Si;No;Si;BILLETERA FICHERO DUNA NEGRO;MC020371201;Unidad;MARRO CHICA;BILLETERA;99990;112990;;112990;112990;;Ventas;;Mercaderías;;Costo de la mercadería;
Producto;Si;No;Si;LLAVERO MIRLO NAPADO NEGRO;OT020570101;Unidad;ACCESORIOS;LLAVERO;0;9990;;9990;9990;;Ventas;;Mercaderías;;Costo de la mercadería;
Producto;Si;No;Si;LLAVERO MIRLO NAPADO SUELA;OT020570102;Unidad;ACCESORIOS;LLAVERO;0;9990;;9990;9990;;Ventas;;Mercaderías;;Costo de la mercadería;
Producto;Si;No;Si;LLAVERO MIRLO NAPADO CARAMELO;OT020570103;Unidad;ACCESORIOS;LLAVERO;0;9990;;9990;9990;;Ventas;;Mercaderías;;Costo de la mercadería;
Producto;Si;No;Si;LLAVERO MIRLO NAPADO ROJO;OT020570107;Unidad;ACCESORIOS;LLAVERO;0;9990;;9990;9990;;Ventas;;Mercaderías;;Costo de la mercadería;
Producto;Si;No;Si;LLAVERO MIRLO NAPADO AZUL;OT020570109;Unidad;ACCESORIOS;LLAVERO;0;9990;;9990;9990;;Ventas;;Mercaderías;;Costo de la mercadería;
Producto;Si;No;Si;LLAVERO MIRLO NAPADO VERDE;OT020570110;Unidad;ACCESORIOS;LLAVERO;0;9990;;9990;9990;;Ventas;;Mercaderías;;Costo de la mercadería;
Producto;Si;No;Si;PRODUCTO OUTLET 79990;OUT79990;Unidad;OUTLET;OUTLET;79990;79990;;79990;79990;;Ventas;;Mercaderías;;Costo de la mercadería;
Producto;Si;No;Si;PRODUCTO OUTLET 229990;OUT229990;Unidad;OUTLET;OUTLET;229990;229990;;229990;229990;;Ventas;;Mercaderías;;Costo de la mercadería;
Producto;Si;No;Si;MONEDERO AMBAR DUNA NEGRO;MC020661201;Unidad;MARRO CHICA;MONEDERO;44990;55990;;55990;55990;;Ventas;;Mercaderías;;Costo de la mercadería;
Producto;Si;No;Si;CARTERA AMARILLA SET SOBRE PELO BEIGE;MG010713111;Unidad;MARRO GRANDE;CARTERA;165990;159990;;159990;159990;;Ventas;;Mercaderías;;Costo de la mercadería;
Producto;Si;No;Si;BOLSO TUBO GRANDE PELO/BR  MARRON/TABACO;MG010103163-4;Unidad;MARRO GRANDE;BOLSO;399999;429990;;429990;429990;;Ventas;;Mercaderías;;Costo de la mercadería;
Producto;Si;No;Si;PORTAPASAPORTE RON CRASH DARK BLUE;MC020123347;Unidad;;PORTAPASAPORTE;14990;15990;;15990;15990;;Ventas;;Mercaderías;;Costo de la mercadería;
Producto;Si;No;Si;BILLETERA LIAM NAPADO CHOCOLATE;MC020440152;Unidad;MARRO CHICA;BILLETERA;81990;89990;;89990;89990;;Ventas;;Mercaderías;;Costo de la mercadería;
Producto;Si;No;Si;BILLETERA LIAM DUNA NEGRO;MC020441201;Unidad;MARRO CHICA;BILLETERA;81990;89990;;89990;89990;;Ventas;;Mercaderías;;Costo de la mercadería;
Producto;Si;No;Si;CINTURON TOKIO ALGODON CARAMELO/VERDE 110;OT020580310-110;Unidad;CINTURON;CINTURON;34990;29990;;29990;29990;;Ventas;;Mercaderías;;Costo de la mercadería;
Producto;Si;No;Si;CINTURON TOKIO ALGODON CARAMELO/VERDE 130;OT020580310-130;Unidad;CINTURON;CINTURON;34990;29990;;29990;29990;;Ventas;;Mercaderías;;Costo de la mercadería;
Producto;Si;No;Si;MONEDERO GRACE CRASH BLUE DARK;MC020293347;Unidad;MARRO CHICA;MONEDERO;23990;26990;;26990;26990;;Ventas;;Mercaderías;;Costo de la mercadería;
Producto;Si;No;Si;REMERA AMADEO CUELLO REDONDO ALGODON PIMA NEGRO S;TX250314001-S;Unidad;TEXTIL;REMERA;49990;49990;;49990;49990;;Ventas;;Mercaderías;;Costo de la mercadería;
Producto;Si;No;Si;REMERA AMADEO CUELLO REDONDO ALGODON PIMA NEGRO M;TX250314001-M;Unidad;TEXTIL;REMERA;49990;49990;;49990;49990;;Ventas;;Mercaderías;;Costo de la mercadería;
Producto;Si;No;Si;REMERA AMADEO CUELLO REDONDO ALGODON PIMA NEGRO L;TX250314001-L;Unidad;TEXTIL;REMERA;49990;49990;;49990;49990;;Ventas;;Mercaderías;;Costo de la mercadería;
Producto;Si;No;Si;REMERA AMADEO CUELLO REDONDO ALGODÓN PIMA NEGRO XL;TX250314001-XL;Unidad;TEXTIL;REMERA;49990;49990;;49990;49990;;Ventas;;Mercaderías;;Costo de la mercadería;
Producto;Si;No;Si;REMERA AMADEO CUELLO REDONDO ALGODON PIMA NEGRO XXL;TX250314001-XXL;Unidad;TEXTIL;REMERA;49990;49990;;49990;49990;;Ventas;;Mercaderías;;Costo de la mercadería;
Producto;Si;No;Si;REMERA AMADEO CUELLO REDONDO ALGODON PIMA BLANCO S;TX250314000-S;Unidad;TEXTIL;REMERA;49990;49990;;49990;49990;;Ventas;;Mercaderías;;Costo de la mercadería;
Producto;Si;No;Si;REMERA AMADEO CUELLO REDONDO ALGODON PIMA BLANCO M;TX250314000-M;Unidad;TEXTIL;REMERA;49990;49990;;49990;49990;;Ventas;;Mercaderías;;Costo de la mercadería;
Producto;Si;No;Si;REMERA AMADEO CUELLO REDONDO ALGODON PIMA BLANCO L;TX250314000-L;Unidad;TEXTIL;REMERA;49990;49990;;49990;49990;;Ventas;;Mercaderías;;Costo de la mercadería;
Producto;Si;No;Si;REMERA AMADEO CUELLO REDONDO ALGODON PIMA BLANCO XL;TX250314000-XL;Unidad;TEXTIL;REMERA;49990;49990;;49990;49990;;Ventas;;Mercaderías;;Costo de la mercadería;
Producto;Si;No;Si;REMERA AMADEO CUELLO REDONDO ALGODON PIMA BLANCO XXL;TX250314000-XXL;Unidad;TEXTIL;REMERA;49990;49990;;49990;49990;;Ventas;;Mercaderías;;Costo de la mercadería;
Producto;Si;No;Si;REMERA AMADEO CUELLO REDONDO ALGODON PIMA CHARCOAL S;TX250314049-S;Unidad;TEXTIL;REMERA;49990;49990;;49990;49990;;Ventas;;Mercaderías;;Costo de la mercadería;
Producto;Si;No;Si;REMERA AMADEO CUELLO REDONDO ALGODON PIMA CHARCOAL M;TX250314049-M;Unidad;TEXTIL;REMERA;49990;49990;;49990;49990;;Ventas;;Mercaderías;;Costo de la mercadería;
Producto;Si;No;Si;REMERA AMADEO CUELLO REDONDO ALGODON PIMA CHARCOAL L;TX250314049-L;Unidad;TEXTIL;REMERA;49990;49990;;49990;49990;;Ventas;;Mercaderías;;Costo de la mercadería;
Producto;Si;No;Si;REMERA AMADEO CUELLO REDONDO ALGODON PIMA CHARCOAL XL;TX250314049-XL;Unidad;TEXTIL;REMERA;49990;49990;;49990;49990;;Ventas;;Mercaderías;;Costo de la mercadería;
Producto;Si;No;Si;REMERA AMADEO CUELLO REDONDO ALGODON PIMA CHARCOAL XXL;TX250314049-XXL;Unidad;TEXTIL;REMERA;49990;49990;;49990;49990;;Ventas;;Mercaderías;;Costo de la mercadería;
Producto;Si;No;Si;REMERA NOA CUELLO U ALGODON PIMA BLANCO S;TX250324000-S;Unidad;TEXTIL;REMERA U;49990;39990;;39990;39990;;Ventas;;Mercaderías;;Costo de la mercadería;
Producto;Si;No;Si;REMERA NOA CUELLO U ALGODON PIMA BLANCO M;TX250324000-M;Unidad;TEXTIL;REMERA;49990;39990;;39990;39990;;Ventas;;Mercaderías;;Costo de la mercadería;
Producto;Si;No;Si;REMERA NOA CUELLO U ALGODON PIMA BLANCO L;TX250324000-L;Unidad;TEXTIL;REMERA;49990;39990;;39990;39990;;Ventas;;Mercaderías;;Costo de la mercadería;
Producto;Si;No;Si;REMERA NOA CUELLO U ALGODON PIMA BLANCO XL;TX250324000-XL;Unidad;TEXTIL;REMERA;49990;39990;;39990;39990;;Ventas;;Mercaderías;;Costo de la mercadería;
Producto;Si;No;Si;REMERA NOA CUELLO U ALGODON PIMA BLANCO XS;TX250324000-XS;Unidad;TEXTIL;REMERA;49990;39990;;39990;39990;;Ventas;;Mercaderías;;Costo de la mercadería;
Producto;Si;No;Si;REMERA NOA CUELLO U ALGODON PIMA NEGRO XS;TX250324001-XS;Unidad;TEXTIL;REMERA;49990;39990;;39990;39990;;Ventas;;Mercaderías;;Costo de la mercadería;
Producto;Si;No;Si;REMERA NOA CUELLO U ALGODON PIMA NEGRO S;TX250324001-S;Unidad;TEXTIL;;49990;39990;;39990;39990;;Ventas;;Mercaderías;;Costo de la mercadería;
Producto;Si;No;Si;REMERA NOA CUELLO U ALGODON PIMA NEGRO M;TX250324001-M;Unidad;TEXTIL;;49990;39990;;39990;39990;;Ventas;;Mercaderías;;Costo de la mercadería;
Producto;Si;No;Si;REMERA NOA CUELLO U ALGODON PIMA NEGRO L;TX250324001-L;Unidad;TEXTIL;;49990;39990;;39990;39990;;Ventas;;Mercaderías;;Costo de la mercadería;
Producto;Si;No;Si;REMERA NOA CUELLO U ALGODON PIMA NEGRO XL;TX250324001-XL;Unidad;TEXTIL;;49990;39990;;39990;39990;;Ventas;;Mercaderías;;Costo de la mercadería;
Producto;Si;No;Si;REMERA DANA CUELLO REDONDO ALGODON PIMA BLANCO XS;TX250334000-XS;Unidad;TEXTIL;REMERA;49990;49990;;49990;49990;;Ventas;;Mercaderías;;Costo de la mercadería;
Producto;Si;No;Si;REMERA DANA CUELLO REDONDO ALGODON PIMA BLANCO S;TX250334000-S;Unidad;TEXTIL;;49990;49990;;49990;49990;;Ventas;;Mercaderías;;Costo de la mercadería;
Producto;Si;No;Si;REMERA DANA CUELLO REDONDO ALGODON PIMA BLANCO M;TX250334000-M;Unidad;TEXTIL;;49990;49990;;49990;49990;;Ventas;;Mercaderías;;Costo de la mercadería;
Producto;Si;No;Si;REMERA DANA CUELLO REDONDO ALGODON PIMA BLANCO L;TX250334000-L;Unidad;TEXTIL;;49990;49990;;49990;49990;;Ventas;;Mercaderías;;Costo de la mercadería;
Producto;Si;No;Si;REMERA DANA CUELLO REDONDO ALGODON PIMA BLANCO XL;TX250334000-XL;Unidad;TEXTIL;;49990;49990;;49990;49990;;Ventas;;Mercaderías;;Costo de la mercadería;
Producto;Si;No;Si;REMERA DANA CUELLO REDONDO ALGODON PIMA NEGRO XS;TX250334001-XS;Unidad;TEXTIL;;49990;49990;;49990;49990;;Ventas;;Mercaderías;;Costo de la mercadería;
Producto;Si;No;Si;REMERA DANA CUELLO REDONDO ALGODON PIMA NEGRO S;TX250334001-S;Unidad;TEXTIL;;49990;49990;;49990;49990;;Ventas;;Mercaderías;;Costo de la mercadería;
Producto;Si;No;Si;REMERA DANA CUELLO REDONDO ALGODON PIMA NEGRO M;TX250334001-M;Unidad;TEXTIL;;49990;49990;;49990;49990;;Ventas;;Mercaderías;;Costo de la mercadería;
Producto;Si;No;Si;REMERA DANA CUELLO REDONDO ALGODON PIMA NEGRO L;TX250334001-L;Unidad;TEXTIL;;49990;49990;;49990;49990;;Ventas;;Mercaderías;;Costo de la mercadería;
Producto;Si;No;Si;REMERA DANA CUELLO REDONDO ALGODON PIMA NEGRO XL;TX250334001-XL;Unidad;TEXTIL;;49990;49990;;49990;49990;;Ventas;;Mercaderías;;Costo de la mercadería;
Producto;Si;No;Si;REMERA DANA CUELLO REDONDO ALGODON PIMA HUESO XS;TX250334066-XS;Unidad;TEXTIL;;49990;49990;;49990;49990;;Ventas;;Mercaderías;;Costo de la mercadería;
Producto;Si;No;Si;REMERA DANA CUELLO REDONDO ALGODON PIMA HUESO S;TX250334066-S;Unidad;TEXTIL;;49990;49990;;49990;49990;;Ventas;;Mercaderías;;Costo de la mercadería;
Producto;Si;No;Si;REMERA DANA CUELLO REDONDO ALGODON PIMA HUESO M;TX250334066-M;Unidad;TEXTIL;;49990;49990;;49990;49990;;Ventas;;Mercaderías;;Costo de la mercadería;
Producto;Si;No;Si;REMERA DANA CUELLO REDONDO ALGODON PIMA HUESO L;TX250334066-L;Unidad;TEXTIL;;49990;49990;;49990;49990;;Ventas;;Mercaderías;;Costo de la mercadería;
Producto;Si;No;Si;REMERA DANA CUELLO REDONDO ALGODON PIMA HUESO XL;TX250334066-XL;Unidad;TEXTIL;;49990;49990;;49990;49990;;Ventas;;Mercaderías;;Costo de la mercadería;
Producto;Si;No;Si;REMERA DANA CUELLO REDONDO ALGODON PIMA CHARCOAL XS;TX250334049-XS;Unidad;TEXTIL;;49990;49990;;49990;49990;;Ventas;;Mercaderías;;Costo de la mercadería;
Producto;Si;No;Si;REMERA DANA CUELLO REDONDO ALGODON PIMA CHARCOAL S;TX250334049-S;Unidad;TEXTIL;;49990;49990;;49990;49990;;Ventas;;Mercaderías;;Costo de la mercadería;
Producto;Si;No;Si;REMERA DANA CUELLO REDONDO ALGODON PIMA CHARCOAL M;TX250334049-M;Unidad;TEXTIL;;49990;49990;;49990;49990;;Ventas;;Mercaderías;;Costo de la mercadería;
Producto;Si;No;Si;REMERA DANA CUELLO REDONDO ALGODON PIMA CHARCOAL L;TX250334049-L;Unidad;TEXTIL;;49990;49990;;49990;49990;;Ventas;;Mercaderías;;Costo de la mercadería;
Producto;Si;No;Si;REMERA DANA CUELLO REDONDO ALGODON PIMA CHARCOAL XL;TX250334049-XL;Unidad;TEXTIL;;49990;49990;;49990;49990;;Ventas;;Mercaderías;;Costo de la mercadería;
Producto;Si;No;Si;BANDOLERA NEW VICENTA NAPADO ROJO;MG011090107;Unidad;MARRO GRANDE;BANDOLERA;89990;89990;;89990;89990;;Ventas;;Mercaderías;;Costo de la mercadería;
Producto;Si;No;Si;CARTERA AMARILLA SET SOBRE MODENA VERDE;MG010711910;Unidad;MARRO GRANDE;CARTERA;165990;159990;;159990;159990;;Ventas;;Mercaderías;;Costo de la mercadería;
Producto;Si;No;Si;CARTERA LONDRES MODENA VERDE;MG010861910;Unidad;MARRO GRANDE;CARTERA;171990;184990;;184990;184990;;Ventas;;Mercaderías;;Costo de la mercadería;
Producto;Si;No;Si;CARTERA APHOLO C/CIERRE BRIDGE CHOCOLATE;MG010930352;Unidad;MARRO GRANDE;CARTERA;199990;199990;;199990;199990;;Ventas;;Mercaderías;;Costo de la mercadería;
Producto;Si;No;Si;TARJETERO HARRY MODENA VERDE;MC020151910;Unidad;MARRO CHICA;TARJETERO;26990;29990;;29990;29990;;Ventas;;Mercaderías;;Costo de la mercadería;
Producto;Si;No;Si;LLAVERO ABC (LETRA B) BR/GZA SUELA/OLIVE;OT020680302-16;Unidad;ACCESORIOS;LLAVERO;34990;29990;;29990;29990;;Ventas;;Mercaderías;;Costo de la mercadería;
Producto;Si;No;Si;"LLAVERO ABC (LETRA B)	BR/GZA CARAMELO/OXIDO";OT020680303-56;Unidad;ACCESORIOS;LLAVERO;34990;29990;;29990;29990;;Ventas;;Mercaderías;;Costo de la mercadería;
Producto;Si;No;Si;LLAVERO ABC (LETRA G) BR/GZA CARAMELO/OXIDO;OT020690303-56;Unidad;ACCESORIOS;LLAVERO;34990;29990;;29990;29990;;Ventas;;Mercaderías;;Costo de la mercadería;
Producto;Si;No;Si;"LLAVERO ABC (LETRA P)	BR/GZA MALBEC/AZUL";OT020700315-09;Unidad;ACCESORIOS;LLAVERO;34990;29990;;29990;29990;;Ventas;;Mercaderías;;Costo de la mercadería;
Producto;Si;No;Si;"LLAVERO ABC (LETRA M)	BR/GZA NEGRO/OXIDO";OT020710301-56;Unidad;ACCESORIOS;LLAVERO;34990;29990;;29990;29990;;Ventas;;Mercaderías;;Costo de la mercadería;
Producto;Si;No;Si;"LLAVERO ABC (LETRA M)	BR/GZA MALBEC/AZUL";OT020710315-09;Unidad;ACCESORIOS;LLAVERO;34990;29990;;29990;29990;;Ventas;;Mercaderías;;Costo de la mercadería;
Producto;Si;No;Si;"LLAVERO ABC (LETRA R)	BR/GZA CARAMELO/OXIDO";OT020720303-56;Unidad;ACCESORIOS;LLAVERO;34990;29990;;29990;29990;;Ventas;;Mercaderías;;Costo de la mercadería;
Producto;Si;No;Si;"LLAVERO ABC (LETRA V)	BR/GZA MALBEC/AZUL";OT020880315-09;Unidad;ACCESORIOS;LLAVERO;34990;29990;;29990;29990;;Ventas;;Mercaderías;;Costo de la mercadería;
Producto;Si;No;Si;FUNDA CUADERNO A6 BRIDGE MALBEC;MC020760315;Unidad;MARRO CHICA;FUNDA CUADERNO;36990;36990;;36990;36990;;Ventas;;Mercaderías;;Costo de la mercadería;
Producto;Si;No;Si;MONEDERO GRACE MODENA VERDE;MC020291210;Unidad;MARRO CHICA;MONEDERO;23990;26990;;26990;26990;;Ventas;;Mercaderías;;Costo de la mercadería;
Producto;Si;No;Si;TARJETERO ARIES MODENA VERDE;MC020101210;Unidad;MARRO CHICA;TARJETERO;9990;9990;;9990;9990;;Ventas;;Mercaderías;;Costo de la mercadería;
Producto;Si;No;Si;MOUSEPAD NAPADO ROJO;OT010400107;Unidad;MARRO CHICA;MOUSEPAD;16990;16990;;16990;16990;;Ventas;;Mercaderías;;Costo de la mercadería;
Producto;Si;No;Si;CAMISA RENZO ALGODON BLANCO S;TX290383700-S;Unidad;TEXTIL;CAMISA;0;69990;;69990;69990;;Ventas;;Mercaderías;;Costo de la mercadería;
Producto;Si;No;Si;CAMISA RENZO ALGODON BLANCO M;TX290383700-M;Unidad;TEXTIL;CAMISA;0;69990;;69990;69990;;Ventas;;Mercaderías;;Costo de la mercadería;
Producto;Si;No;Si;CAMISA RENZO ALGODON BLANCO L;TX290383700-L;Unidad;TEXTIL;CAMISA;0;69990;;69990;69990;;Ventas;;Mercaderías;;Costo de la mercadería;
Producto;Si;No;Si;CAMISA RENZO ALGODON BLANCO XL;TX290383700-XL;Unidad;TEXTIL;CAMISA;0;69990;;69990;69990;;Ventas;;Mercaderías;;Costo de la mercadería;
Producto;Si;No;Si;CAMISA RENZO ALGODON BLANCO XXL;TX290383700-XXL;Unidad;TEXTIL;CAMISA;0;69990;;69990;69990;;Ventas;;Mercaderías;;Costo de la mercadería;
Producto;Si;No;Si;"CHALINA EXEDRA	ALGODON OFF WHITE";TX300393700;Unidad;TEXTIL;CHALINA;29990;29990;;29990;29990;;Ventas;;Mercaderías;;Costo de la mercadería;
Producto;Si;No;Si;"CHALINA EXEDRA	ALGODON BEIGE";TX300393711;Unidad;TEXTIL;CHALINA;29990;29990;;29990;29990;;Ventas;;Mercaderías;;Costo de la mercadería;
Producto;Si;No;Si;CHALINA EXEDRA ALGODON GRIS;TX300393712;Unidad;TEXTIL;CHALINA;29990;29990;;29990;29990;;Ventas;;Mercaderías;;Costo de la mercadería;
Producto;Si;No;Si;CHALINA EXEDRA ALGODON CELESTE 537;TX300393769;Unidad;TEXTIL;CHALINA;29990;29990;;29990;29990;;Ventas;;Mercaderías;;Costo de la mercadería;
Producto;Si;No;Si;CHALINA EXEDRA ALGODON ROSA 5035;TX300393764;Unidad;TEXTIL;CHALINA;29990;29990;;29990;29990;;Ventas;;Mercaderías;;Costo de la mercadería;
Producto;Si;No;Si;CHALINA EXEDRA ALGODON NEGRO;TX300393701;Unidad;TEXTIL;CHALINA;29990;29990;;29990;29990;;Ventas;;Mercaderías;;Costo de la mercadería;
Producto;Si;No;Si;"MEDIA HOMBRE MEDIA CAÑA	ALGODON BLANCO";TX270343700;Unidad;TEXTIL;MEDIAS;7990;4990;;4990;4990;;Ventas;;Mercaderías;;Costo de la mercadería;
Producto;Si;No;Si;"MEDIA HOMBRE MEDIA CAÑA	ALGODON NEGRO";TX270343701;Unidad;TEXTIL;MEDIAS;7990;4990;;4990;4990;;Ventas;;Mercaderías;;Costo de la mercadería;
Producto;Si;No;Si;MEDIA HOMBRE MEDIA CAÑA ALGODON GRIS;TX270343712;Unidad;TEXTIL;MEDIAS;7990;4990;;4990;4990;;Ventas;;Mercaderías;;Costo de la mercadería;
Producto;Si;No;Si;MEDIA HOMBRE MEDIA CAÑA ALGODON VISON;TX270343728;Unidad;TEXTIL;MEDIAS;7990;4990;;4990;4990;;Ventas;;Mercaderías;;Costo de la mercadería;
Producto;Si;No;Si;MEDIA HOMBRE MEDIA CAÑA ALGODON BEIGE;TX270343711;Unidad;TEXTIL;MEDIAS;7990;4990;;4990;4990;;Ventas;;Mercaderías;;Costo de la mercadería;
Producto;Si;No;Si;MEDIAS DE VESTIR 207 POLIAMIDA NEGRO;TX230283801;Unidad;TEXTIL;MEDIA;7990;4990;;4990;4990;;Ventas;;Mercaderías;;Costo de la mercadería;
Producto;Si;No;Si;MEDIAS DE VESTIR 207 POLIAMIDA AZUL MARINO;TX230283837;Unidad;TEXTIL;MEDIA;7990;4990;;4990;4990;;Ventas;;Mercaderías;;Costo de la mercadería;
Producto;Si;No;Si;MEDIAS DE VESTIR 207 POLIAMIDA CHOCOLATE;TX230283852;Unidad;TEXTIL;MEDIAS;7990;4990;;4990;4990;;Ventas;;Mercaderías;;Costo de la mercadería;
Producto;Si;No;Si;MEDIAS DE VESTIR 472 (38-41) ALGODON NEGRO TALLE 1;TX230273701-1;Unidad;TEXTIL;MEDIA;7990;4990;;4990;4990;;Ventas;;Mercaderías;;Costo de la mercadería;
Producto;Si;No;Si;"MEDIAS DE VESTIR 472 (42-45) ALGODON NEGRO	TALLE 2";TX230273701-2;Unidad;TEXTIL;MEDIAS;7990;4990;;4990;4990;;Ventas;;Mercaderías;;Costo de la mercadería;
Producto;Si;No;Si;TARJETERO RUBI MODENA VERDE;MC020271910;Unidad;MARRO CHICA;TARJETERO;12990;14990;;14990;14990;;Ventas;;Mercaderías;;Costo de la mercadería;
Producto;Si;No;Si;TARJETERO RUBI MODENA AZUL;MC020271909;Unidad;MARRO CHICA;TARJETERO;12990;14990;;14990;14990;;Ventas;;Mercaderías;;Costo de la mercadería;
Producto;Si;No;Si;PORTAPASAPORTE RON MODENA AZUL;MC020121909;Unidad;MARRO CHICA;PORTAPASAPORTE;14990;15990;;15990;15990;;Ventas;;Mercaderías;;Costo de la mercadería;
Producto;Si;No;Si;PORTAPASAPORTE RON MODENA VERDE;MC020121910;Unidad;MARRO CHICA;PORTAPASAPORTE;14990;15990;;15990;15990;;Ventas;;Mercaderías;;Costo de la mercadería;
Producto;Si;No;Si;PORTAPASAPORTE CHESTER MODENA VERDE;MC020141910;Unidad;MARRO CHICA;PORTAPASAPORTE;15990;16990;;16990;16990;;Ventas;;Mercaderías;;Costo de la mercadería;
Producto;Si;No;Si;INDIVIDUAL RECTO BRIDGE CARAMELO;OT020530303;Unidad;DECO;INDIVIDUAL;39990;35990;;35990;35990;;Ventas;;Mercaderías;;Costo de la mercadería;
Producto;Si;No;Si;BILLETERA OSADIA MODENA VERDE;MC020211910;Unidad;MARRO CHICA;BILLETERA;89990;95990;;95990;95990;;Ventas;;Mercaderías;;Costo de la mercadería;
Producto;Si;No;Si;TARJETERO BILL MODENA VERDE;MC020261910;Unidad;MARRO CHICA;TARJETERO;18990;21990;;21990;21990;;Ventas;;Mercaderías;;Costo de la mercadería;
Producto;Si;No;Si;TARJETERO BILL MODENA AZUL;MC020261909;Unidad;MARRO CHICA;TARJETERO;18990;21990;;21990;21990;;Ventas;;Mercaderías;;Costo de la mercadería;
Producto;Si;No;Si;PRODUCTO OUTLET 47990;OUT47990;Unidad;OUTLET;;47990;47990;;47990;47990;;Ventas;;Mercaderías;;Costo de la mercadería;
Producto;Si;No;Si;PRODUCTO OUTLET 139990;OUT139990;Unidad;OUTLET;;139990;139990;;139990;139990;;Ventas;;Mercaderías;;Costo de la mercadería;
Producto;Si;No;Si;PRODUCTO OUTLET 13990;OUT13990;Unidad;OUTLET;;13990;13990;;13990;13990;;Ventas;;Mercaderías;;Costo de la mercadería;
Producto;Si;No;Si;MOCHILA PACARI VINTAGE MEDIO;MG010043242;Unidad;MARRO GRANDE;MOCHILA;232990;239990;;239990;239990;;Ventas;;Mercaderías;;Costo de la mercadería;
Producto;Si;No;Si;BILLETERA COPAHUE MODENA VERDE;MC020401910;Unidad;MARRO CHICA;BILLETERA;65990;69990;;69990;69990;;Ventas;;Mercaderías;;Costo de la mercadería;
Producto;Si;No;Si;LLAVERO ABC (LETRA F) BR/GZA NEGRO/OXIDO;OT020730301-56;Unidad;ACCESORIOS;LLAVERO;29990;29990;;29990;29990;;Ventas;;Mercaderías;;Costo de la mercadería;
Producto;Si;No;Si;LLAVERO ABC (LETRA S) BR/GZA MALBEC/AZUL;OT020750315-09;Unidad;ACCESORIOS;LLAVERO;29990;29990;;29990;29990;;Ventas;;Mercaderías;;Costo de la mercadería;
Producto;Si;No;Si;LLAVERO ABC (LETRA A) BR/GZA MALBEC/AZUL;OT020740315-09;Unidad;ACCESORIOS;LLAVERO;29990;29990;;29990;29990;;Ventas;;Mercaderías;;Costo de la mercadería;
Producto;Si;No;Si;CARTERA YARA MODENA VERDE;MG010601910;Unidad;MARRO GRANDE;BANDOLERA;159990;174990;;174990;174990;;Ventas;;Mercaderías;;Costo de la mercadería;
Producto;Si;No;Si;BILLETERA PENY MODENA VERDE;MC020301910;Unidad;MARRO CHICA;;89990;95990;;95990;95990;;Ventas;;Mercaderías;;Costo de la mercadería;
Producto;Si;No;Si;PILUSO DORA TEJIDO CRUDO;TX310410036;Unidad;TEXTIL;PILUSO;19990;19990;;19990;19990;;Ventas;;Mercaderías;;Costo de la mercadería;
Producto;Si;No;Si;GORRO FLORA TEJIDO CRUDO;TX310400036;Unidad;TEXTIL;GORRO;19990;19990;;19990;19990;;Ventas;;Mercaderías;;Costo de la mercadería;
Producto;Si;No;Si;CARTERA CHALTEN MODENA VERDE;MG010851910;Unidad;MARRO GRANDE;CARTERA;114990;119990;;119990;119990;;Ventas;;Mercaderías;;Costo de la mercadería;
Producto;Si;No;Si;CARTERA CHALTEN MODENA AZUL;MG010851909;Unidad;MARRO GRANDE;CARTERA;114990;119990;;119990;119990;;Ventas;;Mercaderías;;Costo de la mercadería;
Producto;Si;No;Si;BOLSO TUBO GRANDE PELO/BRIDGE MARRON/CHOCOLATE;MG010103163-52;Unidad;MARRO GRANDE;BOLSO TUBO;399990;429990;;429990;429990;;Ventas;;Mercaderías;;Costo de la mercadería;
Producto;Si;No;Si;BOLSO TUBO GRANDE PELO/BRIDGE MARRON ROJIZO/CHOCOLATE;MG010103148-52;Unidad;MARRO GRANDE;BOLSO TUBO;399990;429990;;429990;429990;;Ventas;;Mercaderías;;Costo de la mercadería;
Producto;Si;No;Si;CARTERA MINI APHOLO SET SOBRE MODENA AZUL;MG010731909;Unidad;MARRO GRANDE;CARTERA;165990;165990;;165990;165990;;Ventas;;Mercaderías;;Costo de la mercadería;
Producto;Si;No;Si;CINTURON VAQUETA NIQUEL NEGRO 100;MC010060401-100;Unidad;CINTURON;CINTURON;79990;79990;;79990;79990;;Ventas;;Mercaderías;;Costo de la mercadería;
Producto;Si;No;Si;CINTURON VAQUETA NIQUEL NEGRO 105;MC010060401-105;Unidad;CINTURON;CINTURON;79990;79990;;79990;79990;;Ventas;;Mercaderías;;Costo de la mercadería;
Producto;Si;No;Si;CINTURON VAQUETA NIQUEL NEGRO 115;MC010060401-115;Unidad;CINTURON;CINTURON;79990;79990;;79990;79990;;Ventas;;Mercaderías;;Costo de la mercadería;
Producto;Si;No;Si;CARRY ON JAMES BRIDGE NEGRO;OT320760301;Unidad;TRAVEL;VALIJA;649990;649990;;649990;649990;;Ventas;;Mercaderías;;Costo de la mercadería;
Producto;Si;No;Si;CARRY ON JAMES BRIDGE TABACO;OT320760304;Unidad;TRAVEL;VALIJA;649990;649990;;649990;649990;;Ventas;;Mercaderías;;Costo de la mercadería;
Producto;Si;No;Si;PORTA TRAJE FRANK NAPADO NEGRO;OT320770101;Unidad;TRAVEL;PORTA TRAJE;649990;649990;;649990;649990;;Ventas;;Mercaderías;;Costo de la mercadería;
Producto;Si;No;Si;PORTA TRAJE FRANK NAPADO TABACO;OT320770104;Unidad;TRAVEL;VALIJA;649990;649990;;649990;649990;;Ventas;;Mercaderías;;Costo de la mercadería;
Producto;Si;No;Si;CARRY ON FRED BRIDGE NEGRO;OT320780301;Unidad;TRAVEL;VALIJA;599990;599990;;599990;599990;;Ventas;;Mercaderías;;Costo de la mercadería;
Producto;Si;No;Si;CARRY ON FRED BRIDGE TABACO;OT320780304;Unidad;TRAVEL;VALIJA;599990;599990;;599990;599990;;Ventas;;Mercaderías;;Costo de la mercadería;
Producto;Si;No;Si;BANDOLERA LENA NAPADO SUELA;MG020570102;Unidad;MARRO GRANDE;;189990;199990;;199990;199990;;Ventas;;Mercaderías;;Costo de la mercadería;
Producto;Si;No;Si;TARJETERO JUAN MODENA AZUL;MC020191909;Unidad;MARRO CHICA;TARJETERO;26990;29990;;29990;29990;;Ventas;;Mercaderías;;Costo de la mercadería;
Producto;Si;No;Si;PORTAPASAPORTE CHESTER MODENA AZUL;MC020141909;Unidad;MARRO CHICA;;15990;16990;;16990;16990;;Ventas;;Mercaderías;;Costo de la mercadería;
Producto;Si;No;Si;GORRO FLORA TEJIDO NEGRO;TX310400001;Unidad;TEXTIL;;19990;19990;;19990;19990;;Ventas;;Mercaderías;;Costo de la mercadería;
Producto;Si;No;Si;MEDIA HOMBRE MEDIA CAÑA CORTA BLANCO;TX280373700;Unidad;TEXTIL;MEDIAS;7990;4990;;4990;4990;;Ventas;;Mercaderías;;Costo de la mercadería;
Producto;Si;No;Si;MEDIA HOMBRE MEDIA CAÑA CORTA NEGRO;TX280373701;Unidad;TEXTIL;MEDIA;7990;4990;;4990;4990;;Ventas;;Mercaderías;;Costo de la mercadería;
Producto;Si;No;Si;MEDIA HOMBRE MEDIA CAÑA CORTA AZUL MARINO;TX280373737;Unidad;TEXTIL;MEDIAS;7990;4990;;4990;4990;;Ventas;;Mercaderías;;Costo de la mercadería;
Producto;Si;No;Si;MEDIA HOMBRE MEDIA CAÑA CORTA GRIS MELANGE 75;TX280373767;Unidad;TEXTIL;MEDIAS;7990;4990;;4990;4990;;Ventas;;Mercaderías;;Costo de la mercadería;
Producto;Si;No;Si;MEDIA HOMBRE MEDIA CAÑA CORTA MELANGE 25;TX280373768;Unidad;TEXTIL;MEDIAS;7990;4990;;4990;4990;;Ventas;;Mercaderías;;Costo de la mercadería;
Producto;Si;No;Si;BANDOLERA NEW VICENTA BRIDGE ROJO;MG011090307;Unidad;MARRO GRANDE;;89990;89990;;89990;89990;;Ventas;;Mercaderías;;Costo de la mercadería;
Producto;Si;No;Si;PORTAVINO CAFAYATE VAQUETA NATURAL;OT010790408;Unidad;ACCESORIOS;PORTAVINO;34990;34990;;34990;34990;;Ventas;;Mercaderías;;Costo de la mercadería;
?Producto;Si;No;Si;PORTAVINO CAFAYATE VAQUETA SUELA;OT010790402;Unidad;ACCESORIOS;PORTAVINO;34990;34990;;34990;34990;;Ventas;;Mercaderías;;Costo de la mercadería;
Producto;Si;No;Si;PORTAVINO RIOJA VAQUETA NATURAL;OT020800408;Unidad;ACCESORIOS;PORTAVINO;34990;34990;;34990;34990;;Ventas;;Mercaderías;;Costo de la mercadería;
Producto;Si;No;Si;PORTAVINO RIOJA VAQUETA SUELA;OT020800402;Unidad;ACCESORIOS;PORTAVINO;34990;34990;;34990;34990;;Ventas;;Mercaderías;;Costo de la mercadería;
Producto;Si;No;Si;TOTE IRUYA NAPADO NEGRO;MG010660101;Unidad;MARRO GRANDE;TOTE;99990;99990;;99990;99990;;Ventas;;Mercaderías;;Costo de la mercadería;
Producto;Si;No;Si;TOTE IRUYA NAPADO SUELA;MG010660102;Unidad;MARRO GRANDE;TOTE;99990;99990;;99990;99990;;Ventas;;Mercaderías;;Costo de la mercadería;
Producto;Si;No;Si;TOTE IRUYA NAPADO CARAMELO;MG010660103;Unidad;MARRO GRANDE;TOTE;99990;99990;;99990;99990;;Ventas;;Mercaderías;;Costo de la mercadería;
Producto;Si;No;Si;TOTE IRUYA NAPADO MALBEC;MG010660115;Unidad;MARRO GRANDE;TOTE;99990;99990;;99990;99990;;Ventas;;Mercaderías;;Costo de la mercadería;
Producto;Si;No;Si;MATERA RENE FULL BLACK BRIDGE NEGRO;MG321360301;Unidad;MARRO GRANDE;DECO;219990;169990;;169990;169990;;Ventas;;Mercaderías;;Costo de la mercadería;
Producto;Si;No;Si;MOCHILA IKER BRIDGE NEGRO;MG321220301;Unidad;MARRO GRANDE;MOCHILA;349990;379990;;379990;379990;;Ventas;;Mercaderías;;Costo de la mercadería;
Producto;Si;No;Si;MOCHILA IKER BRIDGE TABACO;MG321220304;Unidad;MARRO GRANDE;MOCHILA;349990;379990;;379990;379990;;Ventas;;Mercaderías;;Costo de la mercadería;
Producto;Si;No;Si;PORTAFOLIO BIEL BRIDGE NEGRO;MG321230301;Unidad;MARRO GRANDE;PORTAFOLIO;349990;429990;;429990;429990;;Ventas;;Mercaderías;;Costo de la mercadería;
Producto;Si;No;Si;PORTAFOLIO BIEL BRIDGE TABACO;MG321230304;Unidad;MARRO GRANDE;PORTAFOLIO;349990;429990;;429990;429990;;Ventas;;Mercaderías;;Costo de la mercadería;
Producto;Si;No;Si;NECESSAIRE GAEL BRIDGE ROJO;MC320840307;Unidad;MARRO CHICA;NECESSAIRE;94990;64990;;64990;64990;;Ventas;;Mercaderías;;Costo de la mercadería;
Producto;Si;No;Si;NECESSAIRE GAEL BRIDGE TABACO;MC320840304;Unidad;MARRO CHICA;NECESSAIRE;94990;64990;;64990;64990;;Ventas;;Mercaderías;;Costo de la mercadería;
Producto;Si;No;Si;TARJETERO ARIES MODENA AZUL;MC020101909;Unidad;MARRO CHICA;TARJETERO;9990;9990;;9990;9990;;Ventas;;Mercaderías;;Costo de la mercadería;
Producto;Si;No;Si;MONEDERO GRACE MODENA AZUL;MC020291909;Unidad;MARRO CHICA;MONEDERO;23990;26990;;26990;26990;;Ventas;;Mercaderías;;Costo de la mercadería;
Producto;Si;No;Si;PORTALENTES LUZ MODENA AZUL;MC020171909;Unidad;MARRO CHICA;PORTALENTES;12990;13990;;13990;13990;;Ventas;;Mercaderías;;Costo de la mercadería;
Producto;Si;No;Si;PAD GRANDE BRIDGE CARAMELO;OT020820303;Unidad;DECO;PAD;70000;70000;;70000;70000;;Ventas;;Mercaderías;;Costo de la mercadería;
Producto;Si;No;Si;PRODUCTO OUTLET 8990;OUT8990;Unidad;OUTLET;OUTLET;8990;8990;;8990;8990;;Ventas;;Mercaderías;;Costo de la mercadería;
Producto;Si;No;Si;PRODUCTO OUTLET 84990;OUT84990;Unidad;OUTLET;OUTLET;84990;84990;;84990;84990;;Ventas;;Mercaderías;;Costo de la mercadería;
Producto;Si;No;Si;BILLETERA ADAM MODENA VERDE;MC020701910;Unidad;MARRO CHICA;BILLETERA;62990;65990;;65990;65990;;Ventas;;Mercaderías;;Costo de la mercadería;
Producto;Si;No;Si;CARTUCHERA MONT MODENA VERDE;MC020361910;Unidad;MARRO CHICA;CARTUCHERA;34990;39990;;39990;39990;;Ventas;;Mercaderías;;Costo de la mercadería;
Producto;Si;No;Si;CARTUCHERA MONT MODENA AZUL;MC020361909;Unidad;MARRO CHICA;CARTUCHERA;34990;39990;;39990;39990;;Ventas;;Mercaderías;;Costo de la mercadería;
Producto;Si;No;Si;CARTERA HARPER GAMUZA/BRIDGE OLIVE/TABACO;MG011240516-4;Unidad;MARRO GRANDE;CARTERA;199990;219990;;219990;219990;;Ventas;;Mercaderías;;Costo de la mercadería;
Producto;Si;No;Si;CARTERA HARPER GAMUZA/BRIDGE VESUBIO/TABACO;MG011240550-4;Unidad;MARRO GRANDE;CARTERA;199990;219990;;219990;219990;;Ventas;;Mercaderías;;Costo de la mercadería;
Producto;Si;No;Si;CARTERA HARPER GAMUZA/BRIDGE AZUL/TABACO;MG011240509-4;Unidad;MARRO GRANDE;CARTERA;199990;219990;;219990;219990;;Ventas;;Mercaderías;;Costo de la mercadería;
Producto;Si;No;Si;PILUSO DORA TEJIDO NEGRO;TX310410001;Unidad;TEXTIL;PILUSO;19990;19990;;19990;19990;;Ventas;;Mercaderías;;Costo de la mercadería;
Producto;Si;No;Si;PORTALENTES ORION BRIDGE SUELA;MC020110302;Unidad;MARRO CHICA;PORTALENTES;12990;12990;;12990;12990;;Ventas;;Mercaderías;;Costo de la mercadería;
Producto;Si;No;Si;ESPEJO RECTANGULAR IGUANA NEGRO;MC020850701;Unidad;ACCESORIOS;ESPEJO;19990;22990;;22990;22990;;Ventas;;Mercaderías;;Costo de la mercadería;
Producto;Si;No;Si;ESPEJO RECTANGULAR IGUANA ROJO;MC020850707;Unidad;ACCESORIOS;ESPEJO;19990;22990;;22990;22990;;Ventas;;Mercaderías;;Costo de la mercadería;
Producto;Si;No;Si;ESPEJO RECTANGULAR IGUANA CARAMELO;MC020850703;Unidad;ACCESORIOS;ESPEJO;19990;22990;;22990;22990;;Ventas;;Mercaderías;;Costo de la mercadería;
Producto;Si;No;Si;TAG INICIALES FIORENTINO CEDRO;MC0205221623;Unidad;MARRO CHICA;TAG;3990;3990;;3990;3990;;Ventas;;Mercaderías;;Costo de la mercadería;
Producto;Si;No;Si;CARTUCHERA MONT VINTAGE MEDIO;MC020363242;Unidad;MARRO CHICA;CARTUCHERA;34990;39990;;39990;39990;;Ventas;;Mercaderías;;Costo de la mercadería;
Producto;Si;No;Si;NECESSAIRE MINI MARCOS MODENA AZUL;MG010261909;Unidad;MARRO GRANDE;NECESSAIRE;99990;104990;;104990;104990;;Ventas;;Mercaderías;;Costo de la mercadería;
Producto;Si;No;Si;NECESSAIRE MINI MARCOS MODENA VERDE;MG010261910;Unidad;MARRO GRANDE;NECESSAIRE;99990;104990;;104990;104990;;Ventas;;Mercaderías;;Costo de la mercadería;
Producto;Si;No;Si;TOTE IRUYA PELO BEIGE;MG010663111;Unidad;MARRO GRANDE;TOTE;99990;99990;;99990;99990;;Ventas;;Mercaderías;;Costo de la mercadería;
Producto;Si;No;Si;TOTE IRUYA PELO HOLANDO;MG010663140;Unidad;MARRO GRANDE;TOTE;99990;99990;;99990;99990;;Ventas;;Mercaderías;;Costo de la mercadería;
Producto;Si;No;Si;CARTERA AMARILLA SET SOBRE MODENA AZUL;MG010711909;Unidad;MARRO GRANDE;CARTERA;165990;159990;;159990;159990;;Ventas;;Mercaderías;;Costo de la mercadería;
Producto;Si;No;Si;BOLSO TUBO GRANDE BRIDGE CHOCOLATE;MG010100352;Unidad;MARRO GRANDE;TUBO;399990;429990;;429990;429990;;Ventas;;Mercaderías;;Costo de la mercadería;
Producto;Si;No;Si;PRODUCTO OUTLET 57990;OUT57990;Unidad;OUTLET;OUTLET;57990;57990;;57990;57990;;Ventas;;Mercaderías;;Costo de la mercadería;
Producto;Si;No;Si;PRODUCTO OUTLET 42990;OUT42990;Unidad;OUTLET;OUTLET;42990;42990;;42990;42990;;Ventas;;Mercaderías;;Costo de la mercadería;
Producto;Si;No;Si;PRODUCTO OUTLET 94990;OUT94990;Unidad;OUTLET;OUTLET;94990;94990;;94990;94990;;Ventas;;Mercaderías;;Costo de la mercadería;
Producto;Si;No;Si;BOLSO ENRICO BRIDGE NEGRO;MG321250301;Unidad;MARRO GRANDE;BOLSO;249990;249990;;249990;249990;;Ventas;;Mercaderías;;Costo de la mercadería;
Producto;Si;No;Si;BOLSO ENRICO BRIDGE TABACO;MG321250304;Unidad;MARRO GRANDE;BOLSO;249990;249990;;249990;249990;;Ventas;;Mercaderías;;Costo de la mercadería;
Producto;Si;No;Si;MOCHILA SIMON FULL BLACK BRIDGE NEGRO;MG321260301;Unidad;MARRO GRANDE;MOCHILA;279990;299990;;299990;299990;;Ventas;;Mercaderías;;Costo de la mercadería;
Producto;Si;No;Si;MALETIN BORIS BRIDGE NEGRO;MG321270301;Unidad;MARRO GRANDE;MALETIN;399990;399990;;399990;399990;;Ventas;;Mercaderías;;Costo de la mercadería;
Producto;Si;No;Si;MALETIN BORIS BRIDGE TABACO;MG321270304;Unidad;MARRO GRANDE;MALETIN;399990;399990;;399990;399990;;Ventas;;Mercaderías;;Costo de la mercadería;
Producto;Si;No;Si;LLAVERO ABC (LETRA B) BR /GZA MALBEC/AZUL;OT020680315-09;Unidad;ACCESORIOS;LLAVERO;29990;29990;;29990;29990;;Ventas;;Mercaderías;;Costo de la mercadería;
Producto;Si;No;Si;LLAVERO ABC (LETRA C) BR/GZA NEGRO/OXIDO;OT020830301-56;Unidad;ACCESORIOS;LLAVERO;29990;29990;;29990;29990;;Ventas;;Mercaderías;;Costo de la mercadería;
Producto;Si;No;Si;LLAVERO ABC (LETRA C) BR/GZA SUELA/OLIVE;OT020830302-16;Unidad;ACCESORIOS;LLAVERO;29990;29990;;29990;29990;;Ventas;;Mercaderías;;Costo de la mercadería;
Producto;Si;No;Si;LLAVERO ABC (LETRA C) BR/GZA MALBEC/AZUL;OT020830315-09;Unidad;ACCESORIOS;LLAVERO;29990;29990;;29990;29990;;Ventas;;Mercaderías;;Costo de la mercadería;
Producto;Si;No;Si;LLAVERO ABC (LETRA C) BR/GZA CARAMELO/OXIDO;OT020830303-56;Unidad;ACCESORIOS;LLAVERO;29990;29990;;29990;29990;;Ventas;;Mercaderías;;Costo de la mercadería;
Producto;Si;No;Si;LLAVERO ABC (LETRA D) BR/GZA NEGRO/OXIDO;OT020840301-56;Unidad;ACCESORIOS;LLAVERO;29990;29990;;29990;29990;;Ventas;;Mercaderías;;Costo de la mercadería;
Producto;Si;No;Si;LLAVERO ABC (LETRA D) BR/GZA SUELA/OLIVE;OT020840302-16;Unidad;ACCESORIOS;LLAVERO;29990;29990;;29990;29990;;Ventas;;Mercaderías;;Costo de la mercadería;
Producto;Si;No;Si;LLAVERO ABC (LETRA D) BR/GZA MALBEC/AZUL;OT020840315-09;Unidad;ACCESORIOS;LLAVERO;29990;29990;;29990;29990;;Ventas;;Mercaderías;;Costo de la mercadería;
Producto;Si;No;Si;LLAVERO ABC (LETRA D) BR/GZA CARAMELO/OXIDO;OT020840303-56;Unidad;ACCESORIOS;LLAVERO;29990;29990;;29990;29990;;Ventas;;Mercaderías;;Costo de la mercadería;
Producto;Si;No;Si;LLAVERO ABC (LETRA G) BR/GZA NEGRO/OXIDO;OT020690301-56;Unidad;ACCESORIOS;LLAVERO;29990;29990;;29990;29990;;Ventas;;Mercaderías;;Costo de la mercadería;
Producto;Si;No;Si;LLAVERO ABC (LETRA G) BR/GZA MALBEC/AZUL;OT020690315-09;Unidad;ACCESORIOS;LLAVERO;29990;29990;;29990;29990;;Ventas;;Mercaderías;;Costo de la mercadería;
Producto;Si;No;Si;LLAVERO ABC (LETRA G) BR/GZA SUELA/OLIVE;OT020690302-16;Unidad;ACCESORIOS;LLAVERO;29990;29990;;29990;29990;;Ventas;;Mercaderías;;Costo de la mercadería;
Producto;Si;No;Si;LLAVERO ABC (LETRA J) BR/GZA MALBEC/AZUL;OT020850315-09;Unidad;ACCESORIOS;LLAVERO;29990;29990;;29990;29990;;Ventas;;Mercaderías;;Costo de la mercadería;
Producto;Si;No;Si;LLAVERO ABC (LETRA N) BR/GZA CARAMELO/OXIDO;OT020860303-56;Unidad;ACCESORIOS;LLAVERO;29990;29990;;29990;29990;;Ventas;;Mercaderías;;Costo de la mercadería;
Producto;Si;No;Si;LLAVERO ABC (LETRA L) BR/GZA NEGRO/OXIDO;OT020870301-56;Unidad;ACCESORIOS;LLAVERO;29990;29990;;29990;29990;;Ventas;;Mercaderías;;Costo de la mercadería;
Producto;Si;No;Si;LLAVERO ABC (LETRA L) BR/GZA SUELA/OLIVE;OT020870302-16;Unidad;ACCESORIOS;LLAVERO;29990;29990;;29990;29990;;Ventas;;Mercaderías;;Costo de la mercadería;
Producto;Si;No;Si;LLAVERO ABC (LETRA P) BR/GZA NEGRO/OXIDO;OT020700301-56;Unidad;ACCESORIOS;LLAVERO;29990;29990;;29990;29990;;Ventas;;Mercaderías;;Costo de la mercadería;
Producto;Si;No;Si;LLAVERO ABC (LETRA P) BR/GZA CARAMELO/OXIDO;OT020700303-56;Unidad;ACCESORIOS;LLAVERO;29990;29990;;29990;29990;;Ventas;;Mercaderías;;Costo de la mercadería;
Producto;Si;No;Si;LLAVERO ABC (LETRA M) BR/GZA SUELA/OLIVE;OT020710302-16;Unidad;ACCESORIOS;LLAVERO;29990;29990;;29990;29990;;Ventas;;Mercaderías;;Costo de la mercadería;
Producto;Si;No;Si;LLAVERO ABC (LETRA R) BR/GZA NEGRO/OXIDO;OT020720301-56;Unidad;ACCESORIOS;LLAVERO;29990;29990;;29990;29990;;Ventas;;Mercaderías;;Costo de la mercadería;
Producto;Si;No;Si;LLAVERO ABC (LETRA R) BR/GZA SUELA/OLIVE;OT020720302-16;Unidad;ACCESORIOS;LLAVERO;29990;29990;;29990;29990;;Ventas;;Mercaderías;;Costo de la mercadería;
Producto;Si;No;Si;LLAVERO ABC (LETRA S) BR/GZA NEGRO/OXIDO;OT020750301-56;Unidad;ACCESORIOS;LLAVERO;29990;29990;;29990;29990;;Ventas;;Mercaderías;;Costo de la mercadería;
Producto;Si;No;Si;LLAVERO ABC (LETRA V) BR/GZA NEGRO/OXIDO;OT020880301-56;Unidad;ACCESORIOS;LLAVERO;29990;29990;;29990;29990;;Ventas;;Mercaderías;;Costo de la mercadería;
Producto;Si;No;Si;LLAVERO ABC (LETRA V) BR/GZA CARAMELO/OXIDO;OT020880303-56;Unidad;ACCESORIOS;LLAVERO;29990;29990;;29990;29990;;Ventas;;Mercaderías;;Costo de la mercadería;
Producto;Si;No;Si;BILLETERA OSADIA MODENA AZUL;MC020211909;Unidad;MARRO CHICA;BILLETERA;89990;95990;;95990;95990;;Ventas;;Mercaderías;;Costo de la mercadería;
Producto;Si;No;Si;SANDALIA LOLA NAPADO CARAMELO 36;CA010160103-36;Unidad;CALZADO;SANDALIAS;99990;99990;;99990;99990;;Ventas;;Mercaderías;;Costo de la mercadería;
Producto;Si;No;Si;SANDALIA LOLA NAPADO CARAMELO 37;CA010160103-37;Unidad;CALZADO;SANDALIA;99990;99990;;99990;99990;;Ventas;;Mercaderías;;Costo de la mercadería;
Producto;Si;No;Si;SANDALIA LOLA NAPADO CARAMELO 38;CA010160103-38;Unidad;CALZADO;SANDALIA;99990;99990;;99990;99990;;Ventas;;Mercaderías;;Costo de la mercadería;
Producto;Si;No;Si;SANDALIA LOLA NAPADO CARAMELO 39;CA010160103-39;Unidad;CALZADO;SANDALIA;99990;99990;;99990;99990;;Ventas;;Mercaderías;;Costo de la mercadería;
Producto;Si;No;Si;SANDALIA LOLA NAPADO CARAMELO 40;CA010160103-40;Unidad;CALZADO;SANDALIA;99990;99990;;99990;99990;;Ventas;;Mercaderías;;Costo de la mercadería;
Producto;Si;No;Si;SANDALIA LOLA NAPADO NEGRO 36;CA010160101-36;Unidad;CALZADO;SANDALIA;99990;99990;;99990;99990;;Ventas;;Mercaderías;;Costo de la mercadería;
Producto;Si;No;Si;SANDALIA LOLA NAPADO NEGRO 37;CA010160101-37;Unidad;CALZADO;SANDALIA;99990;99990;;99990;99990;;Ventas;;Mercaderías;;Costo de la mercadería;
Producto;Si;No;Si;SANDALIA LOLA NAPADO NEGRO 38;CA010160101-38;Unidad;CALZADO;SANDALIA;99990;99990;;99990;99990;;Ventas;;Mercaderías;;Costo de la mercadería;
Producto;Si;No;Si;SANDALIA LOLA NAPADO NEGRO 39;CA010160101-39;Unidad;CALZADO;SANDALIA;99990;99990;;99990;99990;;Ventas;;Mercaderías;;Costo de la mercadería;
Producto;Si;No;Si;SANDALIA LOLA NAPADO NEGRO 40;CA010160101-40;Unidad;CALZADO;SANDALIA;99990;99990;;99990;99990;;Ventas;;Mercaderías;;Costo de la mercadería;
Producto;Si;No;Si;SANDALIA LOLA C/TACO NAPADO NEGRO 36;CA010170101-36;Unidad;CALZADO;SANDALIA;99990;99990;;99990;99990;;Ventas;;Mercaderías;;Costo de la mercadería;
Producto;Si;No;Si;SANDALIA LOLA C/TACO NAPADO NEGRO 37;CA010170101-37;Unidad;CALZADO;SANDALIA;99990;99990;;99990;99990;;Ventas;;Mercaderías;;Costo de la mercadería;
Producto;Si;No;Si;SANDALIA LOLA C/TACO NAPADO NEGRO 38;CA010170101-38;Unidad;CALZADO;SANDALIA;99990;99990;;99990;99990;;Ventas;;Mercaderías;;Costo de la mercadería;
Producto;Si;No;Si;SANDALIA LOLA C/TACO NAPADO NEGRO 39;CA010170101-39;Unidad;CALZADO;SANDALIA;99990;99990;;99990;99990;;Ventas;;Mercaderías;;Costo de la mercadería;
Producto;Si;No;Si;SANDALIA LOLA C/TACO NAPADO NEGRO 40;CA010170101-40;Unidad;CALZADO;SANDALIA;99990;99990;;99990;99990;;Ventas;;Mercaderías;;Costo de la mercadería;
Producto;Si;No;Si;SANDALIA LOLA C/TACO NAPADO CARAMELO 36;CA010170103-36;Unidad;CALZADO;SANDALIA;99990;99990;;99990;99990;;Ventas;;Mercaderías;;Costo de la mercadería;
Producto;Si;No;Si;SANDALIA LOLA C/TACO NAPADO CARAMELO 37;CA010170103-37;Unidad;CALZADO;SANDALIA;99990;99990;;99990;99990;;Ventas;;Mercaderías;;Costo de la mercadería;
Producto;Si;No;Si;SANDALIA LOLA C/TACO NAPADO CARAMELO 38;CA010170103-38;Unidad;CALZADO;SANDALIA;99990;99990;;99990;99990;;Ventas;;Mercaderías;;Costo de la mercadería;
Producto;Si;No;Si;SANDALIA LOLA C/TACO NAPADO CARAMELO 39;CA010170103-39;Unidad;CALZADO;SANDALIA;99990;99990;;99990;99990;;Ventas;;Mercaderías;;Costo de la mercadería;
Producto;Si;No;Si;SANDALIA LOLA C/TACO NAPADO CARAMELO 40;CA010170103-40;Unidad;CALZADO;SANDALIA;99990;99990;;99990;99990;;Ventas;;Mercaderías;;Costo de la mercadería;
Producto;Si;No;Si;PORTALENTES MANU BRIDGE LONDON;MC020620305;Unidad;MARRO CHICA;PORTALENTES;17990;17990;;17990;17990;;Ventas;;Mercaderías;;Costo de la mercadería;
Producto;Si;No;Si;LLAVERO ABC (LETRA L) BR/GZA MALBEC/AZUL;OT020870315-09;Unidad;ACCESORIOS;LLAVERO;29990;29990;;29990;29990;;Ventas;;Mercaderías;;Costo de la mercadería;
Producto;Si;No;Si;LLAVERO ABC (LETRA L) BR/GZA CARAMELO/OXIDO;OT020870303-56;Unidad;ACCESORIOS;LLAVERO;29990;29990;;29990;29990;;Ventas;;Mercaderías;;Costo de la mercadería;
Producto;Si;No;Si;LLAVERO ABC (LETRA F) BR/GZ SUELA/OLIVE;OT020730302-16;Unidad;ACCESORIOS;LLAVERO;29990;29990;;29990;29990;;Ventas;;Mercaderías;;Costo de la mercadería;
Producto;Si;No;Si;LLAVERO ABC (LETRA F) BR/GZA MALBEC/AZUL;OT020730315-09;Unidad;ACCESORIOS;LLAVERO;29990;29990;;29990;29990;;Ventas;;Mercaderías;;Costo de la mercadería;
Producto;Si;No;Si;LLAVERO ABC (LETRA F) BR/GZA CARAMELO/OXIDO;OT020730303-56;Unidad;ACCESORIOS;LLAVERO;29990;29990;;29990;29990;;Ventas;;Mercaderías;;Costo de la mercadería;
Producto;Si;No;Si;LLAVERO ABC (LETRA V) BR/GZA SUELA/OLIVE;OT020880302-16;Unidad;ACCESORIOS;LLAVERO;29990;29990;;29990;29990;;Ventas;;Mercaderías;;Costo de la mercadería;
Producto;Si;No;No;PRODUCTO OUTLET 38990;OUT38990;Unidad;OUTLET;OUTLET;38990;38990;;38990;38990;;Ventas;;Mercaderías;;Costo de la mercadería;
Producto;Si;No;Si;REMERA AMADEO CUELLO REDONDO ALGODON PIMA VERDE S;TX250314010-S;Unidad;TEXTIL;REMERA;49990;49990;;49990;49990;;Ventas;;Mercaderías;;Costo de la mercadería;
Producto;Si;No;Si;REMERA AMADEO CUELLO REDONDO ALGODON PIMA VERDE M;TX250314010-M;Unidad;TEXTIL;REMERA;49990;49990;;49990;49990;;Ventas;;Mercaderías;;Costo de la mercadería;
Producto;Si;No;Si;REMERA AMADEO CUELLO REDONDO ALGODON PIMA VERDE L;TX250314010-L;Unidad;TEXTIL;REMERA;49990;49990;;49990;49990;;Ventas;;Mercaderías;;Costo de la mercadería;
Producto;Si;No;Si;REMERA AMADEO CUELLO REDONDO ALGODON PIMA VERDE XL;TX250314010-XL;Unidad;TEXTIL;REMERA;49990;49990;;49990;49990;;Ventas;;Mercaderías;;Costo de la mercadería;
Producto;Si;No;Si;REMERA AMADEO CUELLO REDONDO ALGODON PIMA VERDE XXL;TX250314010-XXL;Unidad;TEXTIL;REMERA;49990;49990;;49990;49990;;Ventas;;Mercaderías;;Costo de la mercadería;
Producto;Si;No;Si;PRODUCTO OUTLET 22990;OUT22990;Unidad;OUTLET;OUTLET;22990;22990;;22990;22990;;Ventas;;Mercaderías;;Costo de la mercadería;
Producto;Si;No;Si;PRODUCTO OUTLET 32990;OUT32990;Unidad;OUTLET;OUTLET;32990;32990;;32990;32990;;Ventas;;Mercaderías;;Costo de la mercadería;
Producto;Si;No;No;PRODUCTO OUTLET 35990;OUT35990;Unidad;OUTLET;;35990;35990;;35990;35990;;Ventas;;Mercaderías;;Costo de la mercadería;
Producto;Si;No;No;PRODUCTO OUTLET 279990;OUT279990;Unidad;OUTLET;OUTLET;279990;279990;;279990;279990;;Ventas;;Mercaderías;;Costo de la mercadería;
Producto;Si;No;Si;PRODUCTO OUTLET 45990;OUT45990;Unidad;OUTLET;OUTLET;45990;45990;;45990;45990;;Ventas;;Mercaderías;;Costo de la mercadería;
Producto;Si;No;Si;PRODUCTO OUTLET 17990;OUT17990;Unidad;OUTLET;OUTLET;17990;17990;;17990;17990;;Ventas;;Mercaderías;;Costo de la mercadería;
Producto;Si;No;Si;LLAVERO ABC (LETRA J) BR/GZA NEGRO/OXIDO;OT020850301-56;Unidad;ACCESORIOS;LLAVERO;29990;29990;;29990;29990;;Ventas;;Mercaderías;;Costo de la mercadería;
Producto;Si;No;Si;LLAVERO ABC (LETRA J) BR/GZA SUELA/OLIVE;OT020850302-16;Unidad;ACCESORIOS;LLAVERO;29990;29990;;29990;29990;;Ventas;;Mercaderías;;Costo de la mercadería;
Producto;Si;No;Si;LLAVERO ABC (LETRA J) BR/GZA CARAMELO/OXIDO;OT020850303-56;Unidad;ACCESORIOS;LLAVERO;29990;29990;;29990;29990;;Ventas;;Mercaderías;;Costo de la mercadería;
Producto;Si;No;Si;LLAVERO ABC (LETRA N) BR/GZA MALBEC/AZUL;OT020860315-09;Unidad;ACCESORIOS;LLAVERO;29990;29990;;29990;29990;;Ventas;;Mercaderías;;Costo de la mercadería;
Producto;Si;No;Si;LLAVERO ABC (LETRA N) BR/GZA NEGRO/OXIDO;OT020860301-56;Unidad;ACCESORIOS;LLAVERO;29990;29990;;29990;29990;;Ventas;;Mercaderías;;Costo de la mercadería;
Producto;Si;No;Si;LLAVERO ABC (LETRA N) BR/GZA SUELA/OLIVE;OT020860302-16;Unidad;ACCESORIOS;LLAVERO;29990;29990;;29990;29990;;Ventas;;Mercaderías;;Costo de la mercadería;
Producto;Si;No;Si;LLAVERO ABC (LETRA Y) BR/GZA NEGRO/OXIDO;OT020890301-56;Unidad;ACCESORIOS;LLAVERO;29990;29990;;29990;29990;;Ventas;;Mercaderías;;Costo de la mercadería;
Producto;Si;No;Si;LLAVERO ABC (LETRA Y) BR/GZA SUELA/OLIVE;OT020890302-16;Unidad;ACCESORIOS;LLAVERO;29990;29990;;29990;29990;;Ventas;;Mercaderías;;Costo de la mercadería;
Producto;Si;No;No;PRODUCTO OUTLET 186990;OUT186990;Unidad;OUTLET;OUTLET;186990;186990;;186990;186990;;Ventas;;Mercaderías;;Costo de la mercadería;
Producto;Si;No;Si;LLAVERO ABC (LETRA M) BR/GZA CARAMELO/OXIDO;OT020710303-56;Unidad;ACCESORIOS;LLAVERO;29990;29990;;29990;29990;;Ventas;;Mercaderías;;Costo de la mercadería;
Producto;Si;No;Si;MATERA OLI BRIDGE NEGRO;MG331280301;Unidad;MARRO GRANDE;MATERA;214990;169990;;169990;169990;;Ventas;;Mercaderías;;Costo de la mercadería;
Producto;Si;No;Si;MATERA OLI BRIDGE MALBEC;MG331280315;Unidad;MARRO GRANDE;MATERA;214990;169990;;169990;169990;;Ventas;;Mercaderías;;Costo de la mercadería;
Producto;Si;No;Si;MATERA OLI BRIDGE CHOCOLATE;MG331280352;Unidad;MARRO GRANDE;MATERA;214990;169990;;169990;169990;;Ventas;;Mercaderías;;Costo de la mercadería;
Producto;Si;No;Si;MATERA OLI BRIDGE TABACO;MG331280304;Unidad;MARRO GRANDE;MATERA;214990;169990;;169990;169990;;Ventas;;Mercaderías;;Costo de la mercadería;
Producto;Si;No;Si;MATERA OLI PELO/BRIDGE MARRON/TABACO;MG331283163-04;Unidad;MARRO GRANDE;MATERA;239990;199990;;199990;199990;;Ventas;;Mercaderías;;Costo de la mercadería;
Producto;Si;No;Si;PORTALENTES LUZ MODENA VERDE;MC020171910;Unidad;MARRO CHICA;PORTALENTES;12990;13990;;13990;13990;;Ventas;;Mercaderías;;Costo de la mercadería;
Producto;Si;No;Si;BANDOLERA SAGITTA MODENA VERDE;MG010811910;Unidad;MARRO GRANDE;BANDOLERA;112990;119990;;119990;119990;;Ventas;;Mercaderías;;Costo de la mercadería;
Producto;Si;No;Si;TOTE IRUYA PELO HEREFORD;MG010663139;Unidad;MARRO GRANDE;TOTE;99990;99990;;99990;99990;;Ventas;;Mercaderías;;Costo de la mercadería;
Producto;Si;No;Si;PORTAVINO TANDIL BRIDGE NEGRO;OT010900301;Unidad;ACCESORIOS;PORTAVINO;64990;64990;;64990;64990;;Ventas;;Mercaderías;;Costo de la mercadería;
Producto;Si;No;Si;PORTAVINO TANDIL BRIDGE TABACO;OT010900304;Unidad;ACCESORIOS;PORTAVINO;64990;64990;;64990;64990;;Ventas;;Mercaderías;;Costo de la mercadería;
Producto;Si;No;Si;PORTAVINO TANDIL BRIDGE CARAMELO;OT010900303;Unidad;ACCESORIOS;PORTAVINO;64990;64990;;64990;64990;;Ventas;;Mercaderías;;Costo de la mercadería;
Producto;Si;No;Si;BILLETERA MILO SIMPLE MODENA VERDE;MC020431910;Unidad;MARRO CHICA;BILLETERA;55990;59990;;59990;59990;;Ventas;;Mercaderías;;Costo de la mercadería;
Producto;Si;No;Si;PRODUCTO OUTLET 239990;OUT239990;Unidad;OUTLET;OUTLET;239990;239990;;239990;239990;;Ventas;;Mercaderías;;Costo de la mercadería;
Producto;Si;No;Si;LLAVERO ABC (LETRA K) BR/GZA NEGRO/OXIDO;OT020910301-56;Unidad;ACCESORIOS;LLAVERO;29990;29990;;29990;29990;;Ventas;;Mercaderías;;Costo de la mercadería;
Producto;Si;No;Si;LLAVERO ABC (LETRA K) BR/GZA MALBEC/AZUL;OT020910315-09;Unidad;ACCESORIOS;LLAVERO;29990;29990;;29990;29990;;Ventas;;Mercaderías;;Costo de la mercadería;
Producto;Si;No;Si;LLAVERO ABC (LETRA Y) BR/GZA MALBEC/AZUL;OT020890315-09;Unidad;ACCESORIOS;LLAVERO;29990;29990;;29990;29990;;Ventas;;Mercaderías;;Costo de la mercadería;
Producto;Si;No;Si;LLAVERO ABC (LETRA Y) BR/GZA CARAMELO/OXIDO;OT020890303-56;Unidad;ACCESORIOS;LLAVERO;29990;29990;;29990;29990;;Ventas;;Mercaderías;;Costo de la mercadería;
Producto;Si;No;Si;PORTAVINO UCO BRIDGE NEGRO;OT020920301;Unidad;ACCESORIOS;PORTAVINO;84990;84990;;84990;84990;;Ventas;;Mercaderías;;Costo de la mercadería;
Producto;Si;No;Si;PORTAVINO UCO BRIDGE TABACO;OT020920304;Unidad;ACCESORIOS;PORTAVINO;84990;84990;;84990;84990;;Ventas;;Mercaderías;;Costo de la mercadería;
Producto;Si;No;Si;PORTAVINO UCO BRIDGE CARAMELO;OT020920303;Unidad;ACCESORIOS;PORTAVINO;84990;84990;;84990;84990;;Ventas;;Mercaderías;;Costo de la mercadería;
Producto;Si;No;No;BOLSO TUBO GRANDE PELO/BR HOLANDO/NEGRO;MG010103140-1;Unidad;MARRO GRANDE;BOLSO;399990;429990;;429990;429990;;Ventas;;Mercaderías;;Costo de la mercadería;
Producto;Si;No;No;BOLSO TUBO GRANDE PELO/BR HEREFORD/TABACO;MG010103139-4;Unidad;MARRO GRANDE;BOLSO;399990;429990;;429990;429990;;Ventas;;Mercaderías;;Costo de la mercadería;
Producto;Si;No;No;PRODUCTO OUTLET 53990;OUT53990;Unidad;OUTLET;OUTLET;53990;53990;;53990;53990;;Ventas;;Mercaderías;;Costo de la mercadería;
Producto;Si;No;No;PRODUCTO OUTLET 116990;OUT116990;Unidad;OUTLET;OUTLET;116990;116990;;116990;116990;;Ventas;;Mercaderías;;Costo de la mercadería;
Producto;Si;No;No;PRODUCTO OUTLET 107990;OUT107990;Unidad;OUTLET;OUTLET;107990;107990;;107990;107990;;Ventas;;Mercaderías;;Costo de la mercadería;
Producto;Si;No;Si;LLAVERO ABC (LETRA K) BR/GZA SUELA/OLIVE;OT020910302-16;Unidad;ACCESORIOS;LLAVERO;29990;29990;;29990;29990;;Ventas;;Mercaderías;;Costo de la mercadería;
Producto;Si;No;Si;LLAVERO ABC (LETRA A) BR/GZA NEGRO/OXIDO;OT020740301-56;Unidad;ACCESORIOS;LLAVERO;29990;29990;;29990;29990;;Ventas;;Mercaderías;;Costo de la mercadería;
Producto;Si;No;Si;LLAVERO ABC (LETRA A) BR/GZA SUELA/OLIVE;OT020740302-16;Unidad;ACCESORIOS;LLAVERO;29990;29990;;29990;29990;;Ventas;;Mercaderías;;Costo de la mercadería;
Producto;Si;No;Si;LLAVERO ABC (LETRA A) BR/GZA CARAMELO/OXIDO;OT020740303-56;Unidad;ACCESORIOS;LLAVERO;29990;29990;;29990;29990;;Ventas;;Mercaderías;;Costo de la mercadería;
?Producto;Si;No;No;PRODUCTO OUTLET 46990;OUT46990;Unidad;OUTLET;OUTLET;46990;46990;;46990;46990;;Ventas;;Mercaderías;;Costo de la mercadería;
Producto;Si;No;No;PRODUCTO OUTLET 188990;OUT188990;Unidad;OUTLET;OUTLET;188990;188990;;188990;188990;;Ventas;;Mercaderías;;Costo de la mercadería;
Producto;Si;No;Si;BANDOLERA CASIOPEA MODENA AZUL;MG010821909;Unidad;MARRO GRANDE;BANDOLERA;124990;129990;;129990;129990;;Ventas;;Mercaderías;;Costo de la mercadería;
Producto;Si;No;Si;BANDOLERA ANTONIETA BRIDGE MALBEC;MG010690315;Unidad;MARRO GRANDE;BANDOLERA;134990;139990;;139990;139990;;Ventas;;Mercaderías;;Costo de la mercadería;
Producto;Si;No;Si;PORTAVINO TUNUYAN GAMUZA/BRIDGE AZUL/TABACO;OT020930509-4;Unidad;ACCESORIOS;PORTAVINO;129990;139990;;139990;139990;;Ventas;;Mercaderías;;Costo de la mercadería;
Producto;Si;No;Si;PORTAVINO TUNUYAN GAMUZA/BRIDGE OLIVE/TABACO;OT020930516-4;Unidad;ACCESORIOS;PORTAVINO;129990;139990;;139990;139990;;Ventas;;Mercaderías;;Costo de la mercadería;
Producto;Si;No;Si;PORTAVINO TUNUYAN GAMUZA/BRIDGE VESUBIO/TABACO;OT020930550-4;Unidad;ACCESORIOS;PORTAVINO;129990;139990;;139990;139990;;Ventas;;Mercaderías;;Costo de la mercadería;
Producto;Si;No;Si;LLAVERO ABC (LETRA K) BR/GZA CARAMELO/OXIDO;OT020910303-56;Unidad;ACCESORIOS;LLAVERO;29990;29990;;29990;29990;;Ventas;;Mercaderías;;Costo de la mercadería;
Producto;Si;No;Si;LLAVERO CALADO INICIALES (LETRA N);OT020940402;Unidad;ACCESORIOS;LLAVERO;23990;12990;;12990;12990;;Ventas;;Mercaderías;;Costo de la mercadería;
Producto;Si;No;Si;LLAVERO CALADO ZODIACO (ACUARIO) VAQ SUELA/CHOCOLATE;OT020950402-52;Unidad;ACCESORIOS;LLAVERO;23990;12990;;12990;12990;;Ventas;;Mercaderías;;Costo de la mercadería;
Producto;Si;No;Si;LLAVERO CALADO ZODIACO (LEO) VAQ SUELA/ROJO;OT020960402-07;Unidad;ACCESORIOS;LLAVERO;23990;12990;;12990;12990;;Ventas;;Mercaderías;;Costo de la mercadería;
Producto;Si;No;Si;LLAVERO CALADO ZODIACO (VIRGO) VAQ SUELA/CHOCOLATE;OT020970402-52;Unidad;ACCESORIOS;LLAVERO;23990;12990;;12990;12990;;Ventas;;Mercaderías;;Costo de la mercadería;
Producto;Si;No;Si;LLAVERO CALADO ZODIACO (ARIES) VAQ SUELA/GRIS;OT020980402-12;Unidad;ACCESORIOS;LLAVERO;23990;12990;;12990;12990;;Ventas;;Mercaderías;;Costo de la mercadería;
Producto;Si;No;Si;LLAVERO CALADO ZODIACO (SAGITARIO) VAQ SUELA/VERDE;OT020990402-10;Unidad;ACCESORIOS;LLAVERO;23990;12990;;12990;12990;;Ventas;;Mercaderías;;Costo de la mercadería;
Producto;Si;No;Si;LLAVERO CALADO ZODIACO (TAURO) VAQ SUELA/CHOCOLATE;OT021000402-52;Unidad;ACCESORIOS;LLAVERO;23990;12990;;12990;12990;;Ventas;;Mercaderías;;Costo de la mercadería;
Producto;Si;No;Si;LLAVERO CALADO ZODÍACO (CANCER) VAQ SUELA/CHOCOLATE;OT021010402-52;Unidad;ACCESORIOS;LLAVERO;23990;12990;;12990;12990;;Ventas;;Mercaderías;;Costo de la mercadería;
Producto;Si;No;Si;LLAVERO CALADO ZODÍACO (PISCIS) VAQ NATURAL/ROJO;OT021020408-07;Unidad;ACCESORIOS;LLAVERO;23990;12990;;12990;12990;;Ventas;;Mercaderías;;Costo de la mercadería;
Producto;Si;No;Si;LLAVERO CALADO ZODÍACO (GEMINIS) VAQ NATURAL/TABACO;OT021030408-04;Unidad;ACCESORIOS;LLAVERO;23990;12990;;12990;12990;;Ventas;;Mercaderías;;Costo de la mercadería;
Producto;Si;No;Si;LLAVERO CALADO ZODÍACO (ESCORPIO) VAQ SUELA/VERDE;OT021040402-10;Unidad;ACCESORIOS;LLAVERO;23990;12990;;12990;12990;;Ventas;;Mercaderías;;Costo de la mercadería;
Producto;Si;No;Si;LLAVERO CALADO ZODÍACO (CAPRICORNIO) VAQ SUELA/VERDE;OT021050402-10;Unidad;ACCESORIOS;LLAVERO;23990;12990;;12990;12990;;Ventas;;Mercaderías;;Costo de la mercadería;
Producto;Si;No;Si;LLAVERO CALADO FRASES (AQUI) VAQUETA SUELA;OT021060402;Unidad;ACCESORIOS;LLAVERO;23990;12990;;12990;12990;;Ventas;;Mercaderías;;Costo de la mercadería;
Producto;Si;No;Si;LLAVERO CALADO FRASES (PADRE) VAQUETA SUELA;OT021070402;Unidad;ACCESORIOS;LLAVERO;23990;12990;;12990;12990;;Ventas;;Mercaderías;;Costo de la mercadería;
Producto;Si;No;Si;LLAVERO CALADO FRASES (PASARÁ) VAQUETA SUELA;OT021080402;Unidad;ACCESORIOS;LLAVERO;23990;12990;;12990;12990;;Ventas;;Mercaderías;;Costo de la mercadería;
Producto;Si;No;Si;TAG CALADO ZODÍACO (LIBRA) VAQ NATURAL/CHOCOLATE;OT021090408-52;Unidad;ACCESORIOS;TAG;23990;12990;;12990;12990;;Ventas;;Mercaderías;;Costo de la mercadería;
Producto;Si;No;Si;TAG CALADO INICIAL (LETRA V) VAQ NATURAL/ROJO;OT021100408-07;Unidad;ACCESORIOS;TAG;23990;12990;;12990;12990;;Ventas;;Mercaderías;;Costo de la mercadería;
Producto;Si;No;Si;"TAG CALADO INICIAL (LETRA F)	VAQ	NATURAL/AZUL";OT021110408-09;Unidad;ACCESORIOS;TAG;23990;12990;;12990;12990;;Ventas;;Mercaderías;;Costo de la mercadería;
Producto;Si;No;Si;"TAG CALADO INICIAL (LETRA L)	VAQ	SUELA/AZUL";OT021120402-09;Unidad;ACCESORIOS;TAG;23990;12990;;12990;12990;;Ventas;;Mercaderías;;Costo de la mercadería;
Producto;Si;No;Si;"TAG CALADO INICIAL (LETRA G)	VAQ	SUELA/CHOCOLATE";OT021130402-52;Unidad;ACCESORIOS;TAG;23990;12990;;12990;12990;;Ventas;;Mercaderías;;Costo de la mercadería;
Producto;Si;No;Si;"TAG CALADO INICIAL (LETRA J)	VAQ	SUELA/CHOCOLATE";OT021140402-52;Unidad;ACCESORIOS;TAG;23990;12990;;12990;12990;;Ventas;;Mercaderías;;Costo de la mercadería;
Producto;Si;No;Si;"TAG CALADO INICIAL (LETRA M)	VAQ	SUELA/VERDE";OT021150402-10;Unidad;ACCESORIOS;TAG;23990;12990;;12990;12990;;Ventas;;Mercaderías;;Costo de la mercadería;
Producto;Si;No;Si;"TAG CALADO INICIAL (LETRA C)	VAQ	SUELA/MALBEC";OT021160402-15;Unidad;ACCESORIOS;TAG;23990;12990;;12990;12990;;Ventas;;Mercaderías;;Costo de la mercadería;
Producto;Si;No;Si;"TAG CALADO INICIAL (LETRA S)	VAQ	SUELA/MALBEC";OT021170402-15;Unidad;ACCESORIOS;TAG;23990;12990;;12990;12990;;Ventas;;Mercaderías;;Costo de la mercadería;
Producto;Si;No;Si;PORTALENTES LUZ BIFAZ MODENA AZUL;MC020861909;Unidad;MARRO CHICA;PORTALENTES;12990;13990;;13990;13990;;Ventas;;Mercaderías;;Costo de la mercadería;
Producto;Si;No;Si;PORTALENTES LUZ BIFAZ MODENA VERDE;MC020861910;Unidad;MARRO CHICA;PORTALENTES;12990;13990;;13990;13990;;Ventas;;Mercaderías;;Costo de la mercadería;
Producto;Si;No;Si;TARJETERO JUAN MODENA VERDE;MC020191910;Unidad;MARRO CHICA;TARJETERO;26990;29990;;29990;29990;;Ventas;;Mercaderías;;Costo de la mercadería;
Producto;Si;No;Si;BOLSA PARA NECESSAIRE LIENZO CRUDO;OT021180000;Unidad;OTROS MATERIALES;;0;0;;0;0;;Ventas;;Mercaderías;;Costo de la mercadería;
Producto;Si;No;No;PRODUCTO OUTLET 66990;OUT66990;Unidad;OUTLET;OUTLET;66990;66990;;66990;66990;;Ventas;;Mercaderías;;Costo de la mercadería;
Producto;Si;No;Si;PORTAVINO TANDIL BRIDGE MALBEC;OT010900315;Unidad;ACCESORIOS;PORTAVINO;64990;64990;;64990;64990;;Ventas;;Mercaderías;;Costo de la mercadería;
Producto;Si;No;Si;SET POSAVASOS CUADRADO X4 BRIDGE MALBEC;MC020810315;Unidad;MARRO CHICA;POSAVASOS;35990;35990;;35990;35990;;Ventas;;Mercaderías;;Costo de la mercadería;
Producto;Si;No;Si;SET POSAVASOS CUADRADO X4 BRIDGE CHOCOLATE;MC020810352;Unidad;MARRO CHICA;POSAVASOS;35990;35990;;35990;35990;;Ventas;;Mercaderías;;Costo de la mercadería;
Producto;Si;No;Si;SET POSAVASOS CIRCULAR X4 BRIDGE MALBEC;MC020820315;Unidad;DECO;POSAVASOS;39990;39990;;39990;39990;;Ventas;;Mercaderías;;Costo de la mercadería;
Producto;Si;No;Si;SET POSAVASOS CIRCULAR X4 BRIDGE CHOCOLATE;MC020820352;Unidad;DECO;POSAVASOS;39990;39990;;39990;39990;;Ventas;;Mercaderías;;Costo de la mercadería;
Producto;Si;No;Si;PORTAVINO UCO BRIDGE MALBEC;OT020920315;Unidad;ACCESORIOS;PORTAVINO;84990;84990;;84990;84990;;Ventas;;Mercaderías;;Costo de la mercadería;
Producto;Si;No;Si;LLAVERO ABC (LETRA E) BR/GZA SUELA/OLIVE;OT021190302-16;Unidad;ACCESORIOS;LLAVERO;29990;29990;;29990;29990;;Ventas;;Mercaderías;;Costo de la mercadería;
Producto;Si;No;Si;LLAVERO ABC (LETRA T) BR/GZA NEGRO/OXIDO;OT021200301-56;Unidad;ACCESORIOS;LLAVERO;29990;29990;;29990;29990;;Ventas;;Mercaderías;;Costo de la mercadería;
Producto;Si;No;Si;LLAVERO ABC (LETRA H) BR/GZA SUELA/OLIVE;OT021210302-16;Unidad;ACCESORIOS;LLAVERO;29990;29990;;29990;29990;;Ventas;;Mercaderías;;Costo de la mercadería;
Producto;Si;No;Si;TARJETERO ARIES BIFAZ MODENA NEGRO/SUELA;MC020871901;Unidad;MARRO CHICA;TARJETERO;9990;9990;;9990;9990;;Ventas;;Mercaderías;;Costo de la mercadería;
Producto;Si;No;Si;TARJETERO ARIES BIFAZ MODENA AZUL/SUELA;MC020871909;Unidad;MARRO CHICA;TARJETERO;9990;9990;;9990;9990;;Ventas;;Mercaderías;;Costo de la mercadería;
Producto;Si;No;Si;TARJETERO ARIES BIFAZ MODENA VERDE/SUELA;MC020871910;Unidad;MARRO CHICA;TARJETERO;9990;9990;;9990;9990;;Ventas;;Mercaderías;;Costo de la mercadería;
Producto;Si;No;Si;PORTAPASAPORTE CHESTER BIFAZ MODENA NEGRO/SUELA;MC020881901;Unidad;MARRO CHICA;PORTAPASAPORTE;15990;16990;;16990;16990;;Ventas;;Mercaderías;;Costo de la mercadería;
Producto;Si;No;Si;PORTAPASAPORTE CHESTER BIFAZ MODENA AZUL/SUELA;MC020881909;Unidad;MARRO CHICA;PORTAPASAPORTE;15990;16990;;16990;16990;;Ventas;;Mercaderías;;Costo de la mercadería;
Producto;Si;No;Si;PORTAPASAPORTE CHESTER BIFAZ MODENA VERDE/SUELA;MC020881910;Unidad;MARRO CHICA;PORTAPASAPORTE;15990;16990;;16990;16990;;Ventas;;Mercaderías;;Costo de la mercadería;
Producto;Si;No;Si;"TAG CALADO INICIAL (LETRA A)	VAQUETA NATURAL/AZUL";OT021220408-09;Unidad;ACCESORIOS;TAG;23990;12990;;12990;12990;;Ventas;;Mercaderías;;Costo de la mercadería;
Producto;Si;No;Si;"TAG CALADO INICIAL (LETRA D)	VAQUETA SUELA/AVELLANA";OT021230402-55;Unidad;ACCESORIOS;TAG;23990;12990;;12990;12990;;Ventas;;Mercaderías;;Costo de la mercadería;
Producto;Si;No;Si;"TAG CALADO INICIAL (LETRA R)	VAQUETA SUELA/VERDE";OT021240402-10;Unidad;ACCESORIOS;TAG;23990;12990;;12990;12990;;Ventas;;Mercaderías;;Costo de la mercadería;
Producto;Si;No;Si;"TAG CALADO INICIAL (LETRA P)	VAQUETA SUELA/AZUL";OT021250402-09;Unidad;ACCESORIOS;TAG;23990;12990;;12990;12990;;Ventas;;Mercaderías;;Costo de la mercadería;
Producto;Si;No;Si;PRODUCTO OUTLET 62990;OUT62990;Unidad;OUTLET;OUTLET;62990;62990;;62990;62990;;Ventas;;Mercaderías;;Costo de la mercadería;
Producto;Si;No;Si;CARTERA AMARILLA SET SOBRE BIFAZ MODENA NEGRO/SUELA;MG011311901;Unidad;MARRO GRANDE;CARTERA;165990;159990;;159990;159990;;Ventas;;Mercaderías;;Costo de la mercadería;
Producto;Si;No;Si;CARTERA AMARILLA SET SOBRE BIFAZ MODENA VERDE/SUELA;MG011311910;Unidad;MARRO GRANDE;CARTERA;165990;159990;;159990;159990;;Ventas;;Mercaderías;;Costo de la mercadería;
Producto;Si;No;Si;CARTERA AMARILLA SET SOBRE BIFAZ MODENA AZUL/SUELA;MG011311909;Unidad;MARRO GRANDE;CARTERA;165990;159990;;159990;159990;;Ventas;;Mercaderías;;Costo de la mercadería;
Producto;Si;No;Si;PORTAVINO UCO PELO HOLANDO;OT020923140;Unidad;ACCESORIOS;PORTAVINO;84990;84990;;84990;84990;;Ventas;;Mercaderías;;Costo de la mercadería;
Producto;Si;No;Si;PORTAVINO UCO PELO HEREFORD;OT020923139;Unidad;ACCESORIOS;PORTAVINO;84990;84990;;84990;84990;;Ventas;;Mercaderías;;Costo de la mercadería;
Producto;Si;No;Si;PORTAVINO UCO PELO MARRON ROJIZO;OT020923148;Unidad;ACCESORIOS;PORTAVINO;84990;84990;;84990;84990;;Ventas;;Mercaderías;;Costo de la mercadería;
Producto;Si;No;Si;PORTAVINO TANDIL PELO HOLANDO;OT010903140;Unidad;ACCESORIOS;PORTAVINO;64990;64990;;64990;64990;;Ventas;;Mercaderías;;Costo de la mercadería;
Producto;Si;No;Si;PORTAVINO TANDIL PELO HEREFORD;OT010903139;Unidad;ACCESORIOS;PORTAVINO;64990;64990;;64990;64990;;Ventas;;Mercaderías;;Costo de la mercadería;
Producto;Si;No;No;PRODUCTO OUTLET 43990;OUT43990;Unidad;OUTLET;OUTLET;43990;43990;;43990;43990;;Ventas;;Mercaderías;;Costo de la mercadería;
Producto;Si;No;No;PRODUTO OUTLET 18990;OUT18990;Unidad;OUTLET;OUTLET;18990;18990;;18990;18990;;Ventas;;Mercaderías;;Costo de la mercadería;
Producto;Si;No;No;PRODUCTO OUTLET 31990;OUT31990;Unidad;OUTLET;OUTLET;31990;31990;;31990;31990;;Ventas;;Mercaderías;;Costo de la mercadería;
Producto;Si;No;Si;BOLSA CALZADO LIENZO CRUDO;OT021260000;Unidad;TEXTIL;BOLSA;0;0;;0;0;;Ventas;;Mercaderías;;Costo de la mercadería;
Producto;Si;No;Si;SET POSAVASOS CIRCULAR X4 PELO HOLANDO;MC020823140;Unidad;DECO;POSAVASOS;39990;39990;;39990;39990;;Ventas;;Mercaderías;;Costo de la mercadería;
Producto;Si;No;Si;SET POSAVASOS CIRCULAR X4 PELO HEREFORD;MC020823139;Unidad;DECO;POSAVASOS;39990;39990;;39990;39990;;Ventas;;Mercaderías;;Costo de la mercadería;
Producto;Si;No;Si;SET POSAVASOS CIRCULAR X4 PELO MARRON ROJIZO;MC020823148;Unidad;DECO;POSAVASOS;39990;39990;;39990;39990;;Ventas;;Mercaderías;;Costo de la mercadería;
Producto;Si;No;Si;SET POSAVASOS CIRCULAR X4 PELO BEIGE;MC020823111;Unidad;DECO;POSAVASOS;39990;39990;;39990;39990;;Ventas;;Mercaderías;;Costo de la mercadería;
Producto;Si;No;Si;SET POSAVASOS CUADRADO X4 PELO HOLANDO;MC020813140;Unidad;DECO;POSAVASOS;35990;35990;;35990;35990;;Ventas;;Mercaderías;;Costo de la mercadería;
Producto;Si;No;Si;SET POSAVASOS CUADRADO X4 PELO HEREFORD;MC020813139;Unidad;DECO;POSAVASOS;35990;35990;;35990;35990;;Ventas;;Mercaderías;;Costo de la mercadería;
Producto;Si;No;Si;SET POSAVASOS CUADRADO X4 PELO MARRON ROJIZO;MC020813148;Unidad;DECO;POSAVASOS;35990;35990;;35990;35990;;Ventas;;Mercaderías;;Costo de la mercadería;
Producto;Si;No;Si;SET POSAVASOS CUADRADO X4 PELO BEIGE;MC020813111;Unidad;DECO;POSAVASOS;35990;35990;;35990;35990;;Ventas;;Mercaderías;;Costo de la mercadería;
Producto;Si;No;Si;TOTE CACHI DUNA NEGRO;MG011321201;Unidad;MARRO GRANDE;TOTE;99990;99990;;99990;99990;;Ventas;;Mercaderías;;Costo de la mercadería;
Producto;Si;No;Si;TOTE CACHI NAPADO SUELA;MG011320102;Unidad;MARRO GRANDE;TOTE;99990;99990;;99990;99990;;Ventas;;Mercaderías;;Costo de la mercadería;
Producto;Si;No;Si;TOTE CACHI NAPADO MALBEC;MG011320115;Unidad;MARRO GRANDE;TOTE;99990;99990;;99990;99990;;Ventas;;Mercaderías;;Costo de la mercadería;
Producto;Si;No;Si;TOTE CACHI NAPADO CARAMELO;MG011320103;Unidad;MARRO GRANDE;TOTE;99990;99990;;99990;99990;;Ventas;;Mercaderías;;Costo de la mercadería;
Producto;Si;No;Si;TOTE CACHI GAMUZA CAFE;MG011320558;Unidad;MARRO GRANDE;TOTE;99990;99990;;99990;99990;;Ventas;;Mercaderías;;Costo de la mercadería;
Producto;Si;No;Si;TOTE CACHI GAMUZA OLIVE;MG011320516;Unidad;MARRO GRANDE;TOTE;99990;99990;;99990;99990;;Ventas;;Mercaderías;;Costo de la mercadería;
Producto;Si;No;Si;PORTA HIGIENE MODENA AZUL;MC020751909;Unidad;MARRO CHICA;PORTAHIGIENE;51990;55990;;55990;55990;;Ventas;;Mercaderías;;Costo de la mercadería;
Producto;Si;No;Si;PORTA HIGIENE MODENA VERDE;MC020751910;Unidad;MARRO CHICA;PORTA HIGIENE;51990;55990;;55990;55990;;Ventas;;Mercaderías;;Costo de la mercadería;
Producto;Si;No;Si;"MEDIA HOMBRE MEDIA CAÑA FANTASIA ROMBO	 NEGRO/ROJO";TX280420001-07;Unidad;TEXTIL;MEDIAS FANTASIA;7990;4990;;4990;4990;;Ventas;;Mercaderías;;Costo de la mercadería;
Producto;Si;No;Si;"MEDIA HOMBRE MEDIA CAÑA FANTASIA ROMBO	 CRUDO/CELESTE";TX280430036-69;Unidad;TEXTIL;MEDIAS FANTASIA;7990;4990;;4990;4990;;Ventas;;Mercaderías;;Costo de la mercadería;
Producto;Si;No;Si;MEDIA HOMBRE MEDIA CAÑA FANTASIA MULTIRAYAS NEGRO/GRIS MELANGE;TX280440001-67;Unidad;TEXTIL;MEDIAS FANTASIA;7990;4990;;4990;4990;;Ventas;;Mercaderías;;Costo de la mercadería;
Producto;Si;No;Si;MEDIA HOMBRE MEDIA CAÑA FANTASIA MULTIRAYAS GRIS OSCURO/GRIS CLARO;TX280450022-68;Unidad;TEXTIL;MEDIAS FANTASIA;7990;4990;;4990;4990;;Ventas;;Mercaderías;;Costo de la mercadería;
Producto;Si;No;Si;MEDIA HOMBRE MEDIA CAÑA FANTASIA ROMBO CHICO GRIS OSCURO/ CLARO;TX280460022-68;Unidad;TEXTIL;MEDIAS FANTASIA;7990;4990;;4990;4990;;Ventas;;Mercaderías;;Costo de la mercadería;
Producto;Si;No;Si;MEDIA HOMBRE MEDIA CAÑA FANTASIA ROMBO CHICO GRIS CLARO / OSCURO;TX280470068-22;Unidad;TEXTIL;MEDIAS FANTASIA;7990;4990;;4990;4990;;Ventas;;Mercaderías;;Costo de la mercadería;
Producto;Si;No;Si;MOCHILA TECH 210512 CORDURA NEGRO;MG161174101;Unidad;MARRO GRANDE;TECH;69990;69990;;69990;69990;;Ventas;;Mercaderías;;Costo de la mercadería;
Producto;Si;No;Si;"MOCHILA TECH 21066	CORDURA NEGRO";MG161184101;Unidad;MARRO GRANDE;TECH;69990;69990;;69990;69990;;Ventas;;Mercaderías;;Costo de la mercadería;
Producto;Si;No;Si;MOCHILA TECH 2551 CORDURA AZUL;MG161144101;Unidad;MARRO GRANDE;TECH;109990;109990;;109990;109990;;Ventas;;Mercaderías;;Costo de la mercadería;
Producto;Si;No;Si;"MOCHILA TECH 21076	CORDURA NEGRO";MG161204101;Unidad;MARRO GRANDE;TECH;69990;69990;;69990;69990;;Ventas;;Mercaderías;;Costo de la mercadería;
Producto;Si;No;Si;"MOCHILA TECH 2551 CORDURA	NEGRO";MG161154101;Unidad;MARRO GRANDE;TECH;109990;109990;;109990;109990;;Ventas;;Mercaderías;;Costo de la mercadería;
Producto;Si;No;Si;MOCHILA TECH 2551 CORDURA GRIS;MG161164112;Unidad;MARRO GRANDE;TECH;109990;109990;;109990;109990;;Ventas;;Mercaderías;;Costo de la mercadería;
Producto;Si;No;Si;"MOCHILA TECH 40998	CORDURA NEGRO";MG161194101;Unidad;MARRO GRANDE;TECH;84990;84990;;84990;84990;;Ventas;;Mercaderías;;Costo de la mercadería;
Producto;Si;No;Si;BANDOLERA CARLA PELO HOLANDO;MG011063140;Unidad;MARRO GRANDE;BANDOLERA;69990;69990;;69990;69990;;Ventas;;Mercaderías;;Costo de la mercadería;
Producto;Si;No;Si;BANDOLERA CARLA PELO HEREFORD;MG011063139;Unidad;MARRO GRANDE;BANDOLERA;69990;69990;;69990;69990;;Ventas;;Mercaderías;;Costo de la mercadería;
Producto;Si;No;Si;PORTALENTES LUZ PELO HOLANDO;MC020173140;Unidad;MARRO CHICA;PORTALENTES;12990;44990;;44990;44990;;Ventas;;Mercaderías;;Costo de la mercadería;
Producto;Si;No;Si;PORTALENTES LUZ PELO HEREFORD;MC020173139;Unidad;MARRO CHICA;PORTALENTES;12990;44990;;44990;44990;;Ventas;;Mercaderías;;Costo de la mercadería;
Producto;Si;No;Si;LLAVERO ABC (LETRA C) BR/GZA CARAMELO/OLIVE;OT020830303-16;Unidad;ACCESORIOS;LLAVERO;29990;29990;;29990;29990;;Ventas;;Mercaderías;;Costo de la mercadería;
Producto;Si;No;No;PRODUCTOS OUTLET 67990;OUT67990;Unidad;OUTLET;OUTLET;67990;67990;;67990;67990;;Ventas;;Mercaderías;;Costo de la mercadería;
Producto;Si;No;Si;BOLSO ROQUE BRIDGE NEGRO;MG011350301;Unidad;MARRO GRANDE;BOLSO;399990;399990;;399990;399990;;Ventas;;Mercaderías;;Costo de la mercadería;
Producto;Si;No;Si;BOLSO ROQUE BRIDGE TABACO;MG011350304;Unidad;MARRO GRANDE;BOLSO;399990;399990;;399990;399990;;Ventas;;Mercaderías;;Costo de la mercadería;
Producto;Si;No;No;CARTERA INES PELO HEREFORD;MG011333139;Unidad;MARRO GRANDE;CARTERA;144990;154990;;154990;154990;;Ventas;;Mercaderías;;Costo de la mercadería;
Producto;Si;No;No;CARTERA INES PELO HOLANDO;MG011333140;Unidad;MARRO GRANDE;CARTERA;144990;154990;;154990;154990;;Ventas;;Mercaderías;;Costo de la mercadería;
Producto;Si;No;Si;BANDOLERA MATILDA PELO HOLANDO;MG011343140;Unidad;MARRO GRANDE;BANDOLERA;89990;89990;;89990;89990;;Ventas;;Mercaderías;;Costo de la mercadería;
Producto;Si;No;Si;BANDOLERA MATILDA PELO HEREFORD;MG011343139;Unidad;MARRO GRANDE;BANDOLERA;89990;89990;;89990;89990;;Ventas;;Mercaderías;;Costo de la mercadería;
Producto;Si;No;No;PRODUCTO OUTLET 83990;OUT83990;Unidad;OUTLET;OUTLET;83990;83990;;83990;83990;;Ventas;;Mercaderías;;Costo de la mercadería;
Producto;Si;No;Si;LLAVERO COMBINADO BRIDGE TABACO;OT020080004;Unidad;ACCESORIOS;LLAVERO;16990;12990;;12990;12990;;Ventas;;Mercaderías;;Costo de la mercadería;
Producto;Si;No;Si;LLAVERO COMBINADO BRIDGE CARAMELO;OT020080003;Unidad;ACCESORIOS;LLAVERO;16990;12990;;12990;12990;;Ventas;;Mercaderías;;Costo de la mercadería;
Producto;Si;No;Si;CARTERA EMILIA NAPADO NEGRO;MG011130101;Unidad;MARRO GRANDE;CARTERA;210990;219990;;219990;219990;;Ventas;;Mercaderías;;Costo de la mercadería;
Producto;Si;No;Si;TOTE CACHI PELO HOLANDO;MG011323140;Unidad;MARRO GRANDE;TOTE;99990;99990;;99990;99990;;Ventas;;Mercaderías;;Costo de la mercadería;
Producto;Si;No;Si;BANDEJA CHICA PELO HOLANDO;OT021283140;Unidad;DECO;BANDEJA;29990;35990;;35990;35990;;Ventas;;Mercaderías;;Costo de la mercadería;OT021283140
Producto;Si;No;Si;BANDEJA CHICA PELO HEREFORD;OT021283139;Unidad;DECO;BANDEJA;29990;35990;;35990;35990;;Ventas;;Mercaderías;;Costo de la mercadería;
Producto;Si;No;No;PRODUCTO OUTLET 195990;OUT195990;Unidad;OUTLET;OUTLET;195990;195990;;195990;195990;;Ventas;;Mercaderías;;Costo de la mercadería;
Producto;Si;No;Si;GORRO SEA LANA/POLYESTER GRIS OSCURO -M;OT260613822-M;Unidad;ACCESORIOS;SOMBRERO;36990;36990;;36990;36990;;Ventas;;Mercaderías;;Costo de la mercadería;
Producto;Si;No;Si;GORRO SEA LANA/POLYESTER GRIS OSCURO - L;OT260613822-L;Unidad;ACCESORIOS;SOMBRERO;36990;36990;;36990;36990;;Ventas;;Mercaderías;;Costo de la mercadería;
Producto;Si;No;Si;GORRO SEA LANA/POLYESTER BEIGE - M;OT260613811-M;Unidad;ACCESORIOS;SOMBRERO;36990;36990;;36990;36990;;Ventas;;Mercaderías;;Costo de la mercadería;
Producto;Si;No;Si;GORRO SEA LANA/POLYESTER BEIGE - L;OT260613811-L;Unidad;ACCESORIOS;SOMBRERO;36990;36990;;36990;36990;;Ventas;;Mercaderías;;Costo de la mercadería;
Producto;Si;No;Si;"GORRO FRED	LANA/POLYESTER VISON - M";OT260603828-M;Unidad;ACCESORIOS;SOMBRERO;33990;33990;;33990;33990;;Ventas;;Mercaderías;;Costo de la mercadería;
Producto;Si;No;Si;"GORRO FRED	LANA/POLYESTER	 VISON - L";OT260603828-L;Unidad;ACCESORIOS;SOMBRERO;33990;33990;;33990;33990;;Ventas;;Mercaderías;;Costo de la mercadería;
Producto;Si;No;Si;BOINA CLYDE LANA/POLYESTER BEIGE - S;OT260593811-S;Unidad;ACCESORIOS;SOMBRERO;59990;59990;;59990;59990;;Ventas;;Mercaderías;;Costo de la mercadería;
Producto;Si;No;Si;BOINA CLYDE LANA/POLYESTER BEIGE - M;OT260593811-M;Unidad;ACCESORIOS;SOMBRERO;59990;59990;;59990;59990;;Ventas;;Mercaderías;;Costo de la mercadería;
Producto;Si;No;Si;BOINA CLYDE LANA/POLYESTER BEIGE - L;OT260593811-L;Unidad;ACCESORIOS;SOMBRERO;59990;59990;;59990;59990;;Ventas;;Mercaderías;;Costo de la mercadería;
Producto;Si;No;Si;BOINA CLYDE LANA/POLYESTER GRIS - S;OT260593812-S;Unidad;ACCESORIOS;SOMBRERO;59990;59990;;59990;59990;;Ventas;;Mercaderías;;Costo de la mercadería;
Producto;Si;No;Si;BOINA CLYDE LANA/POLYESTER GRIS - M;OT260593812-M;Unidad;ACCESORIOS;SOMBRERO;59990;59990;;59990;59990;;Ventas;;Mercaderías;;Costo de la mercadería;
Producto;Si;No;Si;BOINA CLYDE LANA/POLYESTER GRIS- L;OT260593812-L;Unidad;ACCESORIOS;SOMBRERO;59990;59990;;59990;59990;;Ventas;;Mercaderías;;Costo de la mercadería;
Producto;Si;No;Si;BOINA CLYDE LANA/POLYESTER CAFE- S;OT260593858-S;Unidad;ACCESORIOS;SOMBRERO;59990;59990;;59990;59990;;Ventas;;Mercaderías;;Costo de la mercadería;
Producto;Si;No;Si;BOINA CLYDE LANA/POLYESTER CAFE-M;OT260593858-M;Unidad;ACCESORIOS;SOMBRERO;59990;59990;;59990;59990;;Ventas;;Mercaderías;;Costo de la mercadería;OT260593858-M
Producto;Si;No;Si;BOINA CLYDE LANA/POLYESTER CAFE-L;OT260593858-L;Unidad;ACCESORIOS;SOMBRERO;59990;59990;;59990;59990;;Ventas;;Mercaderías;;Costo de la mercadería;
Producto;Si;No;Si;"SOMBRERO HENY	PAPEL	BEIGE/CHOCOLATE";OT260644311-52;Unidad;ACCESORIOS;SOMBRERO;0;0;;0;0;;Ventas;;Mercaderías;;Costo de la mercadería;
Producto;Si;No;Si;SOMBRERO NINI PAPEL NATURAL;OT260664308;Unidad;ACCESORIOS;SOMBRERO;0;0;;0;0;;Ventas;;Mercaderías;;Costo de la mercadería;
Producto;Si;No;Si;SOMBRERO FELA RAFIA NATURAL;OT260674208;Unidad;ACCESORIOS;SOMBRERO;0;0;;0;0;;Ventas;;Mercaderías;;Costo de la mercadería;
Producto;Si;No;Si;"SOMBRERO YULA	RAFIA NATURAL";OT260634208;Unidad;ACCESORIOS;SOMBRERO;0;0;;0;0;;Ventas;;Mercaderías;;Costo de la mercadería;
Producto;Si;No;Si;"SOMBRERO GIA	RAFIA TOSTADO";OT260654221;Unidad;ACCESORIOS;SOMBRERO;0;0;;0;0;;Ventas;;Mercaderías;;Costo de la mercadería;
Producto;Si;No;Si;CARTERA INÉS BRIDGE NEGRO;MG011330301;Unidad;MARRO GRANDE;CARTERA;144990;154990;;154990;154990;;Ventas;;Mercaderías;;Costo de la mercadería;
Producto;Si;No;Si;CARTERA INÉS BRIDGE CARAMELO;MG011330303;Unidad;MARRO GRANDE;CARTERA;144990;154990;;154990;154990;;Ventas;;Mercaderías;;Costo de la mercadería;MG011330303
Producto;Si;No;Si;CARTERA INÉS BRIDGE MALBEC;MG011330315;Unidad;MARRO GRANDE;CARTERA;144990;154990;;154990;154990;;Ventas;;Mercaderías;;Costo de la mercadería;MG011330315
Producto;Si;No;Si;LLAVERO INICIALES NAPADO MALBEC;OT020340115;Unidad;ACCESORIOS;LLAVERO;12990;12990;;12990;12990;;Ventas;;Mercaderías;;Costo de la mercadería;
Producto;Si;No;Si;CINTURON RUS PELO MARRON ROJIZO S-M;OT021293148-S-M;Unidad;CINTURON;CINTURON;41990;41990;;41990;41990;;Ventas;;Mercaderías;;Costo de la mercadería;
Producto;Si;No;Si;"CINTURON RUS	PELO MARRON ROJIZO M-L";OT021293148-M-L;Unidad;CINTURON;CINTURON;41990;41990;;41990;41990;;Ventas;;Mercaderías;;Costo de la mercadería;
Producto;Si;No;Si;"CINTURON RUS	PELO BEIGE S-M";OT021293111-S-M;Unidad;CINTURON;CINTURON;41990;41990;;41990;41990;;Ventas;;Mercaderías;;Costo de la mercadería;
Producto;Si;No;Si;"CINTURON RUS	PELO BEIGE M-L";OT021293111-M-L;Unidad;CINTURON;CINTURON;41990;41990;;41990;41990;;Ventas;;Mercaderías;;Costo de la mercadería;
Producto;Si;No;Si;ARO PASANTE MEDIANO FLOR PLATEADO;AS-AR000001;Unidad;BIJOU;AROS;392,48;3990;;3990;3990;;Ventas;;Mercaderías;;Costo de la mercadería;AS-AR000001
Producto;Si;No;Si;PULSERA CRISTAL REDONDO C/ MARIPOSAS AZUL;AS-PU000001;Unidad;BIJOU;PULSERA;410,47;4990;;4990;4990;;Ventas;;Mercaderías;;Costo de la mercadería;AS-PU000001
Producto;Si;No;Si;PULSERA CRISTAL REDONDO C/ MARIPOSAS NEGRO;AS-PU000002;Unidad;BIJOU;PULSERA;410,47;4990;;4990;4990;;Ventas;;Mercaderías;;Costo de la mercadería;AS-PU000002
Producto;Si;No;Si;PULSERA CRISTAL REDONDO C/ MARIPOSAS PLATEADO;AS-PU000003;Unidad;BIJOU;PULSERA;410,47;4990;;4990;4990;;Ventas;;Mercaderías;;Costo de la mercadería;AS-PU000003
?Producto;Si;No;Si;PULSERA CUENTAS VIDRIO REDONDAS/OVALADAS VERDE;AS-PU000006;Unidad;BIJOU;PULSERA;410,47;4990;;4990;4990;;Ventas;;Mercaderías;;Costo de la mercadería;AS-PU000006
Producto;Si;No;Si;PULSERA CUENTAS VIDRIO REDONDAS/OVALADAS GRIS;AS-PU000007;Unidad;BIJOU;PULSERA;410,47;4990;;4990;4990;;Ventas;;Mercaderías;;Costo de la mercadería;AS-PU000007
Producto;Si;No;Si;PULSERA REDONDA ACUARELA CELESTE;AS-PU000009;Unidad;BIJOU;PULSERA;410,47;4990;;4990;4990;;Ventas;;Mercaderías;;Costo de la mercadería;AS-PU000009
Producto;Si;No;Si;PULSERA CRISTAL FASCETADO VERDE TORNASOL;AS-PU000014;Unidad;BIJOU;PULSERA;355,73;4990;;4990;4990;;Ventas;;Mercaderías;;Costo de la mercadería;AS-PU000014
Producto;Si;No;Si;PULSERA CRISTAL FASCETADO VIOLETA TORNASOL;AS-PU000015;Unidad;BIJOU;PULSERA;355,74;4990;;4990;4990;;Ventas;;Mercaderías;;Costo de la mercadería;AS-PU000015
Producto;Si;No;Si;PULSERA CUENTAS VIDRIO REDONDAS Y FASCETADAS COBRE;AS-PU000016;Unidad;BIJOU;PULSERA;383,1;4990;;4990;4990;;Ventas;;Mercaderías;;Costo de la mercadería;AS-PU000016
Producto;Si;No;Si;PULSERA CUENTAS VIDRIO REDONDAS Y FASCETADAS ROJO;AS-PU000017;Unidad;BIJOU;PULSERA;383,1;4990;;4990;4990;;Ventas;;Mercaderías;;Costo de la mercadería;AS-PU000017
Producto;Si;No;Si;PULSERA CUENTAS VIDRIO REDONDAS Y FASCETADAS VERDE;AS-PU000018;Unidad;BIJOU;PULSERA;383,1;4990;;4990;4990;;Ventas;;Mercaderías;;Costo de la mercadería;AS-PU000018
Producto;Si;No;Si;PULSERA CUENTAS VIDRIO REDONDAS Y FASCETADAS CELESTE;AS-PU000019;Unidad;BIJOU;PULSERA;383,1;4990;;4990;4990;;Ventas;;Mercaderías;;Costo de la mercadería;AS-PU000019
Producto;Si;No;Si;PULSERA CUENTAS VIDRIO REDONDAS Y FASCETADAS ROSA;AS-PU000020;Unidad;BIJOU;PULSERA;383,1;4990;;4990;4990;;Ventas;;Mercaderías;;Costo de la mercadería;AS-PU000020
Producto;Si;No;Si;PULSERA CUENTAS VIDRIO REDONDAS Y FASCETADAS VIOLETA;AS-PU000021;Unidad;BIJOU;PULSERA;383,1;4990;;4990;4990;;Ventas;;Mercaderías;;Costo de la mercadería;AS-PU000021
Producto;Si;No;Si;PULSERA CUENTAS VIDRIO REDONDAS- CUADRADAS C/ FASCETADAS VIOLETA;AS-PU000026;Unidad;BIJOU;PULSERA;410,46;4990;;4990;4990;;Ventas;;Mercaderías;;Costo de la mercadería;AS-PU000026
Producto;Si;No;Si;PULSERA CUENTAS VIDRIO REDONDAS- CUADRADAS C/ FASCETADAS COBRE;AS-PU000027;Unidad;BIJOU;PULSERA;410,47;4990;;4990;4990;;Ventas;;Mercaderías;;Costo de la mercadería;AS-PU000027
Producto;Si;No;Si;PULSERA CUENTAS VIDRIO REDONDAS- CUADRADAS C/ FASCETADAS ROJO;AS-PU000028;Unidad;BIJOU;PULSERA;410,46;4990;;4990;4990;;Ventas;;Mercaderías;;Costo de la mercadería;AS-PU000028
Producto;Si;No;Si;PULSERA CUENTAS VIDRIO REDONDAS- CUADRADAS C/ FASCETADAS ROSA;AS-PU000029;Unidad;BIJOU;PULSERA;410,46;4990;;4990;4990;;Ventas;;Mercaderías;;Costo de la mercadería;AS-PU000029
Producto;Si;No;Si;PULSERA CUENTAS VIDRIO REDONDAS- CUADRADAS C/ FASCETADAS NEGRO;AS-PU000030;Unidad;BIJOU;PULSERA;410,47;4990;;4990;4990;;Ventas;;Mercaderías;;Costo de la mercadería;AS-PU000030
Producto;Si;No;Si;PULSERA DISCOS MADERA VIRGENCITA CARAMELO;AS-PU000034;Unidad;BIJOU;PULSERA;383,1;4990;;4990;4990;;Ventas;;Mercaderías;;Costo de la mercadería;AS-PU000034
Producto;Si;No;Si;PULSERA DISCOS MADERA VIRGENCITA CHOCOLATE;AS-PU000035;Unidad;BIJOU;PULSERA;383,1;4990;;4990;4990;;Ventas;;Mercaderías;;Costo de la mercadería;AS-PU000035
Producto;Si;No;Si;PULSERA DISCOS MADERA VIRGENCITA NEGRO;AS-PU000036;Unidad;BIJOU;PULSERA;383,1;4990;;4990;4990;;Ventas;;Mercaderías;;Costo de la mercadería;AS-PU000036
Producto;Si;No;Si;PULSERA CUENTAS CRUZ MADERA;AS-PU000037;Unidad;BIJOU;PULSERA;410,47;4990;;4990;4990;;Ventas;;Mercaderías;;Costo de la mercadería;AS-PU000037
Producto;Si;No;Si;PULSERA CUENTAS FLOREADAS NARANJA;AS-PU000038;Unidad;BIJOU;PULSERA;410,47;4990;;4990;4990;;Ventas;;Mercaderías;;Costo de la mercadería;AS-PU000038
Producto;Si;No;Si;PULSERA CANUTILLO METAL/FASCETADAS C/ DIJES;AS-PU000042;Unidad;BIJOU;PULSERA;410,47;4990;;4990;4990;;Ventas;;Mercaderías;;Costo de la mercadería;AS-PU000042
Producto;Si;No;Si;PULSERA CANUTILLO METAL/FASCETADAS C/ MARIPOSASAS;AS-PU000043;Unidad;BIJOU;PULSERA;410,47;4990;;4990;4990;;Ventas;;Mercaderías;;Costo de la mercadería;AS-PU000043
Producto;Si;No;Si;PULSERA CANUTILLO METAL/REDONDAS TORNASOL;AS-PU000048;Unidad;BIJOU;PULSERA;328,36;4990;;4990;4990;;Ventas;;Mercaderías;;Costo de la mercadería;AS-PU000048
Producto;Si;No;No;PULSERA CRISTAL ROMBO CELESTE;AS-PU000053;Unidad;BIJOU;PULSERA;164,18;0;;0;0;;Ventas;;Mercaderías;;Costo de la mercadería;AS-PU000053
Producto;Si;No;Si;PULSERA CRISTAL ROMBO BLANCO;AS-PU000054;Unidad;BIJOU;PULSERA;164,18;0;;0;0;;Ventas;;Mercaderías;;Costo de la mercadería;AS-PU000054
Producto;Si;No;Si;PULSERA CRISTAL ROMBO ROSA;AS-PU000055;Unidad;BIJOU;PULSERA;164,19;0;;0;0;;Ventas;;Mercaderías;;Costo de la mercadería;AS-PU000055
Producto;Si;No;Si;PULSERA CRISTAL ROMBO AZUL;AS-PU000056;Unidad;BIJOU;PULSERA;164,19;0;;0;0;;Ventas;;Mercaderías;;Costo de la mercadería;AS-PU000056
Producto;Si;No;Si;PULSERA CRISTAL ROMBO BEIGE;AS-PU000057;Unidad;BIJOU;PULSERA;164,18;0;;0;0;;Ventas;;Mercaderías;;Costo de la mercadería;AS-PU000057
Producto;Si;No;Si;PULSERA CRISTAL ROMBO VIOLETA;AS-PU000058;Unidad;BIJOU;PULSERA;164,18;0;;0;0;;Ventas;;Mercaderías;;Costo de la mercadería;AS-PU000058
Producto;Si;No;Si;PULSERA CRISTAL ROMBO GRIS;AS-PU000059;Unidad;BIJOU;PULSERA;164,18;0;;0;0;;Ventas;;Mercaderías;;Costo de la mercadería;AS-PU000059
Producto;Si;No;Si;PULSERA CRISTAL ROMBO ROJO;AS-PU000060;Unidad;BIJOU;PULSERA;164,19;0;;0;0;;Ventas;;Mercaderías;;Costo de la mercadería;AS-PU000060
Producto;Si;No;Si;PULSERA FASCETADA REDONDA Y OJO TURCO TRANSPARENTE;AS-PU000061;Unidad;BIJOU;PULSERA;259,95;2990;;2990;2990;;Ventas;;Mercaderías;;Costo de la mercadería;AS-PU000061
Producto;Si;No;Si;PULSERA FASCETADA REDONDA Y OJO TURCO CELESTE;AS-PU000062;Unidad;BIJOU;PULSERA;259,95;2990;;2990;2990;;Ventas;;Mercaderías;;Costo de la mercadería;AS-PU000062
Producto;Si;No;Si;PULSERA FASCETADA REDONDA Y OJO TURCO NEGRO;AS-PU000063;Unidad;BIJOU;PULSERA;259,95;2990;;2990;2990;;Ventas;;Mercaderías;;Costo de la mercadería;AS-PU000063
Producto;Si;No;Si;PULSERA FASCETADA REDONDA Y OJO TURCO ROJO;AS-PU000064;Unidad;BIJOU;PULSERA;259,95;2990;;2990;2990;;Ventas;;Mercaderías;;Costo de la mercadería;AS-PU000064
Producto;Si;No;Si;SET PULSERAS INFANTIL MARIPOSA;AS-PU000065;Unidad;BIJOU;PULSERA;328,37;2990;;2990;2990;;Ventas;;Mercaderías;;Costo de la mercadería;AS-PU000065
Producto;Si;No;Si;SET PULSERAS INFANTIL LOVE;AS-PU000066;Unidad;BIJOU;PULSERA;328,38;2990;;2990;2990;;Ventas;;Mercaderías;;Costo de la mercadería;AS-PU000066
Producto;Si;No;Si;PULSERA HILO REGULABLE OJO TURCO AZUL;AS-PU000067;Unidad;BIJOU;PULSERA;355,72;2990;;2990;2990;;Ventas;;Mercaderías;;Costo de la mercadería;AS-PU000067
Producto;Si;No;Si;PULSERA HILO REGULABLE OJO TURCO NEGRO;AS-PU000068;Unidad;BIJOU;PULSERA;355,72;2990;;2990;2990;;Ventas;;Mercaderías;;Costo de la mercadería;AS-PU000068
Producto;Si;No;Si;PULSERA HILO REGULABLE OJO TURCO AZUL/PLATEADO;AS-PU000069;Unidad;BIJOU;PULSERA;355,72;2990;;2990;2990;;Ventas;;Mercaderías;;Costo de la mercadería;AS-PU000069
Producto;Si;No;Si;PULSERA HILO TRENZADO REGULABLE Y OJO TURCO ROMBO AZUL;AS-PU000071;Unidad;BIJOU;PULSERA;355,72;2990;;2990;2990;;Ventas;;Mercaderías;;Costo de la mercadería;AS-PU000071
Producto;Si;No;Si;PULSERA HILO TRENZADO REGULABLE Y OJO TURCO CELESTE;AS-PU000072;Unidad;BIJOU;PULSERA;355,72;2990;;2990;2990;;Ventas;;Mercaderías;;Costo de la mercadería;AS-PU000072
Producto;Si;No;Si;PULSERA HILO REGULABLE FASCETADO Y OJO TURCO BLANCO;AS-PU000073;Unidad;BIJOU;PULSERA;355,72;2990;;2990;2990;;Ventas;;Mercaderías;;Costo de la mercadería;AS-PU000073
Producto;Si;No;Si;PULSERA HILO TRENZADO REGULABLE Y OJO TURCO REDONDO AZUL;AS-PU000074;Unidad;BIJOU;PULSERA;355,72;2990;;2990;2990;;Ventas;;Mercaderías;;Costo de la mercadería;AS-PU000074
Producto;Si;No;Si;PULSERA HILO TRENZADO REGULABLE Y OJO TURCO REDONDO CAMEL;AS-PU000075;Unidad;BIJOU;PULSERA;355,72;2990;;2990;2990;;Ventas;;Mercaderías;;Costo de la mercadería;AS-PU000075
Producto;Si;No;Si;PULSERA HILO TRENZADO REGULABLE Y MANITO CELESTE;AS-PU000076;Unidad;BIJOU;PULSERA;355,72;2990;;2990;2990;;Ventas;;Mercaderías;;Costo de la mercadería;AS-PU000076
Producto;Si;No;Si;PULSERA REGULABLE CANUTILLO ROJO Y TRIANGULO BRILLO;AS-PU000077;Unidad;BIJOU;PULSERA;355,72;2990;;2990;2990;;Ventas;;Mercaderías;;Costo de la mercadería;AS-PU000077
Producto;Si;No;Si;PULSERA REGULABLE CANUTILLO ROJO Y CORAZÓN BRILLO;AS-PU000078;Unidad;BIJOU;PULSERA;355,72;2990;;2990;2990;;Ventas;;Mercaderías;;Costo de la mercadería;AS-PU000078
Producto;Si;No;Si;PULSERA REGULABLE CUENTAS Y DIJE MANITO ROJO;AS-PU000079;Unidad;BIJOU;PULSERA;355,72;2990;;2990;2990;;Ventas;;Mercaderías;;Costo de la mercadería;AS-PU000079
Producto;Si;No;Si;PULSERA REGULABLE CANUTILLO ROJO Y CORAZÓN;AS-PU000080;Unidad;BIJOU;PULSERA;355,72;2990;;2990;2990;;Ventas;;Mercaderías;;Costo de la mercadería;AS-PU000080
Producto;Si;No;Si;PULSERA REGULABLE MOSTACILLA ROJO C/ CARACOLES;AS-PU000081;Unidad;BIJOU;PULSERA;355,72;2990;;2990;2990;;Ventas;;Mercaderías;;Costo de la mercadería;AS-PU000081
Producto;Si;No;Si;PULSERA REGULABLE MOSTACILLA C/ OJO ROJO;AS-PU000082;Unidad;BIJOU;PULSERA;355,72;2990;;2990;2990;;Ventas;;Mercaderías;;Costo de la mercadería;AS-PU000082
Producto;Si;No;Si;PULSERA REGULABLE MOSTACILLA ROJO Y DORADO;AS-PU000083;Unidad;BIJOU;PULSERA;355,72;2990;;2990;2990;;Ventas;;Mercaderías;;Costo de la mercadería;AS-PU000083
Producto;Si;No;Si;PULSERA REGULABLE MOSTACILLA ROJO C/ FLOR;AS-PU000084;Unidad;BIJOU;PULSERA;355,72;2990;;2990;2990;;Ventas;;Mercaderías;;Costo de la mercadería;AS-PU000084
Producto;Si;No;Si;PULSERA REGULABLE CANUTILLO ROJO Y BLANCO C/ CORAZÓN;AS-PU000085;Unidad;BIJOU;PULSERA;355,72;2990;;2990;2990;;Ventas;;Mercaderías;;Costo de la mercadería;AS-PU000085
Producto;Si;No;Si;PULSERA HILO REGULABLE NEGRO CRUZ DORADA;AS-PU000086;Unidad;ACCESORIOS;PULSERA;355,72;2990;;2990;2990;;Ventas;;Mercaderías;;Costo de la mercadería;AS-PU000086
Producto;Si;No;Si;PULSERA REGULABLE CRISTAL FASCETADAS C/ OJOS ROJO;AS-PU000087;Unidad;BIJOU;PULSERA;383,1;2990;;2990;2990;;Ventas;;Mercaderías;;Costo de la mercadería;AS-PU000087
Producto;Si;No;Si;PULSERA REGULABLE MOSTACILLA NEGRO Y MANITO CELESTE;AS-PU000088;Unidad;BIJOU;PULSERA;383,1;2990;;2990;2990;;Ventas;;Mercaderías;;Costo de la mercadería;AS-PU000088
Producto;Si;No;Si;PULSERA REGULABLE MOSTACILLA FASCETADA CELESTE C/ OJO TURCO;AS-PU000089;Unidad;BIJOU;PULSERA;383,1;2990;;2990;2990;;Ventas;;Mercaderías;;Costo de la mercadería;AS-PU000089
Producto;Si;No;Si;PULSERA REGULABLE FASCETADAS NEGRO Y DISCOS CELESTE;AS-PU000090;Unidad;BIJOU;PULSERA;383,1;2990;;2990;2990;;Ventas;;Mercaderías;;Costo de la mercadería;AS-PU000090
Producto;Si;No;Si;PULSERA REGULABLE FASCETADAS AZUL C/ CILINDRICAS CELESTE;AS-PU000091;Unidad;BIJOU;PULSERA;383,1;2990;;2990;2990;;Ventas;;Mercaderías;;Costo de la mercadería;AS-PU000091
Producto;Si;No;Si;PULSERA REGULABLE MOSTACILLA ROJO Y BLANCO C/CRUZ PLATEADO;AS-PU000092;Unidad;BIJOU;PULSERA;383,1;2990;;2990;2990;;Ventas;;Mercaderías;;Costo de la mercadería;AS-PU000092
Producto;Si;No;Si;PULSERA REGULABLE FASCETADAS ROJO C/ CORAZON PLATEADO;AS-PU000093;Unidad;BIJOU;PULSERA;383,1;2990;;2990;2990;;Ventas;;Mercaderías;;Costo de la mercadería;AS-PU000093
Producto;Si;No;Si;PULSERA REGULABLE FASCETADAS ROJO Y BLANCO C/ MANO FATIMA;AS-PU000094;Unidad;BIJOU;PULSERA;383,1;2990;;2990;2990;;Ventas;;Mercaderías;;Costo de la mercadería;AS-PU000094
Producto;Si;No;Si;PULSERA REGULABLE MOSTACILLA ROJO  Y FASCETADAS C/ CRUZ PLATEADO;AS-PU000095;Unidad;BIJOU;PULSERA;383,1;2990;;2990;2990;;Ventas;;Mercaderías;;Costo de la mercadería;AS-PU000095
Producto;Si;No;Si;PULSERA HILO REGULABLE SIGNO ACUARIO;AS-PU000096;Unidad;BIJOU;PULSERA;328,37;2990;;2990;2990;;Ventas;;Mercaderías;;Costo de la mercadería;AS-PU000096
Producto;Si;No;Si;PULSERA HILO REGULABLE SIGNO ARIES;AS-PU000097;Unidad;BIJOU;PULSERA;328,37;2990;;2990;2990;;Ventas;;Mercaderías;;Costo de la mercadería;AS-PU000097
Producto;Si;No;Si;PULSERA HILO REGULABLE SIGNO PISCIS;AS-PU000098;Unidad;BIJOU;PULSERA;328,37;2990;;2990;2990;;Ventas;;Mercaderías;;Costo de la mercadería;AS-PU000098
Producto;Si;No;Si;PULSERA HILO REGULABLE SIGNO TAURO;AS-PU000099;Unidad;BIJOU;PULSERA;328,38;2990;;2990;2990;;Ventas;;Mercaderías;;Costo de la mercadería;AS-PU000099
Producto;Si;No;Si;PULSERA HILO REGULABLE SIGNO GEMINIS;AS-PU000100;Unidad;BIJOU;PULSERA;328,37;2990;;2990;2990;;Ventas;;Mercaderías;;Costo de la mercadería;AS-PU000100
Producto;Si;No;Si;PULSERA HILO REGULABLE SIGNO LEO;AS-PU000101;Unidad;BIJOU;PULSERA;328,37;2990;;2990;2990;;Ventas;;Mercaderías;;Costo de la mercadería;AS-PU000101
Producto;Si;No;Si;PULSERA HILO REGULABLE SIGNO VIRGO;AS-PU000102;Unidad;BIJOU;PULSERA;328,37;2990;;2990;2990;;Ventas;;Mercaderías;;Costo de la mercadería;AS-PU000102
Producto;Si;No;Si;PULSERA HILO REGULABLE SIGNO LIBRA;AS-PU000103;Unidad;BIJOU;PULSERA;328,37;2990;;2990;2990;;Ventas;;Mercaderías;;Costo de la mercadería;AS-PU000103
Producto;Si;No;Si;PULSERA HILO REGULABLE SIGNO ESCORPIO;AS-PU000104;Unidad;BIJOU;PULSERA;328,37;2990;;2990;2990;;Ventas;;Mercaderías;;Costo de la mercadería;AS-PU000104
Producto;Si;No;Si;PULSERA HILO REGULABLE SIGNO SAGITARIO;AS-PU000105;Unidad;BIJOU;PULSERA;328,37;2990;;2990;2990;;Ventas;;Mercaderías;;Costo de la mercadería;AS-PU000105
Producto;Si;No;Si;PULSERA HILO REGULABLE SIGNO CAPRICORNIO;AS-PU000106;Unidad;BIJOU;PULSERA;328,37;2990;;2990;2990;;Ventas;;Mercaderías;;Costo de la mercadería;AS-PU000106
Producto;Si;No;Si;PULSERA HILO REGULABLE SIGNO CANCER;AS-PU000107;Unidad;BIJOU;PULSERA;328,38;2990;;2990;2990;;Ventas;;Mercaderías;;Costo de la mercadería;AS-PU000107
Producto;Si;No;Si;PULSERA HILO MIXTO REGULABLE C/ OJO TURCO AZUL;AS-PU000108;Unidad;BIJOU;PULSERA;328,38;2990;;2990;2990;;Ventas;;Mercaderías;;Costo de la mercadería;AS-PU000108
Producto;Si;No;Si;PULSERA CUENTAS MADERA CARAMELO;AS-PU000109;Unidad;BIJOU;PULSERA;150,5;1990;;1990;1990;;Ventas;;Mercaderías;;Costo de la mercadería;AS-PU000109
Producto;Si;No;Si;PULSERA CUENTAS MADERA CHOCOLATE;AS-PU000110;Unidad;BIJOU;PULSERA;150,5;1990;;1990;1990;;Ventas;;Mercaderías;;Costo de la mercadería;AS-PU000110
Producto;Si;No;Si;ARO PASANTE BOTON DORADO;AS-AR000047;Unidad;BIJOU;ARO;261,29;1490;;1490;1490;;Ventas;;Mercaderías;;Costo de la mercadería;AS-AR000047
Producto;Si;No;Si;ARO PASANTE BOTON PLATEADO;AS-AR000048;Unidad;BIJOU;ARO;255,66;1490;;1490;1490;;Ventas;;Mercaderías;;Costo de la mercadería;AS-AR000048
Producto;Si;No;Si;ARO PASANTE ARGOLLA GRANDE PLANA PLATEADO;AS-AR000049;Unidad;BIJOU;ARO;325,63;1990;;1990;1990;;Ventas;;Mercaderías;;Costo de la mercadería;AS-AR000049
Producto;Si;No;Si;ARO PASANTE ARGOLLA GRANDE PLANA DORADO;AS-AR000050;Unidad;BIJOU;ARO;325,63;1990;;1990;1990;;Ventas;;Mercaderías;;Costo de la mercadería;AS-AR000050
Producto;Si;No;Si;ARO PASANTE MEDIA ARGOLLA CHICO DORADO;AS-AR000052;Unidad;BIJOU;ARO;287,32;1490;;1490;1490;;Ventas;;Mercaderías;;Costo de la mercadería;AS-AR000052
Producto;Si;No;Si;ARO PASANTE MEDIA ARGOLLA MEDIANO PLATEADO;AS-AR000053;Unidad;BIJOU;ARO;316,06;1490;;1490;1490;;Ventas;;Mercaderías;;Costo de la mercadería;AS-AR000053
Producto;Si;No;Si;ARO PASANTE MEDIA ARGOLLA MEDIANO DORADO;AS-AR000054;Unidad;BIJOU;ARO;316,06;1490;;1490;1490;;Ventas;;Mercaderías;;Costo de la mercadería;AS-AR000054
Producto;Si;No;Si;ARO PASANTE MEDIA ARGOLLA ESLABÓN PLATEADO;AS-AR000055;Unidad;BIJOU;ARO;325,63;1490;;1490;1490;;Ventas;;Mercaderías;;Costo de la mercadería;AS-AR000055
Producto;Si;No;Si;ARO PASANTE MEDIA ARGOLLA ESLABÓN DORADO;AS-AR000056;Unidad;BIJOU;ARO;325,63;1490;;1490;1490;;Ventas;;Mercaderías;;Costo de la mercadería;AS-AR000056
Producto;Si;No;Si;ARO PASANTE MEDIA ARGOLLA METAL GRUESO PLATEADO;AS-AR000057;Unidad;BIJOU;ARO;335,21;1490;;1490;1490;;Ventas;;Mercaderías;;Costo de la mercadería;AS-AR000057
Producto;Si;No;Si;ARO PASANTE MEDIA ARGOLLA METAL CAÑO GRUESO DORADO;AS-AR000058;Unidad;BIJOU;ARO;335,21;1490;;1490;1490;;Ventas;;Mercaderías;;Costo de la mercadería;AS-AR000058
Producto;Si;No;Si;ARO PASANTE ARGOLLA MEDIANA TRENZADA PLATEADO;AS-AR000059;Unidad;BIJOU;ARO;335,21;1990;;1990;1990;;Ventas;;Mercaderías;;Costo de la mercadería;AS-AR000059
Producto;Si;No;Si;ARO PASANTE ARGOLLA MEDIANA TRENZADA DORADO;AS-AR000060;Unidad;BIJOU;ARO;335,21;1990;;1990;1990;;Ventas;;Mercaderías;;Costo de la mercadería;AS-AR000060
Producto;Si;No;Si;ARO PASANTE ARGOLLA MEDIANA TORZADA PLATEADO;AS-AR000061;Unidad;BIJOU;ARO;335,21;1990;;1990;1990;;Ventas;;Mercaderías;;Costo de la mercadería;AS-AR000061
Producto;Si;No;Si;ARO PASANTE ARGOLLA MEDIANA TORZADA DORADO;AS-AR000062;Unidad;BIJOU;ARO;335,21;1990;;1990;1990;;Ventas;;Mercaderías;;Costo de la mercadería;AS-AR000062
Producto;Si;No;Si;ARO PASANTE ARGOLLA CHICA TORZADA PLATEADO;AS-AR000063;Unidad;BIJOU;ARO;316,06;1990;;1990;1990;;Ventas;;Mercaderías;;Costo de la mercadería;AS-AR000063
Producto;Si;No;Si;ARO PASANTE ARGOLLA CHICA TORZADA DORADO;AS-AR000064;Unidad;BIJOU;ARO;316,06;1990;;1990;1990;;Ventas;;Mercaderías;;Costo de la mercadería;AS-AR000064
Producto;Si;No;Si;ARO PASANTE FLOR C/ PERLA DORADO;AS-AR000075;Unidad;BIJOU;ARO;258,59;1490;;1490;1490;;Ventas;;Mercaderías;;Costo de la mercadería;AS-AR000075
Producto;Si;No;Si;SET PASANTES / PRESIÓN PERLA DORADO;AS-AR000076;Unidad;BIJOU;ARO;383,1;3990;;3990;3990;;Ventas;;Mercaderías;;Costo de la mercadería;AS-AR000076
Producto;Si;No;Si;SET PASANTES / PRESIÓN 3 ESTRELLAS PLATEADO;AS-AR000077;Unidad;BIJOU;ARO;383,1;3990;;3990;3990;;Ventas;;Mercaderías;;Costo de la mercadería;AS-AR000077
Producto;Si;No;Si;SET PASANTES / PRESIÓN ARGOLLAS DORADO;AS-AR000078;Unidad;BIJOU;ARO;410,44;3990;;3990;3990;;Ventas;;Mercaderías;;Costo de la mercadería;AS-AR000078
Producto;Si;No;Si;SET PASANTES / PRESIÓN LUNA ESTRELLA PLATEADO;AS-AR000079;Unidad;BIJOU;ARO;410,44;3990;;3990;3990;;Ventas;;Mercaderías;;Costo de la mercadería;AS-AR000079
Producto;Si;No;Si;SET 3 PASANTES ARGOLLA GRANDE C/DIJE PLATEADO;AS-AR000080;Unidad;BIJOU;ARO;410,47;3990;;3990;3990;;Ventas;;Mercaderías;;Costo de la mercadería;AS-AR000080
Producto;Si;No;Si;SET 3 PASANTES MEDIA ARGOLLA PLATEADO;AS-AR000081;Unidad;BIJOU;ARO;383,1;3990;;3990;3990;;Ventas;;Mercaderías;;Costo de la mercadería;AS-AR000081
Producto;Si;No;Si;MONEDERO LUISA BRIDGE CARAMELO;MC020790303;Unidad;MARRO CHICA;MONEDERO;65990;65990;;65990;65990;;Ventas;;Mercaderías;;Costo de la mercadería;
Producto;Si;No;Si;CINTURON PAO CUERO NEGRO;OT021300101;Unidad;CINTURON;CINTURON;39990;29990;;29990;29990;;Ventas;;Mercaderías;;Costo de la mercadería;
Producto;Si;No;Si;CINTURON PAO CUERO SUELA;OT021300102;Unidad;CINTURON;CINTURON;39990;29990;;29990;29990;;Ventas;;Mercaderías;;Costo de la mercadería;
Producto;Si;No;Si;CINTURON PAO COMBINADO CUERO/ALGODON NEGRO;OT021310101;Unidad;CINTURON;CINTURON;29990;29990;;29990;29990;;Ventas;;Mercaderías;;Costo de la mercadería;
Producto;Si;No;Si;CINTURON PAO COMBINADO CUERO/ALGODON SUELA;OT021310102;Unidad;CINTURON;CINTURON;29990;29990;;29990;29990;;Ventas;;Mercaderías;;Costo de la mercadería;
Producto;Si;No;Si;ARO PASANTE FLOR BOLITAS PLATEADO;AS-AR000017;Unidad;BIJOU;ARO;336,34;2990;;2990;2990;;Ventas;;Mercaderías;;Costo de la mercadería;AS-AR000017
Producto;Si;No;Si;ARO PASANTE FLOR BOLITAS DORADO;AS-AR000018;Unidad;BIJOU;ARO;336,34;2990;;2990;2990;;Ventas;;Mercaderías;;Costo de la mercadería;AS-AR000018
Producto;Si;No;Si;ARO PASANTE SEMI ARGOLLA PLANA PLATEADO;AS-AR000019;Unidad;BIJOU;ARO;337,76;2990;;2990;2990;;Ventas;;Mercaderías;;Costo de la mercadería;AS-AR000019
Producto;Si;No;Si;ARO PASANTE SEMI ARGOLLA PLANA DORADO;AS-AR000020;Unidad;BIJOU;ARO;343,39;2990;;2990;2990;;Ventas;;Mercaderías;;Costo de la mercadería;AS-AR000020
Producto;Si;No;Si;ARO PASANTE SEMI CUADRADO REDONDEADO DORADO;AS-AR000024;Unidad;BIJOU;ARO;343,39;2990;;2990;2990;;Ventas;;Mercaderías;;Costo de la mercadería;AS-AR000024
Producto;Si;No;Si;ARO PASANTE SEMI ARGOLLA ESCAMAS DORADO;AS-AR000035;Unidad;BIJOU;ARO;288,64;2990;;2990;2990;;Ventas;;Mercaderías;;Costo de la mercadería;AS-AR000035
Producto;Si;No;Si;ARO PASANTE SEMI ARGOLLA ESCAMAS PLATEADO;AS-AR000036;Unidad;BIJOU;ARO;283,01;2990;;2990;2990;;Ventas;;Mercaderías;;Costo de la mercadería;AS-AR000036
Producto;Si;No;Si;ARO PASANTE CORAZON CHICO PLATEADO;AS-AR000037;Unidad;BIJOU;ARO;277,71;2990;;2990;2990;;Ventas;;Mercaderías;;Costo de la mercadería;AS-AR000037
Producto;Si;No;Si;ARO PASANTE CORAZON CHICO DORADO;AS-AR000038;Unidad;BIJOU;ARO;272,08;2990;;2990;2990;;Ventas;;Mercaderías;;Costo de la mercadería;AS-AR000038
Producto;Si;No;Si;ARO PASANTE BOTON CHICO DORADO;AS-AR000039;Unidad;BIJOU;ARO;277,71;2990;;2990;2990;;Ventas;;Mercaderías;;Costo de la mercadería;AS-AR000039
Producto;Si;No;Si;ARO PASANTE BOTON CHICO PLATEADO;AS-AR000040;Unidad;BIJOU;ARO;272,08;2990;;2990;2990;;Ventas;;Mercaderías;;Costo de la mercadería;AS-AR000040
Producto;Si;No;Si;ARO PASANTE CUADRADO CHICO DORADO;AS-AR000041;Unidad;BIJOU;ARO;277,71;2990;;2990;2990;;Ventas;;Mercaderías;;Costo de la mercadería;AS-AR000041
Producto;Si;No;Si;ARO PASANTE CUADRADO CHICO PLATEADO;AS-AR000042;Unidad;BIJOU;ARO;272,08;2990;;2990;2990;;Ventas;;Mercaderías;;Costo de la mercadería;AS-AR000042
Producto;Si;No;Si;ARO PASANTE ESTRELLA CHICO DORADO;AS-AR000043;Unidad;BIJOU;ARO;277,71;2990;;2990;2990;;Ventas;;Mercaderías;;Costo de la mercadería;AS-AR000043
Producto;Si;No;Si;ARO PASANTE ESTRELLA CHICO PLATEADO;AS-AR000044;Unidad;BIJOU;ARO;272,08;2990;;2990;2990;;Ventas;;Mercaderías;;Costo de la mercadería;AS-AR000044
Producto;Si;No;Si;ARO PASANTE CURVO CHICO DORADO;AS-AR000045;Unidad;BIJOU;ARO;277,71;2990;;2990;2990;;Ventas;;Mercaderías;;Costo de la mercadería;AS-AR000045
Producto;Si;No;Si;ARO PASANTE CURVO CHICO PLATEADO;AS-AR000046;Unidad;BIJOU;ARO;272,08;2990;;2990;2990;;Ventas;;Mercaderías;;Costo de la mercadería;AS-AR000046
Producto;Si;No;Si;ARO PASANTE GOTA GRANDE PLATEADO;AS-AR000071;Unidad;BIJOU;ARO;440,56;3990;;3990;3990;;Ventas;;Mercaderías;;Costo de la mercadería;AS-AR000071
Producto;Si;No;Si;ARO PASANTE GOTA GRANDE DORADO;AS-AR000072;Unidad;BIJOU;ARO;441,43;3990;;3990;3990;;Ventas;;Mercaderías;;Costo de la mercadería;AS-AR000072
Producto;Si;No;Si;ARO PASANTE COLGANTE GOTA PLANA GRANDE DORADO;AS-AR000074;Unidad;BIJOU;ARO;440,56;3990;;3990;3990;;Ventas;;Mercaderías;;Costo de la mercadería;AS-AR000074
Producto;Si;No;Si;ARO ARGOLLA GRANDE MEDIANA DORADO;AS-AR000082;Unidad;BIJOU;ARO;465,2;4990;;4990;4990;;Ventas;;Mercaderías;;Costo de la mercadería;AS-AR000082
Producto;Si;No;Si;ARO PASANTE CIRCULOS DORADO;AS-AR000084A;Unidad;BIJOU;ARO;547,27;4990;;4990;4990;;Ventas;;Mercaderías;;Costo de la mercadería;AS-AR000084A
Producto;Si;No;Si;ARO PASANTE FLOR GRANDE METAL PLATEADO;AS-AR000085;Unidad;BIJOU;ARO;547,27;4990;;4990;4990;;Ventas;;Mercaderías;;Costo de la mercadería;AS-AR000085
Producto;Si;No;Si;ARO PASANTE TRIPLE ARGOLLA BOLITAS DORADO;AS-AR000086;Unidad;BIJOU;ARO;547,27;4990;;4990;4990;;Ventas;;Mercaderías;;Costo de la mercadería;AS-AR000086
Producto;Si;No;Si;ARO PASANTE TRIPLE ARGOLLA BOLITAS PLATEADO;AS-AR000087;Unidad;BIJOU;ARO;547,27;4990;;4990;4990;;Ventas;;Mercaderías;;Costo de la mercadería;AS-AR000087
Producto;Si;No;Si;ARO PASANTE CIRCULOS RUSTICOS COLGANTES PLATEADO;AS-AR000088;Unidad;BIJOU;ARO;492,56;4990;;4990;4990;;Ventas;;Mercaderías;;Costo de la mercadería;AS-AR000088
Producto;Si;No;Si;ARO PASANTE ESLABON GRANDE DORADO;AS-AR000089;Unidad;BIJOU;ARO;766,2;4990;;4990;4990;;Ventas;;Mercaderías;;Costo de la mercadería;AS-AR000089
Producto;Si;No;Si;ARO PASANTE CIRCULO NACAR/DORADO;AS-AR000090;Unidad;BIJOU;ARO;903,04;4990;;4990;4990;;Ventas;;Mercaderías;;Costo de la mercadería;AS-AR000090
Producto;Si;No;Si;ARO PASANTE FLOR MEDIANA NACAR/DORADO;AS-AR000091;Unidad;BIJOU;ARO;684,11;4990;;4990;4990;;Ventas;;Mercaderías;;Costo de la mercadería;AS-AR000091
Producto;Si;No;Si;ARO PASANTE ESLABON METAL CUADRADO COLGANTE DORADO;AS-AR000092;Unidad;BIJOU;ARO;684,11;4990;;4990;4990;;Ventas;;Mercaderías;;Costo de la mercadería;AS-AR000092
Producto;Si;No;Si;ARO PASANTE METAL CRUZADO DORADO;AS-AR000093;Unidad;BIJOU;ARO;684,11;4990;;4990;4990;;Ventas;;Mercaderías;;Costo de la mercadería;AS-AR000093
Producto;Si;No;Si;ARO PASANTE MEDIA ARGOLLA BLANCO/DORADO;AS-AR000094;Unidad;BIJOU;ARO;684,11;4990;;4990;4990;;Ventas;;Mercaderías;;Costo de la mercadería;AS-AR000094
Producto;Si;No;Si;ARO COLGANTE ESLABONES COMBINADOS PLATEADO/DORADO;AS-AR000095;Unidad;BIJOU;ARO;875,66;4990;;4990;4990;;Ventas;;Mercaderías;;Costo de la mercadería;AS-AR000095
Producto;Si;No;Si;ARO PASANTE TRIPLE ARGOLLA DORADO;AS-AR000096;Unidad;BIJOU;ARO;602,02;4990;;4990;4990;;Ventas;;Mercaderías;;Costo de la mercadería;AS-AR000096
Producto;Si;No;Si;ARO PASANTE METAL NIDO TRENZADO DORADO;AS-AR000097;Unidad;BIJOU;ARO;629,35;4990;;4990;4990;;Ventas;;Mercaderías;;Costo de la mercadería;AS-AR000097
Producto;Si;No;Si;ARO PASANTE METAL NIDO DORADO;AS-AR000098;Unidad;BIJOU;ARO;629,35;4990;;4990;4990;;Ventas;;Mercaderías;;Costo de la mercadería;AS-AR000098
Producto;Si;No;Si;ARO PASANTE COLGANTE CIRCULO GRANDE PLATEADO;AS-AR000099;Unidad;BIJOU;ARO;711,49;4990;;4990;4990;;Ventas;;Mercaderías;;Costo de la mercadería;AS-AR000099
Producto;Si;No;Si;ARO PASANTE COLGANTE CIRCULO GRANDE DORADO;AS-AR000100;Unidad;BIJOU;ARO;711,49;4990;;4990;4990;;Ventas;;Mercaderías;;Costo de la mercadería;AS-AR000100
Producto;Si;No;Si;ARO PASANTE CIRCULO RUSTICO  BLANCO CROMADO;AS-AR000101;Unidad;BIJOU;ARO;684,11;4990;;4990;4990;;Ventas;;Mercaderías;;Costo de la mercadería;AS-AR000101
Producto;Si;No;Si;ARO PASANTE CIRCULO RUSTICO DORADO;AS-AR000102;Unidad;BIJOU;ARO;602,02;4990;;4990;4990;;Ventas;;Mercaderías;;Costo de la mercadería;AS-AR000102
?Producto;Si;No;Si;ARO PASANTE MEDIO CIRCULO DORADO CROMADO;AS-AR000103;Unidad;BIJOU;ARO;492,56;4990;;4990;4990;;Ventas;;Mercaderías;;Costo de la mercadería;AS-AR000103
Producto;Si;No;Si;ARO PASANTE MEDIO CIRCULO BLANCO CROMADO;AS-AR000104;Unidad;BIJOU;ARO;492,56;4990;;4990;4990;;Ventas;;Mercaderías;;Costo de la mercadería;AS-AR000104
Producto;Si;No;Si;ARO PASANTE SEMI ESFERA PLATEADO CHICO;AS-AR000105;Unidad;BIJOU;ARO;451,52;2990;;2990;2990;;Ventas;;Mercaderías;;Costo de la mercadería;AS-AR000105
Producto;Si;No;Si;ARO PASANTE SEMI ESFERA DORADO CHICO;AS-AR000106;Unidad;BIJOU;ARO;451,52;2990;;2990;2990;;Ventas;;Mercaderías;;Costo de la mercadería;AS-AR000106
Producto;Si;No;Si;ARO PASANTE GOTA CHICA PLATEADO;AS-AR000107S;Unidad;BIJOU;ARO;451,52;2990;;2990;2990;;Ventas;;Mercaderías;;Costo de la mercadería;AS-AR000107S
Producto;Si;No;Si;ARO PASANTE GOTA CHICA DORADO;AS-AR000108G;Unidad;BIJOU;ARO;451,52;2990;;2990;2990;;Ventas;;Mercaderías;;Costo de la mercadería;AS-AR000108G
Producto;Si;No;Si;ARO PASANTE GOTA GRANDE DORADO;AS-AR000110;Unidad;BIJOU;ARO;451,52;3990;;3990;3990;;Ventas;;Mercaderías;;Costo de la mercadería;AS-AR000110
Producto;Si;No;Si;ARO PASANTE MEDIO CIRCULO GRANDE PLATEADO;AS-AR000114;Unidad;BIJOU;ARO;451,52;3990;;3990;3990;;Ventas;;Mercaderías;;Costo de la mercadería;AS-AR000114
Producto;Si;No;Si;ARO PASANTE ARGOLLA BOLITAS PLATEADO;AS-AR000116;Unidad;BIJOU;ARO;451,52;2990;;2990;2990;;Ventas;;Mercaderías;;Costo de la mercadería;AS-AR000116
Producto;Si;No;Si;ARO PASANTE ARGOLLA BOLITAS DORADO;AS-AR000117;Unidad;BIJOU;ARO;451,52;2990;;2990;2990;;Ventas;;Mercaderías;;Costo de la mercadería;AS-AR000117
Producto;Si;No;Si;ARO PASANTE CORAZON MEDIANO DORADO;AS-AR000118G;Unidad;BIJOU;ARO;451,52;2990;;2990;2990;;Ventas;;Mercaderías;;Costo de la mercadería;AS-AR000118G
Producto;Si;No;Si;ARO PASANTE CORAZON MEDIANO PLATEADO;AS-AR000119S;Unidad;BIJOU;ARO;451,52;2990;;2990;2990;;Ventas;;Mercaderías;;Costo de la mercadería;AS-AR000119S
Producto;Si;No;Si;ARO PASANTE SEMI CORAZON PLATEADO;AS-AR000120S;Unidad;BIJOU;ARO;451,52;2990;;2990;2990;;Ventas;;Mercaderías;;Costo de la mercadería;AS-AR000120S
Producto;Si;No;Si;ARO PASANTE SEMI ARGOLLA CUADRADO DORADO;AS-AR000127;Unidad;BIJOU;ARO;451,52;2990;;2990;2990;;Ventas;;Mercaderías;;Costo de la mercadería;AS-AR000127
Producto;Si;No;Si;ARO PASANTE GOTA ANCHA GRANDE DORADO;AS-AR000128;Unidad;BIJOU;ARO;560,93;3990;;3990;3990;;Ventas;;Mercaderías;;Costo de la mercadería;AS-AR000128
Producto;Si;No;Si;ARO PASANTE GOTA ANCHA GRANDE PLATEADO;AS-AR000129;Unidad;BIJOU;ARO;560,93;3990;;3990;3990;;Ventas;;Mercaderías;;Costo de la mercadería;AS-AR000129
Producto;Si;No;Si;ARO PASANTE PICO GRANDE DORADO;AS-AR000139;Unidad;BIJOU;ARO;560,93;3990;;3990;3990;;Ventas;;Mercaderías;;Costo de la mercadería;AS-AR000139
Producto;Si;No;Si;ARO PASANTE MEDIA ESFERA GRANDE PLATEADO;AS-AR000146;Unidad;BIJOU;ARO;560,93;3990;;3990;3990;;Ventas;;Mercaderías;;Costo de la mercadería;AS-AR000146
Producto;Si;No;Si;ARO PASANTE MEDIA ESFERA GRANDE DORADO;AS-AR000147;Unidad;BIJOU;ARO;560,93;3990;;3990;3990;;Ventas;;Mercaderías;;Costo de la mercadería;AS-AR000147
Producto;Si;No;Si;ARO PASANTE GRANDE SEMI CUADRADO PLATEADO;AS-AR000149;Unidad;ACCESORIOS;ARO;560,93;3990;;3990;3990;;Ventas;;Mercaderías;;Costo de la mercadería;AS-AR000149
Producto;Si;No;Si;ARO PASANTE GRANDE GANCHO PLATEADO;AS-AR000150;Unidad;BIJOU;ARO;560,93;3990;;3990;3990;;Ventas;;Mercaderías;;Costo de la mercadería;AS-AR000150
Producto;Si;No;Si;ARO PASANTE GRANDE GANCHO DORADO;AS-AR000151;Unidad;BIJOU;ARO;560,93;3990;;3990;3990;;Ventas;;Mercaderías;;Costo de la mercadería;AS-AR000151
Producto;Si;No;Si;ARO PASANTE CORAZON GRANDE DORADO;AS-AR000156;Unidad;BIJOU;ARO;560,93;3990;;3990;3990;;Ventas;;Mercaderías;;Costo de la mercadería;AS-AR000156
Producto;Si;No;Si;ARO PASANTE CUADRADO GRANDE PLATEADO;AS-AR000157;Unidad;BIJOU;ARO;560,93;3990;;3990;3990;;Ventas;;Mercaderías;;Costo de la mercadería;AS-AR000157
Producto;Si;No;Si;ARO PASANTE TRIANGULO GRANDE DORADO;AS-AR000158;Unidad;BIJOU;ARO;560,93;3990;;3990;3990;;Ventas;;Mercaderías;;Costo de la mercadería;AS-AR000158
Producto;Si;No;Si;ARO PASANTE COLGANTE GOTA PLANA MEDIANO PLATEADO;AS-AR000162;Unidad;BIJOU;ARO;560,93;3990;;3990;3990;;Ventas;;Mercaderías;;Costo de la mercadería;AS-AR000162
Producto;Si;No;Si;ARO PASANTE ARGOLLA MEDIANO DORADO;AS-AR000163;Unidad;BIJOU;ARO;451,52;3990;;3990;3990;;Ventas;;Mercaderías;;Costo de la mercadería;AS-AR000163
Producto;Si;No;Si;ARO PASANTE CONFITE PLATEADO;AS-AR000003;Unidad;BIJOU;ARO;0;3990;;3990;3990;;Ventas;;Mercaderías;;Costo de la mercadería;AS-AR000003
Producto;Si;No;Si;ARO PASANTE CONFITE DORADO;AS-AR000004;Unidad;BIJOU;ARO;0;3990;;3990;3990;;Ventas;;Mercaderías;;Costo de la mercadería;AS-AR000004
Producto;Si;No;Si;ARO PASANTE SEMI ARGOLLA SECCIONES PLATEADO;AS-AR000013;Unidad;BIJOU;ARO;0;3990;;3990;3990;;Ventas;;Mercaderías;;Costo de la mercadería;AS-AR000013
Producto;Si;No;Si;ARO PASANTE SEMI ARGOLLA SECCIONES DORADO;AS-AR000014;Unidad;BIJOU;ARO;0;3990;;3990;3990;;Ventas;;Mercaderías;;Costo de la mercadería;AS-AR000014
Producto;Si;No;Si;ARO PASANTE SEMI ESFERA MEDIANO DORADO;AS-AR000033;Unidad;BIJOU;ARO;0;3990;;3990;3990;;Ventas;;Mercaderías;;Costo de la mercadería;AS-AR000033
Producto;Si;No;Si;ARO PASANTE SEMI ESFERA MEDIANO PLATEADO;AS-AR000034;Unidad;BIJOU;ARO;0;3990;;3990;3990;;Ventas;;Mercaderías;;Costo de la mercadería;AS-AR000034
Producto;Si;No;Si;ARO PASANTE GOTA MANCHAS GRANDE PLATEADO;AS-AR000069;Unidad;BIJOU;ARO;0;3990;;3990;3990;;Ventas;;Mercaderías;;Costo de la mercadería;AS-AR000069
Producto;Si;No;Si;ARO PASANTE GOTA MANCHAS GRANDE DORADO;AS-AR000070;Unidad;BIJOU;ARO;0;3990;;3990;3990;;Ventas;;Mercaderías;;Costo de la mercadería;AS-AR000070
Producto;Si;No;Si;ARO PASANTE MEDIO CIRCULO GRANDE DORADO;AS-AR000113;Unidad;BIJOU;ARO;0;3990;;3990;3990;;Ventas;;Mercaderías;;Costo de la mercadería;AS-AR000113
Producto;Si;No;Si;ARO PASANTE BOTON  PLANO GRANDE PLATEADO;AS-AR000136;Unidad;BIJOU;ARO;0;3990;;3990;3990;;Ventas;;Mercaderías;;Costo de la mercadería;AS-AR000136
Producto;Si;No;Si;ARO PASANTE MEDIO CIRCULO ANCHO GRANDE PLATEADO;AS-AR000137;Unidad;BIJOU;ARO;0;3990;;3990;3990;;Ventas;;Mercaderías;;Costo de la mercadería;AS-AR000137
Producto;Si;No;Si;ARO PASANTE MEDIO CIRCULO ANCHO GRANDE DORADO;AS-AR000138;Unidad;BIJOU;ARO;0;3990;;3990;3990;;Ventas;;Mercaderías;;Costo de la mercadería;AS-AR000138
Producto;Si;No;Si;ARO PASANTE GRANDE SEMI CUADRADO DORADO;AS-AR000148;Unidad;BIJOU;ARO;0;3990;;3990;3990;;Ventas;;Mercaderías;;Costo de la mercadería;AS-AR000148
Producto;Si;No;Si;SET X6 BROCHES CHICOS CUADRADOS TRANSPARENTES PASTEL;AS-PE000001;Unidad;PELO;BROCHE;372,96;2990;;2990;2990;;Ventas;;Mercaderías;;Costo de la mercadería;AS-PE000001
Producto;Si;No;Si;SET X6 BROCHES CHICOS MOÑOS PASTEL;AS-PE000002;Unidad;PELO;BROCHE;372,96;2990;;2990;2990;;Ventas;;Mercaderías;;Costo de la mercadería;AS-PE000002
Producto;Si;No;Si;BROCHE GRANDE FLOR MATE NEGRO;AS-PE000003;Unidad;PELO;BROCHE;288,75;1990;;1990;1990;;Ventas;;Mercaderías;;Costo de la mercadería;AS-PE000003
Producto;Si;No;Si;BROCHE GRANDE FLOR MATE CRUDO;AS-PE000004;Unidad;PELO;BROCHE;288,75;1990;;1990;1990;;Ventas;;Mercaderías;;Costo de la mercadería;AS-PE000004
Producto;Si;No;Si;BROCHE GRANDE FLOR MATE ROSA;AS-PE000005;Unidad;PELO;BROCHE;288,75;1990;;1990;1990;;Ventas;;Mercaderías;;Costo de la mercadería;AS-PE000005
Producto;Si;No;Si;BROCHE GRANDE MATE CRUDO;AS-PE000006;Unidad;PELO;BROCHE;312,8;1990;;1990;1990;;Ventas;;Mercaderías;;Costo de la mercadería;AS-PE000006
Producto;Si;No;Si;BROCHE GRANDE MATE VERDE;AS-PE000007;Unidad;PELO;BROCHE;312,8;1990;;1990;1990;;Ventas;;Mercaderías;;Costo de la mercadería;AS-PE000007
Producto;Si;No;Si;BROCHE GRANDE MATE ROSA;AS-PE000008;Unidad;PELO;BROCHE;312,8;1990;;1990;1990;;Ventas;;Mercaderías;;Costo de la mercadería;AS-PE000008
Producto;Si;No;Si;BROCHE GRANDE ANIMAL PRINT BEIGE CLARO;AS-PE000009;Unidad;PELO;BROCHE;336,86;1990;;1990;1990;;Ventas;;Mercaderías;;Costo de la mercadería;AS-PE000009
Producto;Si;No;Si;BROCHE GRANDE ANIMAL PRINT BEIGE OSCURO;AS-PE000010;Unidad;PELO;BROCHE;336,86;1990;;1990;1990;;Ventas;;Mercaderías;;Costo de la mercadería;AS-PE000010
Producto;Si;No;Si;BROCHE GRANDE CORAZON CALADO DORADO;AS-PE000011;Unidad;PELO;BROCHE;384,98;2990;;2990;2990;;Ventas;;Mercaderías;;Costo de la mercadería;AS-PE000011
Producto;Si;No;Si;BROCHE GRANDE CORAZON CALADO PLATEADO;AS-PE000012;Unidad;PELO;BROCHE;384,98;2990;;2990;2990;;Ventas;;Mercaderías;;Costo de la mercadería;AS-PE000012
Producto;Si;No;Si;BROCHE GRANDE EFECTO VIDRIO CELESTE/LILA;AS-PE000013;Unidad;PELO;BROCHE;336,86;2990;;2990;2990;;Ventas;;Mercaderías;;Costo de la mercadería;AS-PE000013
Producto;Si;No;Si;BROCHE GRANDE EFECTO VIDRIO ROSA/AMARILLO;AS-PE000014;Unidad;PELO;BROCHE;336,86;2990;;2990;2990;;Ventas;;Mercaderías;;Costo de la mercadería;AS-PE000014
Producto;Si;No;Si;SET X5 COLITAS DEGRADE CELESTES;AS-PE000025;Unidad;PELO;SCUNZI;207,07;1990;;1990;1990;;Ventas;;Mercaderías;;Costo de la mercadería;AS-PE000025
Producto;Si;No;Si;SET X5 COLITAS DEGRADE ROSAS;AS-PE000026;Unidad;PELO;SCUNZI;207,07;1990;;1990;1990;;Ventas;;Mercaderías;;Costo de la mercadería;AS-PE000026
Producto;Si;No;Si;SET X4 COLITAS C/MOÑO PASTELES;AS-PE000027;Unidad;PELO;SCUNZI;328,87;1990;;1990;1990;;Ventas;;Mercaderías;;Costo de la mercadería;AS-PE000027
Producto;Si;No;Si;SET COLITAS X4 RAYADO PASTELES;AS-PE000030;Unidad;PELO;SCUNZI;116,94;1990;;1990;1990;;Ventas;;Mercaderías;;Costo de la mercadería;AS-PE000030
Producto;Si;No;Si;SET X4 COLITAS PRINT PASTELES;AS-PE000031;Unidad;PELO;SCUNZI;116,94;1990;;1990;1990;;Ventas;;Mercaderías;;Costo de la mercadería;AS-PE000031
Producto;Si;No;Si;SET X4 BROCHES CHICOS ONDULADOS MATE PASTELES;AS-PE000049;Unidad;PELO;BROCHE;264,68;1990;;1990;1990;;Ventas;;Mercaderías;;Costo de la mercadería;AS-PE000049
Producto;Si;No;Si;SET X4 BROCHES CHICOS MATE PASTELES;AS-PE000050;Unidad;PELO;BROCHE;264,68;1990;;1990;1990;;Ventas;;Mercaderías;;Costo de la mercadería;AS-PE000050
Producto;Si;No;Si;SET X4 BROCHES CHICOS MATE;AS-PE000051;Unidad;PELO;BROCHE;264,68;1990;;1990;1990;;Ventas;;Mercaderías;;Costo de la mercadería;AS-PE000051
Producto;Si;No;Si;HEBILLAS CELESTES METAL C/FLOR;AS-PE000052;Unidad;PELO;HEBILLA;144,38;1990;;1990;1990;;Ventas;;Mercaderías;;Costo de la mercadería;AS-PE000052
Producto;Si;No;Si;HEBILLAS AMARILLAS METAL C/CORAZON;AS-PE000053;Unidad;PELO;HEBILLA;144,37;1990;;1990;1990;;Ventas;;Mercaderías;;Costo de la mercadería;AS-PE000053
Producto;Si;No;Si;HEBILLAS C/CEREZAS;AS-PE000054;Unidad;PELO;HEBILLA;144,38;1990;;1990;1990;;Ventas;;Mercaderías;;Costo de la mercadería;AS-PE000054
Producto;Si;No;Si;HEBILLAS ROSAS METAL C/CORAZON;AS-PE000055;Unidad;PELO;HEBILLA;144,38;1990;;1990;1990;;Ventas;;Mercaderías;;Costo de la mercadería;AS-PE000055
Producto;Si;No;Si;HEBILLAS VERDE METAL C/FLORES;AS-PE000056;Unidad;PELO;HEBILLA;144,37;1990;;1990;1990;;Ventas;;Mercaderías;;Costo de la mercadería;AS-PE000056
Producto;Si;No;Si;HEBILLAS LILA METAL C/CARAMELO;AS-PE000057;Unidad;PELO;HEBILLA;144,36;1990;;1990;1990;;Ventas;;Mercaderías;;Costo de la mercadería;AS-PE000057
Producto;Si;No;Si;HEBILLAS FUCSIA METAL C/CARAMELO;AS-PE000059;Unidad;PELO;HEBILLA;144,38;1990;;1990;1990;;Ventas;;Mercaderías;;Costo de la mercadería;AS-PE000059
Producto;Si;No;Si;SET X5 GOMITAS C/APLIQUE NARANJA;AS-PE000067;Unidad;PELO;SCUNZI;207,07;2990;;2990;2990;;Ventas;;Mercaderías;;Costo de la mercadería;AS-PE000067
Producto;Si;No;Si;SET X4 HEBILLAS DE SILICONA VIOLETA;AS-PE000069;Unidad;PELO;HEBILLA;288,75;2990;;2990;2990;;Ventas;;Mercaderías;;Costo de la mercadería;AS-PE000069
Producto;Si;No;Si;SET X5 BROCHES CHICOS CORONITA C/COLITAS;AS-PE000070;Unidad;PELO;BROCHE;243,61;1990;;1990;1990;;Ventas;;Mercaderías;;Costo de la mercadería;AS-PE000070
Producto;Si;No;Si;SET X5 BROCHES CHICOS FLORES C/COLITAS;AS-PE000071;Unidad;PELO;BROCHE;243,61;1990;;1990;1990;;Ventas;;Mercaderías;;Costo de la mercadería;AS-PE000071
Producto;Si;No;Si;SET HEBILLAS Y GOMITAS SIRENAS;AS-PE000072;Unidad;PELO;HEBILLA;228,59;2990;;2990;2990;;Ventas;;Mercaderías;;Costo de la mercadería;AS-PE000072
Producto;Si;No;Si;SET X4 BROCHES CHICOS FLORES + GOMITAS CONEJO+ HEBILLA;AS-PE000073;Unidad;PELO;BROCHE;280,16;2990;;2990;2990;;Ventas;;Mercaderías;;Costo de la mercadería;AS-PE000073
Producto;Si;No;Si;SET GOMITAS C/ HEBILLAS UNICORNIO;AS-PE000074;Unidad;PELO;SCUNZI;280,16;2990;;2990;2990;;Ventas;;Mercaderías;;Costo de la mercadería;AS-PE000074
Producto;Si;No;Si;SET GOMITAS FUCSIA C/ HEBILLA MOÑO ROSA TORNASOL;AS-PE000075;Unidad;PELO;SCUNZI;304,5;2990;;2990;2990;;Ventas;;Mercaderías;;Costo de la mercadería;AS-PE000075
Producto;Si;No;Si;SET X4 BROCHES CHICOS FLORES C/HEBILLA MOÑO CHICO;AS-PE000078;Unidad;PELO;BROCHE;280,16;1990;;1990;1990;;Ventas;;Mercaderías;;Costo de la mercadería;AS-PE000078
Producto;Si;No;Si;SET GOMITAS MOÑO C/ BROCHES HELADO;AS-PE000079;Unidad;PELO;SCUNZI;389,78;3990;;3990;3990;;Ventas;;Mercaderías;;Costo de la mercadería;AS-PE000079
Producto;Si;No;Si;SET X2 BROCHES MEDIANOS C/MOÑO;AS-PE000080;Unidad;PELO;BROCHE;276,72;2990;;2990;2990;;Ventas;;Mercaderías;;Costo de la mercadería;AS-PE000080
Producto;Si;No;Si;SET HEBILLAS X8  C /GOMITAS COLOR PASTEL;AS-PE000081;Unidad;PELO;HEBILLA;377,59;3990;;3990;3990;;Ventas;;Mercaderías;;Costo de la mercadería;AS-PE000081
Producto;Si;No;Si;SET X4 BROCHES CHICOS C/CORAZON TRANSPARENTES;AS-PE000082;Unidad;PELO;BROCHE;397,01;2990;;2990;2990;;Ventas;;Mercaderías;;Costo de la mercadería;AS-PE000082
Producto;Si;No;Si;SET X4 BROCHES CHICOS TORNASOL ALMEJA;AS-PE000083;Unidad;PELO;BROCHE;372,97;2990;;2990;2990;;Ventas;;Mercaderías;;Costo de la mercadería;AS-PE000083
Producto;Si;No;Si;SET COLITAS CONEJO C/MOÑO;AS-PE000084;Unidad;PELO;SCUNZI;194,89;1990;;1990;1990;;Ventas;;Mercaderías;;Costo de la mercadería;AS-PE000084
Producto;Si;No;Si;SET X2 COLITAS ANANA Y FRUTILLA;AS-PE000087;Unidad;PELO;SCUNZI;219,25;1990;;1990;1990;;Ventas;;Mercaderías;;Costo de la mercadería;AS-PE000087
Producto;Si;No;Si;SET X2 COLITAS KIWI Y SANDIA;AS-PE000088;Unidad;PELO;SCUNZI;219,24;1990;;1990;1990;;Ventas;;Mercaderías;;Costo de la mercadería;AS-PE000088
Producto;Si;No;Si;SET X2 HEBILLAS MOÑO TUL C/CEREZAS;AS-PE000089;Unidad;PELO;HEBILLA;324,83;2990;;2990;2990;;Ventas;;Mercaderías;;Costo de la mercadería;AS-PE000089
Producto;Si;No;Si;HEBILLAS MOÑOS ROSAS DE TUL;AS-PE000090;Unidad;PELO;HEBILLA;264,68;1990;;1990;1990;;Ventas;;Mercaderías;;Costo de la mercadería;AS-PE000090
Producto;Si;No;Si;SET X8  HEBILLAS ANCHAS Y FINAS ROSAS;AS-PE000094;Unidad;PELO;HEBILLA;312,81;2990;;2990;2990;;Ventas;;Mercaderías;;Costo de la mercadería;AS-PE000094
Producto;Si;No;Si;SETX4 HEBILLAS + INVISIBLES METAL PASTELES;AS-PE000095;Unidad;PELO;HEBILLA;264,68;1990;;1990;1990;;Ventas;;Mercaderías;;Costo de la mercadería;AS-PE000095
Producto;Si;No;Si;SET HEBILLAS / INVISIBLES METAL BRILLOS;AS-PE000096;Unidad;PELO;HEBILLA;288,74;1990;;1990;1990;;Ventas;;Mercaderías;;Costo de la mercadería;AS-PE000096
Producto;Si;No;Si;SET X3 HEBILLAS CUADRADAS / BEIGE / ROSA / NEGRO;AS-PE000097;Unidad;PELO;HEBILLA;264,68;1990;;1990;1990;;Ventas;;Mercaderías;;Costo de la mercadería;AS-PE000097
Producto;Si;No;Si;SET X3 HEBILLAS METAL ONDULADAS PASTELES;AS-PE000098;Unidad;PELO;HEBILLA;336,86;2990;;2990;2990;;Ventas;;Mercaderías;;Costo de la mercadería;AS-PE000098
Producto;Si;No;Si;HEBILLAS METAL ESTRELLA;AS-PE000099;Unidad;PELO;HEBILLA;264,68;1990;;1990;1990;;Ventas;;Mercaderías;;Costo de la mercadería;AS-PE000099
Producto;Si;No;Si;SET X3 HEBILLAS METAL CORAZONES ROSAS;AS-PE000100;Unidad;PELO;HEBILLA;288,74;2990;;2990;2990;;Ventas;;Mercaderías;;Costo de la mercadería;AS-PE000100
Producto;Si;No;Si;SET X4 HEBILLAS METAL LISAS Y ESTAMPADAS;AS-PE000101;Unidad;PELO;HEBILLA;240,62;1990;;1990;1990;;Ventas;;Mercaderías;;Costo de la mercadería;AS-PE000101
Producto;Si;No;Si;SET X4 HEBILLAS CEREZAS ROJAS;AS-PE000102;Unidad;PELO;HEBILLA;312,81;2990;;2990;2990;;Ventas;;Mercaderías;;Costo de la mercadería;AS-PE000102
Producto;Si;No;Si;SET X6 HEBILLAS NEGRAS;AS-PE000103;Unidad;PELO;HEBILLA;228,59;1990;;1990;1990;;Ventas;;Mercaderías;;Costo de la mercadería;AS-PE000103
Producto;Si;No;Si;SET X10 HEBILLAS PLASTICAS PASTEL;AS-PE000104;Unidad;PELO;HEBILLA;384,99;2990;;2990;2990;;Ventas;;Mercaderías;;Costo de la mercadería;AS-PE000104
Producto;Si;No;Si;SET INVISIBLES METAL NEGROS;AS-PE000105;Unidad;PELO;HEBILLA;264,68;1990;;1990;1990;;Ventas;;Mercaderías;;Costo de la mercadería;AS-PE000105
Producto;Si;No;Si;SET INVISIBLES METAL MIXTOS;AS-PE000106;Unidad;PELO;HEBILLA;240,62;1990;;1990;1990;;Ventas;;Mercaderías;;Costo de la mercadería;AS-PE000106
Producto;Si;No;Si;SET X4 BROCHES + HEBILLAS CORAZON TRANSPARENTE PASTEL;AS-PE000113;Unidad;PELO;BROCHE;384,99;2990;;2990;2990;;Ventas;;Mercaderías;;Costo de la mercadería;AS-PE000113
Producto;Si;No;Si;SET X3 HEBILLAS MOÑO ROSA C/ HEBILLA CARAMELO INFLABLE;AS-PE000114;Unidad;PELO;HEBILLA;409,05;3990;;3990;3990;;Ventas;;Mercaderías;;Costo de la mercadería;AS-PE000114
Producto;Si;No;Si;SET X3 HEBILLAS MOÑO CORAL;AS-PE000115;Unidad;PELO;HEBILLA;409,05;3990;;3990;3990;;Ventas;;Mercaderías;;Costo de la mercadería;AS-PE000115
Producto;Si;No;Si;SET X3 MOÑO ROSA/CRUDO CORAZÓN ROSA C/ LENTEJUELA;AS-PE000116;Unidad;PELO;HEBILLA;409,05;3990;;3990;3990;;Ventas;;Mercaderías;;Costo de la mercadería;AS-PE000116
Producto;Si;No;Si;HEBILLA MOÑO CORAL C/CORAZONES;AS-PE000119;Unidad;PELO;HEBILLA;421,08;3990;;3990;3990;;Ventas;;Mercaderías;;Costo de la mercadería;AS-PE000119
Producto;Si;No;Si;SET GOMITA MOÑO C/PULSERA;AS-PE000120;Unidad;PELO;SCUNZI;312,8;2990;;2990;2990;;Ventas;;Mercaderías;;Costo de la mercadería;AS-PE000120
Producto;Si;No;Si;SET X6 HEBILLAS MOÑOS CHICOS C/CORAZONES;AS-PE000121;Unidad;PELO;HEBILLA;300,77;2990;;2990;2990;;Ventas;;Mercaderías;;Costo de la mercadería;AS-PE000121
Producto;Si;No;Si;SET MOÑOS X2 /GOMITAS FUCSIA;AS-PE000122;Unidad;PELO;HEBILLA;292,33;3990;;3990;3990;;Ventas;;Mercaderías;;Costo de la mercadería;AS-PE000122
Producto;Si;No;Si;HEBILLA MOÑO DOBLE ROSA C/LENTEJUELAS ESTRELLA;AS-PE000123;Unidad;PELO;HEBILLA;372,96;3990;;3990;3990;;Ventas;;Mercaderías;;Costo de la mercadería;AS-PE000123
Producto;Si;No;Si;SET X2 HEBILLAS MOÑOS MEDIANOS BLANCOS;AS-PE000124;Unidad;PELO;HEBILLA;276,71;2990;;2990;2990;;Ventas;;Mercaderías;;Costo de la mercadería;AS-PE000124
Producto;Si;No;Si;SET X3 HEBILLAS MOÑO BRILLOS;AS-PE000125;Unidad;PELO;HEBILLA;324,83;2990;;2990;2990;;Ventas;;Mercaderías;;Costo de la mercadería;AS-PE000125
Producto;Si;No;Si;HEBILLAS CORAZON C/ESTRELLAS;AS-PE000126;Unidad;PELO;HEBILLA;324,85;2990;;2990;2990;;Ventas;;Mercaderías;;Costo de la mercadería;AS-PE000126
Producto;Si;No;Si;SET HEBILLAS MOÑO ALITAS X2 C/ GOMITAS PASTEL;AS-PE000127;Unidad;PELO;HEBILLA;341,05;3990;;3990;3990;;Ventas;;Mercaderías;;Costo de la mercadería;AS-PE000127
Producto;Si;No;Si;SET X2 HEBILLAS MOÑO ROSA C/CORAZON;AS-PE000128;Unidad;PELO;HEBILLA;324,83;3990;;3990;3990;;Ventas;;Mercaderías;;Costo de la mercadería;AS-PE000128
Producto;Si;No;Si;SET HEBILLAS MOÑOS Y MARIPOSAS X2 CELESTE;AS-PE000129;Unidad;PELO;HEBILLA;348,9;3990;;3990;3990;;Ventas;;Mercaderías;;Costo de la mercadería;AS-PE000129
Producto;Si;No;Si;HEBILLA MOÑO GRANDE DOBLE ROSA;AS-PE000130;Unidad;PELO;HEBILLA;252,65;2990;;2990;2990;;Ventas;;Mercaderías;;Costo de la mercadería;AS-PE000130
Producto;Si;No;Si;HEBILLA MOÑO GRANDE DOBLE BORDO;AS-PE000131;Unidad;PELO;HEBILLA;252,65;2990;;2990;2990;;Ventas;;Mercaderías;;Costo de la mercadería;AS-PE000131
Producto;Si;No;Si;HEBILLA MOÑO GRANDE FUCSIA C/ VIOLETA;AS-PE000132;Unidad;PELO;HEBILLA;252,65;2990;;2990;2990;;Ventas;;Mercaderías;;Costo de la mercadería;AS-PE000132
Producto;Si;No;Si;HEBILLA MOÑO GRANDE DOBLE ROJO;AS-PE000133;Unidad;PELO;HEBILLA;252,65;2990;;2990;2990;;Ventas;;Mercaderías;;Costo de la mercadería;AS-PE000133
Producto;Si;No;Si;SET X2 HEBILLAS MOÑOS PASTEL Y ROSA;AS-PE000134;Unidad;PELO;HEBILLA;312,8;2990;;2990;2990;;Ventas;;Mercaderías;;Costo de la mercadería;AS-PE000134
Producto;Si;No;Si;SET X4 HEBILLAS MARIPOSAS Y MOÑOS BRILLOS;AS-PE000137;Unidad;PELO;HEBILLA;384,99;2990;;2990;2990;;Ventas;;Mercaderías;;Costo de la mercadería;AS-PE000137
Producto;Si;No;Si;SET HEBILLAS X3 MOÑOS LILA CINTA;AS-PE000138;Unidad;PELO;HEBILLA;409,05;3990;;3990;3990;;Ventas;;Mercaderías;;Costo de la mercadería;AS-PE000138
Producto;Si;No;Si;HEBILLAS MOÑOS ROSA DOBLE MEDIANOS;AS-PE000142;Unidad;PELO;HEBILLA;163,63;1990;;1990;1990;;Ventas;;Mercaderías;;Costo de la mercadería;AS-PE000142
Producto;Si;No;Si;SET X2 HEBILLAS MOÑO ROSA C/PERLA;AS-PE000143;Unidad;PELO;HEBILLA;324,83;3990;;3990;3990;;Ventas;;Mercaderías;;Costo de la mercadería;AS-PE000143
Producto;Si;No;Si;SET X2 HEBILLAS MOÑO BLANCO C/PERLA;AS-PE000144;Unidad;PELO;HEBILLA;324,83;3990;;3990;3990;;Ventas;;Mercaderías;;Costo de la mercadería;AS-PE000144
Producto;Si;No;Si;HEBILLA MOÑO BLANCO DOBLE TUL TORNASOL;AS-PE000145;Unidad;PELO;HEBILLA;216,56;3990;;3990;3990;;Ventas;;Mercaderías;;Costo de la mercadería;AS-PE000145
Producto;Si;No;Si;SET X2 MOÑOS C/APLIQUE HELADO;AS-PE000146;Unidad;PELO;HEBILLA;433,11;3990;;3990;3990;;Ventas;;Mercaderías;;Costo de la mercadería;AS-PE000146
Producto;Si;No;Si;HEBILLA METAL MOÑO DORADO;AS-PE000147;Unidad;PELO;HEBILLA;264,68;1990;;1990;1990;;Ventas;;Mercaderías;;Costo de la mercadería;AS-PE000147
Producto;Si;No;Si;HEBILLA METAL CORAZONES DORADOS;AS-PE000148;Unidad;PELO;HEBILLA;264,68;1990;;1990;1990;;Ventas;;Mercaderías;;Costo de la mercadería;AS-PE000148
Producto;Si;No;Si;GOMITA C/ PIEZA METAL DORADO;AS-PE000149;Unidad;PELO;SCUNZI;353,22;2990;;2990;2990;;Ventas;;Mercaderías;;Costo de la mercadería;AS-PE000149
Producto;Si;No;Si;SET X2 HEBILLAS METAL DORADO;AS-PE000150;Unidad;PELO;HEBILLA;433,1;3990;;3990;3990;;Ventas;;Mercaderías;;Costo de la mercadería;AS-PE000150
Producto;Si;No;Si;SET X2 HEBILLAS METAL PLATEADO;AS-PE000151;Unidad;PELO;HEBILLA;433,1;3990;;3990;3990;;Ventas;;Mercaderías;;Costo de la mercadería;AS-PE000151
Producto;Si;No;Si;HEBILLA METAL DORADA;AS-PE000152;Unidad;PELO;HEBILLA;481,23;2990;;2990;2990;;Ventas;;Mercaderías;;Costo de la mercadería;AS-PE000152
Producto;Si;No;Si;SCUNZI NEGRO CORAZON DORADO;AS-PE000153;Unidad;PELO;SCUNZI;389,78;2990;;2990;2990;;Ventas;;Mercaderías;;Costo de la mercadería;AS-PE000153
Producto;Si;No;Si;SCUNZI NEGRO CORAZON PLATEADO;AS-PE000154;Unidad;PELO;SCUNZI;389,78;2990;;2990;2990;;Ventas;;Mercaderías;;Costo de la mercadería;AS-PE000154
Producto;Si;No;Si;GOMITA C/ MOÑO METAL DORADO;AS-PE000155;Unidad;PELO;SCUNZI;414,15;2990;;2990;2990;;Ventas;;Mercaderías;;Costo de la mercadería;AS-PE000155
Producto;Si;No;Si;SCUNZI TUL DORADO C/FLOR BRILLOS;AS-PE000156;Unidad;PELO;SCUNZI;146,16;1990;;1990;1990;;Ventas;;Mercaderías;;Costo de la mercadería;AS-PE000156
Producto;Si;No;Si;SCUNZI TUL BEIGE C/FLOR BRILLOS;AS-PE000157;Unidad;PELO;SCUNZI;146,16;1990;;1990;1990;;Ventas;;Mercaderías;;Costo de la mercadería;AS-PE000157
Producto;Si;No;Si;SET HEBILLAS / SCUNZI DORADO C/ BRILLO;AS-PE000158;Unidad;PELO;HEBILLA;462,85;3990;;3990;3990;;Ventas;;Mercaderías;;Costo de la mercadería;AS-PE000158
Producto;Si;No;Si;TOTE CACHI PELO HEREFORD;MG011323139;Unidad;MARRO GRANDE;TOTE;99990;99990;;99990;99990;;Ventas;;Mercaderías;;Costo de la mercadería;
Producto;Si;No;Si;TOTE MARGARITA CHICA ALGODON NEGRO;MG311303701;Unidad;MARRO GRANDE;TOTE;29990;29990;;29990;29990;;Ventas;;Mercaderías;;Costo de la mercadería;
Producto;Si;No;Si;TOTE MARGARITA CHICA ALGODON BEIGE;MG311303711;Unidad;MARRO GRANDE;TOTE;29990;29990;;29990;29990;;Ventas;;Mercaderías;;Costo de la mercadería;
Producto;Si;No;Si;TOTE MARGARITA CHICA ALGODON BLANCO;MG311303724;Unidad;MARRO GRANDE;TOTE;29990;29990;;29990;29990;;Ventas;;Mercaderías;;Costo de la mercadería;
Producto;Si;No;Si;TOTE MARGARITA GRANDE ALGODON NEGRO;MG311293701;Unidad;MARRO GRANDE;TOTE;49990;49990;;49990;49990;;Ventas;;Mercaderías;;Costo de la mercadería;
Producto;Si;No;Si;"TOTE MARGARITA GRANDE	ALGODON BEIGE";MG311293711;Unidad;MARRO GRANDE;TOTE;49990;49990;;49990;49990;;Ventas;;Mercaderías;;Costo de la mercadería;
Producto;Si;No;Si;"TOTE MARGARITA GRANDE	ALGODON BLANCO";MG311293724;Unidad;MARRO GRANDE;TOTE;49990;49990;;49990;49990;;Ventas;;Mercaderías;;Costo de la mercadería;
Producto;Si;No;Si;SET X18 GOMITAS SURTIDO PASTELES;AS-PE000015;Unidad;PELO;SCUNZI;151,04;1490;;1490;1490;;Ventas;;Mercaderías;;Costo de la mercadería;AS-PE000015
Producto;Si;No;Si;SET X6 GOMITAS MEDIANAS TONOS MARRONES;AS-PE000020;Unidad;PELO;SCUNZI;109,63;1490;;1490;1490;;Ventas;;Mercaderías;;Costo de la mercadería;AS-PE000020
Producto;Si;No;Si;SET X4 GOMITAS CABLE SURTIDO NUDES;AS-PE000021;Unidad;PELO;SCUNZI;204,52;1490;;1490;1490;;Ventas;;Mercaderías;;Costo de la mercadería;AS-PE000021
?Producto;Si;No;Si;SET X4 GOMITAS CABLE SURTIDO BRILLANTE;AS-PE000022;Unidad;PELO;SCUNZI;204,52;1490;;1490;1490;;Ventas;;Mercaderías;;Costo de la mercadería;AS-PE000022
Producto;Si;No;Si;SET X6 GOMITAS CLASICOS Y BRILLOS;AS-PE000023;Unidad;PELO;SCUNZI;187,58;1490;;1490;1490;;Ventas;;Mercaderías;;Costo de la mercadería;AS-PE000023
Producto;Si;No;Si;SET X6 GOMITAS GRANDES TONOS MARRONES;AS-PE000024;Unidad;PELO;SCUNZI;121,8;1490;;1490;1490;;Ventas;;Mercaderías;;Costo de la mercadería;AS-PE000024
Producto;Si;No;Si;SET X4 GOMITAS CHICAS TONOS MARRONES;AS-PE000028;Unidad;PELO;SCUNZI;158,34;1490;;1490;1490;;Ventas;;Mercaderías;;Costo de la mercadería;AS-PE000028
Producto;Si;No;Si;SET X6 GOMITAS MEDIANAS BRILLOS / FRUTILLAS;AS-PE000029;Unidad;PELO;SCUNZI;170,53;1490;;1490;1490;;Ventas;;Mercaderías;;Costo de la mercadería;AS-PE000029
Producto;Si;No;Si;SET X4 OREJITAS TURQUESA C/POMPON;AS-PE000034;Unidad;PELO;SCUNZI;121,82;1490;;1490;1490;;Ventas;;Mercaderías;;Costo de la mercadería;AS-PE000034
Producto;Si;No;Si;SET X4 OREJITAS ROJO C/ ESTRELLAS BLANCA;AS-PE000039;Unidad;PELO;SCUNZI;126,68;1490;;1490;1490;;Ventas;;Mercaderías;;Costo de la mercadería;AS-PE000039
Producto;Si;No;Si;SET X4 OREJITAS NARANJA C/ ESTRELLAS BLANCA;AS-PE000040;Unidad;PELO;SCUNZI;126,68;1490;;1490;1490;;Ventas;;Mercaderías;;Costo de la mercadería;AS-PE000040
Producto;Si;No;Si;SET X4 OREJITAS BLANCAS C/ ESTRELLAS ROSA;AS-PE000041;Unidad;PELO;SCUNZI;126,68;1490;;1490;1490;;Ventas;;Mercaderías;;Costo de la mercadería;AS-PE000041
Producto;Si;No;Si;SET X4 OREJITAS VERDE C/ ESTRELLAS BLANCA;AS-PE000042;Unidad;PELO;SCUNZI;126,68;1490;;1490;1490;;Ventas;;Mercaderías;;Costo de la mercadería;AS-PE000042
Producto;Si;No;Si;SET X4 OREJITAS FUCSIA C/ ESTRELLAS BLANCA;AS-PE000043;Unidad;PELO;SCUNZI;126,68;1490;;1490;1490;;Ventas;;Mercaderías;;Costo de la mercadería;AS-PE000043
Producto;Si;No;Si;SET X4 OREJITAS NEGRAS C/ ESTRELLAS BLANCA;AS-PE000044;Unidad;PELO;SCUNZI;126,68;1490;;1490;1490;;Ventas;;Mercaderías;;Costo de la mercadería;AS-PE000044
Producto;Si;No;Si;SET X6 GOMITAS MEDIANAS PLATEADAS / NEGRO C/ESTRELLA;AS-PE000045;Unidad;PELO;SCUNZI;170,53;1490;;1490;1490;;Ventas;;Mercaderías;;Costo de la mercadería;AS-PE000045
Producto;Si;No;Si;SET X4 MINI GOMITAS C/BOLITAS OREJITAS;AS-PE000047;Unidad;ACCESORIOS;SCUNZI;121,8;1490;;1490;1490;;Ventas;;Mercaderías;;Costo de la mercadería;AS-PE000047
Producto;Si;No;Si;SET X6 MINI BROCHES ESTRELLA SURTIDOS;AS-PE000061;Unidad;PELO;BROCHES;180,47;1490;;1490;1490;;Ventas;;Mercaderías;;Costo de la mercadería;AS-PE000061
Producto;Si;No;Si;SET X2 GOMITAS CON APLIQUE DONA;AS-PE000065;Unidad;PELO;SCUNZI;97,45;1490;;1490;1490;;Ventas;;Mercaderías;;Costo de la mercadería;AS-PE000065
Producto;Si;No;Si;SET X3 GOMITAS FUCSIA C/CONEJITOS SILICONA;AS-PE000077;Unidad;PELO;SCUNZI;158,34;1490;;1490;1490;;Ventas;;Mercaderías;;Costo de la mercadería;AS-PE000077
Producto;Si;No;Si;SET X2 HEBILLAS MOÑOS CHICOS ESTAMPADO CEREZAS;AS-PE000086;Unidad;PELO;HEBILLA;120,31;1490;;1490;1490;;Ventas;;Mercaderías;;Costo de la mercadería;AS-PE000086
Producto;Si;No;Si;SET X7 MINI BROCHES PASTEL SURTIDOS;AS-PE000092;Unidad;PELO;BROCHE;132,33;1490;;1490;1490;;Ventas;;Mercaderías;;Costo de la mercadería;AS-PE000092
Producto;Si;No;Si;SET X2 HEBILLAS MOÑOS CHICOS ROSA;AS-PE000108;Unidad;PELO;HEBILLA;228,58;1490;;1490;1490;;Ventas;;Mercaderías;;Costo de la mercadería;AS-PE000108
Producto;Si;No;Si;SET X2 HEBILLAS MOÑOS CHICOS FUCSIA;AS-PE000109;Unidad;PELO;HEBILLA;228,58;1490;;1490;1490;;Ventas;;Mercaderías;;Costo de la mercadería;AS-PE000109
Producto;Si;No;Si;HEBILLAS MOÑOS CHICOS CRUDO/ROSA;AS-PE000110;Unidad;PELO;HEBILLA;228,58;1490;;1490;1490;;Ventas;;Mercaderías;;Costo de la mercadería;AS-PE000110
Producto;Si;No;Si;HEBILLAS MOÑOS CHICOS CELESTE/LILA;AS-PE000111;Unidad;PELO;HEBILLA;228,58;1490;;1490;1490;;Ventas;;Mercaderías;;Costo de la mercadería;AS-PE000111
Producto;Si;No;Si;HEBILLAS MOÑOS CHICOS ROSA/VIOLETA;AS-PE000112;Unidad;PELO;HEBILLA;228,58;1490;;1490;1490;;Ventas;;Mercaderías;;Costo de la mercadería;AS-PE000112
Producto;Si;No;Si;HEBILLA MOÑO SALMON;AS-PE000135;Unidad;PELO;HEBILLA;132,33;1490;;1490;1490;;Ventas;;Mercaderías;;Costo de la mercadería;AS-PE000135
Producto;Si;No;Si;SET X2 HEBILLAS MOÑOS CHICOS C/CORAZONES;AS-PE000136;Unidad;PELO;HEBILLA;115,51;1490;;1490;1490;;Ventas;;Mercaderías;;Costo de la mercadería;AS-PE000136
Producto;Si;No;Si;SET X2 HEBILLAS BRILLOS C/ MARIPOSAS DORADAS;AS-PE000140;Unidad;PELO;HEBILLA;211,76;1490;;1490;1490;;Ventas;;Mercaderías;;Costo de la mercadería;AS-PE000140
Producto;Si;No;Si;HEBILLAS MOÑOS GLITTER BLANCO/VERDE;AS-PE000141;Unidad;PELO;HEBILLA;216,56;1490;;1490;1490;;Ventas;;Mercaderías;;Costo de la mercadería;AS-PE000141
Producto;Si;No;Si;SET X12 GOMITAS INFANTIL ROSAS;AS-PE000016;Unidad;PELO;SCUNZI;204,66;1490;;1490;1490;;Ventas;;Mercaderías;;Costo de la mercadería;AS-PE000016
Producto;Si;No;Si;SET X12 GOMITAS INFANTIL SURTIDO PASTEL;AS-PE000018;Unidad;PELO;SCUNZI;175,43;1490;;1490;1490;;Ventas;;Mercaderías;;Costo de la mercadería;AS-PE000018
Producto;Si;No;Si;SET X4 OREJITAS FUCSIA C/POMPON;AS-PE000032;Unidad;PELO;SCUNZI;121,8;1490;;1490;1490;;Ventas;;Mercaderías;;Costo de la mercadería;AS-PE000032
Producto;Si;No;Si;SET X4 OREJITAS ROSA FLUO C/POMPON;AS-PE000033;Unidad;PELO;SCUNZI;121,8;1490;;1490;1490;;Ventas;;Mercaderías;;Costo de la mercadería;AS-PE000033
Producto;Si;No;Si;SET X3 GOMITAS GRANDES LISAS SURTIDO;AS-PE000035;Unidad;PELO;SCUNZI;261,12;1490;;1490;1490;;Ventas;;Mercaderías;;Costo de la mercadería;AS-PE000035
Producto;Si;No;Si;SET X3 GOMITAS GRANDES RAYADAS SURTIDO;AS-PE000036;Unidad;PELO;SCUNZI;172,82;1490;;1490;1490;;Ventas;;Mercaderías;;Costo de la mercadería;AS-PE000036
Producto;Si;No;Si;SET X4 MINI GOMITAS RAYADAS C/BOLITAS;AS-PE000048;Unidad;PELO;SCUNZI;121,8;1490;;1490;1490;;Ventas;;Mercaderías;;Costo de la mercadería;AS-PE000048
Producto;Si;No;Si;SET X6 MINI BROCHES FLORCITAS SURTIDO;AS-PE000060;Unidad;PELO;BROCHES;180,47;1490;;1490;1490;;Ventas;;Mercaderías;;Costo de la mercadería;AS-PE000060
Producto;Si;No;Si;SET X6 MINI BROCHES ESTRELLA SURTIDOS BRILLANTES;AS-PE000062;Unidad;PELO;BROCHE;180,47;1490;;1490;1490;;Ventas;;Mercaderías;;Costo de la mercadería;AS-PE000062
Producto;Si;No;Si;SET X2 HEBILLA / MOÑO CELESTE;AS-PE000066;Unidad;PELO;HEBILLA;156,4;1490;;1490;1490;;Ventas;;Mercaderías;;Costo de la mercadería;AS-PE000066
Producto;Si;No;Si;SET X4 ANILLOS INFANTIL HELADO FLOR CORAZON;AS-PE000091;Unidad;BIJOU;ANILLOS;205,24;1490;;1490;1490;;Ventas;;Mercaderías;;Costo de la mercadería;AS-PE000091
Producto;Si;No;Si;SET X2 HEBILLAS MOÑOS CHICOS CELESTE;AS-PE000107;Unidad;PELO;HEBILLA;228,58;1490;;1490;1490;;Ventas;;Mercaderías;;Costo de la mercadería;AS-PE000107
Producto;Si;No;Si;HEBILLAS MOÑOS GLITTER ROSA/BLANCO;AS-PE000139;Unidad;PELO;HEBILLA;187,69;1490;;1490;1490;;Ventas;;Mercaderías;;Costo de la mercadería;AS-PE000139
Producto;Si;No;Si;ARO PASANTE MEDIANO FLOR DORADO;AS-AR000002;Unidad;BIJOU;ARO;398,11;3990;;3990;3990;;Ventas;;Mercaderías;;Costo de la mercadería;AS-AR000002
Producto;Si;No;Si;ARO PASANTE ARGOLLA GRANDE GLOBO PLATEADO;AS-AR000005;Unidad;BIJOU;ARO;392,48;3990;;3990;3990;;Ventas;;Mercaderías;;Costo de la mercadería;AS-AR000005
Producto;Si;No;Si;ARO PASANTE ARGOLLA GRANDE GLOBO DORADO;AS-AR000006;Unidad;BIJOU;ARO;398,11;3990;;3990;3990;;Ventas;;Mercaderías;;Costo de la mercadería;AS-AR000006
Producto;Si;No;Si;ARO PASANTE SEMI ESLABON MEDIANO PLATEADO;AS-AR000007;Unidad;BIJOU;ARO;392,48;3990;;3990;3990;;Ventas;;Mercaderías;;Costo de la mercadería;AS-AR000007
Producto;Si;No;Si;ARO PASANTE SEMI ESLABON MEDIANO DORADO;AS-AR000008;Unidad;BIJOU;ARO;398,11;3990;;3990;3990;;Ventas;;Mercaderías;;Costo de la mercadería;AS-AR000008
Producto;Si;No;Si;ARO PASANTE GRANDE SEMI ARGOLLA PLANA PLATEADO;AS-AR000011;Unidad;BIJOU;ARO;392,48;3990;;3990;3990;;Ventas;;Mercaderías;;Costo de la mercadería;AS-AR000011
Producto;Si;No;Si;ARO PASANTE GRANDE SEMI ARGOLLA PLANA DORADO;AS-AR000012;Unidad;BIJOU;ARO;398,11;3990;;3990;3990;;Ventas;;Mercaderías;;Costo de la mercadería;AS-AR000012
Producto;Si;No;Si;ARO PASANTE FLOR CALADO MEDIANO PLATEADO;AS-AR000015;Unidad;BIJOU;ARO;392,48;3990;;3990;3990;;Ventas;;Mercaderías;;Costo de la mercadería;AS-AR000015
Producto;Si;No;Si;ARO PASANTE FLOR CALADO MEDIANO DORADO;AS-AR000016;Unidad;BIJOU;ARO;398,11;3990;;3990;3990;;Ventas;;Mercaderías;;Costo de la mercadería;AS-AR000016
Producto;Si;No;Si;ARO GOTA GRANDE PLATEADO;AS-AR000021;Unidad;BIJOU;ARO;337,76;3990;;3990;3990;;Ventas;;Mercaderías;;Costo de la mercadería;AS-AR000021
Producto;Si;No;Si;ARO GOTA GRANDE DORADO;AS-AR000022;Unidad;BIJOU;ARO;343,39;3990;;3990;3990;;Ventas;;Mercaderías;;Costo de la mercadería;AS-AR000022
Producto;Si;No;Si;ARO PASANTE SEMI CUADRADO REDONDEADO PLATEADO;AS-AR000023;Unidad;BIJOU;ARO;337,76;2990;;2990;2990;;Ventas;;Mercaderías;;Costo de la mercadería;AS-AR000023
Producto;Si;No;Si;ARO PASANTE MEDIANO SEMI ARGOLLA CORRUGADO PLATEADO;AS-AR000025;Unidad;BIJOU;ARO;365,1;3990;;3990;3990;;Ventas;;Mercaderías;;Costo de la mercadería;AS-AR000025
Producto;Si;No;Si;ARO PASANTE MEDIANO SEMI ARGOLLA CORRUGADO DORADO;AS-AR000026;Unidad;BIJOU;ARO;370,73;3990;;3990;3990;;Ventas;;Mercaderías;;Costo de la mercadería;AS-AR000026
Producto;Si;No;Si;ARO PASANTE MEDIANO ARGOLLA PLATEADO;AS-AR000027;Unidad;BIJOU;ARO;365,1;3990;;3990;3990;;Ventas;;Mercaderías;;Costo de la mercadería;AS-AR000027
Producto;Si;No;Si;ARO PASANTE MEDIANO ARGOLLA DORADO;AS-AR000028;Unidad;BIJOU;ARO;370,73;3990;;3990;3990;;Ventas;;Mercaderías;;Costo de la mercadería;AS-AR000028
Producto;Si;No;Si;ARO PASANTE MEDIANO ARGOLLA C/ BOLITAS PLATEADO;AS-AR000029;Unidad;BIJOU;ARO;365,1;3990;;3990;3990;;Ventas;;Mercaderías;;Costo de la mercadería;AS-AR000029
Producto;Si;No;Si;ARO PASANTE MEDIANO ARGOLLA C/ BOLITAS DORADO;AS-AR000030;Unidad;BIJOU;ARO;370,73;3990;;3990;3990;;Ventas;;Mercaderías;;Costo de la mercadería;AS-AR000030
Producto;Si;No;Si;ARO PASANTE MEDIANO ARGOLLA ENROLLADO PLATEADO;AS-AR000031;Unidad;BIJOU;ARO;365,1;3990;;3990;3990;;Ventas;;Mercaderías;;Costo de la mercadería;AS-AR000031
Producto;Si;No;Si;ARO PASANTE MEDIANO ARGOLLA ENROLLADO DORADO;AS-AR000032;Unidad;BIJOU;ARO;370,73;3990;;3990;3990;;Ventas;;Mercaderías;;Costo de la mercadería;AS-AR000032
Producto;Si;No;Si;ARO PASANTE MEDIANO ARGOLLA LISA PLATEADO;AS-AR000065;Unidad;BIJOU;ARO;440,56;3990;;3990;3990;;Ventas;;Mercaderías;;Costo de la mercadería;AS-AR000065
Producto;Si;No;Si;ARO PASANTE MEDIANO ARGOLLA LISA DORADO;AS-AR000066;Unidad;BIJOU;ARO;440,56;3990;;3990;3990;;Ventas;;Mercaderías;;Costo de la mercadería;AS-AR000066
Producto;Si;No;Si;ARO PASANTE SEMI ARGOLLA CORRUGADO DORADO;AS-AR000068;Unidad;BIJOU;ARO;440,56;3990;;3990;3990;;Ventas;;Mercaderías;;Costo de la mercadería;AS-AR000068
Producto;Si;No;Si;ARO PASANTE COLGANTE GOTA PLANA GRANDE PLATEADO;AS-AR000073;Unidad;BIJOU;ARO;440,56;3990;;3990;3990;;Ventas;;Mercaderías;;Costo de la mercadería;AS-AR000073
Producto;Si;No;Si;ARO PASANTE ARGOLLA CHICA LISA PLATEADO;AS-AR000083;Unidad;BIJOU;ARO;273,65;1990;;1990;1990;;Ventas;;Mercaderías;;Costo de la mercadería;AS-AR000083
Producto;Si;No;Si;ARO ARGOLLA MEDIANO PLATEADO;AS-AR000084;Unidad;BIJOU;ARO;287,32;1990;;1990;1990;;Ventas;;Mercaderías;;Costo de la mercadería;AS-AR000084
Producto;Si;No;Si;ARO PASANTE GOTA GRANDE PLATEADO;AS-AR000109;Unidad;BIJOU;ARO;451,52;3990;;3990;3990;;Ventas;;Mercaderías;;Costo de la mercadería;AS-AR000109
Producto;Si;No;Si;ARO PASANTE IRREGULAR DORADO;AS-AR000111;Unidad;BIJOU;ARO;451,52;3990;;3990;3990;;Ventas;;Mercaderías;;Costo de la mercadería;AS-AR000111
Producto;Si;No;Si;ARO PASANTE IRREGULAR PLATEADO;AS-AR000112;Unidad;BIJOU;ARO;451,52;3990;;3990;3990;;Ventas;;Mercaderías;;Costo de la mercadería;AS-AR000112
Producto;Si;No;Si;ARO PASANTE GOTA GRANDE DORADO;AS-AR000115;Unidad;BIJOU;ARO;451,52;3990;;3990;3990;;Ventas;;Mercaderías;;Costo de la mercadería;AS-AR000115
Producto;Si;No;Si;ARO PASANTE GLOBO IRREGULAR PLATEADO;AS-AR000121;Unidad;BIJOU;ARO;451,52;3990;;3990;3990;;Ventas;;Mercaderías;;Costo de la mercadería;AS-AR000121
Producto;Si;No;Si;ARO PASANTE IRREGULAR SIMIL ARGOLLA CHICO DORADO;AS-AR000122;Unidad;BIJOU;ARO;451,52;3990;;3990;3990;;Ventas;;Mercaderías;;Costo de la mercadería;AS-AR000122
Producto;Si;No;Si;ARO PASANTE MEDIANO HEXAGONAL PLATEADO;AS-AR000123;Unidad;BIJOU;ARO;451,52;3990;;3990;3990;;Ventas;;Mercaderías;;Costo de la mercadería;AS-AR000123
Producto;Si;No;Si;ARO PASANTE ARGOLLA CHICO LISA PLATEADO;AS-AR000124;Unidad;BIJOU;ARO;451,52;3990;;3990;3990;;Ventas;;Mercaderías;;Costo de la mercadería;AS-AR000124
Producto;Si;No;Si;ARO PASANTE MEDIANO ESTILO GOTA CHUNKY PLATEADO;AS-AR000125;Unidad;BIJOU;ARO;451,52;3990;;3990;3990;;Ventas;;Mercaderías;;Costo de la mercadería;AS-AR000125
Producto;Si;No;Si;ARO PASANTE ARGOLLA MEDIANA PLATEADO;AS-AR000126;Unidad;BIJOU;ARO;451,52;3990;;3990;3990;;Ventas;;Mercaderías;;Costo de la mercadería;AS-AR000126
Producto;Si;No;Si;ARO PASANTE ARGOLLA C/ARANDELAS PLATEADO;AS-AR000130;Unidad;BIJOU;ARO;560,93;3990;;3990;3990;;Ventas;;Mercaderías;;Costo de la mercadería;AS-AR000130
Producto;Si;No;Si;ARO PASANTE ARGOLLA C/ARANDELAS DORADA;AS-AR000131;Unidad;BIJOU;ARO;560,93;3990;;3990;3990;;Ventas;;Mercaderías;;Costo de la mercadería;AS-AR000131
Producto;Si;No;Si;ARO PASANTE ARGOLLA GRANDE ESCAMAS DORADO;AS-AR000132;Unidad;BIJOU;ARO;560,93;3990;;3990;3990;;Ventas;;Mercaderías;;Costo de la mercadería;AS-AR000132
Producto;Si;No;Si;ARO PASANTE ARGOLLA GRANDE ESCAMAS PLATEADO;AS-AR000133;Unidad;BIJOU;ARO;560,93;3990;;3990;3990;;Ventas;;Mercaderías;;Costo de la mercadería;AS-AR000133
Producto;Si;No;Si;ARO PASANTE MEDIANO ARGOLLA TORCIDO PLATEADO;AS-AR000134;Unidad;BIJOU;ARO;560,93;3990;;3990;3990;;Ventas;;Mercaderías;;Costo de la mercadería;AS-AR000134
Producto;Si;No;Si;ARO PASANTE MEDIANO ARGOLLA TORCIDO DORADO;AS-AR000135;Unidad;BIJOU;ARO;560,93;3990;;3990;3990;;Ventas;;Mercaderías;;Costo de la mercadería;AS-AR000135
Producto;Si;No;Si;ARO PASANTE GRANDE SEMI ARGOLLA ESTILO GOTA DORADO;AS-AR000140;Unidad;BIJOU;ARO;560,93;3990;;3990;3990;;Ventas;;Mercaderías;;Costo de la mercadería;AS-AR000140
Producto;Si;No;Si;ARO PASANTE GRANDE SEMI ARGOLLA ESTILO GOTA PLATEADO;AS-AR000141;Unidad;BIJOU;ARO;560,93;3990;;3990;3990;;Ventas;;Mercaderías;;Costo de la mercadería;AS-AR000141
Producto;Si;No;Si;ARO PASANTE GRANDE ARGOLLA PLANA PLATEADO;AS-AR000142;Unidad;BIJOU;ARO;560,97;3990;;3990;3990;;Ventas;;Mercaderías;;Costo de la mercadería;AS-AR000142
Producto;Si;No;Si;ARO PASANTE GRANDE ARGOLLA PLANA DORADO;AS-AR000143;Unidad;BIJOU;ARO;560,97;3990;;3990;3990;;Ventas;;Mercaderías;;Costo de la mercadería;AS-AR000143
Producto;Si;No;Si;ARO PASANTE GRANDE SEMI ARGOLLA CORRUGADO PLATEADO;AS-AR000144;Unidad;BIJOU;ARO;560,93;3990;;3990;3990;;Ventas;;Mercaderías;;Costo de la mercadería;AS-AR000144
Producto;Si;No;Si;ARO PASANTE GRANDE SEMI ARGOLLA CORRUGADO DORADO;AS-AR000145;Unidad;BIJOU;ARO;560,93;3990;;3990;3990;;Ventas;;Mercaderías;;Costo de la mercadería;AS-AR000145
Producto;Si;No;Si;ARO PASANTE ARGOLLA GRANDE DORADO;AS-AR000152;Unidad;BIJOU;ARO;560,93;3990;;3990;3990;;Ventas;;Mercaderías;;Costo de la mercadería;AS-AR000152
Producto;Si;No;Si;ARO PASANTE ARGOLLA GRANDE PLATEADO;AS-AR000153;Unidad;BIJOU;ARO;560,93;3990;;3990;3990;;Ventas;;Mercaderías;;Costo de la mercadería;AS-AR000153
Producto;Si;No;Si;ARO PASANTE ARGOLLA GRANDE GANCHO PLATEADO;AS-AR000154;Unidad;BIJOU;ARO;560,93;3990;;3990;3990;;Ventas;;Mercaderías;;Costo de la mercadería;AS-AR000154
Producto;Si;No;Si;ARO PASANTE MEDIANO ARGOLLA GRUESA PLATEADO;AS-AR000155;Unidad;BIJOU;ARO;560,93;3990;;3990;3990;;Ventas;;Mercaderías;;Costo de la mercadería;AS-AR000155
Producto;Si;No;Si;ARO PASANTE MEDIANO ESTILO V PLATEADO;AS-AR000159;Unidad;BIJOU;ARO;560,93;3990;;3990;3990;;Ventas;;Mercaderías;;Costo de la mercadería;AS-AR000159
Producto;Si;No;Si;ARO PASANTE MEDIANO ESTILO V DORADO;AS-AR000160;Unidad;BIJOU;ARO;560,93;3990;;3990;3990;;Ventas;;Mercaderías;;Costo de la mercadería;AS-AR000160
Producto;Si;No;Si;ARO PASANTE COLGANTE GOTA PLANA MEDIANO DORADO;AS-AR000161;Unidad;BIJOU;ARO;560,93;3990;;3990;3990;;Ventas;;Mercaderías;;Costo de la mercadería;AS-AR000161
Producto;Si;No;Si;CARTERA MINI APHOLO SET SOBRE MODENA VERDE;MG010731910;Unidad;MARRO GRANDE;CARTERA;165990;165990;;165990;165990;;Ventas;;Mercaderías;;Costo de la mercadería;
Producto;Si;No;Si;SET X3 ANILLOS MARRON/DORADOS;AS-AN000001;Unidad;BIJOU;ANILLO;629,35;3990;;3990;3990;;Ventas;;Mercaderías;;Costo de la mercadería;AS-AN000001
Producto;Si;No;Si;SET X3 ANILLOS FINITO/ CRUZADO DORADO;AS-AN000002;Unidad;BIJOU;ANILLO;629,35;3990;;3990;3990;;Ventas;;Mercaderías;;Costo de la mercadería;AS-AN000002
Producto;Si;No;Si;SET X3 ANILLOS PIEDRA CUADRADA/ ESLABONES DORADO;AS-AN000003;Unidad;BIJOU;ANILLO;629,35;3990;;3990;3990;;Ventas;;Mercaderías;;Costo de la mercadería;AS-AN000003
Producto;Si;No;Si;SET X3 ANILLOS BRILLOS/DORADO;AS-AN000004;Unidad;BIJOU;ANILLO;629,35;3990;;3990;3990;;Ventas;;Mercaderías;;Costo de la mercadería;AS-AN000004
Producto;Si;No;Si;SET X3 ANILLOS MOÑO/ESLABON/OJO TURCO DORADO;AS-AN000005;Unidad;BIJOU;ANILLO;629,35;3990;;3990;3990;;Ventas;;Mercaderías;;Costo de la mercadería;AS-AN000005
Producto;Si;No;Si;SET X3 ANILLOS CORAZON BRILLO /LUNA DORADO;AS-AN000006;Unidad;BIJOU;ANILLO;629,35;3990;;3990;3990;;Ventas;;Mercaderías;;Costo de la mercadería;AS-AN000006
Producto;Si;No;Si;SET X3 ANILLOS PERLITA/MEDIA CRUZ DORADO;AS-AN000007;Unidad;BIJOU;ANILLO;629,35;3990;;3990;3990;;Ventas;;Mercaderías;;Costo de la mercadería;AS-AN000007
Producto;Si;No;Si;SET X3 ANILLOS PIEDRA CUADRADA/ LISO PLATEADO;AS-AN000008;Unidad;BIJOU;ANILLO;629,35;3990;;3990;3990;;Ventas;;Mercaderías;;Costo de la mercadería;AS-AN000008
Producto;Si;No;Si;SET X3 ANILLOS PERLITA/MANO/CORAZONES PLATEADO;AS-AN000009;Unidad;BIJOU;ANILLO;629,35;3990;;3990;3990;;Ventas;;Mercaderías;;Costo de la mercadería;AS-AN000009
Producto;Si;No;Si;SET X3 ANILLOS TORZADO/ ABRAZO PLATEADO;AS-AN000010;Unidad;BIJOU;ANILLO;629,35;3990;;3990;3990;;Ventas;;Mercaderías;;Costo de la mercadería;AS-AN000010
Producto;Si;No;Si;ANILLO INFANTIL FLOR PASTELES;AS-AN000011;Unidad;BIJOU;ANILLO;0;0;;0;0;;Ventas;;Mercaderías;;Costo de la mercadería;AS-AN000011
Producto;Si;No;Si;ANILLO INFANTIL FLOR ROSA;AS-AN000012;Unidad;BIJOU;ANILLO;0;0;;0;0;;Ventas;;Mercaderías;;Costo de la mercadería;AS-AN000012
Producto;Si;No;Si;ANILLO INFANTIL FLOR;AS-AN000013;Unidad;BIJOU;ANILLO;0;0;;0;0;;Ventas;;Mercaderías;;Costo de la mercadería;AS-AN000013
Producto;Si;No;Si;ANILLO INFANTIL CORAZON LILA Y ROSA;AS-AN000014;Unidad;BIJOU;ANILLO;0;0;;0;0;;Ventas;;Mercaderías;;Costo de la mercadería;AS-AN000014
Producto;Si;No;Si;ANILLO INFANTIL MOÑO;AS-AN000015;Unidad;BIJOU;ANILLO;0;0;;0;0;;Ventas;;Mercaderías;;Costo de la mercadería;AS-AN000015
Producto;Si;No;Si;ANILLO INFANTIL CHERRY;AS-AN000016;Unidad;BIJOU;ANILLO;0;0;;0;0;;Ventas;;Mercaderías;;Costo de la mercadería;AS-AN000016
Producto;Si;No;Si;ANILLO INFANTIL CONEJO;AS-AN000017;Unidad;BIJOU;ANILLO;0;0;;0;0;;Ventas;;Mercaderías;;Costo de la mercadería;AS-AN000017
Producto;Si;No;Si;ANILLO INFANTIL CEREZAS;AS-AN000018;Unidad;BIJOU;ANILLO;0;0;;0;0;;Ventas;;Mercaderías;;Costo de la mercadería;AS-AN000018
Producto;Si;No;Si;ANILLO INFANTIL HELADO;AS-AN000019;Unidad;BIJOU;ANILLO;0;0;;0;0;;Ventas;;Mercaderías;;Costo de la mercadería;AS-AN000019
Producto;Si;No;Si;ANILLO INFANTIL CORAZON;AS-AN000020;Unidad;BIJOU;ANILLO;0;0;;0;0;;Ventas;;Mercaderías;;Costo de la mercadería;AS-AN000020
Producto;Si;No;Si;SET X2 ANILLOS INFANTILES FLORES PASTELES;AS-AN000021;Unidad;BIJOU;ANILLO;38,31;1490;;1490;1490;;Ventas;;Mercaderías;;Costo de la mercadería;AS-AN000021
Producto;Si;No;Si;SET X2 ANILLOS INFANTILES FLOR / CORAZON LILA;AS-AN000022;Unidad;BIJOU;ANILLO;38,31;1490;;1490;1490;;Ventas;;Mercaderías;;Costo de la mercadería;AS-AN000022
Producto;Si;No;Si;SET X2 ANILLOS INFANTILES MOÑO/CHERRY;AS-AN000023;Unidad;BIJOU;ANILLO;79,37;1490;;1490;1490;;Ventas;;Mercaderías;;Costo de la mercadería;AS-AN000023
Producto;Si;No;Si;SET X2 ANILLOS INFANTILES CONEJO/CEREZAS;AS-AN000024;Unidad;BIJOU;ANILLO;41,06;1490;;1490;1490;;Ventas;;Mercaderías;;Costo de la mercadería;AS-AN000024
Producto;Si;No;Si;SET X2 ANILLOS INFANTILES HELADO/CORAZON;AS-AN000025;Unidad;BIJOU;ANILLO;41,06;1490;;1490;1490;;Ventas;;Mercaderías;;Costo de la mercadería;AS-AN000025
Producto;Si;No;Si;SET X2 PULSERA CRISTAL ROMBO CELESTE/AZUL;AS-PU000111;Unidad;BIJOU;PULSERA;164,19;3990;;3990;3990;;Ventas;;Mercaderías;;Costo de la mercadería;AS-PU000111
Producto;Si;No;Si;SET X2 PULSERA CRISTAL ROMBO BLANCO/BEIGE;AS-PU000112;Unidad;BIJOU;PULSERA;164,19;3990;;3990;3990;;Ventas;;Mercaderías;;Costo de la mercadería;AS-PU000112
Producto;Si;No;Si;SET X2 PULSERA CRISTAL ROMBO ROSA/ROJO;AS-PU000113;Unidad;BIJOU;PULSERA;164,19;3990;;3990;3990;;Ventas;;Mercaderías;;Costo de la mercadería;AS-PU000113
Producto;Si;No;Si;SET X2 PULSERA CRISTAL ROMBO VIOLETA/GRIS;AS-PU000114;Unidad;BIJOU;PULSERA;164,19;3990;;3990;3990;;Ventas;;Mercaderías;;Costo de la mercadería;AS-PU000114
Producto;Si;No;Si;SET COLLAR + PULSERA INFANTIL FLOR;AS-CA000003;Unidad;BIJOU;COLLAR;41046;2990;;2990;2990;;Ventas;;Mercaderías;;Costo de la mercadería;AS-CA000003
Producto;Si;No;Si;ROSARIO MADERA MARRON;AS-CA000004;Unidad;BIJOU;COLLAR;32837;3990;;3990;3990;;Ventas;;Mercaderías;;Costo de la mercadería;AS-CA000004
Producto;Si;No;No;CARTERA KALI GAMUZA OLIVE;MG011370516;Unidad;MARRO GRANDE;CARTERA;169990;179990;;179990;179990;;Ventas;;Mercaderías;;Costo de la mercadería;
Producto;Si;No;No;CARTERA KALI GAMUZA TABACO;MG011370504;Unidad;MARRO GRANDE;CARTERA;169990;179990;;179990;179990;;Ventas;;Mercaderías;;Costo de la mercadería;
Producto;Si;No;Si;MOCHILA MULITA BRIDGE NEGRO;MG011380301;Unidad;MARRO GRANDE;;229990;239990;;239990;239990;;Ventas;;Mercaderías;;Costo de la mercadería;
Producto;Si;No;Si;MOCHILA MULITA BRIDGE CHOCOLATE;MG011380352;Unidad;MARRO GRANDE;MOCHILA;229990;239990;;239990;239990;;Ventas;;Mercaderías;;Costo de la mercadería;
Producto;Si;No;Si;MOCHILA MULITA BRIDGE CARAMELO;MG011380303;Unidad;MARRO GRANDE;MOCHILA;229990;239990;;239990;239990;;Ventas;;Mercaderías;;Costo de la mercadería;
Producto;Si;No;No;"BUFANDA ACRUX	LANA ALPACA CHOCOLATE";TX190212952;Unidad;TEXTIL;bufanda;79990;79990;;79990;79990;;Ventas;;Mercaderías;;Costo de la mercadería;
Producto;Si;No;No;"BUFANDA ACRUX	LANA ALPACA BEIGE";TX190212911;Unidad;TEXTIL;BUFANDA;79990;79990;;79990;79990;;Ventas;;Mercaderías;;Costo de la mercadería;
Producto;Si;No;Si;GORRO VEGA LANA ALPACA GRIS CLARO;TX190192917;Unidad;TEXTIL;GORRO;24990;24990;;24990;24990;;Ventas;;Mercaderías;;Costo de la mercadería;
Producto;Si;No;No;GORRO VEGA LANA ALPACA CHOCOLATE;TX190192952;Unidad;TEXTIL;GORRO;24990;24990;;24990;24990;;Ventas;;Mercaderías;;Costo de la mercadería;
Producto;Si;No;No;GORRO VEGA LANA ALPACA BEIGE;TX190192911;Unidad;TEXTIL;GORRO;24990;24990;;24990;24990;;Ventas;;Mercaderías;;Costo de la mercadería;
Producto;Si;No;Si;"GUANTE DAMA	LANA LLAMA	CRUDO";TX190482836;Unidad;TEXTIL;GUANTE;29990;29990;;29990;29990;;Ventas;;Mercaderías;;Costo de la mercadería;
Producto;Si;No;No;GUANTE DAMA LANA LLAMA NEGRO;TX190482801;Unidad;TEXTIL;GUANTE;29990;29990;;29990;29990;;Ventas;;Mercaderías;;Costo de la mercadería;
Producto;Si;No;No;GUANTE DAMA LANA LLAMA VISON;TX190482828;Unidad;TEXTIL;GUANTE;29990;29990;;29990;29990;;Ventas;;Mercaderías;;Costo de la mercadería;
Producto;Si;No;No;"GUANTE HOMBRE	LANA LLAMA NEGRO T.1";TX190492801-T1;Unidad;TEXTIL;GUANTE;29990;29990;;29990;29990;;Ventas;;Mercaderías;;Costo de la mercadería;
Producto;Si;No;No;"GUANTE HOMBRE	LANA LLAMA VISON	T.1";TX190492828-T1;Unidad;TEXTIL;GUANTE;29990;29990;;29990;29990;;Ventas;;Mercaderías;;Costo de la mercadería;
Producto;Si;No;No;"GUANTE HOMBRE	LANA LLAMA NEGRO T.2";TX190492801-T2;Unidad;TEXTIL;GUANTE;29990;29990;;29990;29990;;Ventas;;Mercaderías;;Costo de la mercadería;
Producto;Si;No;No;"GUANTE HOMBRE	LANA LLAMA	VISON	T.2";TX190492828-T2;Unidad;TEXTIL;GUANTE;29990;29990;;29990;29990;;Ventas;;Mercaderías;;Costo de la mercadería;
Producto;Si;No;No;GUANTE RIGEL LANA LLAMA NEGRO;TX190222801;Unidad;TEXTIL;GUANTE;24990;29990;;29990;29990;;Ventas;;Mercaderías;;Costo de la mercadería;
Producto;Si;No;Si;DELANTAL DENO CUERO TABACO;OT310810304;Unidad;DECO;DELANTAL;24990;24990;;24990;24990;;Ventas;;Mercaderías;;Costo de la mercadería;
Producto;Si;No;Si;PULSERA CANUTILLO METAL/CUENTAS TURQUESA C/ DIJES METAL;AS-PU000041;Unidad;BIJOU;PULSERA;0;4990;;4990;4990;;Ventas;;Mercaderías;;Costo de la mercadería;AS-PU000041
Producto;Si;No;Si;MOCHILA CASPIO FULL BLACK;MG321390301;Unidad;MARRO GRANDE;MOCHILA;399990;429990;;429990;429990;;Ventas;;Mercaderías;;Costo de la mercadería;
Producto;Si;No;Si;ARO PASANTE GOTA ANCHA MEDIANA PLATEADO;AS-AR000009;Unidad;BIJOU;ARO;3990;3990;;3990;3990;;Ventas;;Mercaderías;;Costo de la mercadería;AS-AR000009
?Producto;Si;No;Si;ARO PASANTE GOTA ANCHA MEDIANA DORADO;AS-AR000010;Unidad;BIJOU;ARO;3990;3990;;3990;3990;;Ventas;;Mercaderías;;Costo de la mercadería;AS-AR000010
Producto;Si;No;No;CARTERA VERA GAMUZA OLIVE;MG011410516;Unidad;MARRO CHICA;CARTERA;165990;179990;;179990;179990;;Ventas;;Mercaderías;;Costo de la mercadería;
Producto;Si;No;No;CARTERA VERA GAMUZA TABACO;MG011410504;Unidad;MARRO GRANDE;CARTERA;165990;179990;;179990;179990;;Ventas;;Mercaderías;;Costo de la mercadería;
Producto;Si;No;No;CARTERA VERA GAMUZA GRIS OSCURO;MG011410522;Unidad;MARRO GRANDE;CARTERA;165990;179990;;179990;179990;;Ventas;;Mercaderías;;Costo de la mercadería;
Producto;Si;No;Si;TOTE TILCARA NAPADO NEGRO;MG011400101;Unidad;MARRO GRANDE;TOTE;99990;99990;;99990;99990;;Ventas;;Mercaderías;;Costo de la mercadería;
Producto;Si;No;Si;TOTE TILCARA NAPADO LONDON;MG011400105;Unidad;MARRO GRANDE;TOTE;99990;99990;;99990;99990;;Ventas;;Mercaderías;;Costo de la mercadería;
Producto;Si;No;Si;SOBRE MAJA PELO HEREFORD;MC020893139;Unidad;MARRO CHICA;SOBRE;39990;39990;;39990;39990;;Ventas;;Mercaderías;;Costo de la mercadería;
Producto;Si;No;Si;SOBRE MAJA PELO HOLANDO;MC020893140;Unidad;MARRO CHICA;SOBRE;39990;39990;;39990;39990;;Ventas;;Mercaderías;;Costo de la mercadería;
Producto;Si;No;Si;MOCHILA FRANCIS BRIDGE CHOCOLATE;MG321420352;Unidad;MARRO GRANDE;MOCHILA;359990;379990;;379990;379990;;Ventas;;Mercaderías;;Costo de la mercadería;
Producto;Si;No;Si;MOCHILA FRANCIS BRIDGE NEGRO;MG321420301;Unidad;MARRO GRANDE;MOCHILA;359990;379990;;379990;379990;;Ventas;;Mercaderías;;Costo de la mercadería;
Producto;Si;No;Si;PORTAPASAPORTE WARA NAPADO NEGRO;MC020900101;Unidad;MARRO CHICA;PORTAPASAPORTE;149990;169990;;169990;169990;;Ventas;;Mercaderías;;Costo de la mercadería;
Producto;Si;No;Si;POSAVASOS MAEL PELO HEREFORD;OT021323139;Unidad;DECO;POSAVASOS;16990;19990;;19990;19990;;Ventas;;Mercaderías;;Costo de la mercadería;
Producto;Si;No;Si;POSAVASOS MAEL PELO HOLANDO;OT021323140;Unidad;DECO;POSAVASOS;16990;19990;;19990;19990;;Ventas;;Mercaderías;;Costo de la mercadería;
Producto;Si;No;Si;INDIVIDUAL MAEL PELO HEREFORD;OT021333139;Unidad;DECO;INDIVIDUAL;95990;95990;;95990;95990;;Ventas;;Mercaderías;;Costo de la mercadería;
Producto;Si;No;Si;INDIVIDUAL MAEL PELO HOLANDO;OT021333140;Unidad;DECO;INDIVIDUAL;95990;95990;;95990;95990;;Ventas;;Mercaderías;;Costo de la mercadería;
Producto;Si;No;Si;BUFANDA CAPELLA LANA LLAMA CAFE;TX190172858;Unidad;TEXTIL;;59990;79990;;79990;79990;;Ventas;;Mercaderías;;Costo de la mercadería;
Producto;Si;No;Si;BUFANDA ACRUX LANA ALPACA GRIS CLARO;TX190212917;Unidad;TEXTIL;;79990;79990;;79990;79990;;Ventas;;Mercaderías;;Costo de la mercadería;
Producto;Si;No;Si;CARTERA MINI EMMA PELO HEREFORD;MG011123139;Unidad;MARRO GRANDE;CARTERA;119990;129990;;129990;129990;;Ventas;;Mercaderías;;Costo de la mercadería;
Producto;Si;No;Si;CARTERA MINI EMMA PELO HOLANDO;MG011123140;Unidad;MARRO GRANDE;CARTERA;119990;129990;;129990;129990;;Ventas;;Mercaderías;;Costo de la mercadería;
Producto;Si;No;Si;ARO PASANTE SEMI ARGOLLA CORRUGADO PLATEADO;AS-AR000067;Unidad;BIJOU;ARO;3990;3990;;3990;3990;;Ventas;;Mercaderías;;Costo de la mercadería;AS-AR000067
Producto;Si;No;Si;ARO PASANTE MEDIA ARGOLLA CHICO PLATEADO;AS-AR000051;Unidad;BIJOU;AROS;1490;1490;;1490;1490;;Ventas;;Mercaderías;;Costo de la mercadería;AS-AR000051
Producto;Si;No;Si;PILUSO DORA TEJIDO BEIGE;TX310410011;Unidad;TEXTIL;;19990;19990;;19990;19990;;Ventas;;Mercaderías;;Costo de la mercadería;
Producto;Si;No;Si;CARTERA HARPER DESCARNE VERDE MILITAR;MG011243470;Unidad;MARRO GRANDE;CARTERA;199990;219990;;219990;219990;;Ventas;;Mercaderías;;Costo de la mercadería;
Producto;Si;No;Si;CINTURON FLORA 2 GAMUZA TABACO S-M;OT021340504-S-M;Unidad;CINTURON;CINTURON;54990;54990;;54990;54990;;Ventas;;Mercaderías;;Costo de la mercadería;
Producto;Si;No;Si;CINTURON FLORA 2 GAMUZA VERDE MILITAR S-M;OT021340570-S-M;Unidad;CALZADO;CINTURON;54990;54990;;54990;54990;;Ventas;;Mercaderías;;Costo de la mercadería;
Producto;Si;No;Si;CINTURON FLORA 2 GAMUZA CHOCOLATE S-M;OT021340552-S-M;Unidad;CINTURON;CINTURON;54990;54990;;54990;54990;;Ventas;;Mercaderías;;Costo de la mercadería;
Producto;Si;No;Si;CINTURON FLORA 2 GAMUZA GRIS OSCURO S-M;OT021340522-S-M;Unidad;CINTURON;CINTURON;54990;54990;;54990;54990;;Ventas;;Mercaderías;;Costo de la mercadería;
Producto;Si;No;Si;CINTURON FLORA 2 GAMUZA MARSALA S-M;OT021340518-S-M;Unidad;CINTURON;CINTURON;54990;54990;;54990;54990;;Ventas;;Mercaderías;;Costo de la mercadería;
Producto;Si;No;Si;CINTURON FLORA 2 GAMUZA TABACO M-L;OT021340504-M-L;Unidad;CINTURON;CINTURON;54990;54990;;54990;54990;;Ventas;;Mercaderías;;Costo de la mercadería;
Producto;Si;No;Si;CINTURON FLORA 2 GAMUZA VERDE MILITAR M-L;OT021340570-M-L;Unidad;CINTURON;CINTURON;54990;54990;;54990;54990;;Ventas;;Mercaderías;;Costo de la mercadería;
Producto;Si;No;Si;CINTURON FLORA 2 GAMUZA CHOCOLATE M-L;OT021340552-M-L;Unidad;CINTURON;;54990;54990;;54990;54990;;Ventas;;Mercaderías;;Costo de la mercadería;
Producto;Si;No;Si;CINTURON FLORA 2 GAMUZA GRIS OSCURO M-L;OT021340522-M-L;Unidad;CINTURON;;54990;54990;;54990;54990;;Ventas;;Mercaderías;;Costo de la mercadería;
Producto;Si;No;Si;CINTURON FLORA 2 GAMUZA MARSALA M-L;OT021340518-M-L;Unidad;CINTURON;;54990;54990;;54990;54990;;Ventas;;Mercaderías;;Costo de la mercadería;
Producto;Si;No;Si;CINTURON FLORA 1 GAMUZA TABACO S-M;OT021350504-S-M;Unidad;CINTURON;CINTURON;49990;49990;;49990;49990;;Ventas;;Mercaderías;;Costo de la mercadería;
Producto;Si;No;Si;CINTURON FLORA 1 GAMUZA VERDE MILITAR S-M;OT021350570-S-M;Unidad;CINTURON;CINTURON;49990;49990;;49990;49990;;Ventas;;Mercaderías;;Costo de la mercadería;
Producto;Si;No;Si;CINTURON FLORA 1 GAMUZA CHOCOLATE S-M;OT021350552-S-M;Unidad;CINTURON;CINTURON;49990;49990;;49990;49990;;Ventas;;Mercaderías;;Costo de la mercadería;
Producto;Si;No;Si;CINTURON FLORA 1 GAMUZA GRIS OSCURO S-M;OT021350522-S-M;Unidad;CINTURON;CINTURON;49990;49990;;49990;49990;;Ventas;;Mercaderías;;Costo de la mercadería;
Producto;Si;No;Si;CINTURON FLORA 1 GAMUZA MARSALA S-M;OT021350518-S-M;Unidad;CINTURON;CINTURON;49990;49990;;49990;49990;;Ventas;;Mercaderías;;Costo de la mercadería;
Producto;Si;No;Si;CINTURON FLORA 1 GAMUZA TABACO M-L;OT021350504-M-L;Unidad;CINTURON;;49990;49990;;49990;49990;;Ventas;;Mercaderías;;Costo de la mercadería;
Producto;Si;No;Si;CINTURON FLORA 1 GAMUZA VERDE MILITAR M-L;OT021350570-M-L;Unidad;CINTURON;;49990;49990;;49990;49990;;Ventas;;Mercaderías;;Costo de la mercadería;
Producto;Si;No;Si;CINTURON FLORA 1 GAMUZA CHOCOLATE M-L;OT021350552-M-L;Unidad;CINTURON;;49990;49990;;49990;49990;;Ventas;;Mercaderías;;Costo de la mercadería;
Producto;Si;No;Si;CINTURON FLORA 1 GAMUZA GRIS OSCURO M-L;OT021350522-M-L;Unidad;CINTURON;;49990;49990;;49990;49990;;Ventas;;Mercaderías;;Costo de la mercadería;
Producto;Si;No;Si;CINTURON FLORA 1 GAMUZA MARSALA M-L;OT021350518-M-L;Unidad;CINTURON;CINTURON;49990;49990;;49990;49990;;Ventas;;Mercaderías;;Costo de la mercadería;
Producto;Si;No;Si;GORRO SIRIUS LANA LLAMA CAFÉ;TX190162858;Unidad;TEXTIL;GORRO;19990;24990;;24990;24990;;Ventas;;Mercaderías;;Costo de la mercadería;
Producto;Si;No;Si;BANDOLERA FRIDA NEGRO;AS-MG010010101;Unidad;MARRO GRANDE;MARRO GRANDE;0;10990;;10990;10990;;Ventas;;Mercaderías;;Costo de la mercadería;
Producto;Si;No;Si;BANDOLERA FRIDA AZUL;AS-MG010010109;Unidad;MARRO GRANDE;MARRO GRANDE;0;9990;;9990;9990;;Ventas;;Mercaderías;;Costo de la mercadería;
Producto;Si;No;Si;BANDOLERA FRIDA BORDO;AS-MG010010115;Unidad;MARRO GRANDE;MARRO GRANDE;0;9990;;9990;9990;;Ventas;;Mercaderías;;Costo de la mercadería;
Producto;Si;No;Si;BANDOLERA FRIDA BEIGE;AS-MG010010111;Unidad;MARRO GRANDE;MARRO GRANDE;0;9990;;9990;9990;;Ventas;;Mercaderías;;Costo de la mercadería;
Producto;Si;No;Si;BANDOLERA FRIDA GRIS;AS-MG010010112;Unidad;MARRO GRANDE;MARRO GRANDE;0;9990;;9990;9990;;Ventas;;Mercaderías;;Costo de la mercadería;
Producto;Si;No;Si;BANDOLERA LUCIANA ROJO;AS-MG010020107;Unidad;MARRO GRANDE;MARRO GRANDE;2990;2990;;2990;2990;;Ventas;;Mercaderías;;Costo de la mercadería;
Producto;Si;No;Si;BANDOLERA LUCIANA NEGRO;AS-MG010020101;Unidad;MARRO GRANDE;MARRO GRANDE;0;6990;;6990;6990;;Ventas;;Mercaderías;;Costo de la mercadería;AS-MG010020101
Producto;Si;No;Si;BANDOLERA LUCIANA CORAL;AS-MG010020106;Unidad;MARRO GRANDE;MARRO GRANDE;2990;2990;;2990;2990;;Ventas;;Mercaderías;;Costo de la mercadería;
Producto;Si;No;Si;BANDOLERA LUCIANA CRUDO;AS-MG010020108;Unidad;MARRO GRANDE;MARRO GRANDE;0;5990;;5990;5990;;Ventas;;Mercaderías;;Costo de la mercadería;
Producto;Si;No;Si;BANDOLERA LUCIANA DURAZNO;AS-MG010020104;Unidad;MARRO GRANDE;MARRO GRANDE;2990;5990;;5990;5990;;Ventas;;Mercaderías;;Costo de la mercadería;
Producto;Si;No;Si;CARTUCHERA CILINDRO BORDO;AS-MC020030115;Unidad;MARRO CHICA;MARRO CHICA;0;3990;;3990;3990;;Ventas;;Mercaderías;;Costo de la mercadería;
Producto;Si;No;Si;CARTUCHERA CILINDRO CORAL;AS-MC020030106;Unidad;MARRO CHICA;MARRO CHICA;0;3990;;3990;3990;;Ventas;;Mercaderías;;Costo de la mercadería;
Producto;Si;No;Si;CARTUCHERA CILINDRO BLANCO;AS-MC020030116;Unidad;MARRO CHICA;MARRO CHICA;0;3990;;3990;3990;;Ventas;;Mercaderías;;Costo de la mercadería;
Producto;Si;No;Si;CARTUCHERA CILINDRO DURAZNO;AS-MC020030104;Unidad;MARRO CHICA;MARRO CHICA;0;3990;;3990;3990;;Ventas;;Mercaderías;;Costo de la mercadería;
Producto;Si;No;Si;CARTUCHERA CILINDRO NEGRO;AS-MC020030101;Unidad;MARRO CHICA;MARRO CHICA;0;3990;;3990;3990;;Ventas;;Mercaderías;;Costo de la mercadería;
Producto;Si;No;Si;CARTUCHERA CILINDRO VISON;AS-MC020030105;Unidad;MARRO CHICA;MARRO CHICA;0;3990;;3990;3990;;Ventas;;Mercaderías;;Costo de la mercadería;
Producto;Si;No;Si;CARTUCHERA JANA CORAL;AS-MC020040106;Unidad;MARRO CHICA;MARRO CHICA;0;3990;;3990;3990;;Ventas;;Mercaderías;;Costo de la mercadería;
Producto;Si;No;Si;CARTUCHERA LUNA BLANCO;AS-MC020050116;Unidad;MARRO CHICA;MARRO CHICA;0;3990;;3990;3990;;Ventas;;Mercaderías;;Costo de la mercadería;
Producto;Si;No;Si;CARTUCHERA LUNA BEIGE;AS-MC020050111;Unidad;MARRO CHICA;MARRO CHICA;0;3990;;3990;3990;;Ventas;;Mercaderías;;Costo de la mercadería;
Producto;Si;No;Si;CARTUCHERA LUNA BORDO;AS-MC020050115;Unidad;MARRO CHICA;MARRO CHICA;0;3990;;3990;3990;;Ventas;;Mercaderías;;Costo de la mercadería;
Producto;Si;No;Si;CARTUCHERA LUNA CRUDO;AS-MC020050108;Unidad;MARRO CHICA;MARRO CHICA;0;3990;;3990;3990;;Ventas;;Mercaderías;;Costo de la mercadería;
Producto;Si;No;Si;CARTUCHERA LUNA CORAL;AS-MC020050106;Unidad;MARRO CHICA;MARRO CHICA;0;3990;;3990;3990;;Ventas;;Mercaderías;;Costo de la mercadería;
Producto;Si;No;Si;CARTUCHERA LUNA GRIS;AS-MC020050112;Unidad;MARRO CHICA;MARRO CHICA;0;3990;;3990;3990;;Ventas;;Mercaderías;;Costo de la mercadería;
Producto;Si;No;Si;CARTUCHERA LUNA ROSA;AS-MC020050119;Unidad;MARRO CHICA;MARRO CHICA;0;3990;;3990;3990;;Ventas;;Mercaderías;;Costo de la mercadería;
Producto;Si;No;Si;CARTUCHERA LUNA SUELA;AS-MC020050102;Unidad;MARRO CHICA;MARRO CHICA;0;3990;;3990;3990;;Ventas;;Mercaderías;;Costo de la mercadería;
Producto;Si;No;Si;CARTUCHERA MONI AZUL;AS-MC020060109;Unidad;MARRO CHICA;MARRO CHICA;0;3990;;3990;3990;;Ventas;;Mercaderías;;Costo de la mercadería;
Producto;Si;No;Si;CARTUCHERA MONI BLANCO;AS-MC020060116;Unidad;MARRO CHICA;MARRO CHICA;0;3990;;3990;3990;;Ventas;;Mercaderías;;Costo de la mercadería;
Producto;Si;No;Si;CARTUCHERA MONI BEIGE;AS-MC020060111;Unidad;MARRO CHICA;MARRO CHICA;0;3990;;3990;3990;;Ventas;;Mercaderías;;Costo de la mercadería;
Producto;Si;No;Si;CARTUCHERA MONI BORDO;AS-MC020060115;Unidad;MARRO CHICA;MARRO CHICA;0;3990;;3990;3990;;Ventas;;Mercaderías;;Costo de la mercadería;
Producto;Si;No;Si;CARTUCHERA MONI CORAL;AS-MC020060106;Unidad;MARRO CHICA;MARRO CHICA;0;3990;;3990;3990;;Ventas;;Mercaderías;;Costo de la mercadería;
Producto;Si;No;Si;CARTUCHERA MONI GRIS;AS-MC020060112;Unidad;MARRO CHICA;MARRO CHICA;0;3990;;3990;3990;;Ventas;;Mercaderías;;Costo de la mercadería;
Producto;Si;No;Si;CARTUCHERA MONI NEGRO;AS-MC020060101;Unidad;MARRO CHICA;MARRO CHICA;0;3990;;3990;3990;;Ventas;;Mercaderías;;Costo de la mercadería;
Producto;Si;No;Si;CARTUCHERA PU AZUL;AS-MC020070109;Unidad;MARRO CHICA;MARRO CHICA;0;3990;;3990;3990;;Ventas;;Mercaderías;;Costo de la mercadería;
Producto;Si;No;Si;CARTUCHERA PU BLANCO;AS-MC020070116;Unidad;MARRO CHICA;MARRO CHICA;0;3990;;3990;3990;;Ventas;;Mercaderías;;Costo de la mercadería;
Producto;Si;No;Si;CARTUCHERA PU BORDO;AS-MC020070115;Unidad;MARRO CHICA;MARRO CHICA;0;3990;;3990;3990;;Ventas;;Mercaderías;;Costo de la mercadería;
Producto;Si;No;Si;CARTUCHERA PU CELESTE;AS-MC020070103;Unidad;MARRO CHICA;MARRO CHICA;0;3990;;3990;3990;;Ventas;;Mercaderías;;Costo de la mercadería;
Producto;Si;No;Si;CARTUCHERA PU CORAL;AS-MC020070106;Unidad;MARRO CHICA;MARRO CHICA;0;3990;;3990;3990;;Ventas;;Mercaderías;;Costo de la mercadería;
Producto;Si;No;Si;CARTUCHERA PU NEGRO;AS-MC020070101;Unidad;MARRO CHICA;MARRO CHICA;0;3990;;3990;3990;;Ventas;;Mercaderías;;Costo de la mercadería;
Producto;Si;No;Si;CARTUCHERA PU VISON;AS-MC020070105;Unidad;MARRO CHICA;MARRO CHICA;0;3990;;3990;3990;;Ventas;;Mercaderías;;Costo de la mercadería;
Producto;Si;No;Si;MOCHILA LOLA AZUL;AS-MG010110109;Unidad;MARRO GRANDE;MARRO GRANDE;4990;14990;;14990;14990;;Ventas;;Mercaderías;;Costo de la mercadería;
Producto;Si;No;Si;MOCHILA LOLA BLANCO;AS-MG010110116;Unidad;MARRO GRANDE;MARRO GRANDE;0;14990;;14990;14990;;Ventas;;Mercaderías;;Costo de la mercadería;
Producto;Si;No;Si;MOCHILA LOLA BEIGE;AS-MG010110111;Unidad;MARRO GRANDE;MARRO GRANDE;0;14990;;14990;14990;;Ventas;;Mercaderías;;Costo de la mercadería;
Producto;Si;No;Si;MOCHILA LOLA BORDO;AS-MG010110115;Unidad;MARRO GRANDE;MARRO GRANDE;0;14990;;14990;14990;;Ventas;;Mercaderías;;Costo de la mercadería;
Producto;Si;No;Si;MOCHILA LOLA CORAL;AS-MG010110106;Unidad;MARRO GRANDE;MARRO GRANDE;0;14990;;14990;14990;;Ventas;;Mercaderías;;Costo de la mercadería;
Producto;Si;No;Si;MOCHILA LOLA CRUDO;AS-MG010110108;Unidad;MARRO GRANDE;MARRO GRANDE;0;14990;;14990;14990;;Ventas;;Mercaderías;;Costo de la mercadería;
Producto;Si;No;Si;MOCHILA LOLA GRIS;AS-MG010110112;Unidad;MARRO GRANDE;MARRO GRANDE;0;14990;;14990;14990;;Ventas;;Mercaderías;;Costo de la mercadería;
Producto;Si;No;Si;MOCHILA LOLA NEGRO;AS-MG010110101;Unidad;MARRO GRANDE;MARRO GRANDE;0;15990;;15990;15990;;Ventas;;Mercaderías;;Costo de la mercadería;
Producto;Si;No;Si;MOCHILA MARINERA CANVA REPTIL;AS-MG020300230;Unidad;MARRO GRANDE;MARRO GRANDE;5990;6990;;6990;6990;;Ventas;;Mercaderías;;Costo de la mercadería;
Producto;Si;No;Si;MOCHILA MARINERA CANVA DENIM INDIGO;AS-MG020300227;Unidad;MARRO GRANDE;MARRO GRANDE;5990;6990;;6990;6990;;Ventas;;Mercaderías;;Costo de la mercadería;
Producto;Si;No;Si;MONEDERO EVA CANVA MULTICOLOR;AS-MC020140124;Unidad;MARRO CHICA;MARRO CHICA;0;1990;;1990;1990;;Ventas;;Mercaderías;;Costo de la mercadería;
Producto;Si;No;Si;MONEDERO RITA AZUL;AS-MC020290109;Unidad;MARRO CHICA;MARRO CHICA;0;0;;0;0;;Ventas;;Mercaderías;;Costo de la mercadería;
Producto;Si;No;Si;MONEDERO RITA BORDO;AS-MC020290115;Unidad;MARRO CHICA;MARRO CHICA;990;990;;990;990;;Ventas;;Mercaderías;;Costo de la mercadería;
Producto;Si;No;Si;PHONEBAG 01 AZUL;AS-MG010150109;Unidad;MARRO GRANDE;MARRO GRANDE;0;8990;;8990;8990;;Ventas;;Mercaderías;;Costo de la mercadería;
Producto;Si;No;Si;PHONEBAG 01 BLANCO;AS-MG010150116;Unidad;MARRO GRANDE;MARRO GRANDE;0;8990;;8990;8990;;Ventas;;Mercaderías;;Costo de la mercadería;
Producto;Si;No;Si;PHONEBAG 01 CELESTE;AS-MG010150103;Unidad;MARRO GRANDE;MARRO GRANDE;0;8990;;8990;8990;;Ventas;;Mercaderías;;Costo de la mercadería;
Producto;Si;No;Si;PHONEBAG 01 CRUDO;AS-MG010150108;Unidad;MARRO GRANDE;MARRO GRANDE;0;8990;;8990;8990;;Ventas;;Mercaderías;;Costo de la mercadería;
Producto;Si;No;Si;PHONEBAG 01 FUCSIA;AS-MG010150114;Unidad;MARRO GRANDE;MARRO GRANDE;0;8990;;8990;8990;;Ventas;;Mercaderías;;Costo de la mercadería;
Producto;Si;No;Si;PHONEBAG 01 ROSA;AS-MG010150119;Unidad;MARRO GRANDE;MARRO GRANDE;0;8990;;8990;8990;;Ventas;;Mercaderías;;Costo de la mercadería;
Producto;Si;No;Si;PHONEBAG 01 VERDE;AS-MG010150110;Unidad;MARRO GRANDE;MARRO GRANDE;0;8990;;8990;8990;;Ventas;;Mercaderías;;Costo de la mercadería;
Producto;Si;No;Si;PHONEBAG 01 VERDE CROCO;AS-MG010150113;Unidad;MARRO GRANDE;MARRO GRANDE;0;8990;;8990;8990;;Ventas;;Mercaderías;;Costo de la mercadería;
Producto;Si;No;Si;PORTACOSMETICOS LAURA NEGRO;AS-MG010170101;Unidad;MARRO CHICA;MARRO CHICA;0;3990;;3990;3990;;Ventas;;Mercaderías;;Costo de la mercadería;
Producto;Si;No;Si;PORTACOSMETICOS LAURA BLANCO;AS-MG010170116;Unidad;MARRO CHICA;MARRO CHICA;0;3990;;3990;3990;;Ventas;;Mercaderías;;Costo de la mercadería;
Producto;Si;No;Si;PORTACOSMETICOS LAURA CRUDO;AS-MG010170108;Unidad;MARRO CHICA;MARRO CHICA;0;3990;;3990;3990;;Ventas;;Mercaderías;;Costo de la mercadería;
Producto;Si;No;Si;PORTACOSMETICOS LAURA VISON;AS-MG010170105;Unidad;MARRO CHICA;MARRO CHICA;0;3990;;3990;3990;;Ventas;;Mercaderías;;Costo de la mercadería;
Producto;Si;No;Si;PORTACOSMETICOS LAURA AZUL;AS-MG010170109;Unidad;MARRO CHICA;MARRO CHICA;0;3990;;3990;3990;;Ventas;;Mercaderías;;Costo de la mercadería;
Producto;Si;No;Si;PORTACOSMETICOS LAURA NEGRO TRAMA;AS-MG010170117;Unidad;MARRO CHICA;MARRO CHICA;0;3990;;3990;3990;;Ventas;;Mercaderías;;Costo de la mercadería;
Producto;Si;No;Si;PORTACOSMETICOS LAURA VERDE;AS-MG010170110;Unidad;MARRO CHICA;MARRO CHICA;0;3990;;3990;3990;;Ventas;;Mercaderías;;Costo de la mercadería;
Producto;Si;No;Si;PORTACOSMETICOS LAURA CELESTE;AS-MG010170103;Unidad;MARRO CHICA;MARRO CHICA;0;3990;;3990;3990;;Ventas;;Mercaderías;;Costo de la mercadería;
Producto;Si;No;Si;PORTACOSMETICOS UMA AZUL;AS-MC020180109;Unidad;MARRO CHICA;MARRO CHICA;0;3990;;3990;3990;;Ventas;;Mercaderías;;Costo de la mercadería;
Producto;Si;No;Si;PORTACOSMETICOS UMA BEIGE;AS-MC020180111;Unidad;MARRO CHICA;MARRO CHICA;0;3990;;3990;3990;;Ventas;;Mercaderías;;Costo de la mercadería;
Producto;Si;No;Si;PORTACOSMETICOS UMA BORDO;AS-MC020180115;Unidad;MARRO CHICA;MARRO CHICA;0;3990;;3990;3990;;Ventas;;Mercaderías;;Costo de la mercadería;
Producto;Si;No;Si;PORTACOSMETICOS UMA DURAZNO;AS-MC020180104;Unidad;MARRO CHICA;MARRO CHICA;0;3990;;3990;3990;;Ventas;;Mercaderías;;Costo de la mercadería;
Producto;Si;No;Si;PORTACOSMETICOS UMA CORAL;AS-MC020180106;Unidad;MARRO CHICA;MARRO CHICA;0;3990;;3990;3990;;Ventas;;Mercaderías;;Costo de la mercadería;
Producto;Si;No;Si;PORTACOSMETICOS UMA CRUDO;AS-MC020180108;Unidad;MARRO CHICA;MARRO CHICA;0;3990;;3990;3990;;Ventas;;Mercaderías;;Costo de la mercadería;
Producto;Si;No;Si;PORTACOSMETICOS UMA GRIS;AS-MC020180112;Unidad;MARRO CHICA;MARRO CHICA;0;3990;;3990;3990;;Ventas;;Mercaderías;;Costo de la mercadería;
Producto;Si;No;Si;PORTACOSMETICOS UMA NEGRO;AS-MC020180101;Unidad;MARRO CHICA;MARRO CHICA;0;3990;;3990;3990;;Ventas;;Mercaderías;;Costo de la mercadería;
Producto;Si;No;Si;PORTACOSMETICOS UMA NEGRO TRAMA;AS-MC020180117;Unidad;MARRO CHICA;MARRO CHICA;0;3990;;3990;3990;;Ventas;;Mercaderías;;Costo de la mercadería;
Producto;Si;No;Si;PORTACOSMETICOS UMA ROJO;AS-MC020180107;Unidad;MARRO CHICA;MARRO CHICA;0;3990;;3990;3990;;Ventas;;Mercaderías;;Costo de la mercadería;
Producto;Si;No;Si;PORTACOSMETICOS UMA ROSA;AS-MC020180119;Unidad;MARRO CHICA;MARRO CHICA;0;3990;;3990;3990;;Ventas;;Mercaderías;;Costo de la mercadería;
Producto;Si;No;Si;PORTALENTES LUZ ANIMAL PRINT;AS-MC020190118;Unidad;MARRO CHICA;MARRO CHICA;0;1490;;1490;1490;;Ventas;;Mercaderías;;Costo de la mercadería;
Producto;Si;No;Si;PORTALENTES LUZ VERDE;AS-MC020190110;Unidad;MARRO CHICA;MARRO CHICA;0;1490;;1490;1490;;Ventas;;Mercaderías;;Costo de la mercadería;
Producto;Si;No;Si;RIÑONERA BRUNA BORDO;AS-MG010300115;Unidad;MARRO GRANDE;MARRO GRANDE;5990;7990;;7990;7990;;Ventas;;Mercaderías;;Costo de la mercadería;
Producto;Si;No;Si;RIÑONERA CARLA AZUL;AS-MG020200109;Unidad;MARRO GRANDE;MARRO GRANDE;1990;2990;;2990;2990;;Ventas;;Mercaderías;;Costo de la mercadería;
Producto;Si;No;Si;RIÑONERA CARLA BLANCO;AS-MG020200116;Unidad;MARRO GRANDE;MARRO GRANDE;0;7990;;7990;7990;;Ventas;;Mercaderías;;Costo de la mercadería;
Producto;Si;No;Si;RIÑONERA CARLA BORDO;AS-MG020200115;Unidad;MARRO GRANDE;MARRO GRANDE;0;7990;;7990;7990;;Ventas;;Mercaderías;;Costo de la mercadería;
Producto;Si;No;Si;RIÑONERA CARLA CRUDO;AS-MG020200108;Unidad;MARRO GRANDE;MARRO GRANDE;0;7990;;7990;7990;;Ventas;;Mercaderías;;Costo de la mercadería;
Producto;Si;No;Si;RIÑONERA CARLA NEGRO;AS-MG020200101;Unidad;MARRO GRANDE;MARRO GRANDE;0;8990;;8990;8990;;Ventas;;Mercaderías;;Costo de la mercadería;
Producto;Si;No;Si;RIÑONERA CARLA NEGRO TRAMA;AS-MG020200117;Unidad;MARRO GRANDE;MARRO GRANDE;4990;8990;;8990;8990;;Ventas;;Mercaderías;;Costo de la mercadería;
Producto;Si;No;Si;RIÑONERA CARLA ROJO;AS-MG020200107;Unidad;MARRO GRANDE;MARRO GRANDE;0;7990;;7990;7990;;Ventas;;Mercaderías;;Costo de la mercadería;
Producto;Si;No;Si;RIÑONERA CARLA ROSA;AS-MG020200119;Unidad;MARRO GRANDE;MARRO GRANDE;0;7990;;7990;7990;;Ventas;;Mercaderías;;Costo de la mercadería;
Producto;Si;No;Si;RIÑONERA FLAT AZUL;AS-MG010210109;Unidad;MARRO GRANDE;MARRO GRANDE;1990;1990;;1990;1990;;Ventas;;Mercaderías;;Costo de la mercadería;
Producto;Si;No;Si;RIÑONERA FLAT BLANCO;AS-MG010210116;Unidad;MARRO GRANDE;MARRO GRANDE;0;7990;;7990;7990;;Ventas;;Mercaderías;;Costo de la mercadería;
Producto;Si;No;Si;RIÑONERA FLAT CRUDO;AS-MG010210108;Unidad;MARRO GRANDE;MARRO GRANDE;0;7990;;7990;7990;;Ventas;;Mercaderías;;Costo de la mercadería;
Producto;Si;No;Si;RIÑONERA FLAT NEGRO TRAMA;AS-MG010210117;Unidad;MARRO GRANDE;MARRO GRANDE;0;8990;;8990;8990;;Ventas;;Mercaderías;;Costo de la mercadería;
Producto;Si;No;Si;RIÑONERA FLAT ROJO;AS-MG010210107;Unidad;MARRO GRANDE;MARRO GRANDE;1990;1990;;1990;1990;;Ventas;;Mercaderías;;Costo de la mercadería;
Producto;Si;No;Si;RIÑONERA FLAT ROSA;AS-MG010210119;Unidad;MARRO GRANDE;MARRO GRANDE;1990;1990;;1990;1990;;Ventas;;Mercaderías;;Costo de la mercadería;
Producto;Si;No;Si;SHOPPER CORA CORAL;AS-MG010220106;Unidad;MARRO GRANDE;MARRO GRANDE;0;10990;;10990;10990;;Ventas;;Mercaderías;;Costo de la mercadería;
Producto;Si;No;Si;SHOPPER FLORES CANVA MULTICOLOR;AS-MG010230124;Unidad;MARRO GRANDE;MARRO GRANDE;0;7990;;7990;7990;;Ventas;;Mercaderías;;Costo de la mercadería;
Producto;Si;No;Si;SHOPPER MARU AZUL;AS-MG010240109;Unidad;MARRO GRANDE;MARRO GRANDE;0;9990;;9990;9990;;Ventas;;Mercaderías;;Costo de la mercadería;
Producto;Si;No;Si;SHOPPER MARU BLANCO;AS-MG010240116;Unidad;MARRO GRANDE;MARRO GRANDE;0;9990;;9990;9990;;Ventas;;Mercaderías;;Costo de la mercadería;
Producto;Si;No;Si;SHOPPER MARU BORDO;AS-MG010240115;Unidad;MARRO GRANDE;MARRO GRANDE;0;9990;;9990;9990;;Ventas;;Mercaderías;;Costo de la mercadería;
Producto;Si;No;Si;SHOPPER MARU CORAL;AS-MG010240106;Unidad;MARRO GRANDE;MARRO GRANDE;0;9990;;9990;9990;;Ventas;;Mercaderías;;Costo de la mercadería;
Producto;Si;No;Si;SHOPPER MARU CRUDO;AS-MG010240108;Unidad;MARRO GRANDE;MARRO GRANDE;0;9990;;9990;9990;;Ventas;;Mercaderías;;Costo de la mercadería;
Producto;Si;No;Si;SHOPPER MARU CELESTE;AS-MG010240103;Unidad;MARRO GRANDE;MARRO GRANDE;0;9990;;9990;9990;;Ventas;;Mercaderías;;Costo de la mercadería;
Producto;Si;No;Si;SHOPPER MARU NEGRO;AS-MG010240101;Unidad;MARRO GRANDE;MARRO GRANDE;0;10990;;10990;10990;;Ventas;;Mercaderías;;Costo de la mercadería;
Producto;Si;No;Si;SHOPPER MARU ROJO;AS-MG010240107;Unidad;MARRO GRANDE;MARRO GRANDE;0;9990;;9990;9990;;Ventas;;Mercaderías;;Costo de la mercadería;
?Producto;Si;No;Si;SHOPPER MARU VERDE;AS-MG010240110;Unidad;MARRO GRANDE;MARRO GRANDE;0;9990;;9990;9990;;Ventas;;Mercaderías;;Costo de la mercadería;
Producto;Si;No;Si;SOBRE ANALIA CHICO AZUL;AS-MC010250109;Unidad;MARRO CHICA;MARRO CHICA;0;3990;;3990;3990;;Ventas;;Mercaderías;;Costo de la mercadería;
Producto;Si;No;Si;SOBRE ANALIA CHICO BLANCO;AS-MC010250116;Unidad;MARRO CHICA;MARRO CHICA;0;3990;;3990;3990;;Ventas;;Mercaderías;;Costo de la mercadería;
Producto;Si;No;Si;SOBRE ANALIA CHICO BORDO;AS-MC010250115;Unidad;MARRO CHICA;MARRO CHICA;0;3990;;3990;3990;;Ventas;;Mercaderías;;Costo de la mercadería;
Producto;Si;No;Si;SOBRE ANALIA CHICO CORAL;AS-MC010250106;Unidad;MARRO CHICA;MARRO CHICA;0;3990;;3990;3990;;Ventas;;Mercaderías;;Costo de la mercadería;
Producto;Si;No;Si;SOBRE ANALIA CHICO GRIS;AS-MC010250112;Unidad;MARRO CHICA;MARRO CHICA;0;3990;;3990;3990;;Ventas;;Mercaderías;;Costo de la mercadería;
Producto;Si;No;Si;SOBRE ANALIA CHICO NEGRO;AS-MC010250101;Unidad;MARRO CHICA;MARRO CHICA;0;3990;;3990;3990;;Ventas;;Mercaderías;;Costo de la mercadería;
Producto;Si;No;Si;SOBRE ANALIA CHICO VERDE CROCO;AS-MC010250113;Unidad;MARRO CHICA;MARRO CHICA;0;3990;;3990;3990;;Ventas;;Mercaderías;;Costo de la mercadería;
Producto;Si;No;Si;SOBRE ANALIA GRANDE AZUL;AS-MC010260109;Unidad;MARRO CHICA;MARRO CHICA;0;4990;;4990;4990;;Ventas;;Mercaderías;;Costo de la mercadería;
Producto;Si;No;Si;SOBRE ANALIA GRANDE BEIGE;AS-MC010260111;Unidad;MARRO CHICA;MARRO CHICA;0;4990;;4990;4990;;Ventas;;Mercaderías;;Costo de la mercadería;
Producto;Si;No;Si;SOBRE ANALIA GRANDE BLANCO;AS-MC010260116;Unidad;MARRO CHICA;MARRO CHICA;0;4990;;4990;4990;;Ventas;;Mercaderías;;Costo de la mercadería;
Producto;Si;No;Si;SOBRE ANALIA GRANDE BORDO;AS-MC010260115;Unidad;MARRO CHICA;MARRO CHICA;0;4990;;4990;4990;;Ventas;;Mercaderías;;Costo de la mercadería;
Producto;Si;No;Si;SOBRE ANALIA GRANDE CORAL;AS-MC010260106;Unidad;MARRO CHICA;MARRO CHICA;0;4990;;4990;4990;;Ventas;;Mercaderías;;Costo de la mercadería;
Producto;Si;No;Si;SOBRE ANALIA GRANDE GRIS;AS-MC010260112;Unidad;MARRO CHICA;MARRO CHICA;0;4990;;4990;4990;;Ventas;;Mercaderías;;Costo de la mercadería;
Producto;Si;No;Si;SOBRE ANALIA GRANDE NEGRO;AS-MC010260101;Unidad;MARRO CHICA;MARRO CHICA;0;4990;;4990;4990;;Ventas;;Mercaderías;;Costo de la mercadería;
Producto;Si;No;Si;SOBRE ANALIA GRANDE ROJO;AS-MC010260107;Unidad;MARRO CHICA;MARRO CHICA;0;4990;;4990;4990;;Ventas;;Mercaderías;;Costo de la mercadería;
Producto;Si;No;Si;SOBRE ANALIA GRANDE TURQUEZA;AS-MC010260128;Unidad;MARRO CHICA;MARRO CHICA;0;4990;;4990;4990;;Ventas;;Mercaderías;;Costo de la mercadería;
Producto;Si;No;Si;SOBRE ANALIA GRANDE VISON;AS-MC010260105;Unidad;MARRO CHICA;MARRO CHICA;0;4990;;4990;4990;;Ventas;;Mercaderías;;Costo de la mercadería;
Producto;Si;No;Si;SOBRE PRAGA AZUL TACHAS;AS-MC010270120;Unidad;MARRO CHICA;MARRO CHICA;0;3990;;3990;3990;;Ventas;;Mercaderías;;Costo de la mercadería;
Producto;Si;No;Si;SOBRE PRAGA NEGRO;AS-MC010270101;Unidad;MARRO CHICA;MARRO CHICA;0;3990;;3990;3990;;Ventas;;Mercaderías;;Costo de la mercadería;
Producto;Si;No;Si;PHONEBAG SOFIA NUDOS CRUDO;AS-MG010160108;Unidad;MARRO GRANDE;MARRO GRANDE;0;5990;;5990;5990;;Ventas;;Mercaderías;;Costo de la mercadería;
Producto;Si;No;Si;PHONEBAG SOFIA NUDOS NEGRO;AS-MG010160101;Unidad;MARRO GRANDE;MARRO GRANDE;0;6990;;6990;6990;;Ventas;;Mercaderías;;Costo de la mercadería;
Producto;Si;No;Si;PHONEBAG SOFIA NUDOS BLANCO;AS-MG010160116;Unidad;MARRO GRANDE;MARRO GRANDE;0;5990;;5990;5990;;Ventas;;Mercaderías;;Costo de la mercadería;
Producto;Si;No;Si;PHONEBAG SOFIA NUDOS ROSA;AS-MG010160119;Unidad;MARRO GRANDE;MARRO GRANDE;0;5990;;5990;5990;;Ventas;;Mercaderías;;Costo de la mercadería;
Producto;Si;No;Si;TOTE TATI RAYAS BORDO/NEUTRO;AS-MG010280125;Unidad;MARRO GRANDE;MARRO GRANDE;0;12990;;12990;12990;;Ventas;;Mercaderías;;Costo de la mercadería;
Producto;Si;No;Si;TOTE TATI RAYAS GRIS OSCURO/NEUTRO;AS-MG010280122;Unidad;MARRO GRANDE;MARRO GRANDE;0;12990;;12990;12990;;Ventas;;Mercaderías;;Costo de la mercadería;
Producto;Si;No;Si;TOTE TATI RAYAS GRIS CLARO/NEUTRO;AS-MG010280123;Unidad;MARRO GRANDE;MARRO GRANDE;0;12990;;12990;12990;;Ventas;;Mercaderías;;Costo de la mercadería;
Producto;Si;No;Si;CARTUCHERA CILINDRO SALMON;AS-MC020030131;Unidad;MARRO CHICA;MARRO CHICA;0;3990;;3990;3990;;Ventas;;Mercaderías;;Costo de la mercadería;
Producto;Si;No;Si;CARTUCHERA JANA SALMON;AS-MC020040131;Unidad;MARRO CHICA;MARRO CHICA;0;3990;;3990;3990;;Ventas;;Mercaderías;;Costo de la mercadería;
Producto;Si;No;Si;CARTUCHERA LUNA SALMON;AS-MC020050131;Unidad;MARRO CHICA;MARRO CHICA;0;3990;;3990;3990;;Ventas;;Mercaderías;;Costo de la mercadería;
Producto;Si;No;Si;CARTUCHERA MONI SALMON;AS-MC020060131;Unidad;MARRO CHICA;MARRO CHICA;0;3990;;3990;3990;;Ventas;;Mercaderías;;Costo de la mercadería;
Producto;Si;No;Si;CARTUCHERA PU CRUDO;AS-MC020070108;Unidad;MARRO CHICA;MARRO CHICA;0;3990;;3990;3990;;Ventas;;Mercaderías;;Costo de la mercadería;
Producto;Si;No;Si;CARTUCHERA PU SALMON;AS-MC020070131;Unidad;MARRO CHICA;MARRO CHICA;0;3990;;3990;3990;;Ventas;;Mercaderías;;Costo de la mercadería;
Producto;Si;No;Si;MOCHILA EMMA BORDO;AS-MG010080115;Unidad;MARRO CHICA;MARRO CHICA;0;11990;;11990;11990;;Ventas;;Mercaderías;;Costo de la mercadería;
Producto;Si;No;Si;PORTACOSMETICOS UMA BLANCO;AS-MC020180116;Unidad;MARRO CHICA;MARRO CHICA;0;3990;;3990;3990;;Ventas;;Mercaderías;;Costo de la mercadería;
Producto;Si;No;Si;SHOPPER CORA SALMON;AS-MG010220131;Unidad;MARRO CHICA;MARRO GRANDE;0;10990;;10990;10990;;Ventas;;Mercaderías;;Costo de la mercadería;
Producto;Si;No;Si;SHOPPER MARU SALMON;AS-MG010240131;Unidad;MARRO CHICA;MARRO GRANDE;0;9990;;9990;9990;;Ventas;;Mercaderías;;Costo de la mercadería;
Producto;Si;No;Si;SOBRE ANALIA CHICO SALMON;AS-MC010250131;Unidad;MARRO CHICA;MARRO CHICA;0;3990;;3990;3990;;Ventas;;Mercaderías;;Costo de la mercadería;
Producto;Si;No;Si;SOBRE ANALIA CHICO VISON;AS-MC010250105;Unidad;MARRO CHICA;MARRO CHICA;0;3990;;3990;3990;;Ventas;;Mercaderías;;Costo de la mercadería;
Producto;Si;No;Si;SOBRE ANALIA GRANDE SALMON;AS-MC010260131;Unidad;MARRO CHICA;MARRO CHICA;0;4990;;4990;4990;;Ventas;;Mercaderías;;Costo de la mercadería;
Producto;Si;No;Si;MOCHILA SANDRA SET AZUL;AS-MG010120109;Unidad;MARRO GRANDE;MARRO GRANDE;0;11990;;11990;11990;;Ventas;;Mercaderías;;Costo de la mercadería;
Producto;Si;No;Si;PORTACOSMETICOS UMA SALMON;AS-MC020180131;Unidad;MARRO CHICA;;2990;3990;;3990;3990;;Ventas;;Mercaderías;;Costo de la mercadería;
Producto;Si;No;Si;BILLETERA AS CUERO AZUL;AS-MC020310109;Unidad;MARRO CHICA;MARRO CHICA;24990;24990;;24990;24990;;Ventas;;Mercaderías;;Costo de la mercadería;
Producto;Si;No;Si;BILLETERA AS CUERO ROJO;AS-MC020310107;Unidad;MARRO CHICA;MARRO CHICA;24990;24990;;24990;24990;;Ventas;;Mercaderías;;Costo de la mercadería;
Producto;Si;No;Si;CARTERA VERA NOBUCK CAFE;MG011414458;Unidad;MARRO GRANDE;CARTERA;165990;179990;;179990;179990;;Ventas;;Mercaderías;;Costo de la mercadería;
Producto;Si;No;Si;CARTERA VERA NOBUCK OXIDO;MG011414456;Unidad;MARRO GRANDE;CARTERA;165990;179990;;179990;179990;;Ventas;;Mercaderías;;Costo de la mercadería;
Producto;Si;No;Si;PORTACOSMETICO LAURA ROSA;AS-MG010170119;Unidad;MARRO CHICA;MARRO CHICA;1990;3990;;3990;3990;;Ventas;;Mercaderías;;Costo de la mercadería;
Producto;Si;No;Si;PORTACOSMETICO LAURA BORDO;AS-MG010170115;Unidad;MARRO CHICA;MARRO CHICA;1990;3990;;3990;3990;;Ventas;;Mercaderías;;Costo de la mercadería;
Producto;Si;No;Si;PORTACOSMETICO LAURA BEIGE;AS-MG010170111;Unidad;MARRO CHICA;MARRO CHICA;1990;3990;;3990;3990;;Ventas;;Mercaderías;;Costo de la mercadería;
Producto;Si;No;Si;MOCHILA MARINERA LONA ROMBO;AS-MG020300229;Unidad;MARRO GRANDE;MARRO GRANDE;5990;6990;;6990;6990;;Ventas;;Mercaderías;;Costo de la mercadería;
Producto;Si;No;Si;SHOPPER MARU ROSA;AS-MG010240119;Unidad;MARRO GRANDE;MARRO GRANDE;6990;9990;;9990;9990;;Ventas;;Mercaderías;;Costo de la mercadería;
Producto;Si;No;Si;PILUSO HILDA PELO HEREFORD;OT021363139;Unidad;ACCESORIOS;GORRO;74990;74990;;74990;74990;;Ventas;;Mercaderías;;Costo de la mercadería;
Producto;Si;No;Si;PILUSO HILDA PELO HOLANDO;OT021363140;Unidad;ACCESORIOS;;74990;74990;;74990;74990;;Ventas;;Mercaderías;;Costo de la mercadería;
Producto;Si;No;Si;MOCHILA PACARI PELO HOLANDO;MG010043140;Unidad;MARRO GRANDE;MOCHILA;232990;239990;;239990;239990;;Ventas;;Mercaderías;;Costo de la mercadería;
Producto;Si;No;Si;MOCHILA PACARI PELO HEREFORD;MG010043139;Unidad;MARRO GRANDE;MOCHILA;232990;239990;;239990;239990;;Ventas;;Mercaderías;;Costo de la mercadería;
Producto;Si;No;Si;MOCHILA ALAI (LINEA FRUNCES) NAPADO NEGRO;MG011430101;Unidad;MARRO GRANDE;MOCHILA;199990;199990;;199990;199990;;Ventas;;Mercaderías;;Costo de la mercadería;
Producto;Si;No;Si;MOCHILA ALAI (LINEA FRUNCES) NAPADO SUELA;MG011430102;Unidad;MARRO GRANDE;MOCHILA;199990;199990;;199990;199990;;Ventas;;Mercaderías;;Costo de la mercadería;
Producto;Si;No;Si;MOCHILA ALAI (LINEA FRUNCES) NAPADO MALBEC;MG011430115;Unidad;MARRO GRANDE;MOCHILA;199990;199990;;199990;199990;;Ventas;;Mercaderías;;Costo de la mercadería;
Producto;Si;No;Si;BANDOLERA JADE (LINEA FRUNCES) NAPADO NEGRO;MG011440101;Unidad;MARRO GRANDE;BANDOLERA;69990;69990;;69990;69990;;Ventas;;Mercaderías;;Costo de la mercadería;
Producto;Si;No;Si;BANDOLERA JADE (LINEA FRUNCES) NAPADO MALBEC;MG011440115;Unidad;MARRO GRANDE;BANDOLERA;69990;69990;;69990;69990;;Ventas;;Mercaderías;;Costo de la mercadería;
Producto;Si;No;Si;BANDOLERA JADE (LINEA FRUNCES) NAPADO SUELA;MG011440102;Unidad;MARRO GRANDE;BANDOLERA;69900;69990;;69990;69990;;Ventas;;Mercaderías;;Costo de la mercadería;
Producto;Si;No;Si;CARTERA MANA FLECOS (LINEA PESPUNTES) NAPOLE CAOBA;MG011454571;Unidad;MARRO GRANDE;CARTERA;225990;255990;;255990;255990;;Ventas;;Mercaderías;;Costo de la mercadería;
Producto;Si;No;Si;CARTERA MANA FLECOS (LINEA PESPUNTES) NAPOLE TABACO;MG011454504;Unidad;MARRO GRANDE;CARTERA;225990;255990;;255990;255990;;Ventas;;Mercaderías;;Costo de la mercadería;
Producto;Si;No;Si;MATERA RENATA (LINEA PESPUNTES) GAMUZA OXIDO;MG011460556;Unidad;DECO;MATERA;174990;174990;;174990;174990;;Ventas;;Mercaderías;;Costo de la mercadería;
Producto;Si;No;Si;MATERA AVA (LINEA PESPUNTES) GAMUZA OXIDO;MG011470556;Unidad;DECO;MATERA;149990;149990;;149990;149990;;Ventas;;Mercaderías;;Costo de la mercadería;
Producto;Si;No;Si;TOTE MALVA (LINEA PESPUNTES) GAMUZA OXIDO;MG011480556;Unidad;MARRO GRANDE;TOTE;154990;154990;;154990;154990;;Ventas;;Mercaderías;;Costo de la mercadería;
Producto;Si;No;Si;LLAVERO ABC (LETRA C) BR/GZA CHOCOLATE/OLIVE;OT020830352-16;Unidad;ACCESORIOS;LLAVERO;29990;29990;;29990;29990;;Ventas;;Mercaderías;;Costo de la mercadería;
Producto;Si;No;Si;LLAVERO ABC (LETRA A) BR/GZA CHOCOLATE/OLIVE;OT020740352-16;Unidad;ACCESORIOS;LLAVERO;29990;29990;;29990;29990;;Ventas;;Mercaderías;;Costo de la mercadería;
Producto;Si;No;Si;LLAVERO ABC (LETRA J) BR/GZA CHOCOLATE/OLIVE;OT020850352-16;Unidad;ACCESORIOS;LLAVERO;29990;29990;;29990;29990;;Ventas;;Mercaderías;;Costo de la mercadería;
Producto;Si;No;Si;"BOLSO PATRICIA JAQUARD	RAYAS";AS-MG010320332;Unidad;MARRO GRANDE;MARRO GRANDE;59990;49990;;49990;49990;;Ventas;;Mercaderías;;Costo de la mercadería;AS-MG010320332
Producto;Si;No;Si;SOBRE PRAGA BORDO;AS-MC010270115;Unidad;MARRO GRANDE;MARRO CHICA;2990;3990;;3990;3990;;Ventas;;Mercaderías;;Costo de la mercadería;
Producto;Si;No;Si;TOTE IRUYA FIORENTINO NEGRO;MG010661601;Unidad;MARRO GRANDE;TOTE;99990;99990;;99990;99990;;Ventas;;Mercaderías;;Costo de la mercadería;
Producto;Si;No;Si;TOTE TILCARA NAPADO MALBEC;MG011400115;Unidad;MARRO GRANDE;TOTE;99990;99990;;99990;99990;;Ventas;;Mercaderías;;Costo de la mercadería;
Producto;Si;No;Si;PORTALENTES MUSAI (LINEA PESPUNTES) NAPOLE TABACO;MC020924504;Unidad;MARRO CHICA;PORTALENTES;34990;34990;;34990;34990;;Ventas;;Mercaderías;;Costo de la mercadería;
Producto;Si;No;Si;PORTALENTES MUSAI (LINEA PESPUNTES) NAPOLE CAOBA;MC020924571;Unidad;MARRO CHICA;PORTALENTES;34990;34990;;34990;34990;;Ventas;;Mercaderías;;Costo de la mercadería;
Producto;Si;No;Si;PORTALENTES NOLE (LINEA FRUNCES) BRIDGE MALBEC;MC020910315;Unidad;MARRO CHICA;PORTALENTES;34990;34990;;34990;34990;;Ventas;;Mercaderías;;Costo de la mercadería;
Producto;Si;No;Si;PORTALENTES NOLE (LINEA FRUNCES) NAPADO ROJO;MC020910107;Unidad;MARRO CHICA;PORTALENTES;34990;34990;;34990;34990;;Ventas;;Mercaderías;;Costo de la mercadería;
Producto;Si;No;Si;PORTALENTES NOLE (LINEA FRUNCES) NAPADO CARAMELO;MC020910103;Unidad;MARRO CHICA;PORTALENTES;34990;34990;;34990;34990;;Ventas;;Mercaderías;;Costo de la mercadería;
Producto;Si;No;Si;PORTALENTES NOLE (LINEA FRUNCES) NAPADO NEGRO;MC020910101;Unidad;MARRO CHICA;PORTALENTES;34990;34990;;34990;34990;;Ventas;;Mercaderías;;Costo de la mercadería;
Producto;Si;No;Si;PORTAPASAPORTE CHESTER NAPADO MALBEC;MC020140115;Unidad;MARRO CHICA;PORTAPASAPORTE;16990;16990;;16990;16990;;Ventas;;Mercaderías;;Costo de la mercadería;
Producto;Si;No;Si;TARJETERO RUBI NAPADO MALBEC;MC020270115;Unidad;MARRO CHICA;TARJETERO;14990;14990;;14990;14990;;Ventas;;Mercaderías;;Costo de la mercadería;
Producto;Si;No;Si;CADENA LETRA A - PLATEADA;AS-CA000005;Unidad;BIJOU;CADENA;4990;4990;;4990;4990;;Ventas;;Mercaderías;;Costo de la mercadería;
Producto;Si;No;Si;CADENA LETRA B - PLATEADA;AS-CA000006;Unidad;BIJOU;CADENA;4990;4990;;4990;4990;;Ventas;;Mercaderías;;Costo de la mercadería;
Producto;Si;No;Si;CADENA LETRA C - PLATEADA;AS-CA000007;Unidad;BIJOU;CADENA;4990;4990;;4990;4990;;Ventas;;Mercaderías;;Costo de la mercadería;
Producto;Si;No;Si;CADENA LETRA D - PLATEADA;AS-CA000008;Unidad;BIJOU;CADENA;4990;4990;;4990;4990;;Ventas;;Mercaderías;;Costo de la mercadería;
Producto;Si;No;Si;CADENA LETRA E - PLATEADA;AS-CA000009;Unidad;BIJOU;CADENA;4990;4990;;4990;4990;;Ventas;;Mercaderías;;Costo de la mercadería;
Producto;Si;No;Si;CADENA LETRA F - PLATEADA;AS-CA000010;Unidad;BIJOU;CADENA;4990;4990;;4990;4990;;Ventas;;Mercaderías;;Costo de la mercadería;
Producto;Si;No;Si;CADENA LETRA G - PLATEADA;AS-CA000011;Unidad;BIJOU;CADENA;4990;4990;;4990;4990;;Ventas;;Mercaderías;;Costo de la mercadería;
Producto;Si;No;Si;CADENA LETRA J - PLATEADA;AS-CA000012;Unidad;BIJOU;CADENA;4990;4990;;4990;4990;;Ventas;;Mercaderías;;Costo de la mercadería;
Producto;Si;No;Si;CADENA LETRA L - PLATEADA;AS-CA000013;Unidad;BIJOU;CADENA;4990;4990;;4990;4990;;Ventas;;Mercaderías;;Costo de la mercadería;
Producto;Si;No;Si;CADENA LETRA M - PLATEADA;AS-CA000014;Unidad;BIJOU;CADENA;4990;4990;;4990;4990;;Ventas;;Mercaderías;;Costo de la mercadería;
Producto;Si;No;Si;CADENA LETRA N - PLATEADA;AS-CA000015;Unidad;BIJOU;CADENA;4990;4990;;4990;4990;;Ventas;;Mercaderías;;Costo de la mercadería;
Producto;Si;No;Si;CADENA LETRA R - PLATEADA;AS-CA000016;Unidad;BIJOU;CADENA;4990;4990;;4990;4990;;Ventas;;Mercaderías;;Costo de la mercadería;
Producto;Si;No;Si;CADENA LETRA S - PLATEADA;AS-CA000017;Unidad;BIJOU;CADENA;4990;4990;;4990;4990;;Ventas;;Mercaderías;;Costo de la mercadería;
Producto;Si;No;Si;CADENA LETRA T - PLATEADA;AS-CA000018;Unidad;BIJOU;CADENA;4990;4990;;4990;4990;;Ventas;;Mercaderías;;Costo de la mercadería;
Producto;Si;No;Si;CADENA LETRA V - PLATEADA;AS-CA000019;Unidad;BIJOU;CADENA;4990;4990;;4990;4990;;Ventas;;Mercaderías;;Costo de la mercadería;
Producto;Si;No;Si;CADENA LETRA Y - PLATEADA;AS-CA000020;Unidad;BIJOU;CADENA;4990;4990;;4990;4990;;Ventas;;Mercaderías;;Costo de la mercadería;
Producto;Si;No;Si;CADENA LETRA A - DORADA;AS-CA000021;Unidad;BIJOU;CADENA;4990;4990;;4990;4990;;Ventas;;Mercaderías;;Costo de la mercadería;
Producto;Si;No;Si;CADENA LETRA B - DORADA;AS-CA000022;Unidad;BIJOU;CADENA;4990;4990;;4990;4990;;Ventas;;Mercaderías;;Costo de la mercadería;
Producto;Si;No;Si;CADENA LETRA C - DORADA;AS-CA000023;Unidad;BIJOU;CADENA;4990;4990;;4990;4990;;Ventas;;Mercaderías;;Costo de la mercadería;
Producto;Si;No;Si;CADENA LETRA D - DORADA;AS-CA000024;Unidad;BIJOU;CADENA;4990;4990;;4990;4990;;Ventas;;Mercaderías;;Costo de la mercadería;
Producto;Si;No;Si;CADENA LETRA E - DORADA;AS-CA000025;Unidad;BIJOU;CADENA;4990;4990;;4990;4990;;Ventas;;Mercaderías;;Costo de la mercadería;
Producto;Si;No;Si;CADENA LETRA F - DORADA;AS-CA000026;Unidad;BIJOU;CADENA;4990;4990;;4990;4990;;Ventas;;Mercaderías;;Costo de la mercadería;
Producto;Si;No;Si;CADENA LETRA G - DORADA;AS-CA000027;Unidad;BIJOU;CADENA;4990;4990;;4990;4990;;Ventas;;Mercaderías;;Costo de la mercadería;
Producto;Si;No;Si;CADENA LETRA J - DORADA;AS-CA000028;Unidad;BIJOU;CADENA;4990;4990;;4990;4990;;Ventas;;Mercaderías;;Costo de la mercadería;
Producto;Si;No;Si;CADENA LETRA L - DORADA;AS-CA000029;Unidad;BIJOU;CADENA;4990;4990;;4990;4990;;Ventas;;Mercaderías;;Costo de la mercadería;
Producto;Si;No;Si;CADENA LETRA M - DORADA;AS-CA000030;Unidad;BIJOU;CADENA;4990;4990;;4990;4990;;Ventas;;Mercaderías;;Costo de la mercadería;
Producto;Si;No;Si;CADENA LETRA N - DORADA;AS-CA000031;Unidad;BIJOU;CADENA;4990;4990;;4990;4990;;Ventas;;Mercaderías;;Costo de la mercadería;
Producto;Si;No;Si;CADENA LETRA R - DORADA;AS-CA000032;Unidad;BIJOU;CADENA;4990;4990;;4990;4990;;Ventas;;Mercaderías;;Costo de la mercadería;
Producto;Si;No;Si;CADENA LETRA S - DORADA;AS-CA000033;Unidad;BIJOU;CADENA;4990;4990;;4990;4990;;Ventas;;Mercaderías;;Costo de la mercadería;
Producto;Si;No;Si;CADENA LETRA T - DORADA;AS-CA000034;Unidad;BIJOU;CADENA;4990;4990;;4990;4990;;Ventas;;Mercaderías;;Costo de la mercadería;
Producto;Si;No;Si;CADENA LETRA V - DORADA;AS-CA000035;Unidad;BIJOU;CADENA;4990;4990;;4990;4990;;Ventas;;Mercaderías;;Costo de la mercadería;
Producto;Si;No;Si;CADENA LETRA Y - DORADA;AS-CA000036;Unidad;BIJOU;CADENA;4990;4990;;4990;4990;;Ventas;;Mercaderías;;Costo de la mercadería;
Producto;Si;No;Si;CADENA CRUZ RECTA BRILLOS PLATEADA;AS-CA000037;Unidad;BIJOU;CADENA;4990;4990;;4990;4990;;Ventas;;Mercaderías;;Costo de la mercadería;
Producto;Si;No;Si;CADENA CRUZ BRILLOS REDONDOS PLATEADA;AS-CA000038;Unidad;BIJOU;CADENA;4990;4990;;4990;4990;;Ventas;;Mercaderías;;Costo de la mercadería;
Producto;Si;No;No;PRODUCTO OUTLET 209990;OUT209990;Unidad;;OUTLET;209990;209990;;209990;209990;;Ventas;;Mercaderías;;Costo de la mercadería;
Producto;Si;No;Si;BOLSA CARTERA 2 AJUSTES MEDIANA LIENZO CRUDO;OT021370000;Unidad;TEXTIL;;0;0;;0;0;;Ventas;;Mercaderías;;Costo de la mercadería;
Producto;Si;No;Si;BOLSA CARTERA 1 AJUSTE GRANDE LIENZO CRUDO;OT021380000;Unidad;TEXTIL;OTROS;0;0;;0;0;;Ventas;;Mercaderías;;Costo de la mercadería;
Producto;Si;No;Si;BANDOLERA FRIDA SUELA;AS-MG010010102;Unidad;MARRO GRANDE;MARRO GRANDE;6990;9990;;9990;9990;;Ventas;;Mercaderías;;Costo de la mercadería;
Producto;Si;No;Si;BANDOLERA FRIDA CRUDO;AS-MG010010108;Unidad;MARRO GRANDE;MARRO GRANDE;6990;9990;;9990;9990;;Ventas;;Mercaderías;;Costo de la mercadería;
Producto;Si;No;Si;PORTAVINO CAFAYATE FIORENTINO NEGRO;OT010791601;Unidad;ACCESORIOS;PORTAVINO;34990;34990;;34990;34990;;Ventas;;Mercaderías;;Costo de la mercadería;
Producto;Si;No;Si;TOTE TILCARA NAPADO CARAMELO;MG011400103;Unidad;MARRO GRANDE;TOTE;99990;99990;;99990;99990;;Ventas;;Mercaderías;;Costo de la mercadería;
Producto;Si;No;Si;BILLETERA MILO SIMPLE MODENA AZUL;MC020431909;Unidad;MARRO CHICA;BILLETERA;59990;59990;;59990;59990;;Ventas;;Mercaderías;;Costo de la mercadería;
Producto;Si;No;Si;"CHALECO TRINIDAD	GAMUZA OXIDO";TX020500556;Unidad;TEXTIL;CHALECO;99990;99990;;99990;99990;;Ventas;;Mercaderías;;Costo de la mercadería;
Producto;Si;No;Si;"CHALECO INDIGO	GAMUZA OXIDO";TX020510556;Unidad;TEXTIL;CHALECO;99990;99990;;99990;99990;;Ventas;;Mercaderías;;Costo de la mercadería;
Producto;Si;No;Si;PHONEBAG SOFIA NUDOS ROJO;AS-MG010160107;Unidad;MARRO GRANDE;PHONEBAG;3990;5990;;5990;5990;;Ventas;;Mercaderías;;Costo de la mercadería;
Producto;Si;No;Si;PORTACOSMETICOS LAURA SALMON;AS-MG010170131;Unidad;MARRO GRANDE;;1990;3990;;3990;3990;;Ventas;;Mercaderías;;Costo de la mercadería;
Producto;Si;No;Si;PORTACOSMETICOS UMA VISON;AS-MC020180105;Unidad;MARRO GRANDE;PORTACOSMETICO;2990;3990;;3990;3990;;Ventas;;Mercaderías;;Costo de la mercadería;
Producto;Si;No;Si;TOTE LILY DURAZNO;AS-MG010360104;Unidad;MARRO GRANDE;MARRO GRANDE;8990;8990;;8990;8990;;Ventas;;Mercaderías;;Costo de la mercadería;
Producto;Si;No;Si;CARTUCHERA PU FUCSIA;AS-MC020070114;Unidad;MARRO CHICA;CARTUCHERA;1490;3990;;3990;3990;;Ventas;;Mercaderías;;Costo de la mercadería;
Producto;Si;No;Si;MONEDERO JANE CANVA MULTICOLOR;AS-MC020370224;Unidad;MARRO CHICA;MARRO CHICA;1490;1990;;1990;1990;;Ventas;;Mercaderías;;Costo de la mercadería;
Producto;Si;No;Si;MONEDERO MAIA CANVA MULTICOLOR;AS-MC020380224;Unidad;MARRO CHICA;MARRO CHICA;1490;1990;;1990;1990;;Ventas;;Mercaderías;;Costo de la mercadería;
Producto;Si;No;Si;NECESSER ROCIO SET AZUL CROCO-VERDE CROCO;AS-MC020390113-09;Unidad;MARRO CHICA;MARRO CHICA;3990;3990;;3990;3990;;Ventas;;Mercaderías;;Costo de la mercadería;
Producto;Si;No;Si;MOCHILA LIBRA BRIDGE CHOCOLATE;MG010970352;Unidad;MARRO GRANDE;MOCHILA;299990;299990;;299990;299990;;Ventas;;Mercaderías;;Costo de la mercadería;
Producto;Si;No;Si;CARTUCHERA CILINDRO VERDE;AS-MC020030110;Unidad;MARRO CHICA;CARTUCHERA;1990;3990;;3990;3990;;Ventas;;Mercaderías;;Costo de la mercadería;
Producto;Si;No;Si;BOLSA COMPRAS NAILON MULTICOLOR;AS-MG010400424;Unidad;MARRO GRANDE;BOLSA;1990;1990;;1990;1990;;Ventas;;Mercaderías;;Costo de la mercadería;
Producto;Si;No;Si;PORTALENTES LUZ NAPADO CHOCOLATE;MC020170152;Unidad;MARRO CHICA;PORTALENTES;13990;13990;;13990;13990;;Ventas;;Mercaderías;;Costo de la mercadería;
Producto;Si;No;Si;CARTERA INÉS BRIDGE TABACO;MG011330304;Unidad;MARRO GRANDE;CARTERA;154990;154990;;154990;154990;;Ventas;;Mercaderías;;Costo de la mercadería;
Producto;Si;No;Si;PULSERA HILO REGULABLE OJO TURCO CELESTE/PLATEADO;AS-PU000070;Unidad;BIJOU;PULSERA;2990;2990;;2990;2990;;Ventas;;Mercaderías;;Costo de la mercadería;
Producto;Si;No;Si;CARTERA LONDRES MODENA AZUL;MG010861909;Unidad;MARRO GRANDE;CARTERA;184990;184990;;184990;184990;;Ventas;;Mercaderías;;Costo de la mercadería;
Producto;Si;No;Si;TOTE CACHI NOBUCK CAFE;MG011324458;Unidad;MARRO GRANDE;TOTE;99990;99990;;99990;99990;;Ventas;;Mercaderías;;Costo de la mercadería;
Producto;Si;No;Si;SOBRE ANALIA CHICO VERDE;AS-MC010250110;Unidad;MARRO CHICA;MARRO CHICA-SOBRE;3990;3990;;3990;3990;;Ventas;;Mercaderías;;Costo de la mercadería;
Producto;Si;No;Si;SOBRE PRAGA CELESTE;AS-MC010270103;Unidad;MARRO CHICA;SOBRE-MARRO CHICA;3990;3990;;3990;3990;;Ventas;;Mercaderías;;Costo de la mercadería;
Producto;Si;No;Si;PILUSO DORA TEJIDO CHOCOLATE;TX310410052;Unidad;TEXTIL;GORRO;19990;19990;;19990;19990;;Ventas;;Mercaderías;;Costo de la mercadería;
Producto;Si;No;No;OUTLET 299990;OUT299990;Unidad;OUTLET;OUTLET;299990;299990;;299990;299990;;Ventas;;Mercaderías;;Costo de la mercadería;
Producto;Si;No;No;PRODUCTO OUTLET 112990;OUT112990;Unidad;OUTLET;OUTLET;112990;112990;;112990;112990;;Ventas;;Mercaderías;;Costo de la mercadería;
Producto;Si;No;Si;BANDOLERA LENA MODENA VERDE;MG020571910;Unidad;MARRO GRANDE;BANDOLERA;199990;199990;;199990;199990;;Ventas;;Mercaderías;;Costo de la mercadería;
Producto;Si;No;Si;"BANDOLERA JADE (LINEA FRUNCES)	GAMUZA/NAPADO AVELLANA/SUELA";MG011440555/02;Unidad;MARRO GRANDE;;69990;69990;;69990;69990;;Ventas;;Mercaderías;;Costo de la mercadería;
Producto;Si;No;Si;"BANDOLERA JADE (LINEA FRUNCES)	GAMUZA/NAPADO VESUBIO/SUELA";MG011440550/02;Unidad;MARRO GRANDE;BANDOLERA;69990;69990;;69990;69990;;Ventas;;Mercaderías;;Costo de la mercadería;
Producto;Si;No;Si;CARTUCHERA CILINDRO ROSA;AS-MC020030119;Unidad;MARRO CHICA;CARTUCHERA;3990;3990;;3990;3990;;Ventas;;Mercaderías;;Costo de la mercadería;
?Producto;Si;No;Si;CARTUCHERA CILINDRO AZUL;AS-MC020030109;Unidad;MARRO CHICA;CARTUCHERA;3990;3990;;3990;3990;;Ventas;;Mercaderías;;Costo de la mercadería;
Producto;Si;No;Si;CARTUCHERA CILINDRO GRIS;AS-MC020030112;Unidad;MARRO CHICA;CARTUCHERA;3990;3990;;3990;3990;;Ventas;;Mercaderías;;Costo de la mercadería;
