sku,nombre,id,archivo
Delivery_007,Standard_delivery,2,Delivery_007_Standard_delivery_2.jpg
100001,BANDEJA_CHICA,21821,100001_BANDEJA_CHICA_21821.jpg
100002,BANDEJA_CHICA,21822,100002_BANDEJA_CHICA_21822.jpg
100003,BANDOLERA_AMALIA,20243,100003_BANDOLERA_AMALIA_20243.jpg
100004,BANDOLERA_AMALIA,20245,100004_BANDOLERA_AMALIA_20245.jpg
100005,BANDOLERA_AMALIA,20248,100005_BANDOLERA_AMALIA_20248.jpg
100006,BANDOLERA_ANTONIETA,20252,100006_BANDOLERA_ANTONIETA_20252.jpg
100007,BANDOLERA_ANTONIETA,20253,100007_BANDOLERA_ANTONIETA_20253.jpg
100008,BANDOLERA_ANTONIETA,20254,100008_BANDOLERA_ANTONIETA_20254.jpg
100009,BANDOLERA_ANTONIETA,20258,100009_BANDOLERA_ANTONIETA_20258.jpg
100010,BANDOLERA_ANTONIETA,20261,100010_BANDOLERA_ANTONIETA_20261.jpg
100011,BANDOLERA_ANTONIETA,20263,100011_BANDOLERA_ANTONIETA_20263.jpg
100012,BANDOLERA_ANTONIETA,20267,100012_BANDOLERA_ANTONIETA_20267.jpg
100013,BANDOLERA_ANTONIETA,20272,100013_BANDOLERA_ANTONIETA_20272.jpg
100014,BANDOLERA_ANTONIETA,20274,100014_BANDOLERA_ANTONIETA_20274.jpg
100015,BANDOLERA_ANTONIETA,20276,100015_BANDOLERA_ANTONIETA_20276.jpg
100016,BANDOLERA_ANTONIETA,20277,100016_BANDOLERA_ANTONIETA_20277.jpg
100017,BANDOLERA_ANTONIETA,20278,100017_BANDOLERA_ANTONIETA_20278.jpg
100018,BANDOLERA_ANTONIETA,20280,100018_BANDOLERA_ANTONIETA_20280.jpg
100019,BANDOLERA_ANTONIETA,20281,100019_BANDOLERA_ANTONIETA_20281.jpg
100020,BANDOLERA_ANTONIETA,20283,100020_BANDOLERA_ANTONIETA_20283.jpg
100021,BANDOLERA_ASTRID,20285,100021_BANDOLERA_ASTRID_20285.jpg
100022,BANDOLERA_ASTRID,20292,100022_BANDOLERA_ASTRID_20292.jpg
100023,BANDOLERA_ASTRID,20298,100023_BANDOLERA_ASTRID_20298.jpg
100024,BANDOLERA_ASTRID,20299,100024_BANDOLERA_ASTRID_20299.jpg
100025,BANDOLERA_ASTRID,20301,100025_BANDOLERA_ASTRID_20301.jpg
100026,BANDOLERA_ASTRID,20302,100026_BANDOLERA_ASTRID_20302.jpg
100027,BANDOLERA_CARLA,20305,100027_BANDOLERA_CARLA_20305.jpg
100028,BANDOLERA_CARLA,20309,100028_BANDOLERA_CARLA_20309.jpg
100029,BANDOLERA_CARLA,20310,100029_BANDOLERA_CARLA_20310.jpg
100030,BANDOLERA_CARLA,20311,100030_BANDOLERA_CARLA_20311.jpg
100031,BANDOLERA_CARLA,20312,100031_BANDOLERA_CARLA_20312.jpg
100032,BANDOLERA_CARLA,20314,100032_BANDOLERA_CARLA_20314.jpg
100033,BANDOLERA_CARLA,20319,100033_BANDOLERA_CARLA_20319.jpg
100034,BANDOLERA_CARLA,20323,100034_BANDOLERA_CARLA_20323.jpg
100035,BANDOLERA_CARLA,20324,100035_BANDOLERA_CARLA_20324.jpg
100036,BANDOLERA_CASIOPEA,20329,100036_BANDOLERA_CASIOPEA_20329.jpg
100037,BANDOLERA_CASIOPEA,20335,100037_BANDOLERA_CASIOPEA_20335.jpg
100038,BANDOLERA_CASIOPEA,20336,100038_BANDOLERA_CASIOPEA_20336.jpg
100039,BANDOLERA_CASIOPEA,20337,100039_BANDOLERA_CASIOPEA_20337.jpg
100040,BANDOLERA_CASIOPEA,20338,100040_BANDOLERA_CASIOPEA_20338.jpg
100041,BANDOLERA_LENA,20339,100041_BANDOLERA_LENA_20339.jpg
100042,BANDOLERA_LENA,20340,100042_BANDOLERA_LENA_20340.jpg
100043,BANDOLERA_LENA,20341,100043_BANDOLERA_LENA_20341.jpg
100044,BANDOLERA_LENA,20342,100044_BANDOLERA_LENA_20342.jpg
100045,BANDOLERA_LENA,20343,100045_BANDOLERA_LENA_20343.jpg
100046,BANDOLERA_LENA,20344,100046_BANDOLERA_LENA_20344.jpg
100047,BANDOLERA_LENA,20345,100047_BANDOLERA_LENA_20345.jpg
100048,BANDOLERA_MATILDA,20346,100048_BANDOLERA_MATILDA_20346.jpg
100049,BANDOLERA_MATILDA,20347,100049_BANDOLERA_MATILDA_20347.jpg
100050,BANDOLERA_MEGAN,20348,100050_BANDOLERA_MEGAN_20348.jpg
100051,BANDOLERA_MEGAN,20351,100051_BANDOLERA_MEGAN_20351.jpg
100052,BANDOLERA_NATY,20352,100052_BANDOLERA_NATY_20352.jpg
100053,BANDOLERA_NATY,20353,100053_BANDOLERA_NATY_20353.jpg
100054,BANDOLERA_NATY,20354,100054_BANDOLERA_NATY_20354.jpg
100055,BANDOLERA_NATY,20355,100055_BANDOLERA_NATY_20355.jpg
100056,BANDOLERA_NATY,20356,100056_BANDOLERA_NATY_20356.jpg
100057,BANDOLERA_NATY,20357,100057_BANDOLERA_NATY_20357.jpg
100058,BANDOLERA_NATY_SIMPLE,20360,100058_BANDOLERA_NATY_SIMPLE_20360.jpg
100059,BANDOLERA_NATY_SIMPLE,20361,100059_BANDOLERA_NATY_SIMPLE_20361.jpg
100060,BANDOLERA_NATY_SIMPLE,20364,100060_BANDOLERA_NATY_SIMPLE_20364.jpg
100061,BANDOLERA_NATY_SIMPLE,20367,100061_BANDOLERA_NATY_SIMPLE_20367.jpg
100062,BANDOLERA_NATY_SIMPLE,20369,100062_BANDOLERA_NATY_SIMPLE_20369.jpg
100063,BANDOLERA_NATY_SIMPLE,20372,100063_BANDOLERA_NATY_SIMPLE_20372.jpg
100064,BANDOLERA_NATY_SIMPLE,20373,100064_BANDOLERA_NATY_SIMPLE_20373.jpg
100065,BANDOLERA_NATY_SIMPLE,20374,100065_BANDOLERA_NATY_SIMPLE_20374.jpg
100066,BANDOLERA_NATY_SIMPLE,20376,100066_BANDOLERA_NATY_SIMPLE_20376.jpg
100067,BANDOLERA_NATY_SIMPLE,20379,100067_BANDOLERA_NATY_SIMPLE_20379.jpg
100068,BANDOLERA_NATY_SIMPLE,20380,100068_BANDOLERA_NATY_SIMPLE_20380.jpg
100069,BANDOLERA_NATY_SIMPLE,20385,100069_BANDOLERA_NATY_SIMPLE_20385.jpg
100070,BANDOLERA_NATY_SIMPLE,20388,100070_BANDOLERA_NATY_SIMPLE_20388.jpg
100071,BANDOLERA_NATY_SIMPLE,20389,100071_BANDOLERA_NATY_SIMPLE_20389.jpg
100072,BANDOLERA_NATY_SIMPLE,20391,100072_BANDOLERA_NATY_SIMPLE_20391.jpg
100073,BANDOLERA_NATY_SIMPLE,20392,100073_BANDOLERA_NATY_SIMPLE_20392.jpg
100074,BANDOLERA_NATY_SIMPLE,20395,100074_BANDOLERA_NATY_SIMPLE_20395.jpg
100075,BANDOLERA_NATY_SIMPLE,20396,100075_BANDOLERA_NATY_SIMPLE_20396.jpg
100076,BANDOLERA_NATY_SIMPLE,20398,100076_BANDOLERA_NATY_SIMPLE_20398.jpg
100077,BANDOLERA_NEW_VICENTA,20405,100077_BANDOLERA_NEW_VICENTA_20405.jpg
100078,BANDOLERA_NEW_VICENTA,20409,100078_BANDOLERA_NEW_VICENTA_20409.jpg
100079,BANDOLERA_NEW_VICENTA,20415,100079_BANDOLERA_NEW_VICENTA_20415.jpg
100080,BANDOLERA_NEW_VICENTA,20426,100080_BANDOLERA_NEW_VICENTA_20426.jpg
100081,BANDOLERA_NEW_VICENTA,20428,100081_BANDOLERA_NEW_VICENTA_20428.jpg
100082,BANDOLERA_NEW_VICENTA,20429,100082_BANDOLERA_NEW_VICENTA_20429.jpg
100083,BANDOLERA_NEW_VICENTA,20431,100083_BANDOLERA_NEW_VICENTA_20431.jpg
100084,BANDOLERA_NEW_VICENTA,20432,100084_BANDOLERA_NEW_VICENTA_20432.jpg
100085,BANDOLERA_NEW_VICENTA,20434,100085_BANDOLERA_NEW_VICENTA_20434.jpg
100086,BANDOLERA_NEW_VICENTA,20439,100086_BANDOLERA_NEW_VICENTA_20439.jpg
100087,BANDOLERA_NOE,20448,100087_BANDOLERA_NOE_20448.jpg
100088,BANDOLERA_NOE,20451,100088_BANDOLERA_NOE_20451.jpg
100089,BANDOLERA_NOE,20453,100089_BANDOLERA_NOE_20453.jpg
100090,BANDOLERA_NOE,20454,100090_BANDOLERA_NOE_20454.jpg
100091,BANDOLERA_NOE,20458,100091_BANDOLERA_NOE_20458.jpg
100092,BANDOLERA_NOE,20461,100092_BANDOLERA_NOE_20461.jpg
100093,BANDOLERA_NOE,20462,100093_BANDOLERA_NOE_20462.jpg
100094,BANDOLERA_NOE,40296,100094_BANDOLERA_NOE_40296.jpg
100095,BANDOLERA_NOE,20465,100095_BANDOLERA_NOE_20465.jpg
100096,BANDOLERA_RUFINA,20470,100096_BANDOLERA_RUFINA_20470.jpg
100097,BANDOLERA_RUFINA,20473,100097_BANDOLERA_RUFINA_20473.jpg
100098,BANDOLERA_RUFINA,20475,100098_BANDOLERA_RUFINA_20475.jpg
100099,BANDOLERA_RUFINA,20476,100099_BANDOLERA_RUFINA_20476.jpg
100100,BANDOLERA_SAGITTA,20482,100100_BANDOLERA_SAGITTA_20482.jpg
100101,BANDOLERA_SAGITTA,20483,100101_BANDOLERA_SAGITTA_20483.jpg
100102,BANDOLERA_SAGITTA,20484,100102_BANDOLERA_SAGITTA_20484.jpg
100103,BANDOLERA_SAGITTA,20485,100103_BANDOLERA_SAGITTA_20485.jpg
100104,BANDOLERA_SAGITTA,20486,100104_BANDOLERA_SAGITTA_20486.jpg
100105,BANDOLERA_SAGITTA,20487,100105_BANDOLERA_SAGITTA_20487.jpg
100106,BANDOLERA_VICENTA,20492,100106_BANDOLERA_VICENTA_20492.jpg
100107,BANDOLERA_VICENTA,20496,100107_BANDOLERA_VICENTA_20496.jpg
100108,BANDOLERA_VICENTA,20497,100108_BANDOLERA_VICENTA_20497.jpg
100109,BANDOLERA_VICENTA,20500,100109_BANDOLERA_VICENTA_20500.jpg
100110,BANDOLERA_VICENTA,20503,100110_BANDOLERA_VICENTA_20503.jpg
100111,BANDOLERA_VICENTA,20504,100111_BANDOLERA_VICENTA_20504.jpg
100112,BANDOLERA_VICENTA,20505,100112_BANDOLERA_VICENTA_20505.jpg
100113,BANDOLERA_VICENTA,20508,100113_BANDOLERA_VICENTA_20508.jpg
100114,BANDOLERA_VICENTA,20509,100114_BANDOLERA_VICENTA_20509.jpg
100115,BANDOLERA_VICENTA,20512,100115_BANDOLERA_VICENTA_20512.jpg
100116,BANDOLERA_VICENTA,20513,100116_BANDOLERA_VICENTA_20513.jpg
100117,BANDOLERA_VICENTA,20516,100117_BANDOLERA_VICENTA_20516.jpg
100118,BANDOLERA_VICENTA,20520,100118_BANDOLERA_VICENTA_20520.jpg
100119,BANDOLERA_VICENTA,20525,100119_BANDOLERA_VICENTA_20525.jpg
100120,BANDOLERA_VICENTA,20532,100120_BANDOLERA_VICENTA_20532.jpg
100121,BANDOLERA_VICENTA,20534,100121_BANDOLERA_VICENTA_20534.jpg
100122,BANDOLERA_VICENTA,20539,100122_BANDOLERA_VICENTA_20539.jpg
100123,BANDOLERA_VICENTA,20542,100123_BANDOLERA_VICENTA_20542.jpg
100124,BANDOLERA_VICENTA,20543,100124_BANDOLERA_VICENTA_20543.jpg
100125,BANDOLERA_VICENTA,20549,100125_BANDOLERA_VICENTA_20549.jpg
100126,BILLETERA_ADAM,18910,100126_BILLETERA_ADAM_18910.jpg
100127,BILLETERA_ADAM,18911,100127_BILLETERA_ADAM_18911.jpg
100128,BILLETERA_ADAM,18912,100128_BILLETERA_ADAM_18912.jpg
100129,BILLETERA_ADAM,18914,100129_BILLETERA_ADAM_18914.jpg
100130,BILLETERA_ADAM,18922,100130_BILLETERA_ADAM_18922.jpg
100131,BILLETERA_ADAM,18923,100131_BILLETERA_ADAM_18923.jpg
100132,BILLETERA_ADAM,18926,100132_BILLETERA_ADAM_18926.jpg
100133,BILLETERA_ADAM,18927,100133_BILLETERA_ADAM_18927.jpg
100134,BILLETERA_ADAM,18929,100134_BILLETERA_ADAM_18929.jpg
100135,BILLETERA_ARLO,18931,100135_BILLETERA_ARLO_18931.jpg
100136,BILLETERA_ARLO,18932,100136_BILLETERA_ARLO_18932.jpg
100137,BILLETERA_ARLO,18933,100137_BILLETERA_ARLO_18933.jpg
100138,BILLETERA_ARLO,18934,100138_BILLETERA_ARLO_18934.jpg
100139,BILLETERA_ARLO,18936,100139_BILLETERA_ARLO_18936.jpg
100140,BILLETERA_ARLO,18941,100140_BILLETERA_ARLO_18941.jpg
100141,BILLETERA_BEIJING,18942,100141_BILLETERA_BEIJING_18942.jpg
100142,BILLETERA_BEIJING,18943,100142_BILLETERA_BEIJING_18943.jpg
100143,BILLETERA_BEIJING,18944,100143_BILLETERA_BEIJING_18944.jpg
100144,BILLETERA_BEIJING,18945,100144_BILLETERA_BEIJING_18945.jpg
100145,BILLETERA_BEIJING,18946,100145_BILLETERA_BEIJING_18946.jpg
100146,BILLETERA_BEIJING,18948,100146_BILLETERA_BEIJING_18948.jpg
100147,BILLETERA_BEIJING,18949,100147_BILLETERA_BEIJING_18949.jpg
100148,BILLETERA_BEIJING,18951,100148_BILLETERA_BEIJING_18951.jpg
100149,BILLETERA_BEIJING,18952,100149_BILLETERA_BEIJING_18952.jpg
100150,BILLETERA_BEIJING,18954,100150_BILLETERA_BEIJING_18954.jpg
100151,BILLETERA_BEIJING,18957,100151_BILLETERA_BEIJING_18957.jpg
100152,BILLETERA_BEIJING,18958,100152_BILLETERA_BEIJING_18958.jpg
100153,BILLETERA_BEIJING,18959,100153_BILLETERA_BEIJING_18959.jpg
100154,BILLETERA_COPAHUE,18965,100154_BILLETERA_COPAHUE_18965.jpg
100155,BILLETERA_COPAHUE,18966,100155_BILLETERA_COPAHUE_18966.jpg
100156,BILLETERA_COPAHUE,18967,100156_BILLETERA_COPAHUE_18967.jpg
100157,BILLETERA_COPAHUE,18968,100157_BILLETERA_COPAHUE_18968.jpg
100158,BILLETERA_COPAHUE,18969,100158_BILLETERA_COPAHUE_18969.jpg
100159,BILLETERA_COPAHUE,18970,100159_BILLETERA_COPAHUE_18970.jpg
100160,BILLETERA_COPAHUE,18971,100160_BILLETERA_COPAHUE_18971.jpg
100161,BILLETERA_FICHERO,18973,100161_BILLETERA_FICHERO_18973.jpg
100162,BILLETERA_FICHERO,18975,100162_BILLETERA_FICHERO_18975.jpg
100163,BILLETERA_FICHERO,18976,100163_BILLETERA_FICHERO_18976.jpg
100164,BILLETERA_FICHERO,18977,100164_BILLETERA_FICHERO_18977.jpg
100165,BILLETERA_FICHERO,18979,100165_BILLETERA_FICHERO_18979.jpg
100166,BILLETERA_KEY,18981,100166_BILLETERA_KEY_18981.jpg
100167,BILLETERA_KEY,18982,100167_BILLETERA_KEY_18982.jpg
100168,BILLETERA_KEY,18983,100168_BILLETERA_KEY_18983.jpg
100169,BILLETERA_KEY,18984,100169_BILLETERA_KEY_18984.jpg
100170,BILLETERA_KEY,18985,100170_BILLETERA_KEY_18985.jpg
100171,BILLETERA_KEY,18987,100171_BILLETERA_KEY_18987.jpg
100172,BILLETERA_KEY_FULL_BLACK,18989,100172_BILLETERA_KEY_FULL_BLACK_18989.jpg
100173,BILLETERA_LEXI,18990,100173_BILLETERA_LEXI_18990.jpg
100174,BILLETERA_LEXI,18991,100174_BILLETERA_LEXI_18991.jpg
100175,BILLETERA_LEXI,18992,100175_BILLETERA_LEXI_18992.jpg
100176,BILLETERA_LEXI,18993,100176_BILLETERA_LEXI_18993.jpg
100177,BILLETERA_LEXI,18994,100177_BILLETERA_LEXI_18994.jpg
100178,BILLETERA_LEXI,18995,100178_BILLETERA_LEXI_18995.jpg
100179,BILLETERA_LIAM,18999,100179_BILLETERA_LIAM_18999.jpg
100180,BILLETERA_LIAM,19002,100180_BILLETERA_LIAM_19002.jpg
100181,BILLETERA_LIAM,19003,100181_BILLETERA_LIAM_19003.jpg
100182,BILLETERA_LIAM,19004,100182_BILLETERA_LIAM_19004.jpg
100183,BILLETERA_LIAM,19005,100183_BILLETERA_LIAM_19005.jpg
100184,BILLETERA_LIAM,19006,100184_BILLETERA_LIAM_19006.jpg
100185,BILLETERA_LIAM,19007,100185_BILLETERA_LIAM_19007.jpg
100186,BILLETERA_LUCA,19008,100186_BILLETERA_LUCA_19008.jpg
100187,BILLETERA_LUCA,19009,100187_BILLETERA_LUCA_19009.jpg
100188,BILLETERA_LUCA,19011,100188_BILLETERA_LUCA_19011.jpg
100189,BILLETERA_LUCA,19013,100189_BILLETERA_LUCA_19013.jpg
100190,BILLETERA_LUCA,19016,100190_BILLETERA_LUCA_19016.jpg
100191,BILLETERA_LUCA,19017,100191_BILLETERA_LUCA_19017.jpg
100192,BILLETERA_LUCA,19023,100192_BILLETERA_LUCA_19023.jpg
100193,BILLETERA_LUCA,19030,100193_BILLETERA_LUCA_19030.jpg
100194,BILLETERA_LUCA,19039,100194_BILLETERA_LUCA_19039.jpg
100195,BILLETERA_LUCA,19043,100195_BILLETERA_LUCA_19043.jpg
100196,BILLETERA_LUCA,19044,100196_BILLETERA_LUCA_19044.jpg
100197,BILLETERA_LUCA,19048,100197_BILLETERA_LUCA_19048.jpg
100198,BILLETERA_LUCA,19049,100198_BILLETERA_LUCA_19049.jpg
100199,BILLETERA_LUCA,19052,100199_BILLETERA_LUCA_19052.jpg
100200,BILLETERA_LUCA,19053,100200_BILLETERA_LUCA_19053.jpg
100201,BILLETERA_LUCA,19054,100201_BILLETERA_LUCA_19054.jpg
100202,BILLETERA_LUCA,19055,100202_BILLETERA_LUCA_19055.jpg
100203,BILLETERA_LUCA,19056,100203_BILLETERA_LUCA_19056.jpg
100204,BILLETERA_LUCA,19057,100204_BILLETERA_LUCA_19057.jpg
100205,BILLETERA_MILO,19059,100205_BILLETERA_MILO_19059.jpg
100206,BILLETERA_MILO,19069,100206_BILLETERA_MILO_19069.jpg
100207,BILLETERA_MILO,19070,100207_BILLETERA_MILO_19070.jpg
100208,BILLETERA_MILO,19073,100208_BILLETERA_MILO_19073.jpg
100209,BILLETERA_MILO,19074,100209_BILLETERA_MILO_19074.jpg
100210,BILLETERA_MILO,39221,100210_BILLETERA_MILO_39221.jpg
100211,BILLETERA_MILO,19079,100211_BILLETERA_MILO_19079.jpg
100212,BILLETERA_MILO,39239,100212_BILLETERA_MILO_39239.jpg
100213,BILLETERA_OSADIA,19083,100213_BILLETERA_OSADIA_19083.jpg
100214,BILLETERA_OSADIA,19084,100214_BILLETERA_OSADIA_19084.jpg
100215,BILLETERA_OSADIA,19085,100215_BILLETERA_OSADIA_19085.jpg
100216,BILLETERA_OSADIA,19086,100216_BILLETERA_OSADIA_19086.jpg
100217,BILLETERA_OSADIA,19087,100217_BILLETERA_OSADIA_19087.jpg
100218,BILLETERA_OSADIA,19090,100218_BILLETERA_OSADIA_19090.jpg
100219,BILLETERA_OSADIA,19096,100219_BILLETERA_OSADIA_19096.jpg
100220,BILLETERA_OSADIA,19097,100220_BILLETERA_OSADIA_19097.jpg
100221,BILLETERA_OSADIA,19098,100221_BILLETERA_OSADIA_19098.jpg
100222,BILLETERA_OSADIA,19100,100222_BILLETERA_OSADIA_19100.jpg
100223,BILLETERA_OSADIA,19101,100223_BILLETERA_OSADIA_19101.jpg
100224,BILLETERA_OSADIA,19102,100224_BILLETERA_OSADIA_19102.jpg
100225,BILLETERA_PENY,19106,100225_BILLETERA_PENY_19106.jpg
100226,BILLETERA_PENY,19115,100226_BILLETERA_PENY_19115.jpg
100227,BILLETERA_PENY,19116,100227_BILLETERA_PENY_19116.jpg
100228,BILLETERA_PENY,19117,100228_BILLETERA_PENY_19117.jpg
100229,BILLETERA_PENY,19118,100229_BILLETERA_PENY_19118.jpg
100230,BILLETERA_PENY,19119,100230_BILLETERA_PENY_19119.jpg
100231,BILLETERA_PENY,19120,100231_BILLETERA_PENY_19120.jpg
100232,BOINA_CLYDE,21947,100232_BOINA_CLYDE_21947.jpg
100233,BOINA_CLYDE,21948,100233_BOINA_CLYDE_21948.jpg
100234,BOINA_CLYDE,21949,100234_BOINA_CLYDE_21949.jpg
100235,BOINA_CLYDE,21950,100235_BOINA_CLYDE_21950.jpg
100236,BOINA_CLYDE,21951,100236_BOINA_CLYDE_21951.jpg
100237,BOINA_CLYDE,21952,100237_BOINA_CLYDE_21952.jpg
100238,BOINA_CLYDE,21953,100238_BOINA_CLYDE_21953.jpg
100239,BOINA_CLYDE,21954,100239_BOINA_CLYDE_21954.jpg
100240,BOINA_CLYDE,21955,100240_BOINA_CLYDE_21955.jpg
100241,BOLSO_ENRICO,20559,100241_BOLSO_ENRICO_20559.jpg
100242,BOLSO_ENRICO,20560,100242_BOLSO_ENRICO_20560.jpg
100243,BOLSO_LIHUEN,20561,100243_BOLSO_LIHUEN_20561.jpg
100244,BOLSO_LIHUEN,20563,100244_BOLSO_LIHUEN_20563.jpg
100245,BOLSO_LIHUEN,20564,100245_BOLSO_LIHUEN_20564.jpg
100246,BOLSO_LIHUEN,20565,100246_BOLSO_LIHUEN_20565.jpg
100247,BOLSO_LIHUEN,20567,100247_BOLSO_LIHUEN_20567.jpg
100248,BOLSO_LIHUEN_FULL_BLACK,20571,100248_BOLSO_LIHUEN_FULL_BLACK_20571.jpg
100249,BOLSO_ROQUE,20572,100249_BOLSO_ROQUE_20572.jpg
100250,BOLSO_ROQUE,20573,100250_BOLSO_ROQUE_20573.jpg
100251,BOLSO_TUBO_GRANDE,20580,100251_BOLSO_TUBO_GRANDE_20580.jpg
100252,BOLSO_TUBO_GRANDE,20582,100252_BOLSO_TUBO_GRANDE_20582.jpg
100253,BOLSO_TUBO_GRANDE,20587,100253_BOLSO_TUBO_GRANDE_20587.jpg
100254,BOLSO_TUBO_GRANDE,20591,100254_BOLSO_TUBO_GRANDE_20591.jpg
100255,BOLSO_TUBO_GRANDE,20601,100255_BOLSO_TUBO_GRANDE_20601.jpg
100256,BOLSO_TUBO_GRANDE,20614,100256_BOLSO_TUBO_GRANDE_20614.jpg
100257,BOLSO_TUBO_GRANDE,20615,100257_BOLSO_TUBO_GRANDE_20615.jpg
100258,BOLSO_TUBO_GRANDE,20616,100258_BOLSO_TUBO_GRANDE_20616.jpg
100259,BOLSO_TUBO_GRANDE,20617,100259_BOLSO_TUBO_GRANDE_20617.jpg
100260,BOLSO_TUBO_GRANDE,20618,100260_BOLSO_TUBO_GRANDE_20618.jpg
100261,BOLSO_TUBO_GRANDE,20619,100261_BOLSO_TUBO_GRANDE_20619.jpg
100262,BOLSO_TUBO_GRANDE,20628,100262_BOLSO_TUBO_GRANDE_20628.jpg
100263,BOLSO_TUBO_GRANDE,20629,100263_BOLSO_TUBO_GRANDE_20629.jpg
100264,BOLSO_TUBO_GRANDE,20630,100264_BOLSO_TUBO_GRANDE_20630.jpg
100265,BOLSO_TUBO_GRANDE,20632,100265_BOLSO_TUBO_GRANDE_20632.jpg
100266,BOLSO_TUBO_GRANDE,20633,100266_BOLSO_TUBO_GRANDE_20633.jpg
100267,BOLSO_TUBO_GRANDE,20647,100267_BOLSO_TUBO_GRANDE_20647.jpg
100268,BOLSO_TUBO_GRANDE,20663,100268_BOLSO_TUBO_GRANDE_20663.jpg
100269,BOLSO_TUBO_GRANDE,20664,100269_BOLSO_TUBO_GRANDE_20664.jpg
100270,BOLSO_TUBO_GRANDE,20665,100270_BOLSO_TUBO_GRANDE_20665.jpg
100271,BOLSO_TUBO_GRANDE,20666,100271_BOLSO_TUBO_GRANDE_20666.jpg
100272,BOLSO_URBANO,20674,100272_BOLSO_URBANO_20674.jpg
100273,BOLSO_URBANO,20675,100273_BOLSO_URBANO_20675.jpg
100274,BOLSO_URBANO,20676,100274_BOLSO_URBANO_20676.jpg
100275,BOLSO_URBANO,20678,100275_BOLSO_URBANO_20678.jpg
100276,BOLSO_URBANO,20681,100276_BOLSO_URBANO_20681.jpg
100277,BOLSO_URBANO,20686,100277_BOLSO_URBANO_20686.jpg
100278,BOLSO_URBANO,20687,100278_BOLSO_URBANO_20687.jpg
100279,BOLSO_URBANO_FULL_BLACK,20689,100279_BOLSO_URBANO_FULL_BLACK_20689.jpg
100280,BOTA_JAZMIN,18812,100280_BOTA_JAZMIN_18812.jpg
100281,BOTA_MORRIS,18813,100281_BOTA_MORRIS_18813.jpg
100282,BOTA_MORRIS,34870,100282_BOTA_MORRIS_34870.jpg
100283,BOTINERO_MARCOS_30,19123,100283_BOTINERO_MARCOS_30_19123.jpg
100284,BOTINERO_MARCOS_30,19124,100284_BOTINERO_MARCOS_30_19124.jpg
100285,BOTINERO_MARCOS_30,19125,100285_BOTINERO_MARCOS_30_19125.jpg
100286,BOTINERO_MARCOS_30,19126,100286_BOTINERO_MARCOS_30_19126.jpg
100287,BOTINERO_MARCOS_30,19127,100287_BOTINERO_MARCOS_30_19127.jpg
100288,BOTINERO_MARCOS_30,19128,100288_BOTINERO_MARCOS_30_19128.jpg
100289,BOTINERO_MARCOS_30,19129,100289_BOTINERO_MARCOS_30_19129.jpg
100290,BOTINERO_MARCOS_30,19131,100290_BOTINERO_MARCOS_30_19131.jpg
100291,BOTINERO_MARCOS_30,19139,100291_BOTINERO_MARCOS_30_19139.jpg
100292,BUFANDA_ACRUX,21956,100292_BUFANDA_ACRUX_21956.jpg
100293,BUFANDA_ACRUX,21957,100293_BUFANDA_ACRUX_21957.jpg
100294,BUFANDA_ACRUX,21958,100294_BUFANDA_ACRUX_21958.jpg
100295,BUFANDA_ACRUX,21959,100295_BUFANDA_ACRUX_21959.jpg
100296,BUFANDA_ACRUX,21960,100296_BUFANDA_ACRUX_21960.jpg
100297,BUFANDA_ACRUX,21961,100297_BUFANDA_ACRUX_21961.jpg
100298,BUFANDA_ACRUX,21962,100298_BUFANDA_ACRUX_21962.jpg
100299,BUFANDA_ADHARA,21963,100299_BUFANDA_ADHARA_21963.jpg
100300,BUFANDA_ADHARA,21964,100300_BUFANDA_ADHARA_21964.jpg
100301,BUFANDA_ADHARA,21965,100301_BUFANDA_ADHARA_21965.jpg
100302,BUFANDA_ADHARA,21966,100302_BUFANDA_ADHARA_21966.jpg
100303,BUFANDA_ADHARA,21967,100303_BUFANDA_ADHARA_21967.jpg
100304,BUFANDA_CAPELLA,21968,100304_BUFANDA_CAPELLA_21968.jpg
100305,BUFANDA_CAPELLA,21969,100305_BUFANDA_CAPELLA_21969.jpg
100306,BUFANDA_CAPELLA,21970,100306_BUFANDA_CAPELLA_21970.jpg
100307,BUFANDA_CAPELLA,21971,100307_BUFANDA_CAPELLA_21971.jpg
100308,CAMISA_ALASKA,21972,100308_CAMISA_ALASKA_21972.jpg
100309,CAMISA_ALASKA,21973,100309_CAMISA_ALASKA_21973.jpg
100310,CAMISA_ALASKA,21974,100310_CAMISA_ALASKA_21974.jpg
100311,CAMISA_ALASKA,21975,100311_CAMISA_ALASKA_21975.jpg
100312,CAMISA_ALASKA,21976,100312_CAMISA_ALASKA_21976.jpg
100313,CAMISA_ALASKA,21978,100313_CAMISA_ALASKA_21978.jpg
100314,CAMISA_ALASKA,21980,100314_CAMISA_ALASKA_21980.jpg
100315,CAMISA_ALASKA,21981,100315_CAMISA_ALASKA_21981.jpg
100316,CAMISA_ALASKA,21982,100316_CAMISA_ALASKA_21982.jpg
100317,CAMISA_ALASKA,21983,100317_CAMISA_ALASKA_21983.jpg
100318,CAMISA_ALASKA_607,21984,100318_CAMISA_ALASKA_607_21984.jpg
100319,CAMISA_ALASKA_607,21985,100319_CAMISA_ALASKA_607_21985.jpg
100320,CAMISA_ALASKA_607,21986,100320_CAMISA_ALASKA_607_21986.jpg
100321,CAMISA_ALASKA_607,21987,100321_CAMISA_ALASKA_607_21987.jpg
100322,CAMISA_ALASKA_607,21988,100322_CAMISA_ALASKA_607_21988.jpg
100323,CAMISA_ALASKA_609,21989,100323_CAMISA_ALASKA_609_21989.jpg
100324,CAMISA_ALASKA_609,21990,100324_CAMISA_ALASKA_609_21990.jpg
100325,CAMISA_ALASKA_609,21991,100325_CAMISA_ALASKA_609_21991.jpg
100326,CAMISA_ALASKA_609,21992,100326_CAMISA_ALASKA_609_21992.jpg
100327,CAMISA_ALGODON,21993,100327_CAMISA_ALGODON_21993.jpg
100328,CAMISA_ALGODON,21996,100328_CAMISA_ALGODON_21996.jpg
100329,CAMISA_CUADRITOS,21997,100329_CAMISA_CUADRITOS_21997.jpg
100330,CAMISA_CUADRITOS,21998,100330_CAMISA_CUADRITOS_21998.jpg
100331,CAMISA_CUADRITOS,21999,100331_CAMISA_CUADRITOS_21999.jpg
100332,CAMISA_CUADRITOS,22000,100332_CAMISA_CUADRITOS_22000.jpg
100333,CAMISA_CUADROS,22001,100333_CAMISA_CUADROS_22001.jpg
100334,CAMISA_CUADROS,34873,100334_CAMISA_CUADROS_34873.jpg
100335,CAMISA_LISA_ALGODON,22003,100335_CAMISA_LISA_ALGODON_22003.jpg
100336,CAMISA_LISA_ALGODON,22004,100336_CAMISA_LISA_ALGODON_22004.jpg
100337,CAMISA_LISA_ALGODON,22005,100337_CAMISA_LISA_ALGODON_22005.jpg
100338,CAMISA_LISA_ALGODON,22006,100338_CAMISA_LISA_ALGODON_22006.jpg
100339,CAMISA_LISA_ALGODON,22007,100339_CAMISA_LISA_ALGODON_22007.jpg
100340,CAMISA_LISA_ALGODON,22008,100340_CAMISA_LISA_ALGODON_22008.jpg
100341,CAMISA_LISA_ALGODON,22009,100341_CAMISA_LISA_ALGODON_22009.jpg
100342,CAMISA_LISA_ALGODON,22010,100342_CAMISA_LISA_ALGODON_22010.jpg
100343,CAMISA_LISA_ALGODON,22011,100343_CAMISA_LISA_ALGODON_22011.jpg
100344,CAMISA_LISA_ALGODON,22012,100344_CAMISA_LISA_ALGODON_22012.jpg
100345,CAMISA_LISA_LINO,22013,100345_CAMISA_LISA_LINO_22013.jpg
100346,CAMISA_LISA_LINO,22014,100346_CAMISA_LISA_LINO_22014.jpg
100347,CAMISA_LISA_LINO,22015,100347_CAMISA_LISA_LINO_22015.jpg
100348,CAMISA_LISA_LINO,22016,100348_CAMISA_LISA_LINO_22016.jpg
100349,CAMISA_LISA_LINO,22017,100349_CAMISA_LISA_LINO_22017.jpg
100350,CAMISA_LISA_LINO,22018,100350_CAMISA_LISA_LINO_22018.jpg
100351,CAMISA_LISA_LINO,22019,100351_CAMISA_LISA_LINO_22019.jpg
100352,CAMISA_LISA_LINO,22020,100352_CAMISA_LISA_LINO_22020.jpg
100353,CAMISA_LISA_LINO,22021,100353_CAMISA_LISA_LINO_22021.jpg
100354,CAMISA_LISA_LINO,22022,100354_CAMISA_LISA_LINO_22022.jpg
100355,CAMISA_LISA_LINO,22024,100355_CAMISA_LISA_LINO_22024.jpg
100356,CAMISA_LISA_LINO,22028,100356_CAMISA_LISA_LINO_22028.jpg
100357,CAMISA_LISA_LINO,22029,100357_CAMISA_LISA_LINO_22029.jpg
100358,CAMISA_LISA_LINO,22030,100358_CAMISA_LISA_LINO_22030.jpg
100359,CAMISA_LISA_LINO,22031,100359_CAMISA_LISA_LINO_22031.jpg
100360,CAMISA_LISA_LINO,22032,100360_CAMISA_LISA_LINO_22032.jpg
100361,CAMISA_MULTIRAYAS,22033,100361_CAMISA_MULTIRAYAS_22033.jpg
100362,CAMISA_MULTIRAYAS,22034,100362_CAMISA_MULTIRAYAS_22034.jpg
100363,CAMISA_MULTIRAYAS,22035,100363_CAMISA_MULTIRAYAS_22035.jpg
100364,CAMISA_RAYADA,22036,100364_CAMISA_RAYADA_22036.jpg
100365,CAMISA_RAYADA,22037,100365_CAMISA_RAYADA_22037.jpg
100366,CAMISA_RAYADA,22038,100366_CAMISA_RAYADA_22038.jpg
100367,CAMISA_RAYITAS,22039,100367_CAMISA_RAYITAS_22039.jpg
100368,CAMISA_RAYITAS,22040,100368_CAMISA_RAYITAS_22040.jpg
100369,CAMISA_RAYITAS,22041,100369_CAMISA_RAYITAS_22041.jpg
100370,CAMISA_RAYITAS,22042,100370_CAMISA_RAYITAS_22042.jpg
100371,CAMISA_RAYITAS,22043,100371_CAMISA_RAYITAS_22043.jpg
100372,CAMISA_RENZO,22044,100372_CAMISA_RENZO_22044.jpg
100373,CAMISA_RENZO,22045,100373_CAMISA_RENZO_22045.jpg
100374,CAMISA_RENZO,22046,100374_CAMISA_RENZO_22046.jpg
100375,CAMISA_RENZO,22047,100375_CAMISA_RENZO_22047.jpg
100376,CAMISA_RENZO,22048,100376_CAMISA_RENZO_22048.jpg
100377,CAMISA_TRAMA,22049,100377_CAMISA_TRAMA_22049.jpg
100378,CAMISA_TRAMA,22050,100378_CAMISA_TRAMA_22050.jpg
100379,CAMISA_TRAMA,22051,100379_CAMISA_TRAMA_22051.jpg
100380,CAMISA_TRAMA,22052,100380_CAMISA_TRAMA_22052.jpg
100381,CAMPERA_ALBERTO,22055,100381_CAMPERA_ALBERTO_22055.jpg
100382,CAMPERA_ALBERTO,22056,100382_CAMPERA_ALBERTO_22056.jpg
100383,CAMPERA_ALBERTO,22057,100383_CAMPERA_ALBERTO_22057.jpg
100384,CAMPERA_ALBERTO,22058,100384_CAMPERA_ALBERTO_22058.jpg
100385,CAMPERA_ALBERTO,22059,100385_CAMPERA_ALBERTO_22059.jpg
100386,CAMPERA_ALBERTO,22060,100386_CAMPERA_ALBERTO_22060.jpg
100387,CAMPERA_CHANDRA,22062,100387_CAMPERA_CHANDRA_22062.jpg
100388,CAMPERA_CHANDRA,22063,100388_CAMPERA_CHANDRA_22063.jpg
100389,CAMPERA_CHANDRA,22064,100389_CAMPERA_CHANDRA_22064.jpg
100390,CAMPERA_CHANDRA,22065,100390_CAMPERA_CHANDRA_22065.jpg
100391,CAMPERA_CHANDRA,22067,100391_CAMPERA_CHANDRA_22067.jpg
100392,CAMPERA_CHANDRA,22068,100392_CAMPERA_CHANDRA_22068.jpg
100393,CAMPERA_CHANDRA,22069,100393_CAMPERA_CHANDRA_22069.jpg
100394,CAMPERA_CHANDRA,22070,100394_CAMPERA_CHANDRA_22070.jpg
100395,CAMPERA_CHANDRA,22071,100395_CAMPERA_CHANDRA_22071.jpg
100396,CAMPERA_CHANDRA,22072,100396_CAMPERA_CHANDRA_22072.jpg
100397,CAMPERA_CHANDRA,22073,100397_CAMPERA_CHANDRA_22073.jpg
100398,CAMPERA_CHANDRA,22074,100398_CAMPERA_CHANDRA_22074.jpg
100399,CAMPERA_CHANDRA,22075,100399_CAMPERA_CHANDRA_22075.jpg
100400,CAMPERA_CHANDRA,22076,100400_CAMPERA_CHANDRA_22076.jpg
100401,CAMPERA_CHANDRA,22077,100401_CAMPERA_CHANDRA_22077.jpg
100402,CAMPERA_CHANDRA,22078,100402_CAMPERA_CHANDRA_22078.jpg
100403,CAMPERA_CHANDRA,22079,100403_CAMPERA_CHANDRA_22079.jpg
100404,CAMPERA_CHANDRA,22080,100404_CAMPERA_CHANDRA_22080.jpg
100405,CAMPERA_CRISTINA,22081,100405_CAMPERA_CRISTINA_22081.jpg
100406,CAMPERA_CRISTINA,22083,100406_CAMPERA_CRISTINA_22083.jpg
100407,CAMPERA_CRISTINA,22086,100407_CAMPERA_CRISTINA_22086.jpg
100408,CAMPERA_CRISTINA,22087,100408_CAMPERA_CRISTINA_22087.jpg
100409,CAMPERA_CRISTINA,22089,100409_CAMPERA_CRISTINA_22089.jpg
100410,CAMPERA_CRISTINA,22092,100410_CAMPERA_CRISTINA_22092.jpg
100411,CAMPERA_CRUX,22095,100411_CAMPERA_CRUX_22095.jpg
100412,CAMPERA_CRUX,22096,100412_CAMPERA_CRUX_22096.jpg
100413,CAMPERA_CRUX,22097,100413_CAMPERA_CRUX_22097.jpg
100414,CAMPERA_JAVIER,22099,100414_CAMPERA_JAVIER_22099.jpg
100415,CAMPERA_JAVIER,22100,100415_CAMPERA_JAVIER_22100.jpg
100416,CAMPERA_JAVIER,22101,100416_CAMPERA_JAVIER_22101.jpg
100417,CAMPERA_SKI_C_CIERRE,22102,100417_CAMPERA_SKI_C_CIERRE_22102.jpg
100418,CAMPERA_SKI_C_CIERRE,22105,100418_CAMPERA_SKI_C_CIERRE_22105.jpg
100419,CAMPERA_VIR,22106,100419_CAMPERA_VIR_22106.jpg
100420,CAMPERA_VIR,22107,100420_CAMPERA_VIR_22107.jpg
100421,CARRY_ON_FRED,20690,100421_CARRY_ON_FRED_20690.jpg
100422,CARRY_ON_JAMES,20691,100422_CARRY_ON_JAMES_20691.jpg
100423,CARRY_ON_JAMES,20692,100423_CARRY_ON_JAMES_20692.jpg
100424,CARTERA_ACONCAGUA,20693,100424_CARTERA_ACONCAGUA_20693.jpg
100425,CARTERA_ACONCAGUA,20694,100425_CARTERA_ACONCAGUA_20694.jpg
100426,CARTERA_ACONCAGUA,20695,100426_CARTERA_ACONCAGUA_20695.jpg
100427,CARTERA_ACONCAGUA,20696,100427_CARTERA_ACONCAGUA_20696.jpg
100428,CARTERA_ACONCAGUA,20697,100428_CARTERA_ACONCAGUA_20697.jpg
100429,CARTERA_ACONCAGUA,20698,100429_CARTERA_ACONCAGUA_20698.jpg
100430,CARTERA_ACONCAGUA,20699,100430_CARTERA_ACONCAGUA_20699.jpg
100431,CARTERA_ACONCAGUA,20703,100431_CARTERA_ACONCAGUA_20703.jpg
100432,CARTERA_AMANDA,20707,100432_CARTERA_AMANDA_20707.jpg
100433,CARTERA_AMARILLA_C_CIERRE,20708,100433_CARTERA_AMARILLA_C_CIERRE_20708.jpg
100434,CARTERA_AMARILLA_C_CIERRE,20709,100434_CARTERA_AMARILLA_C_CIERRE_20709.jpg
100435,CARTERA_AMARILLA_C_CIERRE,20710,100435_CARTERA_AMARILLA_C_CIERRE_20710.jpg
100436,CARTERA_AMARILLA_C_CIERRE,20711,100436_CARTERA_AMARILLA_C_CIERRE_20711.jpg
100437,CARTERA_AMARILLA_C_CIERRE,20712,100437_CARTERA_AMARILLA_C_CIERRE_20712.jpg
100438,CARTERA_AMARILLA_SET_SOBRE,20718,100438_CARTERA_AMARILLA_SET_SOBRE_20718.jpg
100439,CARTERA_AMARILLA_SET_SOBRE,20720,100439_CARTERA_AMARILLA_SET_SOBRE_20720.jpg
100440,CARTERA_AMARILLA_SET_SOBRE,20725,100440_CARTERA_AMARILLA_SET_SOBRE_20725.jpg
100441,CARTERA_AMARILLA_SET_SOBRE,20727,100441_CARTERA_AMARILLA_SET_SOBRE_20727.jpg
100442,CARTERA_AMARILLA_SET_SOBRE,20729,100442_CARTERA_AMARILLA_SET_SOBRE_20729.jpg
100443,CARTERA_AMARILLA_SET_SOBRE,20730,100443_CARTERA_AMARILLA_SET_SOBRE_20730.jpg
100444,CARTERA_AMARILLA_SET_SOBRE,20731,100444_CARTERA_AMARILLA_SET_SOBRE_20731.jpg
100445,CARTERA_AMARILLA_SET_SOBRE,20732,100445_CARTERA_AMARILLA_SET_SOBRE_20732.jpg
100446,CARTERA_AMARILLA_SET_SOBRE,20738,100446_CARTERA_AMARILLA_SET_SOBRE_20738.jpg
100447,CARTERA_AMARILLA_SET_SOBRE,20761,100447_CARTERA_AMARILLA_SET_SOBRE_20761.jpg
100448,CARTERA_AMARILLA_SET_SOBRE,20776,100448_CARTERA_AMARILLA_SET_SOBRE_20776.jpg
100449,CARTERA_AMARILLA_SET_SOBRE,20779,100449_CARTERA_AMARILLA_SET_SOBRE_20779.jpg
100450,CARTERA_AMARILLA_SET_SOBRE,20791,100450_CARTERA_AMARILLA_SET_SOBRE_20791.jpg
100451,CARTERA_AMARILLA_SET_SOBRE,20796,100451_CARTERA_AMARILLA_SET_SOBRE_20796.jpg
100452,CARTERA_AMARILLA_SET_SOBRE,20798,100452_CARTERA_AMARILLA_SET_SOBRE_20798.jpg
100453,CARTERA_AMARILLA_SET_SOBRE,20802,100453_CARTERA_AMARILLA_SET_SOBRE_20802.jpg
100454,CARTERA_AMARILLA_SET_SOBRE,20811,100454_CARTERA_AMARILLA_SET_SOBRE_20811.jpg
100455,CARTERA_AMARILLA_SET_SOBRE,20813,100455_CARTERA_AMARILLA_SET_SOBRE_20813.jpg
100456,CARTERA_AMARILLA_SET_SOBRE,20816,100456_CARTERA_AMARILLA_SET_SOBRE_20816.jpg
100457,CARTERA_AMARILLA_SET_SOBRE,20819,100457_CARTERA_AMARILLA_SET_SOBRE_20819.jpg
100458,CARTERA_AMARILLA_SET_SOBRE,20837,100458_CARTERA_AMARILLA_SET_SOBRE_20837.jpg
100459,CARTERA_AMARILLA_SET_SOBRE,20841,100459_CARTERA_AMARILLA_SET_SOBRE_20841.jpg
100460,CARTERA_AMARILLA_SET_SOBRE,20848,100460_CARTERA_AMARILLA_SET_SOBRE_20848.jpg
100461,CARTERA_AMARILLA_SET_SOBRE,20849,100461_CARTERA_AMARILLA_SET_SOBRE_20849.jpg
100462,CARTERA_AMARILLA_SET_SOBRE,20852,100462_CARTERA_AMARILLA_SET_SOBRE_20852.jpg
100463,CARTERA_AMARILLA_SET_SOBRE,20868,100463_CARTERA_AMARILLA_SET_SOBRE_20868.jpg
100464,CARTERA_AMARILLA_SET_SOBRE,20871,100464_CARTERA_AMARILLA_SET_SOBRE_20871.jpg
100465,CARTERA_AMARILLA_SET_SOBRE_BIFAZ,20881,100465_CARTERA_AMARILLA_SET_SOBRE_BIFAZ_20881.jpg
100466,CARTERA_AMARILLA_SET_SOBRE_BIFAZ,20882,100466_CARTERA_AMARILLA_SET_SOBRE_BIFAZ_20882.jpg
100467,CARTERA_AMARILLA_SET_SOBRE_BIFAZ,20883,100467_CARTERA_AMARILLA_SET_SOBRE_BIFAZ_20883.jpg
100468,CARTERA_APHOLO_C_CIERRE,20884,100468_CARTERA_APHOLO_C_CIERRE_20884.jpg
100469,CARTERA_APHOLO_C_CIERRE,20886,100469_CARTERA_APHOLO_C_CIERRE_20886.jpg
100470,CARTERA_APHOLO_C_CIERRE,20887,100470_CARTERA_APHOLO_C_CIERRE_20887.jpg
100471,CARTERA_APHOLO_C_CIERRE,20888,100471_CARTERA_APHOLO_C_CIERRE_20888.jpg
100472,CARTERA_APHOLO_C_CIERRE,20889,100472_CARTERA_APHOLO_C_CIERRE_20889.jpg
100473,CARTERA_APHOLO_C_CIERRE,20891,100473_CARTERA_APHOLO_C_CIERRE_20891.jpg
100474,CARTERA_APHOLO_SET_SOBRE,20896,100474_CARTERA_APHOLO_SET_SOBRE_20896.jpg
100475,CARTERA_APHOLO_SET_SOBRE,20897,100475_CARTERA_APHOLO_SET_SOBRE_20897.jpg
100476,CARTERA_APHOLO_SET_SOBRE,20898,100476_CARTERA_APHOLO_SET_SOBRE_20898.jpg
100477,CARTERA_APHOLO_SET_SOBRE,20899,100477_CARTERA_APHOLO_SET_SOBRE_20899.jpg
100478,CARTERA_BAULITO,20902,100478_CARTERA_BAULITO_20902.jpg
100479,CARTERA_BAULITO,20904,100479_CARTERA_BAULITO_20904.jpg
100480,CARTERA_BAULITO,20905,100480_CARTERA_BAULITO_20905.jpg
100481,CARTERA_BAULITO,20906,100481_CARTERA_BAULITO_20906.jpg
100482,CARTERA_BAULITO,20910,100482_CARTERA_BAULITO_20910.jpg
100483,CARTERA_BAULITO,20912,100483_CARTERA_BAULITO_20912.jpg
100484,CARTERA_BAULITO,20917,100484_CARTERA_BAULITO_20917.jpg
100485,CARTERA_BAULITO,20918,100485_CARTERA_BAULITO_20918.jpg
100486,CARTERA_BAULITO,20920,100486_CARTERA_BAULITO_20920.jpg
100487,CARTERA_BAULITO,20922,100487_CARTERA_BAULITO_20922.jpg
100488,CARTERA_BAULITO,20923,100488_CARTERA_BAULITO_20923.jpg
100489,CARTERA_BAULITO,20925,100489_CARTERA_BAULITO_20925.jpg
100490,CARTERA_BAULITO,20931,100490_CARTERA_BAULITO_20931.jpg
100491,CARTERA_BAULITO,20940,100491_CARTERA_BAULITO_20940.jpg
100492,CARTERA_CHALTEN,20945,100492_CARTERA_CHALTEN_20945.jpg
100493,CARTERA_CHALTEN,20946,100493_CARTERA_CHALTEN_20946.jpg
100494,CARTERA_CHALTEN,20947,100494_CARTERA_CHALTEN_20947.jpg
100495,CARTERA_CHALTEN,20948,100495_CARTERA_CHALTEN_20948.jpg
100496,CARTERA_CHALTEN,20949,100496_CARTERA_CHALTEN_20949.jpg
100497,CARTERA_CHALTEN,20950,100497_CARTERA_CHALTEN_20950.jpg
100498,CARTERA_CHALTEN,20951,100498_CARTERA_CHALTEN_20951.jpg
100499,CARTERA_CHALTEN,20952,100499_CARTERA_CHALTEN_20952.jpg
100500,CARTERA_CHALTEN,20954,100500_CARTERA_CHALTEN_20954.jpg
100501,CARTERA_CHALTEN,20962,100501_CARTERA_CHALTEN_20962.jpg
100502,CARTERA_DOS_HEBILLAS_NEW,20966,100502_CARTERA_DOS_HEBILLAS_NEW_20966.jpg
100503,CARTERA_DOS_HEBILLAS_NEW,20968,100503_CARTERA_DOS_HEBILLAS_NEW_20968.jpg
100504,CARTERA_DOS_HEBILLAS_NEW,20970,100504_CARTERA_DOS_HEBILLAS_NEW_20970.jpg
100505,CARTERA_DOS_HEBILLAS_NEW,20972,100505_CARTERA_DOS_HEBILLAS_NEW_20972.jpg
100506,CARTERA_DOS_HEBILLAS_NEW,20973,100506_CARTERA_DOS_HEBILLAS_NEW_20973.jpg
100507,CARTERA_DOS_HEBILLAS_NEW,20974,100507_CARTERA_DOS_HEBILLAS_NEW_20974.jpg
100508,CARTERA_DOS_HEBILLAS_NEW,20976,100508_CARTERA_DOS_HEBILLAS_NEW_20976.jpg
100509,CARTERA_DOS_HEBILLAS_NEW,20978,100509_CARTERA_DOS_HEBILLAS_NEW_20978.jpg
100510,CARTERA_DOS_HEBILLAS_NEW,20980,100510_CARTERA_DOS_HEBILLAS_NEW_20980.jpg
100511,CARTERA_EMILIA,20983,100511_CARTERA_EMILIA_20983.jpg
100512,CARTERA_EMILIA,20986,100512_CARTERA_EMILIA_20986.jpg
100513,CARTERA_EMILIA,20987,100513_CARTERA_EMILIA_20987.jpg
100514,CARTERA_EMILIA,20988,100514_CARTERA_EMILIA_20988.jpg
100515,CARTERA_EMILIA,20989,100515_CARTERA_EMILIA_20989.jpg
100516,CARTERA_HARPER,20990,100516_CARTERA_HARPER_20990.jpg
100517,CARTERA_HARPER,20991,100517_CARTERA_HARPER_20991.jpg
100518,CARTERA_HARPER,20992,100518_CARTERA_HARPER_20992.jpg
100519,CARTERA_INES,20993,100519_CARTERA_INES_20993.jpg
100520,CARTERA_INES,20996,100520_CARTERA_INES_20996.jpg
100521,CARTERA_INES,20997,100521_CARTERA_INES_20997.jpg
100522,CARTERA_INES,20999,100522_CARTERA_INES_20999.jpg
100523,CARTERA_INES,21000,100523_CARTERA_INES_21000.jpg
100524,CARTERA_JUSTINA,21003,100524_CARTERA_JUSTINA_21003.jpg
100525,CARTERA_JUSTINA,21004,100525_CARTERA_JUSTINA_21004.jpg
100526,CARTERA_JUSTINA,21005,100526_CARTERA_JUSTINA_21005.jpg
100527,CARTERA_KALI,21006,100527_CARTERA_KALI_21006.jpg
100528,CARTERA_KALI,21007,100528_CARTERA_KALI_21007.jpg
100529,CARTERA_LEANDRA,21010,100529_CARTERA_LEANDRA_21010.jpg
100530,CARTERA_LEANDRA,21013,100530_CARTERA_LEANDRA_21013.jpg
100531,CARTERA_LEANDRA,21014,100531_CARTERA_LEANDRA_21014.jpg
100532,CARTERA_LEANDRA,21015,100532_CARTERA_LEANDRA_21015.jpg
100533,CARTERA_LEANDRA,21016,100533_CARTERA_LEANDRA_21016.jpg
100534,CARTERA_LEANDRA,21017,100534_CARTERA_LEANDRA_21017.jpg
100535,CARTERA_LISBOA,21026,100535_CARTERA_LISBOA_21026.jpg
100536,CARTERA_LISBOA,21037,100536_CARTERA_LISBOA_21037.jpg
100537,CARTERA_LISBOA,21048,100537_CARTERA_LISBOA_21048.jpg
100538,CARTERA_LISBOA,41884,100538_CARTERA_LISBOA_41884.jpg
100539,CARTERA_LISBOA,21053,100539_CARTERA_LISBOA_21053.jpg
100540,CARTERA_LISBOA,21054,100540_CARTERA_LISBOA_21054.jpg
100541,CARTERA_LISBOA,21057,100541_CARTERA_LISBOA_21057.jpg
100542,CARTERA_LISBOA,21058,100542_CARTERA_LISBOA_21058.jpg
100543,CARTERA_LISBOA,21059,100543_CARTERA_LISBOA_21059.jpg
100544,CARTERA_LISBOA,21062,100544_CARTERA_LISBOA_21062.jpg
100545,CARTERA_LISBOA,21064,100545_CARTERA_LISBOA_21064.jpg
100546,CARTERA_LISBOA,21066,100546_CARTERA_LISBOA_21066.jpg
100547,CARTERA_LISBOA,21071,100547_CARTERA_LISBOA_21071.jpg
100548,CARTERA_LISBOA,21075,100548_CARTERA_LISBOA_21075.jpg
100549,CARTERA_LISBOA,21076,100549_CARTERA_LISBOA_21076.jpg
100550,CARTERA_LISBOA,21079,100550_CARTERA_LISBOA_21079.jpg
100551,CARTERA_LISBOA,21081,100551_CARTERA_LISBOA_21081.jpg
100552,CARTERA_LISBOA,21085,100552_CARTERA_LISBOA_21085.jpg
100553,CARTERA_LISBOA,21086,100553_CARTERA_LISBOA_21086.jpg
100554,CARTERA_LISBOA,21090,100554_CARTERA_LISBOA_21090.jpg
100555,CARTERA_LISBOA,21091,100555_CARTERA_LISBOA_21091.jpg
100556,NECESSAIRE_LANIN,38400,100556_NECESSAIRE_LANIN_38400.jpg
100557,ARMA_TU_LOOK,37430,100557_ARMA_TU_LOOK_37430.jpg
100558,CARTERA_LONDRES,21095,100558_CARTERA_LONDRES_21095.jpg
100559,CARTERA_LONDRES,21096,100559_CARTERA_LONDRES_21096.jpg
100560,CARTERA_LONDRES,21097,100560_CARTERA_LONDRES_21097.jpg
100561,CARTERA_LONDRES,21098,100561_CARTERA_LONDRES_21098.jpg
100562,CARTERA_LONDRES,21106,100562_CARTERA_LONDRES_21106.jpg
100563,CARTERA_MINI_APHOLO_C_CIERRE,21107,100563_CARTERA_MINI_APHOLO_C_CIERRE_21107.jpg
100564,CARTERA_MINI_APHOLO_C_CIERRE,21109,100564_CARTERA_MINI_APHOLO_C_CIERRE_21109.jpg
100565,CARTERA_MINI_APHOLO_C_CIERRE,21110,100565_CARTERA_MINI_APHOLO_C_CIERRE_21110.jpg
100566,CARTERA_MINI_APHOLO_C_CIERRE,21111,100566_CARTERA_MINI_APHOLO_C_CIERRE_21111.jpg
100567,CARTERA_MINI_APHOLO_C_CIERRE,21112,100567_CARTERA_MINI_APHOLO_C_CIERRE_21112.jpg
100568,CARTERA_MINI_APHOLO_C_CIERRE,21114,100568_CARTERA_MINI_APHOLO_C_CIERRE_21114.jpg
100569,CARTERA_MINI_APHOLO_SET_SOBRE,21119,100569_CARTERA_MINI_APHOLO_SET_SOBRE_21119.jpg
100570,CARTERA_MINI_APHOLO_SET_SOBRE,21120,100570_CARTERA_MINI_APHOLO_SET_SOBRE_21120.jpg
100571,CARTERA_MINI_APHOLO_SET_SOBRE,21121,100571_CARTERA_MINI_APHOLO_SET_SOBRE_21121.jpg
100572,CARTERA_MINI_APHOLO_SET_SOBRE,21122,100572_CARTERA_MINI_APHOLO_SET_SOBRE_21122.jpg
100573,CARTERA_MINI_APHOLO_SET_SOBRE,21123,100573_CARTERA_MINI_APHOLO_SET_SOBRE_21123.jpg
100574,CARTERA_MINI_APHOLO_SET_SOBRE,21124,100574_CARTERA_MINI_APHOLO_SET_SOBRE_21124.jpg
100575,CARTERA_MINI_APHOLO_SET_SOBRE,21125,100575_CARTERA_MINI_APHOLO_SET_SOBRE_21125.jpg
100576,CARTERA_MINI_APHOLO_SET_SOBRE,21140,100576_CARTERA_MINI_APHOLO_SET_SOBRE_21140.jpg
100577,CARTERA_MINI_APHOLO_SET_SOBRE,21141,100577_CARTERA_MINI_APHOLO_SET_SOBRE_21141.jpg
100578,CARTERA_MINI_APHOLO_SET_SOBRE,21142,100578_CARTERA_MINI_APHOLO_SET_SOBRE_21142.jpg
100579,CARTERA_MINI_APHOLO_SET_SOBRE,21143,100579_CARTERA_MINI_APHOLO_SET_SOBRE_21143.jpg
100580,CARTERA_MINI_APHOLO_SET_SOBRE,21144,100580_CARTERA_MINI_APHOLO_SET_SOBRE_21144.jpg
100581,CARTERA_MINI_APHOLO_SET_SOBRE,21145,100581_CARTERA_MINI_APHOLO_SET_SOBRE_21145.jpg
100582,CARTERA_MINI_APHOLO_SET_SOBRE,21152,100582_CARTERA_MINI_APHOLO_SET_SOBRE_21152.jpg
100583,CARTERA_MINI_EMMA,21158,100583_CARTERA_MINI_EMMA_21158.jpg
100584,CARTERA_MINI_EMMA,21159,100584_CARTERA_MINI_EMMA_21159.jpg
100585,CARTERA_MINI_EMMA,21160,100585_CARTERA_MINI_EMMA_21160.jpg
100586,CARTERA_MINI_EMMA,21161,100586_CARTERA_MINI_EMMA_21161.jpg
100587,CARTERA_MINI_EMMA,21162,100587_CARTERA_MINI_EMMA_21162.jpg
100588,CARTERA_KALI,38405,100588_CARTERA_KALI_38405.jpg
100589,CARTERA_VERA,21164,100589_CARTERA_VERA_21164.jpg
100590,CARTERA_VERA,21165,100590_CARTERA_VERA_21165.jpg
100591,CARTERA_YARA,21166,100591_CARTERA_YARA_21166.jpg
100592,CARTERA_YARA,21167,100592_CARTERA_YARA_21167.jpg
100593,CARTERA_YARA,21168,100593_CARTERA_YARA_21168.jpg
100594,CARTERA_YARA,21169,100594_CARTERA_YARA_21169.jpg
100595,CARTERA_YARA,21170,100595_CARTERA_YARA_21170.jpg
100596,CARTERA_YARA,21171,100596_CARTERA_YARA_21171.jpg
100597,CARTERA_YARA,21174,100597_CARTERA_YARA_21174.jpg
100598,CARTERA_YARA,21176,100598_CARTERA_YARA_21176.jpg
100599,CARTERA_YARA,21186,100599_CARTERA_YARA_21186.jpg
100600,CARTUCHERA_MONT,21666,100600_CARTUCHERA_MONT_21666.jpg
100601,CARTUCHERA_MONT,21667,100601_CARTUCHERA_MONT_21667.jpg
100602,CARTUCHERA_MONT,21670,100602_CARTUCHERA_MONT_21670.jpg
100603,CARTUCHERA_MONT,21672,100603_CARTUCHERA_MONT_21672.jpg
100604,CARTUCHERA_MONT,21673,100604_CARTUCHERA_MONT_21673.jpg
100605,CARTUCHERA_MONT,21674,100605_CARTUCHERA_MONT_21674.jpg
100606,CARTUCHERA_MONT,21675,100606_CARTUCHERA_MONT_21675.jpg
100607,CARTUCHERA_MONT,21682,100607_CARTUCHERA_MONT_21682.jpg
100608,CARTUCHERA_MONT,21686,100608_CARTUCHERA_MONT_21686.jpg
100609,CARTUCHERA_MONT,21695,100609_CARTUCHERA_MONT_21695.jpg
100610,CARTUCHERA_MONT,21698,100610_CARTUCHERA_MONT_21698.jpg
100611,CARTUCHERA_MONT,21699,100611_CARTUCHERA_MONT_21699.jpg
100612,CARTUCHERA_MONT,21701,100612_CARTUCHERA_MONT_21701.jpg
100613,CARTUCHERA_MONT_FULL_BLACK,21706,100613_CARTUCHERA_MONT_FULL_BLACK_21706.jpg
100614,CHALECO_PRATTO,22108,100614_CHALECO_PRATTO_22108.jpg
100615,CHALECO_PRATTO,22111,100615_CHALECO_PRATTO_22111.jpg
100616,CHALINA_EXEDRA,22112,100616_CHALINA_EXEDRA_22112.jpg
100617,CHALINA_EXEDRA,22113,100617_CHALINA_EXEDRA_22113.jpg
100618,CHALINA_EXEDRA,22114,100618_CHALINA_EXEDRA_22114.jpg
100619,CHALINA_EXEDRA,22115,100619_CHALINA_EXEDRA_22115.jpg
100620,CHALINA_EXEDRA,22116,100620_CHALINA_EXEDRA_22116.jpg
100621,CHALINA_EXEDRA,22117,100621_CHALINA_EXEDRA_22117.jpg
100622,CHOMBA_POLO_NAOS,22118,100622_CHOMBA_POLO_NAOS_22118.jpg
100623,CHOMBA_POLO_NAOS,22119,100623_CHOMBA_POLO_NAOS_22119.jpg
100624,CHOMBA_POLO_NAOS,22120,100624_CHOMBA_POLO_NAOS_22120.jpg
100625,CHOMBA_POLO_NAOS,22121,100625_CHOMBA_POLO_NAOS_22121.jpg
100626,CHOMBA_POLO_NAOS,22122,100626_CHOMBA_POLO_NAOS_22122.jpg
100627,CHOMBA_POLO_NAOS,22123,100627_CHOMBA_POLO_NAOS_22123.jpg
100628,CHOMBA_POLO_NAOS,22124,100628_CHOMBA_POLO_NAOS_22124.jpg
100629,CHOMBA_POLO_NAOS,22125,100629_CHOMBA_POLO_NAOS_22125.jpg
100630,CHOMBA_POLO_NAOS,22126,100630_CHOMBA_POLO_NAOS_22126.jpg
100631,CHOMBA_POLO_NAOS,22127,100631_CHOMBA_POLO_NAOS_22127.jpg
100632,CHOMBA_POLO_NAOS,22128,100632_CHOMBA_POLO_NAOS_22128.jpg
100633,CHOMBA_POLO_NAOS,22129,100633_CHOMBA_POLO_NAOS_22129.jpg
100634,CHOMBA_POLO_NAOS,22130,100634_CHOMBA_POLO_NAOS_22130.jpg
100635,CHOMBA_POLO_NAOS,22131,100635_CHOMBA_POLO_NAOS_22131.jpg
100636,CHOMBA_POLO_NAOS,22132,100636_CHOMBA_POLO_NAOS_22132.jpg
100637,CHOMBA_POLO_NAOS,22133,100637_CHOMBA_POLO_NAOS_22133.jpg
100638,CHOMBA_POLO_NAOS,22134,100638_CHOMBA_POLO_NAOS_22134.jpg
100639,CHOMBA_POLO_NAOS,22135,100639_CHOMBA_POLO_NAOS_22135.jpg
100640,CHOMBA_POLO_NAOS,22136,100640_CHOMBA_POLO_NAOS_22136.jpg
100641,CHOMBA_POLO_NAOS,22137,100641_CHOMBA_POLO_NAOS_22137.jpg
100642,CHOMBA_POLO_NAOS,22138,100642_CHOMBA_POLO_NAOS_22138.jpg
100643,CHOMBA_POLO_NAOS,22139,100643_CHOMBA_POLO_NAOS_22139.jpg
100644,CHOMBA_POLO_NAOS,22140,100644_CHOMBA_POLO_NAOS_22140.jpg
100645,CHOMBA_POLO_NAOS,22141,100645_CHOMBA_POLO_NAOS_22141.jpg
100646,CINTURON_ALFO,19140,100646_CINTURON_ALFO_19140.jpg
100647,CINTURON_ALFO,19141,100647_CINTURON_ALFO_19141.jpg
100648,CINTURON_ALFO,19142,100648_CINTURON_ALFO_19142.jpg
100649,CINTURON_ALFO,19143,100649_CINTURON_ALFO_19143.jpg
100650,CINTURON_ALFO,19144,100650_CINTURON_ALFO_19144.jpg
100651,CINTURON_ALFO,19145,100651_CINTURON_ALFO_19145.jpg
100652,CINTURON_ESPIGA,19146,100652_CINTURON_ESPIGA_19146.jpg
100653,CINTURON_ESPIGA,19147,100653_CINTURON_ESPIGA_19147.jpg
100654,CINTURON_ESPIGA,19148,100654_CINTURON_ESPIGA_19148.jpg
100655,CINTURON_ESPIGA,19149,100655_CINTURON_ESPIGA_19149.jpg
100656,CINTURON_ESPIGA,19150,100656_CINTURON_ESPIGA_19150.jpg
100657,CINTURON_ESPIGA,19151,100657_CINTURON_ESPIGA_19151.jpg
100658,CINTURON_ESPIGA,19152,100658_CINTURON_ESPIGA_19152.jpg
100659,CINTURON_ESPIGA,19153,100659_CINTURON_ESPIGA_19153.jpg
100660,CINTURON_ESPIGA,19154,100660_CINTURON_ESPIGA_19154.jpg
100661,CINTURON_ESPIGA,19156,100661_CINTURON_ESPIGA_19156.jpg
100662,CINTURON_ESPIGA,19157,100662_CINTURON_ESPIGA_19157.jpg
100663,CINTURON_ESPIGA,19158,100663_CINTURON_ESPIGA_19158.jpg
100664,CINTURON_ESPIGA,19159,100664_CINTURON_ESPIGA_19159.jpg
100665,CINTURON_ESPIGA,19160,100665_CINTURON_ESPIGA_19160.jpg
100666,CINTURON_ESPIGA,19161,100666_CINTURON_ESPIGA_19161.jpg
100667,CINTURON_FLORA_1,19162,100667_CINTURON_FLORA_1_19162.jpg
100668,CINTURON_FLORA_1,19163,100668_CINTURON_FLORA_1_19163.jpg
100669,CINTURON_FLORA_1,19164,100669_CINTURON_FLORA_1_19164.jpg
100670,CINTURON_FLORA_1,19165,100670_CINTURON_FLORA_1_19165.jpg
100671,CINTURON_FLORA_1,19166,100671_CINTURON_FLORA_1_19166.jpg
100672,CINTURON_FLORA_1,19167,100672_CINTURON_FLORA_1_19167.jpg
100673,CINTURON_FLORA_1,19168,100673_CINTURON_FLORA_1_19168.jpg
100674,CINTURON_FLORA_1,19169,100674_CINTURON_FLORA_1_19169.jpg
100675,CINTURON_FLORA_1,19170,100675_CINTURON_FLORA_1_19170.jpg
100676,CINTURON_FLORA_1,19171,100676_CINTURON_FLORA_1_19171.jpg
100677,CINTURON_FLORA_2,19172,100677_CINTURON_FLORA_2_19172.jpg
100678,CINTURON_FLORA_2,19173,100678_CINTURON_FLORA_2_19173.jpg
100679,CINTURON_FLORA_2,19174,100679_CINTURON_FLORA_2_19174.jpg
100680,CINTURON_FLORA_2,19175,100680_CINTURON_FLORA_2_19175.jpg
100681,CINTURON_FLORA_2,19176,100681_CINTURON_FLORA_2_19176.jpg
100682,CINTURON_FLORA_2,19177,100682_CINTURON_FLORA_2_19177.jpg
100683,CINTURON_FLORA_2,19178,100683_CINTURON_FLORA_2_19178.jpg
100684,CINTURON_FLORA_2,19179,100684_CINTURON_FLORA_2_19179.jpg
100685,CINTURON_FLORA_2,19180,100685_CINTURON_FLORA_2_19180.jpg
100686,CINTURON_FLORA_2,19181,100686_CINTURON_FLORA_2_19181.jpg
100687,CINTURON_GUS,19182,100687_CINTURON_GUS_19182.jpg
100688,CINTURON_GUS,19183,100688_CINTURON_GUS_19183.jpg
100689,CINTURON_GUS,19184,100689_CINTURON_GUS_19184.jpg
100690,CINTURON_GUS,19186,100690_CINTURON_GUS_19186.jpg
100691,CINTURON_GUS,19187,100691_CINTURON_GUS_19187.jpg
100692,CINTURON_GUS,19188,100692_CINTURON_GUS_19188.jpg
100693,CINTURON_GUS,19189,100693_CINTURON_GUS_19189.jpg
100694,CINTURON_GUS,19190,100694_CINTURON_GUS_19190.jpg
100695,CINTURON_GUS,19192,100695_CINTURON_GUS_19192.jpg
100696,CINTURON_GUS,19193,100696_CINTURON_GUS_19193.jpg
100697,CINTURON_GUS,19194,100697_CINTURON_GUS_19194.jpg
100698,CINTURON_GUS,19195,100698_CINTURON_GUS_19195.jpg
100699,CINTURON_JAIRO,19196,100699_CINTURON_JAIRO_19196.jpg
100700,CINTURON_JAIRO,19197,100700_CINTURON_JAIRO_19197.jpg
100701,CINTURON_JAIRO,19198,100701_CINTURON_JAIRO_19198.jpg
100702,CINTURON_JAIRO,19199,100702_CINTURON_JAIRO_19199.jpg
100703,CINTURON_JAIRO,19200,100703_CINTURON_JAIRO_19200.jpg
100704,CINTURON_JAIRO,19204,100704_CINTURON_JAIRO_19204.jpg
100705,CINTURON_JAIRO,19205,100705_CINTURON_JAIRO_19205.jpg
100706,CINTURON_LOPA,19206,100706_CINTURON_LOPA_19206.jpg
100707,CINTURON_LOPA,19207,100707_CINTURON_LOPA_19207.jpg
100708,CINTURON_LOPA,19208,100708_CINTURON_LOPA_19208.jpg
100709,CINTURON_LOPA,19209,100709_CINTURON_LOPA_19209.jpg
100710,CINTURON_LOPA,19210,100710_CINTURON_LOPA_19210.jpg
100711,CINTURON_LOPA,19211,100711_CINTURON_LOPA_19211.jpg
100712,CINTURON_LOPA,19212,100712_CINTURON_LOPA_19212.jpg
100713,CINTURON_LOPA,19213,100713_CINTURON_LOPA_19213.jpg
100714,CINTURON_LOPA,19214,100714_CINTURON_LOPA_19214.jpg
100715,CINTURON_LOPA,19215,100715_CINTURON_LOPA_19215.jpg
100716,CINTURON_LOPA,19216,100716_CINTURON_LOPA_19216.jpg
100717,CINTURON_LOPA,19217,100717_CINTURON_LOPA_19217.jpg
100718,CINTURON_LOPA,19218,100718_CINTURON_LOPA_19218.jpg
100719,CINTURON_LOPA,19219,100719_CINTURON_LOPA_19219.jpg
100720,CINTURON_LOPA,19220,100720_CINTURON_LOPA_19220.jpg
100721,CINTURON_LOPA,19221,100721_CINTURON_LOPA_19221.jpg
100722,CINTURON_MIA,19222,100722_CINTURON_MIA_19222.jpg
100723,CINTURON_MIA,19224,100723_CINTURON_MIA_19224.jpg
100724,CINTURON_MIA,19225,100724_CINTURON_MIA_19225.jpg
100725,CINTURON_MIA,19228,100725_CINTURON_MIA_19228.jpg
100726,CINTURON_MIA,19229,100726_CINTURON_MIA_19229.jpg
100727,CINTURON_MIA,19233,100727_CINTURON_MIA_19233.jpg
100728,CINTURON_MIA,19234,100728_CINTURON_MIA_19234.jpg
100729,CINTURON_MIA,19235,100729_CINTURON_MIA_19235.jpg
100730,CINTURON_MIA,19236,100730_CINTURON_MIA_19236.jpg
100731,CINTURON_MIA,19237,100731_CINTURON_MIA_19237.jpg
100732,CINTURON_MIA,19240,100732_CINTURON_MIA_19240.jpg
100733,CINTURON_MIA,19241,100733_CINTURON_MIA_19241.jpg
100734,CINTURON_MIA,19242,100734_CINTURON_MIA_19242.jpg
100735,CINTURON_MIA,19243,100735_CINTURON_MIA_19243.jpg
100736,CINTURON_MIA,19244,100736_CINTURON_MIA_19244.jpg
100737,CINTURON_MIA,19245,100737_CINTURON_MIA_19245.jpg
100738,CINTURON_PANAMA,19246,100738_CINTURON_PANAMA_19246.jpg
100739,CINTURON_PANAMA,19247,100739_CINTURON_PANAMA_19247.jpg
100740,CINTURON_PANAMA,19251,100740_CINTURON_PANAMA_19251.jpg
100741,CINTURON_PANAMA,19252,100741_CINTURON_PANAMA_19252.jpg
100742,CINTURON_PANAMA,19253,100742_CINTURON_PANAMA_19253.jpg
100743,CINTURON_PANAMA,19254,100743_CINTURON_PANAMA_19254.jpg
100744,CINTURON_PANAMA,19255,100744_CINTURON_PANAMA_19255.jpg
100745,CINTURON_PANAMA,19256,100745_CINTURON_PANAMA_19256.jpg
100746,CINTURON_PANAMA,19257,100746_CINTURON_PANAMA_19257.jpg
100747,CINTURON_PANAMA,19258,100747_CINTURON_PANAMA_19258.jpg
100748,CINTURON_PANAMA,19259,100748_CINTURON_PANAMA_19259.jpg
100749,CINTURON_PANAMA,19260,100749_CINTURON_PANAMA_19260.jpg
100750,CINTURON_PANAMA,19261,100750_CINTURON_PANAMA_19261.jpg
100751,CINTURON_PANAMA,19262,100751_CINTURON_PANAMA_19262.jpg
100752,CINTURON_PANAMA,19263,100752_CINTURON_PANAMA_19263.jpg
100753,CINTURON_PANAMA,19264,100753_CINTURON_PANAMA_19264.jpg
100754,CINTURON_PANAMA,19265,100754_CINTURON_PANAMA_19265.jpg
100755,CINTURON_PANAMA,19266,100755_CINTURON_PANAMA_19266.jpg
100756,CINTURON_PANAMA,19267,100756_CINTURON_PANAMA_19267.jpg
100757,CINTURON_PANAMA,19268,100757_CINTURON_PANAMA_19268.jpg
100758,CINTURON_PANAMA,19269,100758_CINTURON_PANAMA_19269.jpg
100759,CINTURON_PAO,19270,100759_CINTURON_PAO_19270.jpg
100760,CINTURON_PAO,19271,100760_CINTURON_PAO_19271.jpg
100761,CINTURON_PAO_COMBINADO,19272,100761_CINTURON_PAO_COMBINADO_19272.jpg
100762,CINTURON_PAO_COMBINADO,19273,100762_CINTURON_PAO_COMBINADO_19273.jpg
100763,CINTURON_REX,19274,100763_CINTURON_REX_19274.jpg
100764,CINTURON_REX,19275,100764_CINTURON_REX_19275.jpg
100765,CINTURON_REX,19276,100765_CINTURON_REX_19276.jpg
100766,CINTURON_REX,19277,100766_CINTURON_REX_19277.jpg
100767,CINTURON_REX,19278,100767_CINTURON_REX_19278.jpg
100768,CINTURON_REX,19279,100768_CINTURON_REX_19279.jpg
100769,CINTURON_RUS,19280,100769_CINTURON_RUS_19280.jpg
100770,CINTURON_RUS,19281,100770_CINTURON_RUS_19281.jpg
100771,CINTURON_RUS,19282,100771_CINTURON_RUS_19282.jpg
100772,CINTURON_RUS,19283,100772_CINTURON_RUS_19283.jpg
100773,CINTURON_TINO,19284,100773_CINTURON_TINO_19284.jpg
100774,CINTURON_TINO,19285,100774_CINTURON_TINO_19285.jpg
100775,CINTURON_TINO,19286,100775_CINTURON_TINO_19286.jpg
100776,CINTURON_TINO,19287,100776_CINTURON_TINO_19287.jpg
100777,CINTURON_TINO,19288,100777_CINTURON_TINO_19288.jpg
100778,CINTURON_TINO,19289,100778_CINTURON_TINO_19289.jpg
100779,CINTURON_TINO,19290,100779_CINTURON_TINO_19290.jpg
100780,CINTURON_TINO,19291,100780_CINTURON_TINO_19291.jpg
100781,CINTURON_TINO,19292,100781_CINTURON_TINO_19292.jpg
100782,CINTURON_TINO,19293,100782_CINTURON_TINO_19293.jpg
100783,CINTURON_TINO,19294,100783_CINTURON_TINO_19294.jpg
100784,CINTURON_TINO,19295,100784_CINTURON_TINO_19295.jpg
100785,CINTURON_TINO,19296,100785_CINTURON_TINO_19296.jpg
100786,CINTURON_TINO,19297,100786_CINTURON_TINO_19297.jpg
100787,CINTURON_TINO,19298,100787_CINTURON_TINO_19298.jpg
100788,CINTURON_TINO,19299,100788_CINTURON_TINO_19299.jpg
100789,CINTURON_TINO,19300,100789_CINTURON_TINO_19300.jpg
100790,CINTURON_TINO,19301,100790_CINTURON_TINO_19301.jpg
100791,CINTURON_TINO,19302,100791_CINTURON_TINO_19302.jpg
100792,CINTURON_TINO,19303,100792_CINTURON_TINO_19303.jpg
100793,CINTURON_TINO,19304,100793_CINTURON_TINO_19304.jpg
100794,CINTURON_TINO,19305,100794_CINTURON_TINO_19305.jpg
100795,CINTURON_TINO,19306,100795_CINTURON_TINO_19306.jpg
100796,CINTURON_TINO,19307,100796_CINTURON_TINO_19307.jpg
100797,CINTURON_TOKIO,19308,100797_CINTURON_TOKIO_19308.jpg
100798,CINTURON_TOKIO,19309,100798_CINTURON_TOKIO_19309.jpg
100799,CINTURON_TRENZADO,19310,100799_CINTURON_TRENZADO_19310.jpg
100800,CINTURON_TRENZADO,19311,100800_CINTURON_TRENZADO_19311.jpg
100801,CINTURON_TRENZADO,19312,100801_CINTURON_TRENZADO_19312.jpg
100802,CINTURON_TRENZADO,19313,100802_CINTURON_TRENZADO_19313.jpg
100803,CINTURON_TRENZADO,19314,100803_CINTURON_TRENZADO_19314.jpg
100804,CINTURON_TRENZADO,19315,100804_CINTURON_TRENZADO_19315.jpg
100805,CINTURON_VAQUETA,19316,100805_CINTURON_VAQUETA_19316.jpg
100806,CINTURON_VAQUETA,19317,100806_CINTURON_VAQUETA_19317.jpg
100807,CINTURON_VAQUETA,19319,100807_CINTURON_VAQUETA_19319.jpg
100808,CINTURON_VAQUETA,19320,100808_CINTURON_VAQUETA_19320.jpg
100809,CINTURON_VAQUETA,19321,100809_CINTURON_VAQUETA_19321.jpg
100810,CINTURON_VAQUETA,19322,100810_CINTURON_VAQUETA_19322.jpg
100811,CINTURON_VAQUETA,19323,100811_CINTURON_VAQUETA_19323.jpg
100812,CINTURON_VAQUETA,19324,100812_CINTURON_VAQUETA_19324.jpg
100813,CINTURON_VAQUETA,19325,100813_CINTURON_VAQUETA_19325.jpg
100814,CINTURON_VAQUETA,19326,100814_CINTURON_VAQUETA_19326.jpg
100815,CINTURON_VAQUETA,19327,100815_CINTURON_VAQUETA_19327.jpg
100816,CINTURON_VAQUETA,19328,100816_CINTURON_VAQUETA_19328.jpg
100817,CINTURON_VAQUETA,19329,100817_CINTURON_VAQUETA_19329.jpg
100818,CORREA_LOLI,19330,100818_CORREA_LOLI_19330.jpg
100819,CORREA_LOLI,19331,100819_CORREA_LOLI_19331.jpg
100820,CORREA_LOLI,19332,100820_CORREA_LOLI_19332.jpg
100821,CORREA_LOLI,19333,100821_CORREA_LOLI_19333.jpg
100822,CORREA_LOLI,19334,100822_CORREA_LOLI_19334.jpg
100823,CORREA_LOLI,19335,100823_CORREA_LOLI_19335.jpg
100824,CORREA_LOLI,19336,100824_CORREA_LOLI_19336.jpg
100825,CORREA_LORE,19337,100825_CORREA_LORE_19337.jpg
100826,CORREA_LORE,19338,100826_CORREA_LORE_19338.jpg
100827,DELANTAL_DENO,21823,100827_DELANTAL_DENO_21823.jpg
100828,ESPEJO_RECTANGULAR,19339,100828_ESPEJO_RECTANGULAR_19339.jpg
100829,ESPEJO_RECTANGULAR,19340,100829_ESPEJO_RECTANGULAR_19340.jpg
100830,ESPEJO_RECTANGULAR,19341,100830_ESPEJO_RECTANGULAR_19341.jpg
100831,FUNDA_DE_CUADERNO_A4,21707,100831_FUNDA_DE_CUADERNO_A4_21707.jpg
100832,FUNDA_DE_CUADERNO_A4,21708,100832_FUNDA_DE_CUADERNO_A4_21708.jpg
100833,FUNDA_DE_CUADERNO_A5,21709,100833_FUNDA_DE_CUADERNO_A5_21709.jpg
100834,FUNDA_DE_CUADERNO_A5,21710,100834_FUNDA_DE_CUADERNO_A5_21710.jpg
100835,FUNDA_DE_CUADERNO_A6,21712,100835_FUNDA_DE_CUADERNO_A6_21712.jpg
100836,FUNDA_DE_CUADERNO_A6,21714,100836_FUNDA_DE_CUADERNO_A6_21714.jpg
100837,FUNDA_DE_CUADERNO_A6,21716,100837_FUNDA_DE_CUADERNO_A6_21716.jpg
100838,GORRO_ESPIGA,22142,100838_GORRO_ESPIGA_22142.jpg
100839,GORRO_ESPIGA,22143,100839_GORRO_ESPIGA_22143.jpg
100840,GORRO_ESPIGA,22144,100840_GORRO_ESPIGA_22144.jpg
100841,GORRO_FLORA,22145,100841_GORRO_FLORA_22145.jpg
100842,GORRO_FLORA,22146,100842_GORRO_FLORA_22146.jpg
100843,GORRO_FRED,22147,100843_GORRO_FRED_22147.jpg
100844,GORRO_FRED,22148,100844_GORRO_FRED_22148.jpg
100845,GORRO_PAÑO,22149,100845_GORRO_PAÑO_22149.jpg
100846,GORRO_PAÑO,22150,100846_GORRO_PAÑO_22150.jpg
100847,GORRO_PAÑO,22152,100847_GORRO_PAÑO_22152.jpg
100848,GORRO_PAÑO,22153,100848_GORRO_PAÑO_22153.jpg
100849,GORRO_PAÑO,22154,100849_GORRO_PAÑO_22154.jpg
100850,GORRO_PAÑO,22155,100850_GORRO_PAÑO_22155.jpg
100851,GORRO_PAÑO,22157,100851_GORRO_PAÑO_22157.jpg
100852,GORRO_PAÑO,22158,100852_GORRO_PAÑO_22158.jpg
100853,GORRO_PAÑO,22160,100853_GORRO_PAÑO_22160.jpg
100854,GORRO_PAÑO,22161,100854_GORRO_PAÑO_22161.jpg
100855,GORRO_PAÑO,22162,100855_GORRO_PAÑO_22162.jpg
100856,GORRO_PAÑO,22163,100856_GORRO_PAÑO_22163.jpg
100857,GORRO_SEA,22164,100857_GORRO_SEA_22164.jpg
100858,GORRO_SEA,22165,100858_GORRO_SEA_22165.jpg
100859,GORRO_SEA,22166,100859_GORRO_SEA_22166.jpg
100860,GORRO_SEA,22167,100860_GORRO_SEA_22167.jpg
100861,GORRO_SIRIUS,22168,100861_GORRO_SIRIUS_22168.jpg
100862,GORRO_SIRIUS,22169,100862_GORRO_SIRIUS_22169.jpg
100863,GORRO_SIRIUS,22170,100863_GORRO_SIRIUS_22170.jpg
100864,GORRO_SIRIUS,22171,100864_GORRO_SIRIUS_22171.jpg
100865,GORRO_VEGA,22172,100865_GORRO_VEGA_22172.jpg
100866,GORRO_VEGA,22173,100866_GORRO_VEGA_22173.jpg
100867,GORRO_VEGA,22174,100867_GORRO_VEGA_22174.jpg
100868,GORRO_VEGA,22175,100868_GORRO_VEGA_22175.jpg
100869,GORRO_VEGA,22176,100869_GORRO_VEGA_22176.jpg
100870,GORRO_VEGA,22177,100870_GORRO_VEGA_22177.jpg
100871,GORRO_VEGA,22178,100871_GORRO_VEGA_22178.jpg
100872,GORRO_VENTO,22179,100872_GORRO_VENTO_22179.jpg
100873,GORRO_VENTO,22180,100873_GORRO_VENTO_22180.jpg
100874,GORRO_VENTO,22181,100874_GORRO_VENTO_22181.jpg
100875,GORRO_VENTO,22182,100875_GORRO_VENTO_22182.jpg
100876,GORRO_VENTO,22183,100876_GORRO_VENTO_22183.jpg
100877,GORRO_VENTO,22185,100877_GORRO_VENTO_22185.jpg
100878,GORRO_VENTO,22188,100878_GORRO_VENTO_22188.jpg
100879,GORRO_VENTO,22189,100879_GORRO_VENTO_22189.jpg
100880,GORRO_VENTO,22190,100880_GORRO_VENTO_22190.jpg
100881,GORRO_VENTO,22191,100881_GORRO_VENTO_22191.jpg
100882,GORRO_VENTO,22193,100882_GORRO_VENTO_22193.jpg
100883,GORRO_VENTO,22195,100883_GORRO_VENTO_22195.jpg
100884,GORRO_VENTO,22198,100884_GORRO_VENTO_22198.jpg
100885,GUANTE_BASICO_DAMA,22199,100885_GUANTE_BASICO_DAMA_22199.jpg
100886,GUANTE_BASICO_DAMA,22200,100886_GUANTE_BASICO_DAMA_22200.jpg
100887,GUANTE_BASICO_DAMA,22201,100887_GUANTE_BASICO_DAMA_22201.jpg
100888,GUANTE_BASICO_HOMBRE,22202,100888_GUANTE_BASICO_HOMBRE_22202.jpg
100889,GUANTE_BASICO_HOMBRE,22203,100889_GUANTE_BASICO_HOMBRE_22203.jpg
100890,GUANTE_BASICO_HOMBRE,22204,100890_GUANTE_BASICO_HOMBRE_22204.jpg
100891,GUANTE_BASICO_HOMBRE,22205,100891_GUANTE_BASICO_HOMBRE_22205.jpg
100892,ARMA_TU_LOOK,37431,100892_ARMA_TU_LOOK_37431.jpg
100893,ARMA_TU_LOOK,37432,100893_ARMA_TU_LOOK_37432.jpg
100894,CARTERA_VERA,53363,100894_CARTERA_VERA_53363.jpg
100895,INDIVIDUAL_CURVO,21825,100895_INDIVIDUAL_CURVO_21825.jpg
100896,INDIVIDUAL_CURVO,21826,100896_INDIVIDUAL_CURVO_21826.jpg
100897,INDIVIDUAL_CURVO,21828,100897_INDIVIDUAL_CURVO_21828.jpg
100898,INDIVIDUAL_CURVO,21829,100898_INDIVIDUAL_CURVO_21829.jpg
100899,INDIVIDUAL_CURVO,21830,100899_INDIVIDUAL_CURVO_21830.jpg
100900,INDIVIDUAL_CURVO,21832,100900_INDIVIDUAL_CURVO_21832.jpg
100901,INDIVIDUAL_CURVO,21833,100901_INDIVIDUAL_CURVO_21833.jpg
100902,INDIVIDUAL_MAEL,21834,100902_INDIVIDUAL_MAEL_21834.jpg
100903,INDIVIDUAL_MAEL,21835,100903_INDIVIDUAL_MAEL_21835.jpg
100904,INDIVIDUAL_RECTO,21836,100904_INDIVIDUAL_RECTO_21836.jpg
100905,INDIVIDUAL_RECTO,21837,100905_INDIVIDUAL_RECTO_21837.jpg
100906,INDIVIDUAL_RECTO,21838,100906_INDIVIDUAL_RECTO_21838.jpg
100907,INDIVIDUAL_RECTO,21840,100907_INDIVIDUAL_RECTO_21840.jpg
100908,INDIVIDUAL_RECTO,21841,100908_INDIVIDUAL_RECTO_21841.jpg
100909,INDIVIDUAL_RECTO,21842,100909_INDIVIDUAL_RECTO_21842.jpg
100910,INDIVIDUAL_RECTO,21844,100910_INDIVIDUAL_RECTO_21844.jpg
100911,INDIVIDUAL_RECTO,21845,100911_INDIVIDUAL_RECTO_21845.jpg
100912,LLAVERO_ABC,19343,100912_LLAVERO_ABC_19343.jpg
100913,LLAVERO_ABC,19344,100913_LLAVERO_ABC_19344.jpg
100914,LLAVERO_ABC,19345,100914_LLAVERO_ABC_19345.jpg
100915,LLAVERO_ABC,19347,100915_LLAVERO_ABC_19347.jpg
100916,LLAVERO_ABC,19348,100916_LLAVERO_ABC_19348.jpg
100917,LLAVERO_ABC,19350,100917_LLAVERO_ABC_19350.jpg
100918,LLAVERO_ABC,19351,100918_LLAVERO_ABC_19351.jpg
100919,LLAVERO_ABC,19352,100919_LLAVERO_ABC_19352.jpg
100920,LLAVERO_ABC,19353,100920_LLAVERO_ABC_19353.jpg
100921,LLAVERO_ABC,19355,100921_LLAVERO_ABC_19355.jpg
100922,LLAVERO_ABC,19356,100922_LLAVERO_ABC_19356.jpg
100923,LLAVERO_ABC,19357,100923_LLAVERO_ABC_19357.jpg
100924,LLAVERO_ABC,19363,100924_LLAVERO_ABC_19363.jpg
100925,LLAVERO_ABC,19364,100925_LLAVERO_ABC_19364.jpg
100926,LLAVERO_ABC,19365,100926_LLAVERO_ABC_19365.jpg
100927,LLAVERO_ABC,19367,100927_LLAVERO_ABC_19367.jpg
100928,LLAVERO_ABC,19368,100928_LLAVERO_ABC_19368.jpg
100929,LLAVERO_ABC,19369,100929_LLAVERO_ABC_19369.jpg
100930,LLAVERO_ABC,19375,100930_LLAVERO_ABC_19375.jpg
100931,LLAVERO_ABC,19376,100931_LLAVERO_ABC_19376.jpg
100932,LLAVERO_ABC,19377,100932_LLAVERO_ABC_19377.jpg
100933,LLAVERO_ABC,19379,100933_LLAVERO_ABC_19379.jpg
100934,LLAVERO_ABC,19380,100934_LLAVERO_ABC_19380.jpg
100935,LLAVERO_ABC,19381,100935_LLAVERO_ABC_19381.jpg
100936,LLAVERO_ABC,19383,100936_LLAVERO_ABC_19383.jpg
100937,LLAVERO_ABC,19384,100937_LLAVERO_ABC_19384.jpg
100938,LLAVERO_ABC,19385,100938_LLAVERO_ABC_19385.jpg
100939,LLAVERO_ABC,19387,100939_LLAVERO_ABC_19387.jpg
100940,LLAVERO_ABC,19388,100940_LLAVERO_ABC_19388.jpg
100941,LLAVERO_ABC,19389,100941_LLAVERO_ABC_19389.jpg
100942,LLAVERO_ABC,19391,100942_LLAVERO_ABC_19391.jpg
100943,LLAVERO_ABC,19393,100943_LLAVERO_ABC_19393.jpg
100944,LLAVERO_ABC,19397,100944_LLAVERO_ABC_19397.jpg
100945,LLAVERO_ABC,19399,100945_LLAVERO_ABC_19399.jpg
100946,LLAVERO_ABC,19400,100946_LLAVERO_ABC_19400.jpg
100947,LLAVERO_ABC,19401,100947_LLAVERO_ABC_19401.jpg
100948,LLAVERO_ABC,19403,100948_LLAVERO_ABC_19403.jpg
100949,LLAVERO_ABC,19404,100949_LLAVERO_ABC_19404.jpg
100950,LLAVERO_ABC,19405,100950_LLAVERO_ABC_19405.jpg
100951,LLAVERO_ABC,22323,100951_LLAVERO_ABC_22323.jpg
100952,LLAVERO_ABC,22324,100952_LLAVERO_ABC_22324.jpg
100953,LLAVERO_ABC,22325,100953_LLAVERO_ABC_22325.jpg
100954,LLAVERO_ABC,22328,100954_LLAVERO_ABC_22328.jpg
100955,LLAVERO_ABC,22329,100955_LLAVERO_ABC_22329.jpg
100956,LLAVERO_ABC,22331,100956_LLAVERO_ABC_22331.jpg
100957,LLAVERO_ABC,22332,100957_LLAVERO_ABC_22332.jpg
100958,LLAVERO_ABC,22333,100958_LLAVERO_ABC_22333.jpg
100959,LLAVERO_CALADO_FRASE,19406,100959_LLAVERO_CALADO_FRASE_19406.jpg
100960,LLAVERO_CALADO_ZODIACO,19408,100960_LLAVERO_CALADO_ZODIACO_19408.jpg
100961,LLAVERO_CALADO_ZODIACO,19414,100961_LLAVERO_CALADO_ZODIACO_19414.jpg
100962,LLAVERO_CALADO_ZODIACO,19415,100962_LLAVERO_CALADO_ZODIACO_19415.jpg
100963,LLAVERO_CALADO_ZODIACO,19421,100963_LLAVERO_CALADO_ZODIACO_19421.jpg
100964,LLAVERO_CALADO_ZODIACO,19426,100964_LLAVERO_CALADO_ZODIACO_19426.jpg
100965,LLAVERO_CALE,19427,100965_LLAVERO_CALE_19427.jpg
100966,LLAVERO_COMBINADO,19428,100966_LLAVERO_COMBINADO_19428.jpg
100967,LLAVERO_COMBINADO,19429,100967_LLAVERO_COMBINADO_19429.jpg
100968,LLAVERO_INICIALES,19431,100968_LLAVERO_INICIALES_19431.jpg
100969,LLAVERO_INICIALES,19438,100969_LLAVERO_INICIALES_19438.jpg
100970,LLAVERO_INICIALES,19440,100970_LLAVERO_INICIALES_19440.jpg
100971,LLAVERO_INICIALES,19441,100971_LLAVERO_INICIALES_19441.jpg
100972,LLAVERO_INICIALES,19442,100972_LLAVERO_INICIALES_19442.jpg
100973,LLAVERO_INICIALES,19443,100973_LLAVERO_INICIALES_19443.jpg
100974,LLAVERO_INICIALES,19444,100974_LLAVERO_INICIALES_19444.jpg
100975,LLAVERO_INICIALES,19445,100975_LLAVERO_INICIALES_19445.jpg
100976,LLAVERO_JAIRO,19446,100976_LLAVERO_JAIRO_19446.jpg
100977,LLAVERO_JAIRO,19447,100977_LLAVERO_JAIRO_19447.jpg
100978,LLAVERO_KAREN,19448,100978_LLAVERO_KAREN_19448.jpg
100979,LLAVERO_KAREN,19449,100979_LLAVERO_KAREN_19449.jpg
100980,LLAVERO_KAREN,19450,100980_LLAVERO_KAREN_19450.jpg
100981,LLAVERO_KAREN,19451,100981_LLAVERO_KAREN_19451.jpg
100982,LLAVERO_KAREN,19452,100982_LLAVERO_KAREN_19452.jpg
100983,LLAVERO_KAREN,19453,100983_LLAVERO_KAREN_19453.jpg
100984,LLAVERO_KAREN,19454,100984_LLAVERO_KAREN_19454.jpg
100985,LLAVERO_KAREN,19455,100985_LLAVERO_KAREN_19455.jpg
100986,LLAVERO_KAREN,19456,100986_LLAVERO_KAREN_19456.jpg
100987,LLAVERO_KAREN,19457,100987_LLAVERO_KAREN_19457.jpg
100988,LLAVERO_KAREN,19458,100988_LLAVERO_KAREN_19458.jpg
100989,LLAVERO_KAREN,19459,100989_LLAVERO_KAREN_19459.jpg
100990,LLAVERO_KAREN,19460,100990_LLAVERO_KAREN_19460.jpg
100991,LLAVERO_KAREN,19461,100991_LLAVERO_KAREN_19461.jpg
100992,LLAVERO_KAREN,19462,100992_LLAVERO_KAREN_19462.jpg
100993,LLAVERO_KAREN,19463,100993_LLAVERO_KAREN_19463.jpg
100994,LLAVERO_KAREN,19464,100994_LLAVERO_KAREN_19464.jpg
100995,LLAVERO_KAREN,19465,100995_LLAVERO_KAREN_19465.jpg
100996,LLAVERO_KAREN,19466,100996_LLAVERO_KAREN_19466.jpg
100997,LLAVERO_KAREN,19467,100997_LLAVERO_KAREN_19467.jpg
100998,LLAVERO_KAREN,19468,100998_LLAVERO_KAREN_19468.jpg
100999,LLAVERO_KAREN,19469,100999_LLAVERO_KAREN_19469.jpg
101000,LLAVERO_KAREN,19470,101000_LLAVERO_KAREN_19470.jpg
101001,LLAVERO_KAREN,19471,101001_LLAVERO_KAREN_19471.jpg
101002,LLAVERO_MIRLO,19472,101002_LLAVERO_MIRLO_19472.jpg
101003,LLAVERO_MIRLO,19473,101003_LLAVERO_MIRLO_19473.jpg
101004,LLAVERO_MIRLO,19474,101004_LLAVERO_MIRLO_19474.jpg
101005,LLAVERO_MIRLO,19475,101005_LLAVERO_MIRLO_19475.jpg
101006,LLAVERO_MIRLO,19476,101006_LLAVERO_MIRLO_19476.jpg
101007,LLAVERO_MIRLO,19477,101007_LLAVERO_MIRLO_19477.jpg
101008,LLAVERO_PANAMA,19478,101008_LLAVERO_PANAMA_19478.jpg
101009,LLAVERO_PANAMA,19479,101009_LLAVERO_PANAMA_19479.jpg
101010,LLAVERO_SIMPLE,19480,101010_LLAVERO_SIMPLE_19480.jpg
101011,LLAVERO_SIMPLE,19481,101011_LLAVERO_SIMPLE_19481.jpg
101012,MALETIN_BORIS,21187,101012_MALETIN_BORIS_21187.jpg
101013,MALETIN_BORIS,21188,101013_MALETIN_BORIS_21188.jpg
101014,MATERA_OLI,21189,101014_MATERA_OLI_21189.jpg
101015,MATERA_OLI,21190,101015_MATERA_OLI_21190.jpg
101016,MATERA_OLI,21192,101016_MATERA_OLI_21192.jpg
101017,MATERA_OLI,21193,101017_MATERA_OLI_21193.jpg
101018,MATERA_OLI,21196,101018_MATERA_OLI_21196.jpg
101019,MATERA_RENE_FULL_BLACK,21199,101019_MATERA_RENE_FULL_BLACK_21199.jpg
101020,MEDIAS_DE_VESTIR_207,22209,101020_MEDIAS_DE_VESTIR_207_22209.jpg
101021,MEDIAS_DE_VESTIR_207,22210,101021_MEDIAS_DE_VESTIR_207_22210.jpg
101022,MEDIAS_DE_VESTIR_207,22211,101022_MEDIAS_DE_VESTIR_207_22211.jpg
101023,MEDIAS_DE_VESTIR_472,22212,101023_MEDIAS_DE_VESTIR_472_22212.jpg
101024,MEDIAS_DE_VESTIR_472,22213,101024_MEDIAS_DE_VESTIR_472_22213.jpg
101025,MEDIAS_MEDIA_CAÑA,22214,101025_MEDIAS_MEDIA_CAÑA_22214.jpg
101026,MEDIAS_MEDIA_CAÑA,22215,101026_MEDIAS_MEDIA_CAÑA_22215.jpg
101027,MEDIAS_MEDIA_CAÑA,22216,101027_MEDIAS_MEDIA_CAÑA_22216.jpg
101028,MEDIAS_MEDIA_CAÑA,22217,101028_MEDIAS_MEDIA_CAÑA_22217.jpg
101029,MEDIAS_MEDIA_CAÑA,22218,101029_MEDIAS_MEDIA_CAÑA_22218.jpg
101030,MEDIAS_MEDIA_CAÑA_CORTAS,22219,101030_MEDIAS_MEDIA_CAÑA_CORTAS_22219.jpg
101031,MEDIAS_MEDIA_CAÑA_CORTAS,22220,101031_MEDIAS_MEDIA_CAÑA_CORTAS_22220.jpg
101032,MEDIAS_MEDIA_CAÑA_CORTAS,22221,101032_MEDIAS_MEDIA_CAÑA_CORTAS_22221.jpg
101033,MEDIAS_MEDIA_CAÑA_CORTAS,22222,101033_MEDIAS_MEDIA_CAÑA_CORTAS_22222.jpg
101034,MEDIAS_MEDIA_CAÑA_CORTAS,22223,101034_MEDIAS_MEDIA_CAÑA_CORTAS_22223.jpg
101035,MEDIAS_MEDIA_CAÑA_FANTASIA,22226,101035_MEDIAS_MEDIA_CAÑA_FANTASIA_22226.jpg
101036,MEDIAS_MEDIA_CAÑA_FANTASIA,22227,101036_MEDIAS_MEDIA_CAÑA_FANTASIA_22227.jpg
101037,MEDIAS_MEDIA_CAÑA_FANTASIA,22229,101037_MEDIAS_MEDIA_CAÑA_FANTASIA_22229.jpg
101038,MEDIAS_MEDIA_CAÑA_FANTASIA,22233,101038_MEDIAS_MEDIA_CAÑA_FANTASIA_22233.jpg
101039,MEDIAS_MEDIA_CAÑA_FANTASIA,22235,101039_MEDIAS_MEDIA_CAÑA_FANTASIA_22235.jpg
101040,MEDIAS_MEDIA_CAÑA_FANTASIA,22236,101040_MEDIAS_MEDIA_CAÑA_FANTASIA_22236.jpg
101041,MOCASIN_FANGIO,18815,101041_MOCASIN_FANGIO_18815.jpg
101042,MOCASIN_FANGIO,18816,101042_MOCASIN_FANGIO_18816.jpg
101043,MOCASIN_FANGIO,18817,101043_MOCASIN_FANGIO_18817.jpg
101044,MOCASIN_FANGIO,18818,101044_MOCASIN_FANGIO_18818.jpg
101045,MOCASIN_FANGIO,18819,101045_MOCASIN_FANGIO_18819.jpg
101046,MOCASIN_FANGIO,18820,101046_MOCASIN_FANGIO_18820.jpg
101047,MOCASIN_FANGIO,18822,101047_MOCASIN_FANGIO_18822.jpg
101048,MOCASIN_FANGIO,18826,101048_MOCASIN_FANGIO_18826.jpg
101049,MOCASIN_JULIA,18827,101049_MOCASIN_JULIA_18827.jpg
101050,MOCASIN_JULIA,18828,101050_MOCASIN_JULIA_18828.jpg
101051,MOCASIN_JULIA,18829,101051_MOCASIN_JULIA_18829.jpg
101052,MOCASIN_PAULA,18830,101052_MOCASIN_PAULA_18830.jpg
101053,MOCASIN_PAULA,18831,101053_MOCASIN_PAULA_18831.jpg
101054,MOCASIN_PAULA,18832,101054_MOCASIN_PAULA_18832.jpg
101055,MOCHILA_ANA,21200,101055_MOCHILA_ANA_21200.jpg
101056,MOCHILA_ANA,21203,101056_MOCHILA_ANA_21203.jpg
101057,MOCHILA_ATLAS_FULL_BLACK_1,21204,101057_MOCHILA_ATLAS_FULL_BLACK_1_21204.jpg
101058,MOCHILA_ATLAS_FULL_BLACK_2,21205,101058_MOCHILA_ATLAS_FULL_BLACK_2_21205.jpg
101059,MOCHILA_CASPIO_FULL_BLACK,21206,101059_MOCHILA_CASPIO_FULL_BLACK_21206.jpg
101060,MOCHILA_FRANCIS,21207,101060_MOCHILA_FRANCIS_21207.jpg
101061,MOCHILA_FRANCIS,21208,101061_MOCHILA_FRANCIS_21208.jpg
101062,MOCHILA_IKER,21209,101062_MOCHILA_IKER_21209.jpg
101063,MOCHILA_IKER,21210,101063_MOCHILA_IKER_21210.jpg
101064,MOCHILA_JUANA,21212,101064_MOCHILA_JUANA_21212.jpg
101065,MOCHILA_JUANA,21217,101065_MOCHILA_JUANA_21217.jpg
101066,MOCHILA_JUANA,21218,101066_MOCHILA_JUANA_21218.jpg
101067,MOCHILA_JUANA,21219,101067_MOCHILA_JUANA_21219.jpg
101068,MOCHILA_LIBRA,21223,101068_MOCHILA_LIBRA_21223.jpg
101069,MOCHILA_LIBRA,21224,101069_MOCHILA_LIBRA_21224.jpg
101070,MOCHILA_LIBRA,21225,101070_MOCHILA_LIBRA_21225.jpg
101071,MOCHILA_LIBRA,21226,101071_MOCHILA_LIBRA_21226.jpg
101072,MOCHILA_MARCOS,21227,101072_MOCHILA_MARCOS_21227.jpg
101073,MOCHILA_MARCOS,21228,101073_MOCHILA_MARCOS_21228.jpg
101074,MOCHILA_MARCOS,21229,101074_MOCHILA_MARCOS_21229.jpg
101075,MOCHILA_MARCOS,21231,101075_MOCHILA_MARCOS_21231.jpg
101076,MOCHILA_MARCOS,21234,101076_MOCHILA_MARCOS_21234.jpg
101077,MOCHILA_MARCOS,21235,101077_MOCHILA_MARCOS_21235.jpg
101078,MOCHILA_MARCOS,21239,101078_MOCHILA_MARCOS_21239.jpg
101079,MOCHILA_MARCOS_FULL_BLACK,21242,101079_MOCHILA_MARCOS_FULL_BLACK_21242.jpg
101080,MOCHILA_MARCOS_FULL_BLACK,21243,101080_MOCHILA_MARCOS_FULL_BLACK_21243.jpg
101081,MOCHILA_MARCOS_FULL_BLACK,21244,101081_MOCHILA_MARCOS_FULL_BLACK_21244.jpg
101082,MOCHILA_MULITA,21245,101082_MOCHILA_MULITA_21245.jpg
101083,MOCHILA_MULITA,21246,101083_MOCHILA_MULITA_21246.jpg
101084,MOCHILA_MULITA,21247,101084_MOCHILA_MULITA_21247.jpg
101085,MOCHILA_PACARI,21248,101085_MOCHILA_PACARI_21248.jpg
101086,MOCHILA_PACARI,21250,101086_MOCHILA_PACARI_21250.jpg
101087,MOCHILA_PACARI,21252,101087_MOCHILA_PACARI_21252.jpg
101088,MOCHILA_PACARI,21254,101088_MOCHILA_PACARI_21254.jpg
101089,MOCHILA_PACARI,21255,101089_MOCHILA_PACARI_21255.jpg
101090,MOCHILA_PACARI,21256,101090_MOCHILA_PACARI_21256.jpg
101091,MOCHILA_PACARI,21262,101091_MOCHILA_PACARI_21262.jpg
101092,MOCHILA_PACARI,21263,101092_MOCHILA_PACARI_21263.jpg
101093,MOCHILA_PACARI,21267,101093_MOCHILA_PACARI_21267.jpg
101094,MOCHILA_PACARI,21272,101094_MOCHILA_PACARI_21272.jpg
101095,MOCHILA_PACARI,21278,101095_MOCHILA_PACARI_21278.jpg
101096,MOCHILA_PIETRO,21284,101096_MOCHILA_PIETRO_21284.jpg
101097,MOCHILA_PIETRO,21286,101097_MOCHILA_PIETRO_21286.jpg
101098,MOCHILA_PIETRO,21287,101098_MOCHILA_PIETRO_21287.jpg
101099,MOCHILA_PIETRO,21290,101099_MOCHILA_PIETRO_21290.jpg
101100,MOCHILA_PIETRO,21293,101100_MOCHILA_PIETRO_21293.jpg
101101,MOCHILA_PIETRO_FULL_BLACK,21296,101101_MOCHILA_PIETRO_FULL_BLACK_21296.jpg
101102,MOCHILA_PORTIA,21297,101102_MOCHILA_PORTIA_21297.jpg
101103,MOCHILA_PORTIA,21298,101103_MOCHILA_PORTIA_21298.jpg
101104,MOCHILA_PORTIA,21299,101104_MOCHILA_PORTIA_21299.jpg
101105,MOCHILA_PORTIA,21301,101105_MOCHILA_PORTIA_21301.jpg
101106,MOCHILA_PORTIA,21304,101106_MOCHILA_PORTIA_21304.jpg
101107,MOCHILA_PORTIA,21305,101107_MOCHILA_PORTIA_21305.jpg
101108,MOCHILA_PORTIA_FULL_BLACK,21307,101108_MOCHILA_PORTIA_FULL_BLACK_21307.jpg
101109,MOCHILA_SIMON,21308,101109_MOCHILA_SIMON_21308.jpg
101110,MOCHILA_TECH_210512,21309,101110_MOCHILA_TECH_210512_21309.jpg
101111,MOCHILA_TECH_21066,21310,101111_MOCHILA_TECH_21066_21310.jpg
101112,MOCHILA_TECH_21076,21311,101112_MOCHILA_TECH_21076_21311.jpg
101113,MOCHILA_TECH_2551,21312,101113_MOCHILA_TECH_2551_21312.jpg
101114,MOCHILA_TECH_2551,21313,101114_MOCHILA_TECH_2551_21313.jpg
101115,MOCHILA_TECH_2551,21314,101115_MOCHILA_TECH_2551_21314.jpg
101116,MOCHILA_TECH_40998,21315,101116_MOCHILA_TECH_40998_21315.jpg
101117,MOCHILA_TOBIAS_FULL_BLACK,21316,101117_MOCHILA_TOBIAS_FULL_BLACK_21316.jpg
101118,MONEDERO_AMBAR,19484,101118_MONEDERO_AMBAR_19484.jpg
101119,MONEDERO_AMBAR,19487,101119_MONEDERO_AMBAR_19487.jpg
101120,MONEDERO_AMBAR,19488,101120_MONEDERO_AMBAR_19488.jpg
101121,MONEDERO_AMBAR,19489,101121_MONEDERO_AMBAR_19489.jpg
101122,MONEDERO_AMBAR,19490,101122_MONEDERO_AMBAR_19490.jpg
101123,MONEDERO_AMBAR,19491,101123_MONEDERO_AMBAR_19491.jpg
101124,MONEDERO_CIRCULAR,19492,101124_MONEDERO_CIRCULAR_19492.jpg
101125,MONEDERO_CIRCULAR,19493,101125_MONEDERO_CIRCULAR_19493.jpg
101126,MONEDERO_CIRCULAR,19494,101126_MONEDERO_CIRCULAR_19494.jpg
101127,MONEDERO_CORY,19496,101127_MONEDERO_CORY_19496.jpg
101128,MONEDERO_CORY,19506,101128_MONEDERO_CORY_19506.jpg
101129,MONEDERO_CORY,19509,101129_MONEDERO_CORY_19509.jpg
101130,MONEDERO_CORY,19513,101130_MONEDERO_CORY_19513.jpg
101131,MONEDERO_CORY,19514,101131_MONEDERO_CORY_19514.jpg
101132,MONEDERO_CORY,19516,101132_MONEDERO_CORY_19516.jpg
101133,MONEDERO_CORY,19518,101133_MONEDERO_CORY_19518.jpg
101134,MONEDERO_CORY,19521,101134_MONEDERO_CORY_19521.jpg
101135,MONEDERO_CORY,19522,101135_MONEDERO_CORY_19522.jpg
101136,MONEDERO_CORY,19526,101136_MONEDERO_CORY_19526.jpg
101137,MONEDERO_GRACE,19530,101137_MONEDERO_GRACE_19530.jpg
101138,MONEDERO_GRACE,19531,101138_MONEDERO_GRACE_19531.jpg
101139,MONEDERO_GRACE,19532,101139_MONEDERO_GRACE_19532.jpg
101140,MONEDERO_GRACE,19534,101140_MONEDERO_GRACE_19534.jpg
101141,MONEDERO_GRACE,19535,101141_MONEDERO_GRACE_19535.jpg
101142,MONEDERO_GRACE,19537,101142_MONEDERO_GRACE_19537.jpg
101143,MONEDERO_GRACE,19538,101143_MONEDERO_GRACE_19538.jpg
101144,MONEDERO_GRACE,19541,101144_MONEDERO_GRACE_19541.jpg
101145,MONEDERO_GRACE,19542,101145_MONEDERO_GRACE_19542.jpg
101146,MONEDERO_GRACE,19544,101146_MONEDERO_GRACE_19544.jpg
101147,MONEDERO_GRACE,19550,101147_MONEDERO_GRACE_19550.jpg
101148,MONEDERO_GRACE,19551,101148_MONEDERO_GRACE_19551.jpg
101149,MONEDERO_GRACE,19555,101149_MONEDERO_GRACE_19555.jpg
101150,MONEDERO_GRACE,19556,101150_MONEDERO_GRACE_19556.jpg
101151,MONEDERO_GRACE,19561,101151_MONEDERO_GRACE_19561.jpg
101152,MONEDERO_LUISA,19565,101152_MONEDERO_LUISA_19565.jpg
101153,MONEDERO_LUISA,19566,101153_MONEDERO_LUISA_19566.jpg
101154,MONEDERO_LUISA,19567,101154_MONEDERO_LUISA_19567.jpg
101155,MONEDERO_LUISA,19568,101155_MONEDERO_LUISA_19568.jpg
101156,MONEDERO_LUISA,19569,101156_MONEDERO_LUISA_19569.jpg
101157,MONEDERO_LUISA,19570,101157_MONEDERO_LUISA_19570.jpg
101158,MORRAL_ADI_VINTAGE,21317,101158_MORRAL_ADI_VINTAGE_21317.jpg
101159,MORRAL_ADI_VINTAGE,21318,101159_MORRAL_ADI_VINTAGE_21318.jpg
101160,MORRAL_ADI_VINTAGE,21320,101160_MORRAL_ADI_VINTAGE_21320.jpg
101161,MORRAL_ADI_VINTAGE,21322,101161_MORRAL_ADI_VINTAGE_21322.jpg
101162,MORRAL_ADI_VINTAGE,21323,101162_MORRAL_ADI_VINTAGE_21323.jpg
101163,MORRAL_ANGOSTO,21325,101163_MORRAL_ANGOSTO_21325.jpg
101164,MORRAL_ANGOSTO,21327,101164_MORRAL_ANGOSTO_21327.jpg
101165,MORRAL_ANGOSTO,21328,101165_MORRAL_ANGOSTO_21328.jpg
101166,MORRAL_ANGOSTO,21329,101166_MORRAL_ANGOSTO_21329.jpg
101167,MORRAL_ANGOSTO,21330,101167_MORRAL_ANGOSTO_21330.jpg
101168,MORRAL_ANGOSTO,21333,101168_MORRAL_ANGOSTO_21333.jpg
101169,MORRAL_ANGOSTO,21338,101169_MORRAL_ANGOSTO_21338.jpg
101170,MORRAL_BERLIN,21339,101170_MORRAL_BERLIN_21339.jpg
101171,MORRAL_BERLIN,21340,101171_MORRAL_BERLIN_21340.jpg
101172,MORRAL_BERLIN,21341,101172_MORRAL_BERLIN_21341.jpg
101173,MORRAL_BERLIN,21342,101173_MORRAL_BERLIN_21342.jpg
101174,MORRAL_CARLOS,21343,101174_MORRAL_CARLOS_21343.jpg
101175,MORRAL_CARLOS,21344,101175_MORRAL_CARLOS_21344.jpg
101176,MORRAL_CARLOS,21345,101176_MORRAL_CARLOS_21345.jpg
101177,MORRAL_CARLOS,21346,101177_MORRAL_CARLOS_21346.jpg
101178,MORRAL_DRACO,21347,101178_MORRAL_DRACO_21347.jpg
101179,MORRAL_DRACO,21348,101179_MORRAL_DRACO_21348.jpg
101180,MORRAL_DRACO,21349,101180_MORRAL_DRACO_21349.jpg
101181,MORRAL_DRACO,21350,101181_MORRAL_DRACO_21350.jpg
101182,MORRAL_DRACO,21351,101182_MORRAL_DRACO_21351.jpg
101183,MORRAL_LUCAS,21352,101183_MORRAL_LUCAS_21352.jpg
101184,MORRAL_LUCAS,21353,101184_MORRAL_LUCAS_21353.jpg
101185,MORRAL_LUCAS,21354,101185_MORRAL_LUCAS_21354.jpg
101186,MORRAL_OLDIE,21355,101186_MORRAL_OLDIE_21355.jpg
101187,MORRAL_OLDIE,21357,101187_MORRAL_OLDIE_21357.jpg
101188,MORRAL_OLDIE,21358,101188_MORRAL_OLDIE_21358.jpg
101189,MORRAL_OLDIE,21360,101189_MORRAL_OLDIE_21360.jpg
101190,MORRAL_OLDIE,21362,101190_MORRAL_OLDIE_21362.jpg
101191,MORRAL_OLDIE,21371,101191_MORRAL_OLDIE_21371.jpg
101192,MOUSEPAD,21717,101192_MOUSEPAD_21717.jpg
101193,MOUSEPAD,21718,101193_MOUSEPAD_21718.jpg
101194,MOUSEPAD,21719,101194_MOUSEPAD_21719.jpg
101195,MOUSEPAD,21721,101195_MOUSEPAD_21721.jpg
101196,MOUSEPAD,21722,101196_MOUSEPAD_21722.jpg
101197,MOUSEPAD,21723,101197_MOUSEPAD_21723.jpg
101198,MOUSEPAD,21724,101198_MOUSEPAD_21724.jpg
101199,MOUSEPAD,21725,101199_MOUSEPAD_21725.jpg
101200,MOUSEPAD,21726,101200_MOUSEPAD_21726.jpg
101201,NECESSAIRE,19575,101201_NECESSAIRE_19575.jpg
101202,NECESSAIRE,19576,101202_NECESSAIRE_19576.jpg
101203,NECESSAIRE,19577,101203_NECESSAIRE_19577.jpg
101204,NECESSAIRE,19578,101204_NECESSAIRE_19578.jpg
101205,NECESSAIRE_FELI,19579,101205_NECESSAIRE_FELI_19579.jpg
101206,NECESSAIRE_FELI,19580,101206_NECESSAIRE_FELI_19580.jpg
101207,NECESSAIRE_FELI,19581,101207_NECESSAIRE_FELI_19581.jpg
101208,NECESSAIRE_FELI,19582,101208_NECESSAIRE_FELI_19582.jpg
101209,NECESSAIRE_FELI,19583,101209_NECESSAIRE_FELI_19583.jpg
101210,NECESSAIRE_FELI,19584,101210_NECESSAIRE_FELI_19584.jpg
101211,NECESSAIRE_FELI,19585,101211_NECESSAIRE_FELI_19585.jpg
101212,NECESSAIRE_LANIN,19587,101212_NECESSAIRE_LANIN_19587.jpg
101213,NECESSAIRE_LANIN,19589,101213_NECESSAIRE_LANIN_19589.jpg
101214,NECESSAIRE_LANIN,19590,101214_NECESSAIRE_LANIN_19590.jpg
101215,NECESSAIRE_LANIN,19592,101215_NECESSAIRE_LANIN_19592.jpg
101216,NECESSAIRE_LANIN_FULL_BLACK,19595,101216_NECESSAIRE_LANIN_FULL_BLACK_19595.jpg
101217,NECESSAIRE_LARA,19596,101217_NECESSAIRE_LARA_19596.jpg
101218,NECESSAIRE_LARA,19598,101218_NECESSAIRE_LARA_19598.jpg
101219,NECESSAIRE_LARA,19599,101219_NECESSAIRE_LARA_19599.jpg
101220,NECESSAIRE_LARA,19602,101220_NECESSAIRE_LARA_19602.jpg
101221,NECESSAIRE_LARA,19606,101221_NECESSAIRE_LARA_19606.jpg
101222,NECESSAIRE_LARA,19609,101222_NECESSAIRE_LARA_19609.jpg
101223,NECESSAIRE_LARA,19610,101223_NECESSAIRE_LARA_19610.jpg
101224,NECESSAIRE_MINI_MARCOS,19611,101224_NECESSAIRE_MINI_MARCOS_19611.jpg
101225,NECESSAIRE_MINI_MARCOS,19612,101225_NECESSAIRE_MINI_MARCOS_19612.jpg
101226,NECESSAIRE_MINI_MARCOS,19614,101226_NECESSAIRE_MINI_MARCOS_19614.jpg
101227,NECESSAIRE_MINI_MARCOS,19615,101227_NECESSAIRE_MINI_MARCOS_19615.jpg
101228,NECESSAIRE_MINI_MARCOS,19616,101228_NECESSAIRE_MINI_MARCOS_19616.jpg
101229,NECESSAIRE_MINI_MARCOS,19617,101229_NECESSAIRE_MINI_MARCOS_19617.jpg
101230,NECESSAIRE_MINI_MARCOS,19618,101230_NECESSAIRE_MINI_MARCOS_19618.jpg
101231,NECESSAIRE_MINI_MARCOS,19621,101231_NECESSAIRE_MINI_MARCOS_19621.jpg
101232,NECESSAIRE_MINI_MARCOS,19627,101232_NECESSAIRE_MINI_MARCOS_19627.jpg
101233,NECESSAIRE_MINI_MARCOS,19634,101233_NECESSAIRE_MINI_MARCOS_19634.jpg
101234,NECESSAIRE_MINI_MARCOS_FULL_BLACK,19635,101234_NECESSAIRE_MINI_MARCOS_FULL_BLACK_19635.jpg
101235,NECESSAIRE_TOM,19636,101235_NECESSAIRE_TOM_19636.jpg
101236,NECESSAIRE_TOM,19637,101236_NECESSAIRE_TOM_19637.jpg
101237,NECESSAIRE_TOM,19638,101237_NECESSAIRE_TOM_19638.jpg
101238,NECESSAIRE_TOM,19639,101238_NECESSAIRE_TOM_19639.jpg
101239,NECESSAIRE_TOM,19640,101239_NECESSAIRE_TOM_19640.jpg
101240,NECESSAIRE_TOM,19643,101240_NECESSAIRE_TOM_19643.jpg
101241,PHONEBAG_TANIA,21376,101241_PHONEBAG_TANIA_21376.jpg
101242,PHONEBAG_TANIA,21379,101242_PHONEBAG_TANIA_21379.jpg
101243,PHONEBAG_TANIA,21382,101243_PHONEBAG_TANIA_21382.jpg
101244,PHONEBAG_TANIA,21383,101244_PHONEBAG_TANIA_21383.jpg
101245,PHONEBAG_TANIA,21385,101245_PHONEBAG_TANIA_21385.jpg
101246,PHONEBAG_TANIA,21387,101246_PHONEBAG_TANIA_21387.jpg
101247,PHONEBAG_TANIA,21389,101247_PHONEBAG_TANIA_21389.jpg
101248,PHONEBAG_TANIA,21392,101248_PHONEBAG_TANIA_21392.jpg
101249,PHONEBAG_TANIA,21393,101249_PHONEBAG_TANIA_21393.jpg
101250,PHONEBAG_TANIA,21396,101250_PHONEBAG_TANIA_21396.jpg
101251,PHONEBAG_TANIA,21398,101251_PHONEBAG_TANIA_21398.jpg
101252,PHONEBAG_TANIA,21402,101252_PHONEBAG_TANIA_21402.jpg
101253,PHONEBAG_TAURUS,21409,101253_PHONEBAG_TAURUS_21409.jpg
101254,PHONEBAG_TAURUS,21410,101254_PHONEBAG_TAURUS_21410.jpg
101255,PHONEBAG_TAURUS,21411,101255_PHONEBAG_TAURUS_21411.jpg
101256,PHONEBAG_TAURUS,21412,101256_PHONEBAG_TAURUS_21412.jpg
101257,PHONEBAG_TAURUS,21413,101257_PHONEBAG_TAURUS_21413.jpg
101258,PHONEBAG_TAURUS_FULL_BLACK,21414,101258_PHONEBAG_TAURUS_FULL_BLACK_21414.jpg
101259,PILUSO_DORA,22239,101259_PILUSO_DORA_22239.jpg
101260,PILUSO_DORA,22240,101260_PILUSO_DORA_22240.jpg
101261,PORTABILLETES_CORVUS,19646,101261_PORTABILLETES_CORVUS_19646.jpg
101262,PORTABILLETES_CORVUS,19647,101262_PORTABILLETES_CORVUS_19647.jpg
101263,PORTABILLETES_CORVUS,19648,101263_PORTABILLETES_CORVUS_19648.jpg
101264,PORTABILLETES_CORVUS,19649,101264_PORTABILLETES_CORVUS_19649.jpg
101265,PORTABILLETES_CORVUS,19650,101265_PORTABILLETES_CORVUS_19650.jpg
101266,PORTACABLES_1,21727,101266_PORTACABLES_1_21727.jpg
101267,PORTACABLES_1,21737,101267_PORTACABLES_1_21737.jpg
101268,PORTACABLES_1,21740,101268_PORTACABLES_1_21740.jpg
101269,PORTACABLES_1,21741,101269_PORTACABLES_1_21741.jpg
101270,PORTACABLES_1,21742,101270_PORTACABLES_1_21742.jpg
101271,PORTACABLES_1,21744,101271_PORTACABLES_1_21744.jpg
101272,PORTACABLES_2,21745,101272_PORTACABLES_2_21745.jpg
101273,PORTACABLES_2,21761,101273_PORTACABLES_2_21761.jpg
101274,PORTACABLES_2,21764,101274_PORTACABLES_2_21764.jpg
101275,PORTACABLES_2,21766,101275_PORTACABLES_2_21766.jpg
101276,PORTACABLES_2,21769,101276_PORTACABLES_2_21769.jpg
101277,PORTACABLES_2,21770,101277_PORTACABLES_2_21770.jpg
101278,PORTACABLES_2,21771,101278_PORTACABLES_2_21771.jpg
101279,PORTACABLES_2,21774,101279_PORTACABLES_2_21774.jpg
101280,PORTACABLES_2,21776,101280_PORTACABLES_2_21776.jpg
101281,PORTACABLES_2,21777,101281_PORTACABLES_2_21777.jpg
101282,PORTACABLES_3,21781,101282_PORTACABLES_3_21781.jpg
101283,PORTACABLES_3,21786,101283_PORTACABLES_3_21786.jpg
101284,PORTACABLES_3,21788,101284_PORTACABLES_3_21788.jpg
101285,PORTACINTO_ELIAS,19652,101285_PORTACINTO_ELIAS_19652.jpg
101286,PORTACINTO_ELIAS,19653,101286_PORTACINTO_ELIAS_19653.jpg
101287,PORTACINTO_ELIAS,19654,101287_PORTACINTO_ELIAS_19654.jpg
101288,PORTACINTO_ELIAS,19658,101288_PORTACINTO_ELIAS_19658.jpg
101289,PORTACINTO_ELIAS,19659,101289_PORTACINTO_ELIAS_19659.jpg
101290,PORTACINTO_LOU,19661,101290_PORTACINTO_LOU_19661.jpg
101291,PORTACINTO_LOU,19662,101291_PORTACINTO_LOU_19662.jpg
101292,PORTACINTO_LOU,19663,101292_PORTACINTO_LOU_19663.jpg
101293,PORTACINTO_LOU,19667,101293_PORTACINTO_LOU_19667.jpg
101294,PORTACINTO_LOU,19668,101294_PORTACINTO_LOU_19668.jpg
101295,PORTAFOLIO_BIEL,21415,101295_PORTAFOLIO_BIEL_21415.jpg
101296,PORTAFOLIO_BIEL,21416,101296_PORTAFOLIO_BIEL_21416.jpg
101297,PORTAFOLIO_HUAPI,21417,101297_PORTAFOLIO_HUAPI_21417.jpg
101298,PORTAFOLIO_HUAPI,21419,101298_PORTAFOLIO_HUAPI_21419.jpg
101299,PORTAFOLIO_HUAPI,21420,101299_PORTAFOLIO_HUAPI_21420.jpg
101300,PORTAFOLIO_HUAPI,21421,101300_PORTAFOLIO_HUAPI_21421.jpg
101301,PORTAFOLIO_HUAPI,21422,101301_PORTAFOLIO_HUAPI_21422.jpg
101302,PORTAFOLIO_HUAPI,21424,101302_PORTAFOLIO_HUAPI_21424.jpg
101303,PORTAFOLIO_OLDIE,21429,101303_PORTAFOLIO_OLDIE_21429.jpg
101304,PORTAFOLIO_OLDIE,21431,101304_PORTAFOLIO_OLDIE_21431.jpg
101305,PORTAFOLIO_OLDIE,21432,101305_PORTAFOLIO_OLDIE_21432.jpg
101306,PORTAFOLIO_OLDIE,21434,101306_PORTAFOLIO_OLDIE_21434.jpg
101307,PORTAFOLIO_OLDIE,21436,101307_PORTAFOLIO_OLDIE_21436.jpg
101308,PORTAFOLIO_OLDIE,21445,101308_PORTAFOLIO_OLDIE_21445.jpg
101309,PORTAFOLIO_RUBEN,21447,101309_PORTAFOLIO_RUBEN_21447.jpg
101310,PORTAFOLIO_RUBEN,21448,101310_PORTAFOLIO_RUBEN_21448.jpg
101311,PORTAFOLIO_RUBEN,21449,101311_PORTAFOLIO_RUBEN_21449.jpg
101312,PORTAFOLIO_RUBEN,21450,101312_PORTAFOLIO_RUBEN_21450.jpg
101313,PORTAFOLIO_VENUS_CHICO,21452,101313_PORTAFOLIO_VENUS_CHICO_21452.jpg
101314,PORTAFOLIO_VENUS_CHICO,21454,101314_PORTAFOLIO_VENUS_CHICO_21454.jpg
101315,PORTAFOLIO_VENUS_CHICO,21455,101315_PORTAFOLIO_VENUS_CHICO_21455.jpg
101316,PORTAFOLIO_VENUS_CHICO,21458,101316_PORTAFOLIO_VENUS_CHICO_21458.jpg
101317,PORTAFOLIO_VENUS_CHICO,21460,101317_PORTAFOLIO_VENUS_CHICO_21460.jpg
101318,PORTAFOLIO_VENUS_CHICO,21462,101318_PORTAFOLIO_VENUS_CHICO_21462.jpg
101319,PORTAFOLIO_VENUS_CHICO,21465,101319_PORTAFOLIO_VENUS_CHICO_21465.jpg
101320,PORTAFOLIO_VENUS_CHICO,21466,101320_PORTAFOLIO_VENUS_CHICO_21466.jpg
101321,PORTAFOLIO_VENUS_CHICO,21468,101321_PORTAFOLIO_VENUS_CHICO_21468.jpg
101322,PORTAFOLIO_VENUS_GRANDE,21469,101322_PORTAFOLIO_VENUS_GRANDE_21469.jpg
101323,PORTAHIGIENE,19669,101323_PORTAHIGIENE_19669.jpg
101324,PORTAHIGIENE,19670,101324_PORTAHIGIENE_19670.jpg
101325,PORTAHIGIENE,19672,101325_PORTAHIGIENE_19672.jpg
101326,PORTAHIGIENE,19673,101326_PORTAHIGIENE_19673.jpg
101327,PORTAHIGIENE,19674,101327_PORTAHIGIENE_19674.jpg
101328,PORTAHIGIENE,19677,101328_PORTAHIGIENE_19677.jpg
101329,PORTAHIGIENE,19681,101329_PORTAHIGIENE_19681.jpg
101330,PORTAHIGIENE,19686,101330_PORTAHIGIENE_19686.jpg
101331,PORTALAPICERAS,21790,101331_PORTALAPICERAS_21790.jpg
101332,PORTALAPICERAS,21792,101332_PORTALAPICERAS_21792.jpg
101333,PORTALAPICERAS,21793,101333_PORTALAPICERAS_21793.jpg
101334,PORTALAPICERAS,21795,101334_PORTALAPICERAS_21795.jpg
101335,PORTALAPICERAS,21796,101335_PORTALAPICERAS_21796.jpg
101336,PORTALAPICERAS,21800,101336_PORTALAPICERAS_21800.jpg
101337,PORTALAPICERAS,21810,101337_PORTALAPICERAS_21810.jpg
101338,PORTALAPICERAS,21812,101338_PORTALAPICERAS_21812.jpg
101339,PORTALAPICERAS,21813,101339_PORTALAPICERAS_21813.jpg
101340,PORTALAPICERAS,21815,101340_PORTALAPICERAS_21815.jpg
101341,PORTALAPICERAS,21816,101341_PORTALAPICERAS_21816.jpg
101342,PORTALAPTOP_ELOY,21470,101342_PORTALAPTOP_ELOY_21470.jpg
101343,PORTALAPTOP_ELOY,21471,101343_PORTALAPTOP_ELOY_21471.jpg
101344,PORTALAPTOP_ELOY,21474,101344_PORTALAPTOP_ELOY_21474.jpg
101345,PORTALAPTOP_ELOY,21475,101345_PORTALAPTOP_ELOY_21475.jpg
101346,PORTALAPTOP_IVAN,21476,101346_PORTALAPTOP_IVAN_21476.jpg
101347,PORTALAPTOP_JOY,21477,101347_PORTALAPTOP_JOY_21477.jpg
101348,PORTALAPTOP_JOY,21478,101348_PORTALAPTOP_JOY_21478.jpg
101349,PORTALAPTOP_JOY,21481,101349_PORTALAPTOP_JOY_21481.jpg
101350,PORTALAPTOP_JOY,21482,101350_PORTALAPTOP_JOY_21482.jpg
101351,PORTALAPTOP_LES,21483,101351_PORTALAPTOP_LES_21483.jpg
101352,PORTALAPTOP_LES,21485,101352_PORTALAPTOP_LES_21485.jpg
101353,PORTALAPTOP_LES,21486,101353_PORTALAPTOP_LES_21486.jpg
101354,PORTALAPTOP_LES,21487,101354_PORTALAPTOP_LES_21487.jpg
101355,PORTALAPTOP_LES,21488,101355_PORTALAPTOP_LES_21488.jpg
101356,PORTALAPTOP_LES,21489,101356_PORTALAPTOP_LES_21489.jpg
101357,PORTALAPTOP_LES,21491,101357_PORTALAPTOP_LES_21491.jpg
101358,PORTALAPTOP_LES_FULL_BLACK,21497,101358_PORTALAPTOP_LES_FULL_BLACK_21497.jpg
101359,PORTALAPTOP_MILTON,21498,101359_PORTALAPTOP_MILTON_21498.jpg
101360,PORTALAPTOP_MILTON,21500,101360_PORTALAPTOP_MILTON_21500.jpg
101361,PORTALAPTOP_MILTON,21501,101361_PORTALAPTOP_MILTON_21501.jpg
101362,PORTALAPTOP_MILTON,21502,101362_PORTALAPTOP_MILTON_21502.jpg
101363,PORTALAPTOP_MILTON,21504,101363_PORTALAPTOP_MILTON_21504.jpg
101364,PORTALAPTOP_MILTON,21506,101364_PORTALAPTOP_MILTON_21506.jpg
101365,PORTALAPTOP_MILTON,21511,101365_PORTALAPTOP_MILTON_21511.jpg
101366,PORTALENTES_COLBY,19688,101366_PORTALENTES_COLBY_19688.jpg
101367,PORTALENTES_COLBY,19691,101367_PORTALENTES_COLBY_19691.jpg
101368,PORTALENTES_COLBY,19693,101368_PORTALENTES_COLBY_19693.jpg
101369,PORTALENTES_COLBY,19694,101369_PORTALENTES_COLBY_19694.jpg
101370,PORTALENTES_COLBY,19695,101370_PORTALENTES_COLBY_19695.jpg
101371,PORTALENTES_COLBY,19699,101371_PORTALENTES_COLBY_19699.jpg
101372,PORTALENTES_COLBY,19707,101372_PORTALENTES_COLBY_19707.jpg
101373,PORTALENTES_COLBY,19708,101373_PORTALENTES_COLBY_19708.jpg
101374,PORTALENTES_COLBY,19713,101374_PORTALENTES_COLBY_19713.jpg
101375,PORTALENTES_COLBY,19714,101375_PORTALENTES_COLBY_19714.jpg
101376,PORTALENTES_COLBY,19716,101376_PORTALENTES_COLBY_19716.jpg
101377,PORTALENTES_COLBY,19720,101377_PORTALENTES_COLBY_19720.jpg
101378,PORTALENTES_COLBY,19722,101378_PORTALENTES_COLBY_19722.jpg
101379,PORTALENTES_JANO,19727,101379_PORTALENTES_JANO_19727.jpg
101380,PORTALENTES_JANO,19728,101380_PORTALENTES_JANO_19728.jpg
101381,PORTALENTES_JANO,19729,101381_PORTALENTES_JANO_19729.jpg
101382,PORTALENTES_JANO,19730,101382_PORTALENTES_JANO_19730.jpg
101383,PORTALENTES_JANO,19731,101383_PORTALENTES_JANO_19731.jpg
101384,PORTALENTES_LUZ,19732,101384_PORTALENTES_LUZ_19732.jpg
101385,PORTALENTES_LUZ,19733,101385_PORTALENTES_LUZ_19733.jpg
101386,PORTALENTES_LUZ,19735,101386_PORTALENTES_LUZ_19735.jpg
101387,PORTALENTES_LUZ,19738,101387_PORTALENTES_LUZ_19738.jpg
101388,PORTALENTES_LUZ,19739,101388_PORTALENTES_LUZ_19739.jpg
101389,PORTALENTES_LUZ,19740,101389_PORTALENTES_LUZ_19740.jpg
101390,PORTALENTES_LUZ,19742,101390_PORTALENTES_LUZ_19742.jpg
101391,PORTALENTES_LUZ,19743,101391_PORTALENTES_LUZ_19743.jpg
101392,PORTALENTES_LUZ,19746,101392_PORTALENTES_LUZ_19746.jpg
101393,PORTALENTES_LUZ,19756,101393_PORTALENTES_LUZ_19756.jpg
101394,PORTALENTES_LUZ,19757,101394_PORTALENTES_LUZ_19757.jpg
101395,PORTALENTES_LUZ,19763,101395_PORTALENTES_LUZ_19763.jpg
101396,PORTALENTES_LUZ,19764,101396_PORTALENTES_LUZ_19764.jpg
101397,PORTALENTES_LUZ,19767,101397_PORTALENTES_LUZ_19767.jpg
101398,PORTALENTES_LUZ,19768,101398_PORTALENTES_LUZ_19768.jpg
101399,PORTALENTES_LUZ,19779,101399_PORTALENTES_LUZ_19779.jpg
101400,PORTALENTES_LUZ,19780,101400_PORTALENTES_LUZ_19780.jpg
101401,PORTALENTES_LUZ,19787,101401_PORTALENTES_LUZ_19787.jpg
101402,PORTALENTES_LUZ,19788,101402_PORTALENTES_LUZ_19788.jpg
101403,PORTALENTES_LUZ,19789,101403_PORTALENTES_LUZ_19789.jpg
101404,PORTALENTES_LUZ,19796,101404_PORTALENTES_LUZ_19796.jpg
101405,PORTALENTES_LUZ,19797,101405_PORTALENTES_LUZ_19797.jpg
101406,PORTALENTES_LUZ_BIFAZ,19804,101406_PORTALENTES_LUZ_BIFAZ_19804.jpg
101407,PORTALENTES_LUZ_BIFAZ,19805,101407_PORTALENTES_LUZ_BIFAZ_19805.jpg
101408,PORTALENTES_MANU,19806,101408_PORTALENTES_MANU_19806.jpg
101409,PORTALENTES_MANU,19809,101409_PORTALENTES_MANU_19809.jpg
101410,PORTALENTES_MANU,19810,101410_PORTALENTES_MANU_19810.jpg
101411,PORTALENTES_MANU,19812,101411_PORTALENTES_MANU_19812.jpg
101412,PORTALENTES_MANU,19813,101412_PORTALENTES_MANU_19813.jpg
101413,PORTALENTES_MANU,19815,101413_PORTALENTES_MANU_19815.jpg
101414,PORTALENTES_MANU,19816,101414_PORTALENTES_MANU_19816.jpg
101415,PORTALENTES_MANU,19822,101415_PORTALENTES_MANU_19822.jpg
101416,PORTALENTES_MANU,19823,101416_PORTALENTES_MANU_19823.jpg
101417,PORTALENTES_MANU,19827,101417_PORTALENTES_MANU_19827.jpg
101418,PORTALENTES_MANU,19828,101418_PORTALENTES_MANU_19828.jpg
101419,PORTALENTES_MANU,19831,101419_PORTALENTES_MANU_19831.jpg
101420,PORTALENTES_MANU,19834,101420_PORTALENTES_MANU_19834.jpg
101421,PORTALENTES_ORION,19837,101421_PORTALENTES_ORION_19837.jpg
101422,PORTALENTES_ORION,19840,101422_PORTALENTES_ORION_19840.jpg
101423,PORTALENTES_ORION,19842,101423_PORTALENTES_ORION_19842.jpg
101424,PORTALENTES_ORION,19843,101424_PORTALENTES_ORION_19843.jpg
101425,PORTALENTES_ORION,19845,101425_PORTALENTES_ORION_19845.jpg
101426,PORTALENTES_ORION,19847,101426_PORTALENTES_ORION_19847.jpg
101427,PORTALENTES_ORION,19851,101427_PORTALENTES_ORION_19851.jpg
101428,PORTALENTES_ORION,19853,101428_PORTALENTES_ORION_19853.jpg
101429,PORTALENTES_ORION,19854,101429_PORTALENTES_ORION_19854.jpg
101430,PORTALENTES_ORION,19855,101430_PORTALENTES_ORION_19855.jpg
101431,PORTALENTES_ORION,19857,101431_PORTALENTES_ORION_19857.jpg
101432,PORTALENTES_ORION,19860,101432_PORTALENTES_ORION_19860.jpg
101433,PORTALENTES_ORION,19861,101433_PORTALENTES_ORION_19861.jpg
101434,PORTALENTES_ORION,19863,101434_PORTALENTES_ORION_19863.jpg
101435,PORTALLAVES_ALAN,19869,101435_PORTALLAVES_ALAN_19869.jpg
101436,PORTALLAVES_ALAN,19870,101436_PORTALLAVES_ALAN_19870.jpg
101437,PORTALLAVES_COLT,19872,101437_PORTALLAVES_COLT_19872.jpg
101438,PORTALLAVES_COLT,19874,101438_PORTALLAVES_COLT_19874.jpg
101439,PORTALLAVES_COLT,19879,101439_PORTALLAVES_COLT_19879.jpg
101440,PORTALLAVES_RONAN,19880,101440_PORTALLAVES_RONAN_19880.jpg
101441,PORTALLAVES_RONAN,19881,101441_PORTALLAVES_RONAN_19881.jpg
101442,PORTAPASAPORTE_CHESTER,19882,101442_PORTAPASAPORTE_CHESTER_19882.jpg
101443,PORTAPASAPORTE_CHESTER,19883,101443_PORTAPASAPORTE_CHESTER_19883.jpg
101444,PORTAPASAPORTE_CHESTER,19885,101444_PORTAPASAPORTE_CHESTER_19885.jpg
101445,PORTAPASAPORTE_CHESTER,19886,101445_PORTAPASAPORTE_CHESTER_19886.jpg
101446,PORTAPASAPORTE_CHESTER,19887,101446_PORTAPASAPORTE_CHESTER_19887.jpg
101447,PORTAPASAPORTE_CHESTER,19888,101447_PORTAPASAPORTE_CHESTER_19888.jpg
101448,PORTAPASAPORTE_CHESTER,19889,101448_PORTAPASAPORTE_CHESTER_19889.jpg
101449,PORTAPASAPORTE_CHESTER,19892,101449_PORTAPASAPORTE_CHESTER_19892.jpg
101450,PORTAPASAPORTE_CHESTER,19898,101450_PORTAPASAPORTE_CHESTER_19898.jpg
101451,PORTAPASAPORTE_CHESTER,19899,101451_PORTAPASAPORTE_CHESTER_19899.jpg
101452,PORTAPASAPORTE_CHESTER,19902,101452_PORTAPASAPORTE_CHESTER_19902.jpg
101453,PORTAPASAPORTE_CHESTER,19903,101453_PORTAPASAPORTE_CHESTER_19903.jpg
101454,PORTAPASAPORTE_CHESTER,19906,101454_PORTAPASAPORTE_CHESTER_19906.jpg
101455,PORTAPASAPORTE_CHESTER,19912,101455_PORTAPASAPORTE_CHESTER_19912.jpg
101456,PORTAPASAPORTE_CHESTER,19913,101456_PORTAPASAPORTE_CHESTER_19913.jpg
101457,PORTAPASAPORTE_CHESTER_BIFAZ,19914,101457_PORTAPASAPORTE_CHESTER_BIFAZ_19914.jpg
101458,PORTAPASAPORTE_CHESTER_BIFAZ,19915,101458_PORTAPASAPORTE_CHESTER_BIFAZ_19915.jpg
101459,PORTAPASAPORTE_CHESTER_BIFAZ,19916,101459_PORTAPASAPORTE_CHESTER_BIFAZ_19916.jpg
101460,PORTAPASAPORTE_KANTU,19917,101460_PORTAPASAPORTE_KANTU_19917.jpg
101461,PORTAPASAPORTE_RON,19918,101461_PORTAPASAPORTE_RON_19918.jpg
101462,PORTAPASAPORTE_RON,19919,101462_PORTAPASAPORTE_RON_19919.jpg
101463,PORTAPASAPORTE_RON,19920,101463_PORTAPASAPORTE_RON_19920.jpg
101464,PORTAPASAPORTE_RON,19921,101464_PORTAPASAPORTE_RON_19921.jpg
101465,PORTAPASAPORTE_RON,19922,101465_PORTAPASAPORTE_RON_19922.jpg
101466,PORTAPASAPORTE_RON,19923,101466_PORTAPASAPORTE_RON_19923.jpg
101467,PORTAPASAPORTE_RON,19924,101467_PORTAPASAPORTE_RON_19924.jpg
101468,PORTAPASAPORTE_RON,19930,101468_PORTAPASAPORTE_RON_19930.jpg
101469,PORTAPASAPORTE_RON,19931,101469_PORTAPASAPORTE_RON_19931.jpg
101470,PORTAPASAPORTE_RON,19932,101470_PORTAPASAPORTE_RON_19932.jpg
101471,PORTAPASAPORTE_RON,19933,101471_PORTAPASAPORTE_RON_19933.jpg
101472,PORTAPASAPORTE_RON,19936,101472_PORTAPASAPORTE_RON_19936.jpg
101473,PORTAPASAPORTE_RON,19941,101473_PORTAPASAPORTE_RON_19941.jpg
101474,PORTAPASAPORTE_WARA,19943,101474_PORTAPASAPORTE_WARA_19943.jpg
101475,PORTAPASAPORTE_WARA,19944,101475_PORTAPASAPORTE_WARA_19944.jpg
101476,PORTAPASAPORTE_WARA,19945,101476_PORTAPASAPORTE_WARA_19945.jpg
101477,PORTAPASAPORTE_WARA,19947,101477_PORTAPASAPORTE_WARA_19947.jpg
101478,PORTAPASAPORTE_WARA,19948,101478_PORTAPASAPORTE_WARA_19948.jpg
101479,PORTAPASAPORTE_WARA,19949,101479_PORTAPASAPORTE_WARA_19949.jpg
101480,PORTAPASAPORTE_WARA,19950,101480_PORTAPASAPORTE_WARA_19950.jpg
101481,PORTAPASAPORTE_WARA,19951,101481_PORTAPASAPORTE_WARA_19951.jpg
101482,PORTATABACO,19952,101482_PORTATABACO_19952.jpg
101483,PORTATRAJE_FRANK,21513,101483_PORTATRAJE_FRANK_21513.jpg
101484,PORTATRAJE_FRANK,21514,101484_PORTATRAJE_FRANK_21514.jpg
101485,PORTAVINO_CAFAYATE,21846,101485_PORTAVINO_CAFAYATE_21846.jpg
101486,PORTAVINO_CAFAYATE,21847,101486_PORTAVINO_CAFAYATE_21847.jpg
101487,PORTAVINO_RIOJA,21848,101487_PORTAVINO_RIOJA_21848.jpg
101488,PORTAVINO_RIOJA,21849,101488_PORTAVINO_RIOJA_21849.jpg
101489,PORTAVINO_TANDIL,21850,101489_PORTAVINO_TANDIL_21850.jpg
101490,PORTAVINO_TANDIL,21853,101490_PORTAVINO_TANDIL_21853.jpg
101491,PORTAVINO_TANDIL,21854,101491_PORTAVINO_TANDIL_21854.jpg
101492,PORTAVINO_TANDIL,21855,101492_PORTAVINO_TANDIL_21855.jpg
101493,PORTAVINO_TANDIL,21857,101493_PORTAVINO_TANDIL_21857.jpg
101494,PORTAVINO_TANDIL,21858,101494_PORTAVINO_TANDIL_21858.jpg
101495,PORTAVINO_TUNUYAN,21862,101495_PORTAVINO_TUNUYAN_21862.jpg
101496,PORTAVINO_TUNUYAN,21863,101496_PORTAVINO_TUNUYAN_21863.jpg
101497,PORTAVINO_TUNUYAN,21864,101497_PORTAVINO_TUNUYAN_21864.jpg
101498,PORTAVINO_UCO,21865,101498_PORTAVINO_UCO_21865.jpg
101499,PORTAVINO_UCO,21868,101499_PORTAVINO_UCO_21868.jpg
101500,PORTAVINO_UCO,21870,101500_PORTAVINO_UCO_21870.jpg
101501,PORTAVINO_UCO,21871,101501_PORTAVINO_UCO_21871.jpg
101502,PORTAVINO_UCO,21873,101502_PORTAVINO_UCO_21873.jpg
101503,PORTAVINO_UCO,21874,101503_PORTAVINO_UCO_21874.jpg
101504,PORTAVINO_UCO,21876,101504_PORTAVINO_UCO_21876.jpg
101505,POSAVASOS_MAEL,21879,101505_POSAVASOS_MAEL_21879.jpg
101506,POSAVASOS_MAEL,21880,101506_POSAVASOS_MAEL_21880.jpg
101507,REMERA_AMADEO,22241,101507_REMERA_AMADEO_22241.jpg
101508,REMERA_AMADEO,22242,101508_REMERA_AMADEO_22242.jpg
101509,REMERA_AMADEO,22243,101509_REMERA_AMADEO_22243.jpg
101510,REMERA_AMADEO,22244,101510_REMERA_AMADEO_22244.jpg
101511,REMERA_AMADEO,22245,101511_REMERA_AMADEO_22245.jpg
101512,REMERA_AMADEO,22246,101512_REMERA_AMADEO_22246.jpg
101513,REMERA_AMADEO,22247,101513_REMERA_AMADEO_22247.jpg
101514,REMERA_AMADEO,22248,101514_REMERA_AMADEO_22248.jpg
101515,REMERA_AMADEO,22249,101515_REMERA_AMADEO_22249.jpg
101516,REMERA_AMADEO,22250,101516_REMERA_AMADEO_22250.jpg
101517,REMERA_AMADEO,22251,101517_REMERA_AMADEO_22251.jpg
101518,REMERA_AMADEO,22252,101518_REMERA_AMADEO_22252.jpg
101519,REMERA_AMADEO,22253,101519_REMERA_AMADEO_22253.jpg
101520,REMERA_AMADEO,22254,101520_REMERA_AMADEO_22254.jpg
101521,REMERA_AMADEO,22255,101521_REMERA_AMADEO_22255.jpg
101522,REMERA_AMADEO,22256,101522_REMERA_AMADEO_22256.jpg
101523,REMERA_AMADEO,22257,101523_REMERA_AMADEO_22257.jpg
101524,REMERA_AMADEO,22258,101524_REMERA_AMADEO_22258.jpg
101525,REMERA_AMADEO,22259,101525_REMERA_AMADEO_22259.jpg
101526,REMERA_AMADEO,22260,101526_REMERA_AMADEO_22260.jpg
101527,REMERA_DANA,22261,101527_REMERA_DANA_22261.jpg
101528,REMERA_DANA,22262,101528_REMERA_DANA_22262.jpg
101529,REMERA_DANA,22263,101529_REMERA_DANA_22263.jpg
101530,REMERA_DANA,22264,101530_REMERA_DANA_22264.jpg
101531,REMERA_DANA,22265,101531_REMERA_DANA_22265.jpg
101532,REMERA_DANA,22266,101532_REMERA_DANA_22266.jpg
101533,REMERA_DANA,22267,101533_REMERA_DANA_22267.jpg
101534,REMERA_DANA,22268,101534_REMERA_DANA_22268.jpg
101535,REMERA_DANA,22269,101535_REMERA_DANA_22269.jpg
101536,REMERA_DANA,22270,101536_REMERA_DANA_22270.jpg
101537,REMERA_DANA,22271,101537_REMERA_DANA_22271.jpg
101538,REMERA_DANA,22272,101538_REMERA_DANA_22272.jpg
101539,REMERA_DANA,22273,101539_REMERA_DANA_22273.jpg
101540,REMERA_DANA,22274,101540_REMERA_DANA_22274.jpg
101541,REMERA_DANA,22275,101541_REMERA_DANA_22275.jpg
101542,REMERA_DANA,22276,101542_REMERA_DANA_22276.jpg
101543,REMERA_DANA,22277,101543_REMERA_DANA_22277.jpg
101544,REMERA_DANA,22278,101544_REMERA_DANA_22278.jpg
101545,REMERA_DANA,22279,101545_REMERA_DANA_22279.jpg
101546,REMERA_DANA,22280,101546_REMERA_DANA_22280.jpg
101547,REMERA_NOA,22281,101547_REMERA_NOA_22281.jpg
101548,REMERA_NOA,22282,101548_REMERA_NOA_22282.jpg
101549,REMERA_NOA,22283,101549_REMERA_NOA_22283.jpg
101550,REMERA_NOA,22284,101550_REMERA_NOA_22284.jpg
101551,REMERA_NOA,22285,101551_REMERA_NOA_22285.jpg
101552,REMERA_NOA,22286,101552_REMERA_NOA_22286.jpg
101553,REMERA_NOA,22287,101553_REMERA_NOA_22287.jpg
101554,REMERA_NOA,22288,101554_REMERA_NOA_22288.jpg
101555,REMERA_NOA,22289,101555_REMERA_NOA_22289.jpg
101556,REMERA_NOA,22290,101556_REMERA_NOA_22290.jpg
101557,RIÑONERA_CRUZ_L,21515,101557_RIÑONERA_CRUZ_L_21515.jpg
101558,RIÑONERA_CRUZ_L,21517,101558_RIÑONERA_CRUZ_L_21517.jpg
101559,RIÑONERA_CRUZ_L,21518,101559_RIÑONERA_CRUZ_L_21518.jpg
101560,RIÑONERA_CRUZ_L,21519,101560_RIÑONERA_CRUZ_L_21519.jpg
101561,RIÑONERA_CRUZ_L,21521,101561_RIÑONERA_CRUZ_L_21521.jpg
101562,RIÑONERA_CRUZ_S,21525,101562_RIÑONERA_CRUZ_S_21525.jpg
101563,RIÑONERA_CRUZ_S,21527,101563_RIÑONERA_CRUZ_S_21527.jpg
101564,RIÑONERA_CRUZ_S,21528,101564_RIÑONERA_CRUZ_S_21528.jpg
101565,RIÑONERA_CRUZ_S,21529,101565_RIÑONERA_CRUZ_S_21529.jpg
101566,RIÑONERA_CRUZ_S,21530,101566_RIÑONERA_CRUZ_S_21530.jpg
101567,RIÑONERA_CRUZ_S,21531,101567_RIÑONERA_CRUZ_S_21531.jpg
101568,RIÑONERA_CRUZ_S,21532,101568_RIÑONERA_CRUZ_S_21532.jpg
101569,RIÑONERA_CRUZ_S,21534,101569_RIÑONERA_CRUZ_S_21534.jpg
101570,RIÑONERA_CRUZ_S,21541,101570_RIÑONERA_CRUZ_S_21541.jpg
101571,RIÑONERA_CRUZ_S,21545,101571_RIÑONERA_CRUZ_S_21545.jpg
101572,RIÑONERA_EVAN_CHICA,21549,101572_RIÑONERA_EVAN_CHICA_21549.jpg
101573,RIÑONERA_EVAN_CHICA,21550,101573_RIÑONERA_EVAN_CHICA_21550.jpg
101574,RIÑONERA_EVAN_CHICA,21551,101574_RIÑONERA_EVAN_CHICA_21551.jpg
101575,RIÑONERA_EVAN_CHICA,21552,101575_RIÑONERA_EVAN_CHICA_21552.jpg
101576,RIÑONERA_EVAN_FULL_BLACK_CHICA,21553,101576_RIÑONERA_EVAN_FULL_BLACK_CHICA_21553.jpg
101577,RIÑONERA_EVAN_FULL_BLACK_GRANDE,21554,101577_RIÑONERA_EVAN_FULL_BLACK_GRANDE_21554.jpg
101578,RIÑONERA_EVAN_GRANDE,21555,101578_RIÑONERA_EVAN_GRANDE_21555.jpg
101579,RIÑONERA_EVAN_GRANDE,21556,101579_RIÑONERA_EVAN_GRANDE_21556.jpg
101580,RIÑONERA_EVAN_GRANDE,21557,101580_RIÑONERA_EVAN_GRANDE_21557.jpg
101581,RIÑONERA_EVAN_GRANDE,21558,101581_RIÑONERA_EVAN_GRANDE_21558.jpg
101582,RIÑONERA_EVAN_GRANDE,21561,101582_RIÑONERA_EVAN_GRANDE_21561.jpg
101583,SANDALIA_LOLA,18833,101583_SANDALIA_LOLA_18833.jpg
101584,SANDALIA_LOLA,18834,101584_SANDALIA_LOLA_18834.jpg
101585,SANDALIA_LOLA,18835,101585_SANDALIA_LOLA_18835.jpg
101586,SANDALIA_LOLA,18836,101586_SANDALIA_LOLA_18836.jpg
101587,SANDALIA_LOLA,18837,101587_SANDALIA_LOLA_18837.jpg
101588,SANDALIA_LOLA,18838,101588_SANDALIA_LOLA_18838.jpg
101589,SANDALIA_LOLA,18839,101589_SANDALIA_LOLA_18839.jpg
101590,SANDALIA_LOLA,18840,101590_SANDALIA_LOLA_18840.jpg
101591,SANDALIA_LOLA,18841,101591_SANDALIA_LOLA_18841.jpg
101592,SANDALIA_LOLA,18842,101592_SANDALIA_LOLA_18842.jpg
101593,SANDALIA_LOLA_C_TACO,18843,101593_SANDALIA_LOLA_C_TACO_18843.jpg
101594,SANDALIA_LOLA_C_TACO,18844,101594_SANDALIA_LOLA_C_TACO_18844.jpg
101595,SANDALIA_LOLA_C_TACO,18845,101595_SANDALIA_LOLA_C_TACO_18845.jpg
101596,SANDALIA_LOLA_C_TACO,18846,101596_SANDALIA_LOLA_C_TACO_18846.jpg
101597,SANDALIA_LOLA_C_TACO,18847,101597_SANDALIA_LOLA_C_TACO_18847.jpg
101598,SANDALIA_LOLA_C_TACO,18848,101598_SANDALIA_LOLA_C_TACO_18848.jpg
101599,SANDALIA_LOLA_C_TACO,18849,101599_SANDALIA_LOLA_C_TACO_18849.jpg
101600,SANDALIA_LOLA_C_TACO,18850,101600_SANDALIA_LOLA_C_TACO_18850.jpg
101601,SANDALIA_LOLA_C_TACO,18851,101601_SANDALIA_LOLA_C_TACO_18851.jpg
101602,SANDALIA_LOLA_C_TACO,18852,101602_SANDALIA_LOLA_C_TACO_18852.jpg
101603,SANDALIA_MAR,18853,101603_SANDALIA_MAR_18853.jpg
101604,SANDALIA_MAR,34871,101604_SANDALIA_MAR_34871.jpg
101605,SANDALIA_SOFIA,18855,101605_SANDALIA_SOFIA_18855.jpg
101606,SANDALIA_SOFIA,34872,101606_SANDALIA_SOFIA_34872.jpg
101607,SET_POSAVASOS_CIRCULAR_X4,21883,101607_SET_POSAVASOS_CIRCULAR_X4_21883.jpg
101608,SET_POSAVASOS_CIRCULAR_X4,21886,101608_SET_POSAVASOS_CIRCULAR_X4_21886.jpg
101609,SET_POSAVASOS_CIRCULAR_X4,21888,101609_SET_POSAVASOS_CIRCULAR_X4_21888.jpg
101610,SET_POSAVASOS_CIRCULAR_X4,21889,101610_SET_POSAVASOS_CIRCULAR_X4_21889.jpg
101611,SET_POSAVASOS_CIRCULAR_X4,21891,101611_SET_POSAVASOS_CIRCULAR_X4_21891.jpg
101612,SET_POSAVASOS_CIRCULAR_X4,21893,101612_SET_POSAVASOS_CIRCULAR_X4_21893.jpg
101613,SET_POSAVASOS_CIRCULAR_X4,21897,101613_SET_POSAVASOS_CIRCULAR_X4_21897.jpg
101614,SET_POSAVASOS_CIRCULAR_X4,21899,101614_SET_POSAVASOS_CIRCULAR_X4_21899.jpg
101615,SET_POSAVASOS_CIRCULAR_X4,21901,101615_SET_POSAVASOS_CIRCULAR_X4_21901.jpg
101616,SET_POSAVASOS_CIRCULAR_X4,21902,101616_SET_POSAVASOS_CIRCULAR_X4_21902.jpg
101617,SET_POSAVASOS_CIRCULAR_X4,21903,101617_SET_POSAVASOS_CIRCULAR_X4_21903.jpg
101618,SET_POSAVASOS_CIRCULAR_X4,21906,101618_SET_POSAVASOS_CIRCULAR_X4_21906.jpg
101619,SET_POSAVASOS_CIRCULAR_X4,21907,101619_SET_POSAVASOS_CIRCULAR_X4_21907.jpg
101620,SET_POSAVASOS_CIRCULAR_X4,21909,101620_SET_POSAVASOS_CIRCULAR_X4_21909.jpg
101621,SET_POSAVASOS_CUADRADO_X4,21916,101621_SET_POSAVASOS_CUADRADO_X4_21916.jpg
101622,SET_POSAVASOS_CUADRADO_X4,21919,101622_SET_POSAVASOS_CUADRADO_X4_21919.jpg
101623,SET_POSAVASOS_CUADRADO_X4,21921,101623_SET_POSAVASOS_CUADRADO_X4_21921.jpg
101624,SET_POSAVASOS_CUADRADO_X4,21922,101624_SET_POSAVASOS_CUADRADO_X4_21922.jpg
101625,SET_POSAVASOS_CUADRADO_X4,21924,101625_SET_POSAVASOS_CUADRADO_X4_21924.jpg
101626,SET_POSAVASOS_CUADRADO_X4,21926,101626_SET_POSAVASOS_CUADRADO_X4_21926.jpg
101627,SET_POSAVASOS_CUADRADO_X4,21932,101627_SET_POSAVASOS_CUADRADO_X4_21932.jpg
101628,SET_POSAVASOS_CUADRADO_X4,21934,101628_SET_POSAVASOS_CUADRADO_X4_21934.jpg
101629,SET_POSAVASOS_CUADRADO_X4,21935,101629_SET_POSAVASOS_CUADRADO_X4_21935.jpg
101630,SET_POSAVASOS_CUADRADO_X4,21936,101630_SET_POSAVASOS_CUADRADO_X4_21936.jpg
101631,SET_POSAVASOS_CUADRADO_X4,21939,101631_SET_POSAVASOS_CUADRADO_X4_21939.jpg
101632,SET_POSAVASOS_CUADRADO_X4,21940,101632_SET_POSAVASOS_CUADRADO_X4_21940.jpg
101633,SET_POSAVASOS_CUADRADO_X4,21942,101633_SET_POSAVASOS_CUADRADO_X4_21942.jpg
101634,SEÑALADOR,21817,101634_SEÑALADOR_21817.jpg
101635,SEÑALADOR,21818,101635_SEÑALADOR_21818.jpg
101636,SEÑALADOR,21819,101636_SEÑALADOR_21819.jpg
101637,SEÑALADOR,21820,101637_SEÑALADOR_21820.jpg
101638,SOBRE_GEMINI,21566,101638_SOBRE_GEMINI_21566.jpg
101639,SOBRE_GEMINI,21570,101639_SOBRE_GEMINI_21570.jpg
101640,SOBRE_GEMINI,21571,101640_SOBRE_GEMINI_21571.jpg
101641,SOBRE_GEMINI,21572,101641_SOBRE_GEMINI_21572.jpg
101642,SOBRE_GEMINI,21573,101642_SOBRE_GEMINI_21573.jpg
101643,SOBRE_GEMINI,21574,101643_SOBRE_GEMINI_21574.jpg
101644,SOBRE_GEMINI,21575,101644_SOBRE_GEMINI_21575.jpg
101645,SOBRE_GEMINI,21576,101645_SOBRE_GEMINI_21576.jpg
101646,SOBRE_MAJA,21577,101646_SOBRE_MAJA_21577.jpg
101647,SOBRE_MAJA,21578,101647_SOBRE_MAJA_21578.jpg
101648,SOBRE_OMEGA,21583,101648_SOBRE_OMEGA_21583.jpg
101649,SOBRE_OMEGA,21585,101649_SOBRE_OMEGA_21585.jpg
101650,SOBRE_OMEGA,21586,101650_SOBRE_OMEGA_21586.jpg
101651,SOBRE_OMEGA,21588,101651_SOBRE_OMEGA_21588.jpg
101652,SOBRE_OMEGA,21593,101652_SOBRE_OMEGA_21593.jpg
101653,SOBRE_OMEGA,21601,101653_SOBRE_OMEGA_21601.jpg
101654,SOBRE_OMEGA,21602,101654_SOBRE_OMEGA_21602.jpg
101655,SOBRE_OMEGA,21603,101655_SOBRE_OMEGA_21603.jpg
101656,SOBRE_OMEGA,39882,101656_SOBRE_OMEGA_39882.jpg
101657,SOBRE_OMEGA,21609,101657_SOBRE_OMEGA_21609.jpg
101658,SOBRE_OMEGA,21611,101658_SOBRE_OMEGA_21611.jpg
101659,SOMBRERO_FABIO,22303,101659_SOMBRERO_FABIO_22303.jpg
101660,SOMBRERO_FELA,22304,101660_SOMBRERO_FELA_22304.jpg
101661,SOMBRERO_GIA,22305,101661_SOMBRERO_GIA_22305.jpg
101662,SOMBRERO_HENY,22306,101662_SOMBRERO_HENY_22306.jpg
101663,SOMBRERO_NINI,22307,101663_SOMBRERO_NINI_22307.jpg
101664,SOMBRERO_YULA,22320,101664_SOMBRERO_YULA_22320.jpg
101665,SWEATER_1_2_CIERRE,22321,101665_SWEATER_1_2_CIERRE_22321.jpg
101666,TAG_AMAYA,19953,101666_TAG_AMAYA_19953.jpg
101667,TAG_AMAYA,19954,101667_TAG_AMAYA_19954.jpg
101668,TAG_AMAYA,19955,101668_TAG_AMAYA_19955.jpg
101669,TAG_AMAYA,19956,101669_TAG_AMAYA_19956.jpg
101670,TAG_AMAYA,19957,101670_TAG_AMAYA_19957.jpg
101671,TAG_CALADO_INICIAL,19959,101671_TAG_CALADO_INICIAL_19959.jpg
101672,TAG_CALADO_INICIAL,19960,101672_TAG_CALADO_INICIAL_19960.jpg
101673,TAG_CALADO_INICIAL,19963,101673_TAG_CALADO_INICIAL_19963.jpg
101674,TAG_CALADO_INICIAL,19965,101674_TAG_CALADO_INICIAL_19965.jpg
101675,TAG_INICIALES,19966,101675_TAG_INICIALES_19966.jpg
101676,TAG_INICIALES,19973,101676_TAG_INICIALES_19973.jpg
101677,TAG_INICIALES,19974,101677_TAG_INICIALES_19974.jpg
101678,TAG_INICIALES,19975,101678_TAG_INICIALES_19975.jpg
101679,TAG_INICIALES,19976,101679_TAG_INICIALES_19976.jpg
101680,TAG_INICIALES,19977,101680_TAG_INICIALES_19977.jpg
101681,TAG_SIMPLE,19978,101681_TAG_SIMPLE_19978.jpg
101682,TAG_SIMPLE,19979,101682_TAG_SIMPLE_19979.jpg
101683,TAG_SIMPLE,19980,101683_TAG_SIMPLE_19980.jpg
101684,TAG_SIMPLE,19981,101684_TAG_SIMPLE_19981.jpg
101685,TAG_SIMPLE,19982,101685_TAG_SIMPLE_19982.jpg
101686,TAG_SIMPLE,19983,101686_TAG_SIMPLE_19983.jpg
101687,TARJETERO_ARIES,19984,101687_TARJETERO_ARIES_19984.jpg
101688,TARJETERO_ARIES,19985,101688_TARJETERO_ARIES_19985.jpg
101689,TARJETERO_ARIES,19989,101689_TARJETERO_ARIES_19989.jpg
101690,TARJETERO_ARIES,19991,101690_TARJETERO_ARIES_19991.jpg
101691,TARJETERO_ARIES,19992,101691_TARJETERO_ARIES_19992.jpg
101692,TARJETERO_ARIES,19993,101692_TARJETERO_ARIES_19993.jpg
101693,TARJETERO_ARIES,19994,101693_TARJETERO_ARIES_19994.jpg
101694,TARJETERO_ARIES,19997,101694_TARJETERO_ARIES_19997.jpg
101695,TARJETERO_ARIES,20006,101695_TARJETERO_ARIES_20006.jpg
101696,TARJETERO_ARIES,20015,101696_TARJETERO_ARIES_20015.jpg
101697,TARJETERO_ARIES,20016,101697_TARJETERO_ARIES_20016.jpg
101698,TARJETERO_ARIES,20020,101698_TARJETERO_ARIES_20020.jpg
101699,TARJETERO_ARIES,20021,101699_TARJETERO_ARIES_20021.jpg
101700,TARJETERO_ARIES,20023,101700_TARJETERO_ARIES_20023.jpg
101701,TARJETERO_ARIES_BIFAZ,20028,101701_TARJETERO_ARIES_BIFAZ_20028.jpg
101702,TARJETERO_ARIES_BIFAZ,20029,101702_TARJETERO_ARIES_BIFAZ_20029.jpg
101703,TARJETERO_ARIES_BIFAZ,20030,101703_TARJETERO_ARIES_BIFAZ_20030.jpg
101704,TARJETERO_BILL,20031,101704_TARJETERO_BILL_20031.jpg
101705,TARJETERO_BILL,20032,101705_TARJETERO_BILL_20032.jpg
101706,TARJETERO_BILL,20034,101706_TARJETERO_BILL_20034.jpg
101707,TARJETERO_BILL,20035,101707_TARJETERO_BILL_20035.jpg
101708,TARJETERO_BILL,20036,101708_TARJETERO_BILL_20036.jpg
101709,TARJETERO_BILL,20037,101709_TARJETERO_BILL_20037.jpg
101710,TARJETERO_BILL,20038,101710_TARJETERO_BILL_20038.jpg
101711,TARJETERO_BILL,20042,101711_TARJETERO_BILL_20042.jpg
101712,TARJETERO_BILL,20048,101712_TARJETERO_BILL_20048.jpg
101713,TARJETERO_BILL,20049,101713_TARJETERO_BILL_20049.jpg
101714,TARJETERO_BILL,20050,101714_TARJETERO_BILL_20050.jpg
101715,TARJETERO_BILL,20051,101715_TARJETERO_BILL_20051.jpg
101716,TARJETERO_BILL,20055,101716_TARJETERO_BILL_20055.jpg
101717,TARJETERO_BILL,20062,101717_TARJETERO_BILL_20062.jpg
101718,TARJETERO_BILL,20063,101718_TARJETERO_BILL_20063.jpg
101719,TARJETERO_BILL,20066,101719_TARJETERO_BILL_20066.jpg
101720,TARJETERO_BILL,20067,101720_TARJETERO_BILL_20067.jpg
101721,TARJETERO_BILL,20068,101721_TARJETERO_BILL_20068.jpg
101722,TARJETERO_BILL,20070,101722_TARJETERO_BILL_20070.jpg
101723,TARJETERO_HARRY,20072,101723_TARJETERO_HARRY_20072.jpg
101724,TARJETERO_HARRY,20074,101724_TARJETERO_HARRY_20074.jpg
101725,TARJETERO_HARRY,20075,101725_TARJETERO_HARRY_20075.jpg
101726,TARJETERO_HARRY,20076,101726_TARJETERO_HARRY_20076.jpg
101727,TARJETERO_HARRY,20078,101727_TARJETERO_HARRY_20078.jpg
101728,TARJETERO_HARRY,20082,101728_TARJETERO_HARRY_20082.jpg
101729,TARJETERO_HARRY,20097,101729_TARJETERO_HARRY_20097.jpg
101730,TARJETERO_HARRY,20098,101730_TARJETERO_HARRY_20098.jpg
101731,TARJETERO_HARRY,20099,101731_TARJETERO_HARRY_20099.jpg
101732,TARJETERO_HARRY,20102,101732_TARJETERO_HARRY_20102.jpg
101733,TARJETERO_HARRY,20103,101733_TARJETERO_HARRY_20103.jpg
101734,TARJETERO_HARRY,20104,101734_TARJETERO_HARRY_20104.jpg
101735,TARJETERO_HARRY,20106,101735_TARJETERO_HARRY_20106.jpg
101736,TARJETERO_JUAN,20107,101736_TARJETERO_JUAN_20107.jpg
101737,TARJETERO_JUAN,20108,101737_TARJETERO_JUAN_20108.jpg
101738,TARJETERO_JUAN,20110,101738_TARJETERO_JUAN_20110.jpg
101739,TARJETERO_JUAN,20111,101739_TARJETERO_JUAN_20111.jpg
101740,TARJETERO_JUAN,20112,101740_TARJETERO_JUAN_20112.jpg
101741,TARJETERO_JUAN,20114,101741_TARJETERO_JUAN_20114.jpg
101742,TARJETERO_JUAN,20115,101742_TARJETERO_JUAN_20115.jpg
101743,TARJETERO_JUAN,20118,101743_TARJETERO_JUAN_20118.jpg
101744,TARJETERO_JUAN,20125,101744_TARJETERO_JUAN_20125.jpg
101745,TARJETERO_JUAN,20133,101745_TARJETERO_JUAN_20133.jpg
101746,TARJETERO_JUAN,20134,101746_TARJETERO_JUAN_20134.jpg
101747,TARJETERO_JUAN,20135,101747_TARJETERO_JUAN_20135.jpg
101748,TARJETERO_JUAN,20137,101748_TARJETERO_JUAN_20137.jpg
101749,TARJETERO_JUAN,20138,101749_TARJETERO_JUAN_20138.jpg
101750,TARJETERO_JUAN,20139,101750_TARJETERO_JUAN_20139.jpg
101751,TARJETERO_JUAN,20140,101751_TARJETERO_JUAN_20140.jpg
101752,TARJETERO_KENNY,20143,101752_TARJETERO_KENNY_20143.jpg
101753,TARJETERO_KENNY,20144,101753_TARJETERO_KENNY_20144.jpg
101754,TARJETERO_KENNY,20145,101754_TARJETERO_KENNY_20145.jpg
101755,TARJETERO_KENNY,20146,101755_TARJETERO_KENNY_20146.jpg
101756,TARJETERO_KENNY,20149,101756_TARJETERO_KENNY_20149.jpg
101757,TARJETERO_KENNY,20150,101757_TARJETERO_KENNY_20150.jpg
101758,TARJETERO_KENNY,20151,101758_TARJETERO_KENNY_20151.jpg
101759,TARJETERO_KENNY,20153,101759_TARJETERO_KENNY_20153.jpg
101760,TARJETERO_KENNY,20154,101760_TARJETERO_KENNY_20154.jpg
101761,TARJETERO_KENNY,20155,101761_TARJETERO_KENNY_20155.jpg
101762,TARJETERO_MULTI,20159,101762_TARJETERO_MULTI_20159.jpg
101763,TARJETERO_MULTI,20162,101763_TARJETERO_MULTI_20162.jpg
101764,TARJETERO_MULTI,20164,101764_TARJETERO_MULTI_20164.jpg
101765,TARJETERO_MULTI,20165,101765_TARJETERO_MULTI_20165.jpg
101766,TARJETERO_MULTI,20167,101766_TARJETERO_MULTI_20167.jpg
101767,TARJETERO_MULTI,20168,101767_TARJETERO_MULTI_20168.jpg
101768,TARJETERO_MULTI,20170,101768_TARJETERO_MULTI_20170.jpg
101769,TARJETERO_MULTI,20171,101769_TARJETERO_MULTI_20171.jpg
101770,TARJETERO_NEW_KENNY,20172,101770_TARJETERO_NEW_KENNY_20172.jpg
101771,TARJETERO_NEW_KENNY,20173,101771_TARJETERO_NEW_KENNY_20173.jpg
101772,TARJETERO_NEW_KENNY,20174,101772_TARJETERO_NEW_KENNY_20174.jpg
101773,TARJETERO_NEW_KENNY,20175,101773_TARJETERO_NEW_KENNY_20175.jpg
101774,TARJETERO_NEW_KENNY,20176,101774_TARJETERO_NEW_KENNY_20176.jpg
101775,TARJETERO_NEW_KENNY,20177,101775_TARJETERO_NEW_KENNY_20177.jpg
101776,TARJETERO_ROMA,20182,101776_TARJETERO_ROMA_20182.jpg
101777,TARJETERO_ROMA,20183,101777_TARJETERO_ROMA_20183.jpg
101778,TARJETERO_ROMA,20184,101778_TARJETERO_ROMA_20184.jpg
101779,TARJETERO_ROMA,20186,101779_TARJETERO_ROMA_20186.jpg
101780,TARJETERO_ROMA,20189,101780_TARJETERO_ROMA_20189.jpg
101781,TARJETERO_ROMA,20195,101781_TARJETERO_ROMA_20195.jpg
101782,TARJETERO_RUBI,20197,101782_TARJETERO_RUBI_20197.jpg
101783,TARJETERO_RUBI,20198,101783_TARJETERO_RUBI_20198.jpg
101784,TARJETERO_RUBI,20200,101784_TARJETERO_RUBI_20200.jpg
101785,TARJETERO_RUBI,20201,101785_TARJETERO_RUBI_20201.jpg
101786,TARJETERO_RUBI,20202,101786_TARJETERO_RUBI_20202.jpg
101787,TARJETERO_RUBI,20203,101787_TARJETERO_RUBI_20203.jpg
101788,TARJETERO_RUBI,20204,101788_TARJETERO_RUBI_20204.jpg
101789,TARJETERO_RUBI,20209,101789_TARJETERO_RUBI_20209.jpg
101790,TARJETERO_RUBI,20215,101790_TARJETERO_RUBI_20215.jpg
101791,TARJETERO_RUBI,20221,101791_TARJETERO_RUBI_20221.jpg
101792,TARJETERO_RUBI,20222,101792_TARJETERO_RUBI_20222.jpg
101793,TARJETERO_RUBI,20225,101793_TARJETERO_RUBI_20225.jpg
101794,TARJETERO_RUBI,20226,101794_TARJETERO_RUBI_20226.jpg
101795,TARJETERO_RUBI,20229,101795_TARJETERO_RUBI_20229.jpg
101796,TARJETERO_RUBI,20235,101796_TARJETERO_RUBI_20235.jpg
101797,TARJETERO_RUBI,20236,101797_TARJETERO_RUBI_20236.jpg
101798,TARJETERO_VINCENT,20237,101798_TARJETERO_VINCENT_20237.jpg
101799,TARJETERO_VINCENT,20238,101799_TARJETERO_VINCENT_20238.jpg
101800,TARJETERO_VINCENT,20239,101800_TARJETERO_VINCENT_20239.jpg
101801,TARJETERO_VINCENT,20240,101801_TARJETERO_VINCENT_20240.jpg
101802,TARJETERO_VINCENT,20241,101802_TARJETERO_VINCENT_20241.jpg
101803,TARJETERO_VINCENT,20242,101803_TARJETERO_VINCENT_20242.jpg
101804,TOTE_CACHI,21617,101804_TOTE_CACHI_21617.jpg
101805,TOTE_CACHI,21620,101805_TOTE_CACHI_21620.jpg
101806,TOTE_CACHI,21626,101806_TOTE_CACHI_21626.jpg
101807,TOTE_CACHI,21629,101807_TOTE_CACHI_21629.jpg
101808,TOTE_CACHI,21632,101808_TOTE_CACHI_21632.jpg
101809,TOTE_CACHI,21635,101809_TOTE_CACHI_21635.jpg
101810,TOTE_CACHI,21638,101810_TOTE_CACHI_21638.jpg
101811,TOTE_CACHI,21639,101811_TOTE_CACHI_21639.jpg
101812,TOTE_IRUYA,21645,101812_TOTE_IRUYA_21645.jpg
101813,TOTE_IRUYA,21648,101813_TOTE_IRUYA_21648.jpg
101814,TOTE_IRUYA,21649,101814_TOTE_IRUYA_21649.jpg
101815,TOTE_IRUYA,21650,101815_TOTE_IRUYA_21650.jpg
101816,TOTE_IRUYA,21651,101816_TOTE_IRUYA_21651.jpg
101817,TOTE_IRUYA,21653,101817_TOTE_IRUYA_21653.jpg
101818,TOTE_IRUYA,21654,101818_TOTE_IRUYA_21654.jpg
101819,TOTE_MARGARITA_CHICA,21658,101819_TOTE_MARGARITA_CHICA_21658.jpg
101820,TOTE_MARGARITA_CHICA,21659,101820_TOTE_MARGARITA_CHICA_21659.jpg
101821,TOTE_MARGARITA_CHICA,21660,101821_TOTE_MARGARITA_CHICA_21660.jpg
101822,TOTE_MARGARITA_GRANDE,21661,101822_TOTE_MARGARITA_GRANDE_21661.jpg
101823,TOTE_MARGARITA_GRANDE,21662,101823_TOTE_MARGARITA_GRANDE_21662.jpg
101824,TOTE_MARGARITA_GRANDE,21663,101824_TOTE_MARGARITA_GRANDE_21663.jpg
101825,TOTE_TILCARA,21664,101825_TOTE_TILCARA_21664.jpg
101826,TOTE_TILCARA,21665,101826_TOTE_TILCARA_21665.jpg
101827,ZAPATILLA_MATEO,18857,101827_ZAPATILLA_MATEO_18857.jpg
101828,ZAPATILLA_MATEO,18858,101828_ZAPATILLA_MATEO_18858.jpg
101829,ZAPATILLA_MATEO,18859,101829_ZAPATILLA_MATEO_18859.jpg
101830,ZAPATILLA_MATEO,18860,101830_ZAPATILLA_MATEO_18860.jpg
101831,ZAPATILLA_MATEO,18861,101831_ZAPATILLA_MATEO_18861.jpg
101832,ZAPATILLA_MATEO,18865,101832_ZAPATILLA_MATEO_18865.jpg
101833,ZAPATILLA_MATEO,18866,101833_ZAPATILLA_MATEO_18866.jpg
101834,ZAPATILLA_MATEO,18867,101834_ZAPATILLA_MATEO_18867.jpg
101835,ZAPATILLA_MATEO,18868,101835_ZAPATILLA_MATEO_18868.jpg
101836,ZAPATILLA_MATEO,18869,101836_ZAPATILLA_MATEO_18869.jpg
101837,ZAPATILLA_MATEO,18871,101837_ZAPATILLA_MATEO_18871.jpg
101838,ZAPATILLA_MATEO,18872,101838_ZAPATILLA_MATEO_18872.jpg
101839,ZAPATILLA_MATEO,18873,101839_ZAPATILLA_MATEO_18873.jpg
101840,ZAPATILLA_MATEO,18874,101840_ZAPATILLA_MATEO_18874.jpg
101841,ZAPATILLA_MATEO,18875,101841_ZAPATILLA_MATEO_18875.jpg
101842,ZAPATILLA_MATEO,18876,101842_ZAPATILLA_MATEO_18876.jpg
101843,ZAPATILLA_MATEO,18877,101843_ZAPATILLA_MATEO_18877.jpg
101844,ZAPATILLA_MATEO,18879,101844_ZAPATILLA_MATEO_18879.jpg
101845,ZAPATILLA_MATEO,18880,101845_ZAPATILLA_MATEO_18880.jpg
101846,ZAPATILLA_URBANA,18881,101846_ZAPATILLA_URBANA_18881.jpg
101847,ZAPATILLA_URBANA,18882,101847_ZAPATILLA_URBANA_18882.jpg
101848,ZAPATILLA_URBANA,18883,101848_ZAPATILLA_URBANA_18883.jpg
101849,ZAPATILLA_URBANA,18884,101849_ZAPATILLA_URBANA_18884.jpg
101850,ZAPATILLA_URBANA,18885,101850_ZAPATILLA_URBANA_18885.jpg
101851,ZAPATILLA_URBANA,18886,101851_ZAPATILLA_URBANA_18886.jpg
101852,ZAPATILLA_URBANA,18887,101852_ZAPATILLA_URBANA_18887.jpg
101853,ZAPATILLA_URBANA,18888,101853_ZAPATILLA_URBANA_18888.jpg
101854,ZAPATILLA_URBANA,18889,101854_ZAPATILLA_URBANA_18889.jpg
101855,ZAPATILLA_URBANA,18890,101855_ZAPATILLA_URBANA_18890.jpg
101856,ZAPATILLA_URBANA,18891,101856_ZAPATILLA_URBANA_18891.jpg
101857,ZAPATILLA_URBANA,18892,101857_ZAPATILLA_URBANA_18892.jpg
101858,ZAPATILLA_URBANA,18893,101858_ZAPATILLA_URBANA_18893.jpg
101859,ZAPATILLA_URBANA,18894,101859_ZAPATILLA_URBANA_18894.jpg
101860,ZAPATILLA_URBANA,18895,101860_ZAPATILLA_URBANA_18895.jpg
101861,ZAPATILLA_URBANA,18896,101861_ZAPATILLA_URBANA_18896.jpg
101862,ZAPATILLA_URBANA,18897,101862_ZAPATILLA_URBANA_18897.jpg
101863,ZAPATILLA_URBANA,18898,101863_ZAPATILLA_URBANA_18898.jpg
101864,ZAPATILLA_URBANA,18899,101864_ZAPATILLA_URBANA_18899.jpg
101865,ZAPATILLA_URBANA,18900,101865_ZAPATILLA_URBANA_18900.jpg
101866,ZAPATILLA_URBANA,18901,101866_ZAPATILLA_URBANA_18901.jpg
101867,ZAPATILLA_URBANA,18902,101867_ZAPATILLA_URBANA_18902.jpg
101868,ZAPATILLA_URBANA,18903,101868_ZAPATILLA_URBANA_18903.jpg
101869,ZAPATILLA_URBANA,18904,101869_ZAPATILLA_URBANA_18904.jpg
101870,ZAPATILLA_URBANA,18905,101870_ZAPATILLA_URBANA_18905.jpg
101871,ZAPATILLA_URBANA,18906,101871_ZAPATILLA_URBANA_18906.jpg
101872,ZAPATILLA_URBANA,18907,101872_ZAPATILLA_URBANA_18907.jpg
101873,ANILLO_BOMBE,34612,101873_ANILLO_BOMBE_34612.jpg
101874,ANILLO_BOMBE,32611,101874_ANILLO_BOMBE_32611.jpg
101875,ANILLO_BOMBE,30311,101875_ANILLO_BOMBE_30311.jpg
101876,ANILLO_BOMBE,30312,101876_ANILLO_BOMBE_30312.jpg
101877,ANILLO_BOMBE,30318,101877_ANILLO_BOMBE_30318.jpg
101878,ANILLO_BOMBE,33108,101878_ANILLO_BOMBE_33108.jpg
101879,ANILLO_BOMBE,34613,101879_ANILLO_BOMBE_34613.jpg
101880,ANILLO_BOMBE,30317,101880_ANILLO_BOMBE_30317.jpg
101881,ANILLO_BOMBE,30324,101881_ANILLO_BOMBE_30324.jpg
101882,ANILLO_BOMBE,30325,101882_ANILLO_BOMBE_30325.jpg
101883,ANILLO_BOMBE,30326,101883_ANILLO_BOMBE_30326.jpg
101884,ANILLO_BOMBE,30334,101884_ANILLO_BOMBE_30334.jpg
101885,ANILLO_BOMBE,32531,101885_ANILLO_BOMBE_32531.jpg
101886,ANILLO_BOMBE,30336,101886_ANILLO_BOMBE_30336.jpg
101887,ANILLO_CORAZON,30354,101887_ANILLO_CORAZON_30354.jpg
101888,ANILLO_CORAZON,30355,101888_ANILLO_CORAZON_30355.jpg
101889,ANILLO_CORAZON,30356,101889_ANILLO_CORAZON_30356.jpg
101890,ANILLO_CORAZON,30357,101890_ANILLO_CORAZON_30357.jpg
101891,ANILLO_CORAZON,30358,101891_ANILLO_CORAZON_30358.jpg
101892,ANILLO_CORAZON,33109,101892_ANILLO_CORAZON_33109.jpg
101893,ANILLO_CORAZON,30348,101893_ANILLO_CORAZON_30348.jpg
101894,ANILLO_CORAZON,33110,101894_ANILLO_CORAZON_33110.jpg
101895,ANILLO_CORAZON,33111,101895_ANILLO_CORAZON_33111.jpg
101896,ANILLO_CORAZON,30351,101896_ANILLO_CORAZON_30351.jpg
101897,ANILLO_CORAZON,33112,101897_ANILLO_CORAZON_33112.jpg
101898,ANILLO_CORAZON,30353,101898_ANILLO_CORAZON_30353.jpg
101899,ANILLO_CORAZON,30359,101899_ANILLO_CORAZON_30359.jpg
101900,ANILLO_CORAZON,30342,101900_ANILLO_CORAZON_30342.jpg
101901,ANILLO_CORAZON,30343,101901_ANILLO_CORAZON_30343.jpg
101902,ANILLO_CORAZON,30344,101902_ANILLO_CORAZON_30344.jpg
101903,ANILLO_CRUZ,33120,101903_ANILLO_CRUZ_33120.jpg
101904,ANILLO_CRUZ,34614,101904_ANILLO_CRUZ_34614.jpg
101905,ANILLO_CRUZ,33118,101905_ANILLO_CRUZ_33118.jpg
101906,ANILLO_CRUZ,33119,101906_ANILLO_CRUZ_33119.jpg
101907,ANILLO_CRUZ_VASCA,32608,101907_ANILLO_CRUZ_VASCA_32608.jpg
101908,ANILLO_CRUZ_VASCA,34775,101908_ANILLO_CRUZ_VASCA_34775.jpg
101909,ANILLO_CRUZ_VASCA,30377,101909_ANILLO_CRUZ_VASCA_30377.jpg
101910,ANILLO_CRUZ_VASCA,32606,101910_ANILLO_CRUZ_VASCA_32606.jpg
101911,ANILLO_CRUZ_VASCA,32607,101911_ANILLO_CRUZ_VASCA_32607.jpg
101912,ANILLO_CURVAS,30380,101912_ANILLO_CURVAS_30380.jpg
101913,ANILLO_CURVAS,30381,101913_ANILLO_CURVAS_30381.jpg
101914,ANILLO_CURVAS,34615,101914_ANILLO_CURVAS_34615.jpg
101915,ANILLO_CURVAS,30383,101915_ANILLO_CURVAS_30383.jpg
101916,ANILLO_CURVAS,30384,101916_ANILLO_CURVAS_30384.jpg
101917,ANILLO_CURVAS,30394,101917_ANILLO_CURVAS_30394.jpg
101918,ANILLO_CURVAS,30395,101918_ANILLO_CURVAS_30395.jpg
101919,ANILLO_CURVAS,30396,101919_ANILLO_CURVAS_30396.jpg
101920,ANILLO_CURVAS,30397,101920_ANILLO_CURVAS_30397.jpg
101921,ANILLO_DOS_LETRAS,32371,101921_ANILLO_DOS_LETRAS_32371.jpg
101922,ANILLO_DOS_LETRAS,34484,101922_ANILLO_DOS_LETRAS_34484.jpg
101923,ANILLO_DOS_LETRAS,30418,101923_ANILLO_DOS_LETRAS_30418.jpg
101924,ANILLO_DOS_LETRAS,30399,101924_ANILLO_DOS_LETRAS_30399.jpg
101925,ANILLO_DOS_LETRAS,32401,101925_ANILLO_DOS_LETRAS_32401.jpg
101926,ANILLO_DOS_LETRAS,32428,101926_ANILLO_DOS_LETRAS_32428.jpg
101927,ANILLO_DOS_LETRAS,30400,101927_ANILLO_DOS_LETRAS_30400.jpg
101928,ANILLO_DOS_LETRAS,34513,101928_ANILLO_DOS_LETRAS_34513.jpg
101929,ANILLO_DOS_LETRAS,30420,101929_ANILLO_DOS_LETRAS_30420.jpg
101930,ANILLO_DOS_LETRAS,32374,101930_ANILLO_DOS_LETRAS_32374.jpg
101931,ANILLO_DOS_LETRAS,34499,101931_ANILLO_DOS_LETRAS_34499.jpg
101932,ANILLO_DOS_LETRAS,32430,101932_ANILLO_DOS_LETRAS_32430.jpg
101933,ANILLO_DOS_LETRAS,30402,101933_ANILLO_DOS_LETRAS_30402.jpg
101934,ANILLO_DOS_LETRAS,32402,101934_ANILLO_DOS_LETRAS_32402.jpg
101935,ANILLO_DOS_LETRAS,32431,101935_ANILLO_DOS_LETRAS_32431.jpg
101936,ANILLO_DOS_LETRAS,32376,101936_ANILLO_DOS_LETRAS_32376.jpg
101937,ANILLO_DOS_LETRAS,34486,101937_ANILLO_DOS_LETRAS_34486.jpg
101938,ANILLO_DOS_LETRAS,30423,101938_ANILLO_DOS_LETRAS_30423.jpg
101939,ANILLO_DOS_LETRAS,30404,101939_ANILLO_DOS_LETRAS_30404.jpg
101940,ANILLO_DOS_LETRAS,32404,101940_ANILLO_DOS_LETRAS_32404.jpg
101941,ANILLO_DOS_LETRAS,32433,101941_ANILLO_DOS_LETRAS_32433.jpg
101942,ANILLO_DOS_LETRAS,30405,101942_ANILLO_DOS_LETRAS_30405.jpg
101943,ANILLO_DOS_LETRAS,30415,101943_ANILLO_DOS_LETRAS_30415.jpg
101944,ANILLO_DOS_LETRAS,34515,101944_ANILLO_DOS_LETRAS_34515.jpg
101945,ANILLO_DOS_LETRAS,30463,101945_ANILLO_DOS_LETRAS_30463.jpg
101946,ANILLO_DOS_LETRAS,30416,101946_ANILLO_DOS_LETRAS_30416.jpg
101947,ANILLO_DOS_LETRAS,32435,101947_ANILLO_DOS_LETRAS_32435.jpg
101948,ANILLO_DOS_LETRAS,32379,101948_ANILLO_DOS_LETRAS_32379.jpg
101949,ANILLO_DOS_LETRAS,32407,101949_ANILLO_DOS_LETRAS_32407.jpg
101950,ANILLO_DOS_LETRAS,32436,101950_ANILLO_DOS_LETRAS_32436.jpg
101951,ANILLO_GEOMETRICO,34776,101951_ANILLO_GEOMETRICO_34776.jpg
101952,ANILLO_GEOMETRICO,30658,101952_ANILLO_GEOMETRICO_30658.jpg
101953,ANILLO_GEOMETRICO,30659,101953_ANILLO_GEOMETRICO_30659.jpg
101954,ANILLO_GEOMETRICO,30669,101954_ANILLO_GEOMETRICO_30669.jpg
101955,ANILLO_GEOMETRICO,30670,101955_ANILLO_GEOMETRICO_30670.jpg
101956,ANILLO_GEOMETRICO,30671,101956_ANILLO_GEOMETRICO_30671.jpg
101957,ANILLO_GEOMETRICO,30672,101957_ANILLO_GEOMETRICO_30672.jpg
101958,ANILLO_GEOMETRICO,30673,101958_ANILLO_GEOMETRICO_30673.jpg
101959,ANILLO_GEOMETRICO,7686,101959_ANILLO_GEOMETRICO_7686.jpg
101960,ANILLO_GEOMETRICO,7688,101960_ANILLO_GEOMETRICO_7688.jpg
101961,ANILLO_INFINITO,32719,101961_ANILLO_INFINITO_32719.jpg
101962,ANILLO_INFINITO,32720,101962_ANILLO_INFINITO_32720.jpg
101963,ANILLO_INFINITO,30747,101963_ANILLO_INFINITO_30747.jpg
101964,ANILLO_INICIAL,32675,101964_ANILLO_INICIAL_32675.jpg
101965,ANILLO_INICIAL,32687,101965_ANILLO_INICIAL_32687.jpg
101966,ANILLO_INICIAL,7923,101966_ANILLO_INICIAL_7923.jpg
101967,ANILLO_INICIAL,7927,101967_ANILLO_INICIAL_7927.jpg
101968,ANILLO_INICIAL,32678,101968_ANILLO_INICIAL_32678.jpg
101969,ANILLO_INICIAL,7935,101969_ANILLO_INICIAL_7935.jpg
101970,ANILLO_INICIAL,32782,101970_ANILLO_INICIAL_32782.jpg
101971,ANILLO_INICIAL,7943,101971_ANILLO_INICIAL_7943.jpg
101972,ANILLO_INICIAL,32785,101972_ANILLO_INICIAL_32785.jpg
101973,ANILLO_INICIAL,8277,101973_ANILLO_INICIAL_8277.jpg
101974,ANILLO_INICIAL,30689,101974_ANILLO_INICIAL_30689.jpg
101975,ANILLO_INICIAL,7959,101975_ANILLO_INICIAL_7959.jpg
101976,ANILLO_INICIAL,7963,101976_ANILLO_INICIAL_7963.jpg
101977,ANILLO_INICIAL,7967,101977_ANILLO_INICIAL_7967.jpg
101978,ANILLO_INICIAL,7971,101978_ANILLO_INICIAL_7971.jpg
101979,ANILLO_INICIAL,30716,101979_ANILLO_INICIAL_30716.jpg
101980,ANILLO_INICIAL,30721,101980_ANILLO_INICIAL_30721.jpg
101981,ANILLO_INICIAL,30728,101981_ANILLO_INICIAL_30728.jpg
101982,ANILLO_INICIAL,30729,101982_ANILLO_INICIAL_30729.jpg
101983,ANILLO_INICIAL,30738,101983_ANILLO_INICIAL_30738.jpg
101984,ANILLO_ONDAS,30755,101984_ANILLO_ONDAS_30755.jpg
101985,ANILLO_ONDAS,30756,101985_ANILLO_ONDAS_30756.jpg
101986,ANILLO_ONDAS,30757,101986_ANILLO_ONDAS_30757.jpg
101987,ANILLO_ONDAS,30758,101987_ANILLO_ONDAS_30758.jpg
101988,ANILLO_ONDAS,30759,101988_ANILLO_ONDAS_30759.jpg
101989,ANILLO_ONDAS,30760,101989_ANILLO_ONDAS_30760.jpg
101990,ANILLO_ONDAS,33121,101990_ANILLO_ONDAS_33121.jpg
101991,ANILLO_ONDAS,34617,101991_ANILLO_ONDAS_34617.jpg
101992,ANILLO_ONDAS,33122,101992_ANILLO_ONDAS_33122.jpg
101993,ANILLO_PIEDRA_CUBIC_MEDIO_SIN_FIN_2,30941,101993_ANILLO_PIEDRA_CUBIC_MEDIO_SIN_FIN_2_30941.jpg
101994,ANILLO_PIEDRA_CUBIC_MEDIO_SIN_FIN_2,30937,101994_ANILLO_PIEDRA_CUBIC_MEDIO_SIN_FIN_2_30937.jpg
101995,ANILLO_PIEDRA_CUBIC_MULTI_5,31174,101995_ANILLO_PIEDRA_CUBIC_MULTI_5_31174.jpg
101996,ANILLO_PIEDRA_CUBIC_OVAL_2,31251,101996_ANILLO_PIEDRA_CUBIC_OVAL_2_31251.jpg
101997,ANILLO_ONDULADO,33123,101997_ANILLO_ONDULADO_33123.jpg
101998,ANILLO_ONDULADO,30765,101998_ANILLO_ONDULADO_30765.jpg
101999,ANILLO_ONDULADO,34618,101999_ANILLO_ONDULADO_34618.jpg
102000,ANILLO_ONDULADO,30767,102000_ANILLO_ONDULADO_30767.jpg
102001,ANILLO_ONDULADO,30768,102001_ANILLO_ONDULADO_30768.jpg
102002,ANILLO_ONDULADO,30769,102002_ANILLO_ONDULADO_30769.jpg
102003,ANILLO_ONDULADO,30774,102003_ANILLO_ONDULADO_30774.jpg
102004,ANILLO_ONDULADO,30771,102004_ANILLO_ONDULADO_30771.jpg
102005,ANILLO_ONDULADO,30775,102005_ANILLO_ONDULADO_30775.jpg
102006,ANILLO_ONDULADO,30776,102006_ANILLO_ONDULADO_30776.jpg
102007,ANILLO_PAMPA,32609,102007_ANILLO_PAMPA_32609.jpg
102008,ANILLO_PAMPA,30782,102008_ANILLO_PAMPA_30782.jpg
102009,ANILLO_PAMPA,30783,102009_ANILLO_PAMPA_30783.jpg
102010,ANILLO_PIEDRA_CUBIC_BARRITA,33134,102010_ANILLO_PIEDRA_CUBIC_BARRITA_33134.jpg
102011,ANILLO_PIEDRA_CUBIC_BARRITA,33140,102011_ANILLO_PIEDRA_CUBIC_BARRITA_33140.jpg
102012,ANILLO_PIEDRA_CUBIC_BARRITA,30809,102012_ANILLO_PIEDRA_CUBIC_BARRITA_30809.jpg
102013,ANILLO_PIEDRA_CUBIC_BARRITA,30860,102013_ANILLO_PIEDRA_CUBIC_BARRITA_30860.jpg
102014,ANILLO_PIEDRA_CUBIC_BARRITA,34637,102014_ANILLO_PIEDRA_CUBIC_BARRITA_34637.jpg
102015,ANILLO_PIEDRA_CUBIC_BARRITA,34642,102015_ANILLO_PIEDRA_CUBIC_BARRITA_34642.jpg
102016,ANILLO_PIEDRA_CUBIC_BARRITA,33253,102016_ANILLO_PIEDRA_CUBIC_BARRITA_33253.jpg
102017,ANILLO_PIEDRA_CUBIC_BARRITA,30873,102017_ANILLO_PIEDRA_CUBIC_BARRITA_30873.jpg
102018,ANILLO_PIEDRA_CUBIC_BARRITA,30874,102018_ANILLO_PIEDRA_CUBIC_BARRITA_30874.jpg
102019,ANILLO_PIEDRA_CUBIC_BARRITA,32742,102019_ANILLO_PIEDRA_CUBIC_BARRITA_32742.jpg
102020,ANILLO_PIEDRA_CUBIC_HALO,30881,102020_ANILLO_PIEDRA_CUBIC_HALO_30881.jpg
102021,ANILLO_PIEDRA_CUBIC_HALO,30885,102021_ANILLO_PIEDRA_CUBIC_HALO_30885.jpg
102022,ANILLO_PIEDRA_CUBIC_HALO,30883,102022_ANILLO_PIEDRA_CUBIC_HALO_30883.jpg
102023,ANILLO_PIEDRA_CUBIC_HALO,30884,102023_ANILLO_PIEDRA_CUBIC_HALO_30884.jpg
102024,ANILLO_PIEDRA_CUBIC_MEDIO_SIN_FIN,32669,102024_ANILLO_PIEDRA_CUBIC_MEDIO_SIN_FIN_32669.jpg
102025,ANILLO_PIEDRA_CUBIC_MEDIO_SIN_FIN,32671,102025_ANILLO_PIEDRA_CUBIC_MEDIO_SIN_FIN_32671.jpg
102026,ANILLO_PIEDRA_CUBIC_MEDIO_SIN_FIN,34658,102026_ANILLO_PIEDRA_CUBIC_MEDIO_SIN_FIN_34658.jpg
102027,ANILLO_PIEDRA_CUBIC_MEDIO_SIN_FIN,30886,102027_ANILLO_PIEDRA_CUBIC_MEDIO_SIN_FIN_30886.jpg
102028,ANILLO_PIEDRA_CUBIC_MEDIO_SIN_FIN,32571,102028_ANILLO_PIEDRA_CUBIC_MEDIO_SIN_FIN_32571.jpg
102029,ANILLO_PIEDRA_CUBIC_MEDIO_SIN_FIN_2,30968,102029_ANILLO_PIEDRA_CUBIC_MEDIO_SIN_FIN_2_30968.jpg
102030,ANILLO_PIEDRA_CUBIC_MEDIO_SIN_FIN_2,30965,102030_ANILLO_PIEDRA_CUBIC_MEDIO_SIN_FIN_2_30965.jpg
102031,ANILLO_PIEDRA_CUBIC_MEDIO_SIN_FIN_2,30960,102031_ANILLO_PIEDRA_CUBIC_MEDIO_SIN_FIN_2_30960.jpg
102032,ANILLO_PIEDRA_CUBIC_MULTI,30990,102032_ANILLO_PIEDRA_CUBIC_MULTI_30990.jpg
102033,ANILLO_PIEDRA_CUBIC_MULTI,34689,102033_ANILLO_PIEDRA_CUBIC_MULTI_34689.jpg
102034,ANILLO_PIEDRA_CUBIC_MULTI,30997,102034_ANILLO_PIEDRA_CUBIC_MULTI_30997.jpg
102035,ANILLO_PIEDRA_CUBIC_MULTI,32647,102035_ANILLO_PIEDRA_CUBIC_MULTI_32647.jpg
102036,ANILLO_PIEDRA_CUBIC_MULTI,34675,102036_ANILLO_PIEDRA_CUBIC_MULTI_34675.jpg
102037,ANILLO_PIEDRA_CUBIC_MULTI,31030,102037_ANILLO_PIEDRA_CUBIC_MULTI_31030.jpg
102038,ANILLO_PIEDRA_CUBIC_MULTI,31027,102038_ANILLO_PIEDRA_CUBIC_MULTI_31027.jpg
102039,ANILLO_PIEDRA_CUBIC_MULTI,32493,102039_ANILLO_PIEDRA_CUBIC_MULTI_32493.jpg
102040,ANILLO_PIEDRA_CUBIC_MULTI,31013,102040_ANILLO_PIEDRA_CUBIC_MULTI_31013.jpg
102041,ANILLO_PIEDRA_CUBIC_MULTI,32504,102041_ANILLO_PIEDRA_CUBIC_MULTI_32504.jpg
102042,ANILLO_PIEDRA_CUBIC_MULTI,32626,102042_ANILLO_PIEDRA_CUBIC_MULTI_32626.jpg
102043,ANILLO_PIEDRA_CUBIC_MULTI,31049,102043_ANILLO_PIEDRA_CUBIC_MULTI_31049.jpg
102044,ANILLO_PIEDRA_CUBIC_MULTI,31042,102044_ANILLO_PIEDRA_CUBIC_MULTI_31042.jpg
102045,ANILLO_PIEDRA_CUBIC_MULTI,31055,102045_ANILLO_PIEDRA_CUBIC_MULTI_31055.jpg
102046,ANILLO_PIEDRA_CUBIC_MULTI,31058,102046_ANILLO_PIEDRA_CUBIC_MULTI_31058.jpg
102047,ANILLO_PIEDRA_CUBIC_MULTI,32560,102047_ANILLO_PIEDRA_CUBIC_MULTI_32560.jpg
102048,ANILLO_PIEDRA_CUBIC_MULTI,32652,102048_ANILLO_PIEDRA_CUBIC_MULTI_32652.jpg
102049,ANILLO_PIEDRA_CUBIC_MULTI,31141,102049_ANILLO_PIEDRA_CUBIC_MULTI_31141.jpg
102050,ANILLO_PIEDRA_CUBIC_MULTI,31147,102050_ANILLO_PIEDRA_CUBIC_MULTI_31147.jpg
102051,ANILLO_PIEDRA_CUBIC_MULTI,30986,102051_ANILLO_PIEDRA_CUBIC_MULTI_30986.jpg
102052,ANILLO_PIEDRA_CUBIC_MULTI,30975,102052_ANILLO_PIEDRA_CUBIC_MULTI_30975.jpg
102053,ANILLO_PIEDRA_CUBIC_MULTI,30984,102053_ANILLO_PIEDRA_CUBIC_MULTI_30984.jpg
102054,ANILLO_PIEDRA_CUBIC_MULTI,30973,102054_ANILLO_PIEDRA_CUBIC_MULTI_30973.jpg
102055,ANILLO_PIEDRA_CUBIC_MULTI,30981,102055_ANILLO_PIEDRA_CUBIC_MULTI_30981.jpg
102056,ANILLO_PIEDRA_CUBIC_MULTI,31180,102056_ANILLO_PIEDRA_CUBIC_MULTI_31180.jpg
102057,ANILLO_GEOMETRICO,33091,102057_ANILLO_GEOMETRICO_33091.jpg
102058,ANILLO_PIEDRA_CUBIC_MULTI,31177,102058_ANILLO_PIEDRA_CUBIC_MULTI_31177.jpg
102059,ANILLO_PIEDRA_CUBIC_MULTI,31178,102059_ANILLO_PIEDRA_CUBIC_MULTI_31178.jpg
102060,ANILLO_PIEDRA_CUBIC_MULTI,31179,102060_ANILLO_PIEDRA_CUBIC_MULTI_31179.jpg
102061,ANILLO_PIEDRA_CUBIC_OVAL,31235,102061_ANILLO_PIEDRA_CUBIC_OVAL_31235.jpg
102062,ANILLO_PIEDRA_CUBIC_OVAL,33170,102062_ANILLO_PIEDRA_CUBIC_OVAL_33170.jpg
102063,ANILLO_PIEDRA_CUBIC_OVAL,31233,102063_ANILLO_PIEDRA_CUBIC_OVAL_31233.jpg
102064,ANILLO_PIEDRA_CUBIC_OVAL,34701,102064_ANILLO_PIEDRA_CUBIC_OVAL_34701.jpg
102065,ANILLO_PIEDRA_CUBIC_OVAL,33643,102065_ANILLO_PIEDRA_CUBIC_OVAL_33643.jpg
102066,ANILLO_PIEDRA_CUBIC_OVAL,31220,102066_ANILLO_PIEDRA_CUBIC_OVAL_31220.jpg
102067,ANILLO_PIEDRA_CUBIC_OVAL,34711,102067_ANILLO_PIEDRA_CUBIC_OVAL_34711.jpg
102068,ANILLO_PIEDRA_CUBIC_OVAL,33642,102068_ANILLO_PIEDRA_CUBIC_OVAL_33642.jpg
102069,ANILLO_PIEDRA_CUBIC_OVAL,34802,102069_ANILLO_PIEDRA_CUBIC_OVAL_34802.jpg
102070,ANILLO_PIEDRA_CUBIC_OVAL,31279,102070_ANILLO_PIEDRA_CUBIC_OVAL_31279.jpg
102071,ANILLO_PIEDRA_CUBIC_OVAL,34716,102071_ANILLO_PIEDRA_CUBIC_OVAL_34716.jpg
102072,ANILLO_PIEDRA_CUBIC_OVAL,34715,102072_ANILLO_PIEDRA_CUBIC_OVAL_34715.jpg
102073,ANILLO_PIEDRA_CUBIC_OVAL,31211,102073_ANILLO_PIEDRA_CUBIC_OVAL_31211.jpg
102074,ANILLO_PIEDRA_CUBIC_OVAL,31205,102074_ANILLO_PIEDRA_CUBIC_OVAL_31205.jpg
102075,ANILLO_PIEDRA_CUBIC_OVAL,31210,102075_ANILLO_PIEDRA_CUBIC_OVAL_31210.jpg
102076,ANILLO_PIEDRA_CUBIC_OVAL,31204,102076_ANILLO_PIEDRA_CUBIC_OVAL_31204.jpg
102077,ANILLO_PIEDRA_CUBIC_OVAL,31185,102077_ANILLO_PIEDRA_CUBIC_OVAL_31185.jpg
102078,ANILLO_PIEDRA_CUBIC_OVAL,31182,102078_ANILLO_PIEDRA_CUBIC_OVAL_31182.jpg
102079,ANILLO_PIEDRA_CUBIC_OVAL,31191,102079_ANILLO_PIEDRA_CUBIC_OVAL_31191.jpg
102080,ANILLO_PIEDRA_CUBIC_OVAL,33104,102080_ANILLO_PIEDRA_CUBIC_OVAL_33104.jpg
102081,ANILLO_PIEDRA_CUBIC_OVAL,31320,102081_ANILLO_PIEDRA_CUBIC_OVAL_31320.jpg
102082,ANILLO_PIEDRA_CUBIC_SOLITARIO,33183,102082_ANILLO_PIEDRA_CUBIC_SOLITARIO_33183.jpg
102083,ANILLO_PIEDRA_CUBIC_SOLITARIO,33187,102083_ANILLO_PIEDRA_CUBIC_SOLITARIO_33187.jpg
102084,ANILLO_PIEDRA_CUBIC_SOLITARIO,33176,102084_ANILLO_PIEDRA_CUBIC_SOLITARIO_33176.jpg
102085,ANILLO_PIEDRA_CUBIC_SOLITARIO,31326,102085_ANILLO_PIEDRA_CUBIC_SOLITARIO_31326.jpg
102086,ANILLO_PIEDRA_CUBIC_SOLITARIO,33180,102086_ANILLO_PIEDRA_CUBIC_SOLITARIO_33180.jpg
102087,ANILLO_PIEDRA_CUBIC_SOLITARIO,32760,102087_ANILLO_PIEDRA_CUBIC_SOLITARIO_32760.jpg
102088,ANILLO_PIEDRA_CUBIC_SOLITARIO,31348,102088_ANILLO_PIEDRA_CUBIC_SOLITARIO_31348.jpg
102089,ANILLO_PIEDRA_CUBIC_SOLITARIO,31340,102089_ANILLO_PIEDRA_CUBIC_SOLITARIO_31340.jpg
102090,ANILLO_PIEDRA_CUBIC_SOLITARIO,33160,102090_ANILLO_PIEDRA_CUBIC_SOLITARIO_33160.jpg
102091,ANILLO_PIEDRA_CUBIC_SOLITARIO,31347,102091_ANILLO_PIEDRA_CUBIC_SOLITARIO_31347.jpg
102092,ANILLO_PIEDRA_CUBIC_SOLITARIO,31361,102092_ANILLO_PIEDRA_CUBIC_SOLITARIO_31361.jpg
102093,ANILLO_PIEDRA_CUBIC_SOLITARIO,31367,102093_ANILLO_PIEDRA_CUBIC_SOLITARIO_31367.jpg
102094,ANILLO_PIEDRA_CUBIC_SOLITARIO,32529,102094_ANILLO_PIEDRA_CUBIC_SOLITARIO_32529.jpg
102095,ANILLO_PIEDRA_CUBIC_SOLITARIO,32518,102095_ANILLO_PIEDRA_CUBIC_SOLITARIO_32518.jpg
102096,ANILLO_PIEDRA_CUBIC_SOLITARIO,33209,102096_ANILLO_PIEDRA_CUBIC_SOLITARIO_33209.jpg
102097,ANILLO_PIEDRA_CUBIC_SOLITARIO,31389,102097_ANILLO_PIEDRA_CUBIC_SOLITARIO_31389.jpg
102098,ANILLO_PIEDRA_CUBIC_SOLITARIO,32772,102098_ANILLO_PIEDRA_CUBIC_SOLITARIO_32772.jpg
102099,ANILLO_PIEDRA_CUBIC_SOLITARIO,31390,102099_ANILLO_PIEDRA_CUBIC_SOLITARIO_31390.jpg
102100,ANILLO_PIEDRA_CUBIC_SOLITARIO,7718,102100_ANILLO_PIEDRA_CUBIC_SOLITARIO_7718.jpg
102101,ANILLO_PIEDRA_CUBIC_SOLITARIO,7719,102101_ANILLO_PIEDRA_CUBIC_SOLITARIO_7719.jpg
102102,ANILLO_PIEDRA_SEMI_PRECIOSA_CIRCULAR,34738,102102_ANILLO_PIEDRA_SEMI_PRECIOSA_CIRCULAR_34738.jpg
102103,ANILLO_PIEDRA_SEMI_PRECIOSA_CIRCULAR,31400,102103_ANILLO_PIEDRA_SEMI_PRECIOSA_CIRCULAR_31400.jpg
102104,ANILLO_PIEDRA_SEMI_PRECIOSA_CIRCULAR,31403,102104_ANILLO_PIEDRA_SEMI_PRECIOSA_CIRCULAR_31403.jpg
102105,ANILLO_PIEDRA_SEMI_PRECIOSA_CIRCULAR,33217,102105_ANILLO_PIEDRA_SEMI_PRECIOSA_CIRCULAR_33217.jpg
102106,ANILLO_PIEDRA_SEMI_PRECIOSA_CIRCULAR,34742,102106_ANILLO_PIEDRA_SEMI_PRECIOSA_CIRCULAR_34742.jpg
102107,ANILLO_PIEDRA_SEMI_PRECIOSA_CIRCULAR,31467,102107_ANILLO_PIEDRA_SEMI_PRECIOSA_CIRCULAR_31467.jpg
102108,ANILLO_PIEDRA_SEMI_PRECIOSA_CIRCULAR,31469,102108_ANILLO_PIEDRA_SEMI_PRECIOSA_CIRCULAR_31469.jpg
102109,ANILLO_PIEDRA_SEMI_PRECIOSA_CIRCULAR,31468,102109_ANILLO_PIEDRA_SEMI_PRECIOSA_CIRCULAR_31468.jpg
102110,ANILLO_PIEDRA_SEMI_PRECIOSA_CIRCULAR,31470,102110_ANILLO_PIEDRA_SEMI_PRECIOSA_CIRCULAR_31470.jpg
102111,ANILLO_PIEDRA_SEMI_PRECIOSA_CIRCULAR,31471,102111_ANILLO_PIEDRA_SEMI_PRECIOSA_CIRCULAR_31471.jpg
102112,ANILLO_PIEDRA_SEMI_PRECIOSA_CIRCULAR_3,34771,102112_ANILLO_PIEDRA_SEMI_PRECIOSA_CIRCULAR_3_34771.jpg
102113,ANILLO_PIEDRA_SEMI_PRECIOSA_CIRCULAR_3,31538,102113_ANILLO_PIEDRA_SEMI_PRECIOSA_CIRCULAR_3_31538.jpg
102114,ANILLO_PIEDRA_SEMI_PRECIOSA_CIRCULAR_3,34783,102114_ANILLO_PIEDRA_SEMI_PRECIOSA_CIRCULAR_3_34783.jpg
102115,ANILLO_PIEDRA_SEMI_PRECIOSA_CIRCULAR_3,31539,102115_ANILLO_PIEDRA_SEMI_PRECIOSA_CIRCULAR_3_31539.jpg
102116,ANILLO_PIEDRA_SEMI_PRECIOSA_CIRCULAR_3,31540,102116_ANILLO_PIEDRA_SEMI_PRECIOSA_CIRCULAR_3_31540.jpg
102117,ANILLO_PIEDRA_CUBIC_OVAL,31316,102117_ANILLO_PIEDRA_CUBIC_OVAL_31316.jpg
102118,ANILLO_PIEDRA_CUBIC_OVAL_4,31264,102118_ANILLO_PIEDRA_CUBIC_OVAL_4_31264.jpg
102119,ANILLO_PIEDRA_CUBIC_OVAL_6,31296,102119_ANILLO_PIEDRA_CUBIC_OVAL_6_31296.jpg
102120,ANILLO_PIEDRA_SEMI_PRECIOSA_OVAL,31489,102120_ANILLO_PIEDRA_SEMI_PRECIOSA_OVAL_31489.jpg
102121,ANILLO_PIEDRA_SEMI_PRECIOSA_OVAL,32559,102121_ANILLO_PIEDRA_SEMI_PRECIOSA_OVAL_32559.jpg
102122,ANILLO_PIEDRA_SEMI_PRECIOSA_OVAL,32836,102122_ANILLO_PIEDRA_SEMI_PRECIOSA_OVAL_32836.jpg
102123,ANILLO_PIEDRA_SEMI_PRECIOSA_OVAL,31492,102123_ANILLO_PIEDRA_SEMI_PRECIOSA_OVAL_31492.jpg
102124,ANILLO_PIEDRA_SEMI_PRECIOSA_OVAL,31493,102124_ANILLO_PIEDRA_SEMI_PRECIOSA_OVAL_31493.jpg
102125,ANILLO_PIEDRA_SEMI_PRECIOSA_OVAL,31502,102125_ANILLO_PIEDRA_SEMI_PRECIOSA_OVAL_31502.jpg
102126,ANILLO_PIEDRA_SEMI_PRECIOSA_OVAL,34758,102126_ANILLO_PIEDRA_SEMI_PRECIOSA_OVAL_34758.jpg
102127,ANILLO_PIEDRA_SEMI_PRECIOSA_OVAL,32745,102127_ANILLO_PIEDRA_SEMI_PRECIOSA_OVAL_32745.jpg
102128,ANILLO_PIEDRA_SEMI_PRECIOSA_OVAL,31521,102128_ANILLO_PIEDRA_SEMI_PRECIOSA_OVAL_31521.jpg
102129,ANILLO_PIEDRA_SEMI_PRECIOSA_OVAL,31525,102129_ANILLO_PIEDRA_SEMI_PRECIOSA_OVAL_31525.jpg
102130,ANILLO_PIEDRA_SEMI_PRECIOSA_CIRCULAR_3,31533,102130_ANILLO_PIEDRA_SEMI_PRECIOSA_CIRCULAR_3_31533.jpg
102131,ANILLO_PIEDRA_SEMI_PRECIOSA_CIRCULAR_3,31535,102131_ANILLO_PIEDRA_SEMI_PRECIOSA_CIRCULAR_3_31535.jpg
102132,ANILLO_PIEDRA_SEMI_PRECIOSA_CIRCULAR_3,31537,102132_ANILLO_PIEDRA_SEMI_PRECIOSA_CIRCULAR_3_31537.jpg
102133,PULSERA_GRUMET_PLANA_LAMINADA_1_5__2_,33557,102133_PULSERA_GRUMET_PLANA_LAMINADA_1_5__2__33557.jpg
102134,PULSERA_GRUMET_PLANA_LAMINADA_1_5__2_,33558,102134_PULSERA_GRUMET_PLANA_LAMINADA_1_5__2__33558.jpg
102135,ANILLO_SAN_BENITO,32838,102135_ANILLO_SAN_BENITO_32838.jpg
102136,ANILLO_SAN_BENITO,31515,102136_ANILLO_SAN_BENITO_31515.jpg
102137,ANILLO_SAN_BENITO,31516,102137_ANILLO_SAN_BENITO_31516.jpg
102138,ANILLO_SAN_BENITO,31517,102138_ANILLO_SAN_BENITO_31517.jpg
102139,ARO_COLGANTE_CIRCULAR,7254,102139_ARO_COLGANTE_CIRCULAR_7254.jpg
102140,ARO_COLGANTE_CIRCULAR,7538,102140_ARO_COLGANTE_CIRCULAR_7538.jpg
102141,ARO_COLGANTE_CUBIC_BARRITA,7919,102141_ARO_COLGANTE_CUBIC_BARRITA_7919.jpg
102142,ARO_COLGANTE_CUBIC_BARRITA,7920,102142_ARO_COLGANTE_CUBIC_BARRITA_7920.jpg
102143,ARO_COLGANTE_CUBIC_BARRITA,7921,102143_ARO_COLGANTE_CUBIC_BARRITA_7921.jpg
102144,ARO_COLGANTE_CUBIC_FLOR,7911,102144_ARO_COLGANTE_CUBIC_FLOR_7911.jpg
102145,ARO_COLGANTE_CUBIC_FLOR,7912,102145_ARO_COLGANTE_CUBIC_FLOR_7912.jpg
102146,ARO_COLGANTE_CUBIC_FLOR,7913,102146_ARO_COLGANTE_CUBIC_FLOR_7913.jpg
102147,ARO_COLGANTE_CUBIC_FLOR,7914,102147_ARO_COLGANTE_CUBIC_FLOR_7914.jpg
102148,ARO_COLGANTE_ESTRELLA,7537,102148_ARO_COLGANTE_ESTRELLA_7537.jpg
102149,ARO_PASANTE_ARGOLLA,7246,102149_ARO_PASANTE_ARGOLLA_7246.jpg
102150,ARO_PASANTE_BARRITA,7534,102150_ARO_PASANTE_BARRITA_7534.jpg
102151,ARO_PASANTE_BARRITA,7588,102151_ARO_PASANTE_BARRITA_7588.jpg
102152,ARO_PASANTE_BARRITA,7589,102152_ARO_PASANTE_BARRITA_7589.jpg
102153,ARO_PASANTE_BARRITA,7590,102153_ARO_PASANTE_BARRITA_7590.jpg
102154,ARO_PASANTE_CIRCULAR,7249,102154_ARO_PASANTE_CIRCULAR_7249.jpg
102155,ARO_PASANTE_CIRCULAR,7255,102155_ARO_PASANTE_CIRCULAR_7255.jpg
102156,ARO_PASANTE_CORAZON,7250,102156_ARO_PASANTE_CORAZON_7250.jpg
102157,ARO_PASANTE_CORAZON,7252,102157_ARO_PASANTE_CORAZON_7252.jpg
102158,ARO_PASANTE_CORAZON,7253,102158_ARO_PASANTE_CORAZON_7253.jpg
102159,ARO_PASANTE_CORAZON,7594,102159_ARO_PASANTE_CORAZON_7594.jpg
102160,ANILLO_SAN_BENITO,32837,102160_ANILLO_SAN_BENITO_32837.jpg
102161,ARO_PASANTE_CRUZ,7533,102161_ARO_PASANTE_CRUZ_7533.jpg
102162,ARO_PASANTE_CUBIC_ESTRELLA,7905,102162_ARO_PASANTE_CUBIC_ESTRELLA_7905.jpg
102163,ARO_PASANTE_CUBIC_GEOMETRICO,7906,102163_ARO_PASANTE_CUBIC_GEOMETRICO_7906.jpg
102164,ARO_PASANTE_CUBIC_GEOMETRICO,7907,102164_ARO_PASANTE_CUBIC_GEOMETRICO_7907.jpg
102165,ARO_PASANTE_CUBIC_GEOMETRICO,7908,102165_ARO_PASANTE_CUBIC_GEOMETRICO_7908.jpg
102166,ARO_PASANTE_CUBIC_GEOMETRICO,7909,102166_ARO_PASANTE_CUBIC_GEOMETRICO_7909.jpg
102167,ARO_PASANTE_CUBIC_GEOMETRICO,7910,102167_ARO_PASANTE_CUBIC_GEOMETRICO_7910.jpg
102168,ARO_PASANTE_CUBIC_GEOMETRICO,7915,102168_ARO_PASANTE_CUBIC_GEOMETRICO_7915.jpg
102169,ARO_PASANTE_CUBIC_GEOMETRICO,7916,102169_ARO_PASANTE_CUBIC_GEOMETRICO_7916.jpg
102170,ARO_PASANTE_CUBIC_GEOMETRICO,7917,102170_ARO_PASANTE_CUBIC_GEOMETRICO_7917.jpg
102171,ARO_PASANTE_CUBIC_GEOMETRICO,7918,102171_ARO_PASANTE_CUBIC_GEOMETRICO_7918.jpg
102172,ARO_PASANTE_CUBIC_SOLITARIO,7902,102172_ARO_PASANTE_CUBIC_SOLITARIO_7902.jpg
102173,ARO_PASANTE_CUBIC_SOLITARIO,7903,102173_ARO_PASANTE_CUBIC_SOLITARIO_7903.jpg
102174,ARO_PASANTE_CUBIC_SOLITARIO,7904,102174_ARO_PASANTE_CUBIC_SOLITARIO_7904.jpg
102175,ARO_PASANTE_CUBO,7245,102175_ARO_PASANTE_CUBO_7245.jpg
102176,ARO_PASANTE_DELFIN,7536,102176_ARO_PASANTE_DELFIN_7536.jpg
102177,ARO_PASANTE_ESTRELLA,7248,102177_ARO_PASANTE_ESTRELLA_7248.jpg
102178,ARO_PASANTE_GEOMETRICO,7251,102178_ARO_PASANTE_GEOMETRICO_7251.jpg
102179,ARO_PASANTE_GEOMETRICO,7535,102179_ARO_PASANTE_GEOMETRICO_7535.jpg
102180,ARO_PASANTE_GEOMETRICO,7592,102180_ARO_PASANTE_GEOMETRICO_7592.jpg
102181,ARO_PASANTE_ONDAS,7593,102181_ARO_PASANTE_ONDAS_7593.jpg
102182,ARO_PASANTE_PAZ,7591,102182_ARO_PASANTE_PAZ_7591.jpg
102183,ARO_PASANTE_PEZ,7247,102183_ARO_PASANTE_PEZ_7247.jpg
102184,ARO_PASANTE_RACIMO,8021,102184_ARO_PASANTE_RACIMO_8021.jpg
102185,ARO_PASANTE_RAYO,7256,102185_ARO_PASANTE_RAYO_7256.jpg
102186,ANILLO_CORAZON,33113,102186_ANILLO_CORAZON_33113.jpg
102187,CADENA_BIZANTINA,32130,102187_CADENA_BIZANTINA_32130.jpg
102188,CADENA_BIZANTINA,33559,102188_CADENA_BIZANTINA_33559.jpg
102189,CADENA_BIZANTINA,33560,102189_CADENA_BIZANTINA_33560.jpg
102190,CADENA_CARACOL,32134,102190_CADENA_CARACOL_32134.jpg
102191,CADENA_CARACOL,32135,102191_CADENA_CARACOL_32135.jpg
102192,CADENA_CARACOL,32137,102192_CADENA_CARACOL_32137.jpg
102193,CADENA_CARACOL,32138,102193_CADENA_CARACOL_32138.jpg
102194,CADENA_ESPIGA,8249,102194_CADENA_ESPIGA_8249.jpg
102195,CADENA_FORCET_1_15,33562,102195_CADENA_FORCET_1_15_33562.jpg
102196,CADENA_FORCET_1_15,33563,102196_CADENA_FORCET_1_15_33563.jpg
102197,CADENA_FORCET,32140,102197_CADENA_FORCET_32140.jpg
102198,CADENA_FORCET,32141,102198_CADENA_FORCET_32141.jpg
102199,CADENA_FORCET,32142,102199_CADENA_FORCET_32142.jpg
102200,CADENA_FORCET,8256,102200_CADENA_FORCET_8256.jpg
102201,CADENA_FORCET_FACETADA,32164,102201_CADENA_FORCET_FACETADA_32164.jpg
102202,CADENA_FORCET_FACETADA,32165,102202_CADENA_FORCET_FACETADA_32165.jpg
102203,CADENA_FORCET_FACETADA,32160,102203_CADENA_FORCET_FACETADA_32160.jpg
102204,CADENA_FORCET_FACETADA,32161,102204_CADENA_FORCET_FACETADA_32161.jpg
102205,CADENA_FORCET_FACETADA,32162,102205_CADENA_FORCET_FACETADA_32162.jpg
102206,CADENA_FORCET_FACETADA,32157,102206_CADENA_FORCET_FACETADA_32157.jpg
102207,CADENA_FORCET_FACETADA,32158,102207_CADENA_FORCET_FACETADA_32158.jpg
102208,CADENA_FORCET_FACETADA_LARGA_0_8__copia_,39376,102208_CADENA_FORCET_FACETADA_LARGA_0_8__copia__39376.jpg
102209,CADENA_FORCET_FACETADA_LARGA_0_8__copia_,39377,102209_CADENA_FORCET_FACETADA_LARGA_0_8__copia__39377.jpg
102210,CADENA_FORCET_FACETADA_LARGA_0_8__copia_,39378,102210_CADENA_FORCET_FACETADA_LARGA_0_8__copia__39378.jpg
102211,CADENA_FORCET_FACETADA,32147,102211_CADENA_FORCET_FACETADA_32147.jpg
102212,CADENA_FORCET_FACETADA,32148,102212_CADENA_FORCET_FACETADA_32148.jpg
102213,CADENA_FORCET_FACETADA,32144,102213_CADENA_FORCET_FACETADA_32144.jpg
102214,CADENA_FORCET_FACETADA,32145,102214_CADENA_FORCET_FACETADA_32145.jpg
102215,CADENA_FORCET_FACETADA_LARGA,32170,102215_CADENA_FORCET_FACETADA_LARGA_32170.jpg
102216,CADENA_FORCET_FACETADA_LARGA,32171,102216_CADENA_FORCET_FACETADA_LARGA_32171.jpg
102217,CADENA_FORCET_FACETADA_LARGA,32173,102217_CADENA_FORCET_FACETADA_LARGA_32173.jpg
102218,CADENA_FORCET_FACETADA_LARGA,32174,102218_CADENA_FORCET_FACETADA_LARGA_32174.jpg
102219,CADENA_FORCET_FACETADA_LARGA,32175,102219_CADENA_FORCET_FACETADA_LARGA_32175.jpg
102220,CADENA_FORCET_FACETADA_LARGA,32167,102220_CADENA_FORCET_FACETADA_LARGA_32167.jpg
102221,CADENA_FORCET_FACETADA_LARGA,32168,102221_CADENA_FORCET_FACETADA_LARGA_32168.jpg
102222,CADENA_FORCET_FACETADA_LARGA,8176,102222_CADENA_FORCET_FACETADA_LARGA_8176.jpg
102223,CADENA_GRUMET_ALTERNADA,32177,102223_CADENA_GRUMET_ALTERNADA_32177.jpg
102224,CADENA_GRUMET_ALTERNADA,32178,102224_CADENA_GRUMET_ALTERNADA_32178.jpg
102225,CADENA_GRUMET_ALTERNADA,32180,102225_CADENA_GRUMET_ALTERNADA_32180.jpg
102226,CADENA_GRUMET_ALTERNADA,32181,102226_CADENA_GRUMET_ALTERNADA_32181.jpg
102227,CADENA_GRUMET_DIAMANTADA,32183,102227_CADENA_GRUMET_DIAMANTADA_32183.jpg
102228,CADENA_GRUMET_DIAMANTADA,32184,102228_CADENA_GRUMET_DIAMANTADA_32184.jpg
102229,CADENA_GRUMET_DIAMANTADA,32186,102229_CADENA_GRUMET_DIAMANTADA_32186.jpg
102230,CADENA_GRUMET_DIAMANTADA,32187,102230_CADENA_GRUMET_DIAMANTADA_32187.jpg
102231,CADENA_GRUMET_DOBLE_LAMINADA,8182,102231_CADENA_GRUMET_DOBLE_LAMINADA_8182.jpg
102232,CADENA_ROLO,32205,102232_CADENA_ROLO_32205.jpg
102233,CADENA_ROLO,32206,102233_CADENA_ROLO_32206.jpg
102234,CADENA_ROLO,32207,102234_CADENA_ROLO_32207.jpg
102235,CADENA_ROLO,32201,102235_CADENA_ROLO_32201.jpg
102236,CADENA_ROLO,32202,102236_CADENA_ROLO_32202.jpg
102237,CADENA_ROLO,32203,102237_CADENA_ROLO_32203.jpg
102238,CADENA_ROLO,32197,102238_CADENA_ROLO_32197.jpg
102239,CADENA_ROLO,32198,102239_CADENA_ROLO_32198.jpg
102240,CADENA_ROLO,32199,102240_CADENA_ROLO_32199.jpg
102241,CADENA_VALERIA_REDONDA,8263,102241_CADENA_VALERIA_REDONDA_8263.jpg
102242,CADENA_VALERIA_REDONDA,8266,102242_CADENA_VALERIA_REDONDA_8266.jpg
102243,CADENA_VALERIA_REDONDA,8269,102243_CADENA_VALERIA_REDONDA_8269.jpg
102244,CADENA_VENECIANA_N_2,32209,102244_CADENA_VENECIANA_N_2_32209.jpg
102245,CADENA_VENECIANA_N_2,32210,102245_CADENA_VENECIANA_N_2_32210.jpg
102246,CADENA_VENECIANA_N_2,32211,102246_CADENA_VENECIANA_N_2_32211.jpg
102247,COLGANTE_ARGOLLA,7555,102247_COLGANTE_ARGOLLA_7555.jpg
102248,COLGANTE_CIRCULAR,7568,102248_COLGANTE_CIRCULAR_7568.jpg
102249,COLGANTE_CIRCULAR,7569,102249_COLGANTE_CIRCULAR_7569.jpg
102250,COLGANTE_CRUCIFIJO,7566,102250_COLGANTE_CRUCIFIJO_7566.jpg
102251,COLGANTE_CRUCIFIJO,8019,102251_COLGANTE_CRUCIFIJO_8019.jpg
102252,COLGANTE_CRUZ,7543,102252_COLGANTE_CRUZ_7543.jpg
102253,COLGANTE_CRUZ,7549,102253_COLGANTE_CRUZ_7549.jpg
102254,COLGANTE_CRUZ,7563,102254_COLGANTE_CRUZ_7563.jpg
102255,COLGANTE_CRUZ_ANKH,7550,102255_COLGANTE_CRUZ_ANKH_7550.jpg
102256,COLGANTE_CURVAS,8020,102256_COLGANTE_CURVAS_8020.jpg
102257,COLGANTE_GEOMETRICO,7554,102257_COLGANTE_GEOMETRICO_7554.jpg
102258,COLGANTE_PIEDRA_SEMI_PRECIOSA_CIRCULAR,7570,102258_COLGANTE_PIEDRA_SEMI_PRECIOSA_CIRCULAR_7570.jpg
102259,COLGANTE_PIEDRA_SEMI_PRECIOSA_CIRCULAR,8038,102259_COLGANTE_PIEDRA_SEMI_PRECIOSA_CIRCULAR_8038.jpg
102260,COLGANTE_SERPIENTE,7564,102260_COLGANTE_SERPIENTE_7564.jpg
102261,DIJE_CORAZON,7548,102261_DIJE_CORAZON_7548.jpg
102262,DIJE_CRUZ,7540,102262_DIJE_CRUZ_7540.jpg
102263,DIJE_CRUZ,7542,102263_DIJE_CRUZ_7542.jpg
102264,DIJE_CRUZ,7561,102264_DIJE_CRUZ_7561.jpg
102265,DIJE_CRUZ,7562,102265_DIJE_CRUZ_7562.jpg
102266,DIJE_HIJO_NIÑA,7558,102266_DIJE_HIJO_NIÑA_7558.jpg
102267,DIJE_HIJO_NIÑO,7559,102267_DIJE_HIJO_NIÑO_7559.jpg
102268,DIJE_MANO_DE_FATIMA,7545,102268_DIJE_MANO_DE_FATIMA_7545.jpg
102269,DIJE_MEDALLA_SAN_EXPEDITO,7560,102269_DIJE_MEDALLA_SAN_EXPEDITO_7560.jpg
102270,DIJE_PAZ,7544,102270_DIJE_PAZ_7544.jpg
102271,DIJE_PIEDRA_CUBIC_CRUZ,7571,102271_DIJE_PIEDRA_CUBIC_CRUZ_7571.jpg
102272,DIJE_PIEDRA_CUBIC_CRUZ,7576,102272_DIJE_PIEDRA_CUBIC_CRUZ_7576.jpg
102273,DIJE_PIEDRA_CUBIC_CRUZ,7577,102273_DIJE_PIEDRA_CUBIC_CRUZ_7577.jpg
102274,DIJE_PIEDRA_CUBIC_CRUZ,7578,102274_DIJE_PIEDRA_CUBIC_CRUZ_7578.jpg
102275,DIJE_PIEDRA_CUBIC_ESTRELLA,7573,102275_DIJE_PIEDRA_CUBIC_ESTRELLA_7573.jpg
102276,DIJE_PIEDRA_CUBIC_FLOR,7583,102276_DIJE_PIEDRA_CUBIC_FLOR_7583.jpg
102277,DIJE_PIEDRA_CUBIC_FLOR,7584,102277_DIJE_PIEDRA_CUBIC_FLOR_7584.jpg
102278,DIJE_PIEDRA_CUBIC_FLOR,7585,102278_DIJE_PIEDRA_CUBIC_FLOR_7585.jpg
102279,DIJE_PIEDRA_CUBIC_FLOR,7586,102279_DIJE_PIEDRA_CUBIC_FLOR_7586.jpg
102280,DIJE_PIEDRA_CUBIC_FLOR,7587,102280_DIJE_PIEDRA_CUBIC_FLOR_7587.jpg
102281,DIJE_PIEDRA_CUBIC_OVAL,8039,102281_DIJE_PIEDRA_CUBIC_OVAL_8039.jpg
102282,DIJE_PIEDRA_CUBIC_OVAL,8040,102282_DIJE_PIEDRA_CUBIC_OVAL_8040.jpg
102283,DIJE_PIEDRA_CUBIC_OVAL,8041,102283_DIJE_PIEDRA_CUBIC_OVAL_8041.jpg
102284,DIJE_PIEDRA_CUBIC_OVAL,8042,102284_DIJE_PIEDRA_CUBIC_OVAL_8042.jpg
102285,DIJE_PIEDRA_CUBIC_RECTANGULAR,7579,102285_DIJE_PIEDRA_CUBIC_RECTANGULAR_7579.jpg
102286,DIJE_PIEDRA_CUBIC_RECTANGULAR,7580,102286_DIJE_PIEDRA_CUBIC_RECTANGULAR_7580.jpg
102287,DIJE_PIEDRA_CUBIC_RECTANGULAR,7581,102287_DIJE_PIEDRA_CUBIC_RECTANGULAR_7581.jpg
102288,DIJE_PIEDRA_CUBIC_RECTANGULAR,7582,102288_DIJE_PIEDRA_CUBIC_RECTANGULAR_7582.jpg
102289,DIJE_PIEDRA_CUBIC_SOLITARIO,7572,102289_DIJE_PIEDRA_CUBIC_SOLITARIO_7572.jpg
102290,DIJE_PIEDRA_CUBIC_SOLITARIO,7574,102290_DIJE_PIEDRA_CUBIC_SOLITARIO_7574.jpg
102291,DIJE_PIEDRA_SEMI_PRECIOSA_CIRCULAR,7575,102291_DIJE_PIEDRA_SEMI_PRECIOSA_CIRCULAR_7575.jpg
102292,DIJE_PIEDRA_SEMI_PRECIOSA_OVAL,8043,102292_DIJE_PIEDRA_SEMI_PRECIOSA_OVAL_8043.jpg
102293,DIJE_PIEDRA_SEMI_PRECIOSA_OVAL,8044,102293_DIJE_PIEDRA_SEMI_PRECIOSA_OVAL_8044.jpg
102294,DIJE_PIES,7541,102294_DIJE_PIES_7541.jpg
102295,DIJE_VIRGEN_NIÑA,7539,102295_DIJE_VIRGEN_NIÑA_7539.jpg
102296,MEDALLA_SAN_BENITO,7552,102296_MEDALLA_SAN_BENITO_7552.jpg
102297,MEDALLA_SAN_BENITO,7553,102297_MEDALLA_SAN_BENITO_7553.jpg
102298,MEDALLA_VIRGEN_MILAGROSA,7546,102298_MEDALLA_VIRGEN_MILAGROSA_7546.jpg
102299,MEDALLA_VIRGEN_MILAGROSA,7547,102299_MEDALLA_VIRGEN_MILAGROSA_7547.jpg
102300,MEDALLA_VIRGEN_NIÑA,7551,102300_MEDALLA_VIRGEN_NIÑA_7551.jpg
102301,PULSERA_CARACOL,32244,102301_PULSERA_CARACOL_32244.jpg
102302,PULSERA_CARACOL,32245,102302_PULSERA_CARACOL_32245.jpg
102303,PULSERA_CARACOL,8163,102303_PULSERA_CARACOL_8163.jpg
102304,PULSERA_ESPIGA,32252,102304_PULSERA_ESPIGA_32252.jpg
102305,PULSERA_ESPIGA,32253,102305_PULSERA_ESPIGA_32253.jpg
102306,PULSERA_ESPIGA,32249,102306_PULSERA_ESPIGA_32249.jpg
102307,PULSERA_ESPIGA,32250,102307_PULSERA_ESPIGA_32250.jpg
102308,PULSERA_FLOR_DE_LIS,7557,102308_PULSERA_FLOR_DE_LIS_7557.jpg
102309,PULSERA_FORCET,32255,102309_PULSERA_FORCET_32255.jpg
102310,PULSERA_FORCET,33640,102310_PULSERA_FORCET_33640.jpg
102311,PULSERA_FORCET,32258,102311_PULSERA_FORCET_32258.jpg
102312,PULSERA_FORCET,32259,102312_PULSERA_FORCET_32259.jpg
102313,PULSERA_FORCET_FACETADA,8145,102313_PULSERA_FORCET_FACETADA_8145.jpg
102314,PULSERA_FORCET_FACETADA,32261,102314_PULSERA_FORCET_FACETADA_32261.jpg
102315,PULSERA_FORCET_FACETADA,32262,102315_PULSERA_FORCET_FACETADA_32262.jpg
102316,PULSERA_FORCET_FACETADA,32263,102316_PULSERA_FORCET_FACETADA_32263.jpg
102317,PULSERA_FORCET_FACETADA,32277,102317_PULSERA_FORCET_FACETADA_32277.jpg
102318,PULSERA_FORCET_FACETADA,32278,102318_PULSERA_FORCET_FACETADA_32278.jpg
102319,PULSERA_FORCET_FACETADA,32279,102319_PULSERA_FORCET_FACETADA_32279.jpg
102320,PULSERA_FORCET_FACETADA_LARGA,8171,102320_PULSERA_FORCET_FACETADA_LARGA_8171.jpg
102321,PULSERA_FORCET_FACETADA_LARGA,32281,102321_PULSERA_FORCET_FACETADA_LARGA_32281.jpg
102322,PULSERA_FORCET_FACETADA_LARGA,32282,102322_PULSERA_FORCET_FACETADA_LARGA_32282.jpg
102323,PULSERA_FORCET_PLANA_DOBLE,32284,102323_PULSERA_FORCET_PLANA_DOBLE_32284.jpg
102324,PULSERA_FORCET_PLANA_DOBLE,32285,102324_PULSERA_FORCET_PLANA_DOBLE_32285.jpg
102325,PULSERA_GRUMET_ALTERNADA,32287,102325_PULSERA_GRUMET_ALTERNADA_32287.jpg
102326,PULSERA_GRUMET_ALTERNADA,32288,102326_PULSERA_GRUMET_ALTERNADA_32288.jpg
102327,PULSERA_GRUMET_ALTERNADA,32290,102327_PULSERA_GRUMET_ALTERNADA_32290.jpg
102328,PULSERA_GRUMET_ALTERNADA,32291,102328_PULSERA_GRUMET_ALTERNADA_32291.jpg
102329,PULSERA_GRUMET_ALTERNADA,32294,102329_PULSERA_GRUMET_ALTERNADA_32294.jpg
102330,PULSERA_GRUMET_ALTERNADA,32295,102330_PULSERA_GRUMET_ALTERNADA_32295.jpg
102331,PULSERA_GRUMET_ALTERNADA,32297,102331_PULSERA_GRUMET_ALTERNADA_32297.jpg
102332,PULSERA_GRUMET_ALTERNADA,32298,102332_PULSERA_GRUMET_ALTERNADA_32298.jpg
102333,PULSERA_GRUMET_ALTERNADA,32300,102333_PULSERA_GRUMET_ALTERNADA_32300.jpg
102334,PULSERA_GRUMET_ALTERNADA,32301,102334_PULSERA_GRUMET_ALTERNADA_32301.jpg
102335,PULSERA_GRUMET_DOBLE_LAMINADA,8181,102335_PULSERA_GRUMET_DOBLE_LAMINADA_8181.jpg
102336,PULSERA_GRUMET_PLANA,32306,102336_PULSERA_GRUMET_PLANA_32306.jpg
102337,PULSERA_GRUMET_PLANA,32307,102337_PULSERA_GRUMET_PLANA_32307.jpg
102338,PULSERA_GRUMET_PLANA_LAMINADA_2_0,33556,102338_PULSERA_GRUMET_PLANA_LAMINADA_2_0_33556.jpg
102339,PULSERA_GRUMET_PLANA_LAMINADA,32309,102339_PULSERA_GRUMET_PLANA_LAMINADA_32309.jpg
102340,PULSERA_GRUMET_PLANA_LAMINADA,32310,102340_PULSERA_GRUMET_PLANA_LAMINADA_32310.jpg
102341,PULSERA_GRUMET_PLANA_LAMINADA,32312,102341_PULSERA_GRUMET_PLANA_LAMINADA_32312.jpg
102342,PULSERA_GRUMET_PLANA_LAMINADA,32313,102342_PULSERA_GRUMET_PLANA_LAMINADA_32313.jpg
102343,PULSERA_ROLO,32318,102343_PULSERA_ROLO_32318.jpg
102344,PULSERA_ROLO,32319,102344_PULSERA_ROLO_32319.jpg
102345,PULSERA_ROLO,32321,102345_PULSERA_ROLO_32321.jpg
102346,PULSERA_ROLO,32322,102346_PULSERA_ROLO_32322.jpg
102347,PULSERA_ROLO,32315,102347_PULSERA_ROLO_32315.jpg
102348,PULSERA_ROLO,32316,102348_PULSERA_ROLO_32316.jpg
102349,PULSERA_ROLO_OVAL,32324,102349_PULSERA_ROLO_OVAL_32324.jpg
102350,PULSERA_ROLO_OVAL,32325,102350_PULSERA_ROLO_OVAL_32325.jpg
102351,PULSERA_ROLO_OVAL,32327,102351_PULSERA_ROLO_OVAL_32327.jpg
102352,PULSERA_ROLO_OVAL,32328,102352_PULSERA_ROLO_OVAL_32328.jpg
102353,PULSERA_ROSARIO,7556,102353_PULSERA_ROSARIO_7556.jpg
102354,PULSERA_TEJIDO_4_MM,32330,102354_PULSERA_TEJIDO_4_MM_32330.jpg
102355,PULSERA_TEJIDO_4_MM,32331,102355_PULSERA_TEJIDO_4_MM_32331.jpg
102356,PULSERA_TEJIDO_6_MM,32333,102356_PULSERA_TEJIDO_6_MM_32333.jpg
102357,PULSERA_TEJIDO_6_MM,32334,102357_PULSERA_TEJIDO_6_MM_32334.jpg
102358,PULSERA_TEJIDO_ROULET_6MM,8180,102358_PULSERA_TEJIDO_ROULET_6MM_8180.jpg
102359,PULSERA_TRAVERSINO,32336,102359_PULSERA_TRAVERSINO_32336.jpg
102360,PULSERA_TRAVERSINO,32337,102360_PULSERA_TRAVERSINO_32337.jpg
102361,PULSERA_VALERIA_PLANA_BOMBE,8184,102361_PULSERA_VALERIA_PLANA_BOMBE_8184.jpg
102362,PULSERA_VALERIA_PLANA_BOMBE,8185,102362_PULSERA_VALERIA_PLANA_BOMBE_8185.jpg
102363,PULSERA_VALERIA_REDONDA,32339,102363_PULSERA_VALERIA_REDONDA_32339.jpg
102364,PULSERA_VALERIA_REDONDA,32340,102364_PULSERA_VALERIA_REDONDA_32340.jpg
102365,PULSERA_VALERIA_REDONDA,32345,102365_PULSERA_VALERIA_REDONDA_32345.jpg
102366,PULSERA_VALERIA_REDONDA,32346,102366_PULSERA_VALERIA_REDONDA_32346.jpg
102367,PULSERA_VALERIA_REDONDA,32342,102367_PULSERA_VALERIA_REDONDA_32342.jpg
102368,PULSERA_VALERIA_REDONDA,32343,102368_PULSERA_VALERIA_REDONDA_32343.jpg
102369,PULSERA_ESCLAVA,29704,102369_PULSERA_ESCLAVA_29704.jpg
102370,PULSERA_ESCLAVA,29707,102370_PULSERA_ESCLAVA_29707.jpg
102371,PULSERA_ANIVERSARIO,32230,102371_PULSERA_ANIVERSARIO_32230.jpg
102372,PULSERA_ANIVERSARIO,32231,102372_PULSERA_ANIVERSARIO_32231.jpg
102373,PULSERA_ANIVERSARIO,32232,102373_PULSERA_ANIVERSARIO_32232.jpg
102374,PULSERA_ANIVERSARIO_1_75,32234,102374_PULSERA_ANIVERSARIO_1_75_32234.jpg
102375,PULSERA_ANIVERSARIO_1_75,32235,102375_PULSERA_ANIVERSARIO_1_75_32235.jpg
102376,PULSERA_ANIVERSARIO_2_0,32237,102376_PULSERA_ANIVERSARIO_2_0_32237.jpg
102377,PULSERA_ANIVERSARIO_2_0,32238,102377_PULSERA_ANIVERSARIO_2_0_32238.jpg
102378,PULSERA_ANIVERSARIO_2_25,32242,102378_PULSERA_ANIVERSARIO_2_25_32242.jpg
102379,ANILLO_ZODIACO,33299,102379_ANILLO_ZODIACO_33299.jpg
102380,ANILLO_ZODIACO,33323,102380_ANILLO_ZODIACO_33323.jpg
102381,ANILLO_ZODIACO,33335,102381_ANILLO_ZODIACO_33335.jpg
102382,ANILLO_ZODIACO,33347,102382_ANILLO_ZODIACO_33347.jpg
102383,ANILLO_ZODIACO,33359,102383_ANILLO_ZODIACO_33359.jpg
102384,ANILLO_ZODIACO,33383,102384_ANILLO_ZODIACO_33383.jpg
102385,ANILLO_ZODIACO,33331,102385_ANILLO_ZODIACO_33331.jpg
102386,ANILLO_ZODIACO,33343,102386_ANILLO_ZODIACO_33343.jpg
102387,ANILLO_ZODIACO,33367,102387_ANILLO_ZODIACO_33367.jpg
102388,ANILLO_ZODIACO,33379,102388_ANILLO_ZODIACO_33379.jpg
102389,ANILLO_ZODIACO,33312,102389_ANILLO_ZODIACO_33312.jpg
102390,ANILLO_ZODIACO,33324,102390_ANILLO_ZODIACO_33324.jpg
102391,ANILLO_ZODIACO,33348,102391_ANILLO_ZODIACO_33348.jpg
102392,ANILLO_ZODIACO,34278,102392_ANILLO_ZODIACO_34278.jpg
102393,ANILLO_ZODIACO,33384,102393_ANILLO_ZODIACO_33384.jpg
102394,ANILLO_ZODIACO,33308,102394_ANILLO_ZODIACO_33308.jpg
102395,ANILLO_ZODIACO,33320,102395_ANILLO_ZODIACO_33320.jpg
102396,ANILLO_ZODIACO,33344,102396_ANILLO_ZODIACO_33344.jpg
102397,ANILLO_ZODIACO,33380,102397_ANILLO_ZODIACO_33380.jpg
102398,ANILLO_ZODIACO,33392,102398_ANILLO_ZODIACO_33392.jpg
102399,ANILLO_ZODIACO,33416,102399_ANILLO_ZODIACO_33416.jpg
102400,ANILLO_ZODIACO,33306,102400_ANILLO_ZODIACO_33306.jpg
102401,ANILLO_ZODIACO,33330,102401_ANILLO_ZODIACO_33330.jpg
102402,ANILLO_ZODIACO,33342,102402_ANILLO_ZODIACO_33342.jpg
102403,ANILLO_ZODIACO,33354,102403_ANILLO_ZODIACO_33354.jpg
102404,ANILLO_ZODIACO,34284,102404_ANILLO_ZODIACO_34284.jpg
102405,ANILLO_ZODIACO,33402,102405_ANILLO_ZODIACO_33402.jpg
102406,ANILLO_ZODIACO,33314,102406_ANILLO_ZODIACO_33314.jpg
102407,ANILLO_ZODIACO,33326,102407_ANILLO_ZODIACO_33326.jpg
102408,ANILLO_ZODIACO,34272,102408_ANILLO_ZODIACO_34272.jpg
102409,ANILLO_ZODIACO,33362,102409_ANILLO_ZODIACO_33362.jpg
102410,ANILLO_ZODIACO,33374,102410_ANILLO_ZODIACO_33374.jpg
102411,ANILLO_ZODIACO,33398,102411_ANILLO_ZODIACO_33398.jpg
102412,ANILLO_ZODIACO,33286,102412_ANILLO_ZODIACO_33286.jpg
102413,ANILLO_ZODIACO,33310,102413_ANILLO_ZODIACO_33310.jpg
102414,ANILLO_ZODIACO,33322,102414_ANILLO_ZODIACO_33322.jpg
102415,ANILLO_ZODIACO,33346,102415_ANILLO_ZODIACO_33346.jpg
102416,ANILLO_ZODIACO,33358,102416_ANILLO_ZODIACO_33358.jpg
102417,ANILLO_ZODIACO,33370,102417_ANILLO_ZODIACO_33370.jpg
102418,ANILLO_ZODIACO,33394,102418_ANILLO_ZODIACO_33394.jpg
102419,ANILLO_ZODIACO,33304,102419_ANILLO_ZODIACO_33304.jpg
102420,ANILLO_ZODIACO,33316,102420_ANILLO_ZODIACO_33316.jpg
102421,ANILLO_ZODIACO,33340,102421_ANILLO_ZODIACO_33340.jpg
102422,ANILLO_ZODIACO,33364,102422_ANILLO_ZODIACO_33364.jpg
102423,ANILLO_ZODIACO,33376,102423_ANILLO_ZODIACO_33376.jpg
102424,ANILLO_ZODIACO,33388,102424_ANILLO_ZODIACO_33388.jpg
102425,ANILLO_ZODIACO,33412,102425_ANILLO_ZODIACO_33412.jpg
102426,ANILLO_ZODIACO,33305,102426_ANILLO_ZODIACO_33305.jpg
102427,ANILLO_ZODIACO,34268,102427_ANILLO_ZODIACO_34268.jpg
102428,ANILLO_ZODIACO,33341,102428_ANILLO_ZODIACO_33341.jpg
102429,ANILLO_ZODIACO,33353,102429_ANILLO_ZODIACO_33353.jpg
102430,ANILLO_ZODIACO,33377,102430_ANILLO_ZODIACO_33377.jpg
102431,ANILLO_ZODIACO,33389,102431_ANILLO_ZODIACO_33389.jpg
102432,ANILLO_ZODIACO,33301,102432_ANILLO_ZODIACO_33301.jpg
102433,ANILLO_ZODIACO,33313,102433_ANILLO_ZODIACO_33313.jpg
102434,ANILLO_ZODIACO,34265,102434_ANILLO_ZODIACO_34265.jpg
102435,ANILLO_ZODIACO,33349,102435_ANILLO_ZODIACO_33349.jpg
102436,ANILLO_ZODIACO,33361,102436_ANILLO_ZODIACO_33361.jpg
102437,ANILLO_ZODIACO,33373,102437_ANILLO_ZODIACO_33373.jpg
102438,ANILLO_ZODIACO,33385,102438_ANILLO_ZODIACO_33385.jpg
102439,ANILLO_ZODIACO,33297,102439_ANILLO_ZODIACO_33297.jpg
102440,ANILLO_ZODIACO,33309,102440_ANILLO_ZODIACO_33309.jpg
102441,ANILLO_ZODIACO,33333,102441_ANILLO_ZODIACO_33333.jpg
102442,ANILLO_ZODIACO,33357,102442_ANILLO_ZODIACO_33357.jpg
102443,ANILLO_ZODIACO,33369,102443_ANILLO_ZODIACO_33369.jpg
102444,ANILLO_ZODIACO,33381,102444_ANILLO_ZODIACO_33381.jpg
102445,ANILLO_ZODIACO,33405,102445_ANILLO_ZODIACO_33405.jpg
102446,ANILLO_ZODIACO,33303,102446_ANILLO_ZODIACO_33303.jpg
102447,ANILLO_ZODIACO,33315,102447_ANILLO_ZODIACO_33315.jpg
102448,ANILLO_ZODIACO,33351,102448_ANILLO_ZODIACO_33351.jpg
102449,ANILLO_ZODIACO,33363,102449_ANILLO_ZODIACO_33363.jpg
102450,ANILLO_ZODIACO,33375,102450_ANILLO_ZODIACO_33375.jpg
102451,ARO_PASANTE_FLOR,30191,102451_ARO_PASANTE_FLOR_30191.jpg
102452,ARO_PASANTE_ARGOLLITAS,30192,102452_ARO_PASANTE_ARGOLLITAS_30192.jpg
102453,ARO_PASANTE_GEOMETRICO,30193,102453_ARO_PASANTE_GEOMETRICO_30193.jpg
102454,ANILLO_ZODIACO,33387,102454_ANILLO_ZODIACO_33387.jpg
102455,ARO_PASANTE_FLOR,30194,102455_ARO_PASANTE_FLOR_30194.jpg
102456,DIJE_INICIAL,30206,102456_DIJE_INICIAL_30206.jpg
102457,DIJE_INICIAL,30207,102457_DIJE_INICIAL_30207.jpg
102458,DIJE_INICIAL,30208,102458_DIJE_INICIAL_30208.jpg
102459,DIJE_INICIAL,30209,102459_DIJE_INICIAL_30209.jpg
102460,DIJE_INICIAL,30210,102460_DIJE_INICIAL_30210.jpg
102461,DIJE_INICIAL,30211,102461_DIJE_INICIAL_30211.jpg
102462,DIJE_INICIAL,30212,102462_DIJE_INICIAL_30212.jpg
102463,DIJE_INICIAL,30213,102463_DIJE_INICIAL_30213.jpg
102464,DIJE_INICIAL,30298,102464_DIJE_INICIAL_30298.jpg
102465,DIJE_INICIAL,30214,102465_DIJE_INICIAL_30214.jpg
102466,DIJE_INICIAL,30215,102466_DIJE_INICIAL_30215.jpg
102467,DIJE_INICIAL,30295,102467_DIJE_INICIAL_30295.jpg
102468,DIJE_INICIAL,30297,102468_DIJE_INICIAL_30297.jpg
102469,DIJE_INICIAL,30216,102469_DIJE_INICIAL_30216.jpg
102470,DIJE_INICIAL,30217,102470_DIJE_INICIAL_30217.jpg
102471,DIJE_INICIAL,30218,102471_DIJE_INICIAL_30218.jpg
102472,DIJE_INICIAL,30219,102472_DIJE_INICIAL_30219.jpg
102473,DIJE_INICIAL,30296,102473_DIJE_INICIAL_30296.jpg
102474,DIJE_INICIAL,30220,102474_DIJE_INICIAL_30220.jpg
102475,DIJE_INICIAL,30221,102475_DIJE_INICIAL_30221.jpg
102476,DIJE_INICIAL,30222,102476_DIJE_INICIAL_30222.jpg
102477,DIJE_INICIAL,30223,102477_DIJE_INICIAL_30223.jpg
102478,DIJE_INICIAL,30224,102478_DIJE_INICIAL_30224.jpg
102479,DIJE_INICIAL,30225,102479_DIJE_INICIAL_30225.jpg
102480,DIJE_CRUZ,30195,102480_DIJE_CRUZ_30195.jpg
102481,DIJE_CRUZ,30196,102481_DIJE_CRUZ_30196.jpg
102482,COLGANTE_CRUZ,30197,102482_COLGANTE_CRUZ_30197.jpg
102483,COLGANTE_CRUZ,30198,102483_COLGANTE_CRUZ_30198.jpg
102484,ANILLO_ZODIACO,33311,102484_ANILLO_ZODIACO_33311.jpg
102485,DIJE_CRUZ,30199,102485_DIJE_CRUZ_30199.jpg
102486,ANILLO_ZODIACO,33366,102486_ANILLO_ZODIACO_33366.jpg
102487,DIJE_ARBOL_DE_LA_VIDA,30200,102487_DIJE_ARBOL_DE_LA_VIDA_30200.jpg
102488,DIJE_CRUZ_DEL_EQUILIBRIO,33548,102488_DIJE_CRUZ_DEL_EQUILIBRIO_33548.jpg
102489,DIJE_CRUZ_9,33549,102489_DIJE_CRUZ_9_33549.jpg
102490,DIJE_BUDA,30202,102490_DIJE_BUDA_30202.jpg
102491,DIJE_CRUZ_DEL_EQUILIBRIO,30203,102491_DIJE_CRUZ_DEL_EQUILIBRIO_30203.jpg
102492,DIJE_FLOR,30204,102492_DIJE_FLOR_30204.jpg
102493,CADENA_BOLITA_ALTERNADA,30263,102493_CADENA_BOLITA_ALTERNADA_30263.jpg
102494,CADENA_BOLITA,30264,102494_CADENA_BOLITA_30264.jpg
102495,CADENA_VALERIA,30265,102495_CADENA_VALERIA_30265.jpg
102496,CADENA_BOLITA_ALTERNADA,33552,102496_CADENA_BOLITA_ALTERNADA_33552.jpg
102497,CADENA_FORCET,30267,102497_CADENA_FORCET_30267.jpg
102498,PULSERA_DIAMANTADA,32247,102498_PULSERA_DIAMANTADA_32247.jpg
102499,PULSERA_BOLITA,30269,102499_PULSERA_BOLITA_30269.jpg
102500,ARO_PASANTE_INICIAL,30270,102500_ARO_PASANTE_INICIAL_30270.jpg
102501,ARO_PASANTE_FLORES,30271,102501_ARO_PASANTE_FLORES_30271.jpg
102502,ARO_PASANTE_CRUZ,30272,102502_ARO_PASANTE_CRUZ_30272.jpg
102503,ARO_PASANTE_CADENA_MOÑO,30273,102503_ARO_PASANTE_CADENA_MOÑO_30273.jpg
102504,PIERCING_BOLITA,30274,102504_PIERCING_BOLITA_30274.jpg
102505,ARO_ARGOLLA,30275,102505_ARO_ARGOLLA_30275.jpg
102506,ARO_ARGOLLA,30276,102506_ARO_ARGOLLA_30276.jpg
102507,ARO_PASANTE_ESTRELLA,30277,102507_ARO_PASANTE_ESTRELLA_30277.jpg
102508,ARO_PASANTE_CORAZON,30278,102508_ARO_PASANTE_CORAZON_30278.jpg
102509,ARO_PASANTE_PIEDRA,30279,102509_ARO_PASANTE_PIEDRA_30279.jpg
102510,ARO_PASANTE_ESTRELLA,30280,102510_ARO_PASANTE_ESTRELLA_30280.jpg
102511,ARO_PASANTE_MOÑO,30281,102511_ARO_PASANTE_MOÑO_30281.jpg
102512,ARO_PASANTE_CADENA_BOLITA,30282,102512_ARO_PASANTE_CADENA_BOLITA_30282.jpg
102513,ARO_PASANTE_INICIAL_H,30283,102513_ARO_PASANTE_INICIAL_H_30283.jpg
102514,ARO_PASANTE_CADENA_PIEDRA,30284,102514_ARO_PASANTE_CADENA_PIEDRA_30284.jpg
102515,ARO_PASANTE_CADENA_CUBO,30285,102515_ARO_PASANTE_CADENA_CUBO_30285.jpg
102516,ARO_ARGOLLA_CORAZON,30286,102516_ARO_ARGOLLA_CORAZON_30286.jpg
102517,ARO_APRETADOR_ARGOLLA_BOLITA,30287,102517_ARO_APRETADOR_ARGOLLA_BOLITA_30287.jpg
102518,ANILLO_INFINITO,32721,102518_ANILLO_INFINITO_32721.jpg
102519,ANILLO_DOS_LETRAS,30439,102519_ANILLO_DOS_LETRAS_30439.jpg
102520,ANILLO_DOS_LETRAS,30543,102520_ANILLO_DOS_LETRAS_30543.jpg
102521,ANILLO_DOS_LETRAS,30524,102521_ANILLO_DOS_LETRAS_30524.jpg
102522,ANILLO_DOS_LETRAS,30445,102522_ANILLO_DOS_LETRAS_30445.jpg
102523,ANILLO_DOS_LETRAS,30544,102523_ANILLO_DOS_LETRAS_30544.jpg
102524,ANILLO_DOS_LETRAS,33084,102524_ANILLO_DOS_LETRAS_33084.jpg
102525,ANILLO_DOS_LETRAS,32992,102525_ANILLO_DOS_LETRAS_32992.jpg
102526,ANILLO_DOS_LETRAS,30541,102526_ANILLO_DOS_LETRAS_30541.jpg
102527,ANILLO_DOS_LETRAS,33081,102527_ANILLO_DOS_LETRAS_33081.jpg
102528,ANILLO_DOS_LETRAS,30435,102528_ANILLO_DOS_LETRAS_30435.jpg
102529,ANILLO_DOS_LETRAS,33061,102529_ANILLO_DOS_LETRAS_33061.jpg
102530,ANILLO_DOS_LETRAS,34590,102530_ANILLO_DOS_LETRAS_34590.jpg
102531,PULSERA_RODOCROSITA_MINI,30288,102531_PULSERA_RODOCROSITA_MINI_30288.jpg
102532,PULSERA_RODOCROSITA_CHICA,30289,102532_PULSERA_RODOCROSITA_CHICA_30289.jpg
102533,PULSERA_RODOCROSITA_MEDIANA,30290,102533_PULSERA_RODOCROSITA_MEDIANA_30290.jpg
102534,ARO_PASANTE_MANO_HAMSA,33551,102534_ARO_PASANTE_MANO_HAMSA_33551.jpg
102535,PULSERA_PIEDRA_NATURAL_CHICA,30292,102535_PULSERA_PIEDRA_NATURAL_CHICA_30292.jpg
102536,PULSERA_PIEDRA_NATURAL_MEDIANA,30293,102536_PULSERA_PIEDRA_NATURAL_MEDIANA_30293.jpg
102537,PULSERA_PIEDRA_NATURAL_GRANDE,30294,102537_PULSERA_PIEDRA_NATURAL_GRANDE_30294.jpg
102538,ANILLO_CRUZ,33553,102538_ANILLO_CRUZ_33553.jpg
102539,PULSERA_INFLADA_GRUMET_PLANA,32360,102539_PULSERA_INFLADA_GRUMET_PLANA_32360.jpg
102540,PULSERA_INFLADA_GRUMET_,32359,102540_PULSERA_INFLADA_GRUMET__32359.jpg
102541,ARO_COLGANTE_ESTRELLA,33550,102541_ARO_COLGANTE_ESTRELLA_33550.jpg
102542,PULSERA_INFLADA_GRUMET_PLANA,32361,102542_PULSERA_INFLADA_GRUMET_PLANA_32361.jpg
102543,PULSERA_INFLADA_GRUMET_PLANA,32362,102543_PULSERA_INFLADA_GRUMET_PLANA_32362.jpg
102544,PULSERA_INFLADA_GUCCI,32363,102544_PULSERA_INFLADA_GUCCI_32363.jpg
102545,PULSERA_INFLADA_GUCCI_CHICA,32364,102545_PULSERA_INFLADA_GUCCI_CHICA_32364.jpg
102546,PULSERA_INFLADA_FORCET_TOURBILLON_ALTERNADA_1X1,32365,102546_PULSERA_INFLADA_FORCET_TOURBILLON_ALTERNADA_1X1_32365.jpg
102547,PULSERA_BIZANTINA_0_6,33572,102547_PULSERA_BIZANTINA_0_6_33572.jpg
102548,PULSERA_BIZANTINA_0_6,33573,102548_PULSERA_BIZANTINA_0_6_33573.jpg
102549,PULSERA_BIZANTINA_0_6,32366,102549_PULSERA_BIZANTINA_0_6_32366.jpg
102550,PULSERA_BIZANTINA_0_6,32368,102550_PULSERA_BIZANTINA_0_6_32368.jpg
102551,DIJE_CIRCULAR_REPUJADO,33546,102551_DIJE_CIRCULAR_REPUJADO_33546.jpg
102552,DIJE_OVALADO,33547,102552_DIJE_OVALADO_33547.jpg
102553,PULSERA_ANIVERSARIO_1_75,33543,102553_PULSERA_ANIVERSARIO_1_75_33543.jpg
102554,PULSERA_ANIVERSARIO_2_20,33544,102554_PULSERA_ANIVERSARIO_2_20_33544.jpg
102555,PULSERA_ESCLAVA_2,33570,102555_PULSERA_ESCLAVA_2_33570.jpg
102556,PULSERA_ESCLAVA_2,33571,102556_PULSERA_ESCLAVA_2_33571.jpg
102557,PULSERA_GRUMET_ALTERNADA_PLANA_1X1,32370,102557_PULSERA_GRUMET_ALTERNADA_PLANA_1X1_32370.jpg
102558,DIJE_MANO_DE_FATIMA,33545,102558_DIJE_MANO_DE_FATIMA_33545.jpg
102559,PULSERA_INFLADA_GRUMET_PLANA_2,32369,102559_PULSERA_INFLADA_GRUMET_PLANA_2_32369.jpg
102560,ANILLO_GEOMETRICO,32348,102560_ANILLO_GEOMETRICO_32348.jpg
102561,ANILLO_GEOMETRICO,32349,102561_ANILLO_GEOMETRICO_32349.jpg
102562,ANILLO_GEOMETRICO,32350,102562_ANILLO_GEOMETRICO_32350.jpg
102563,ANILLO_GEOMETRICO,32351,102563_ANILLO_GEOMETRICO_32351.jpg
102564,ANILLO_MULTI,32353,102564_ANILLO_MULTI_32353.jpg
102565,ANILLO_MULTI,32354,102565_ANILLO_MULTI_32354.jpg
102566,ANILLO_MULTI,32355,102566_ANILLO_MULTI_32355.jpg
102567,ANILLO_MULTI,32718,102567_ANILLO_MULTI_32718.jpg
102568,ANILLO_MULTI,32357,102568_ANILLO_MULTI_32357.jpg
102569,ANILLO_DOS_LETRAS,30436,102569_ANILLO_DOS_LETRAS_30436.jpg
102570,ANILLO_DOS_LETRAS,30545,102570_ANILLO_DOS_LETRAS_30545.jpg
102571,ANILLO_DOS_LETRAS,30526,102571_ANILLO_DOS_LETRAS_30526.jpg
102572,ANILLO_DOS_LETRAS,30448,102572_ANILLO_DOS_LETRAS_30448.jpg
102573,ANILLO_DOS_LETRAS,30547,102573_ANILLO_DOS_LETRAS_30547.jpg
102574,ANILLO_DOS_LETRAS,30528,102574_ANILLO_DOS_LETRAS_30528.jpg
102575,ANILLO_DOS_LETRAS,30454,102575_ANILLO_DOS_LETRAS_30454.jpg
102576,ANILLO_DOS_LETRAS,30549,102576_ANILLO_DOS_LETRAS_30549.jpg
102577,ANILLO_DOS_LETRAS,30530,102577_ANILLO_DOS_LETRAS_30530.jpg
102578,ANILLO_DOS_LETRAS,30451,102578_ANILLO_DOS_LETRAS_30451.jpg
102579,ANILLO_DOS_LETRAS,30548,102579_ANILLO_DOS_LETRAS_30548.jpg
102580,ANILLO_DOS_LETRAS,30529,102580_ANILLO_DOS_LETRAS_30529.jpg
102581,ANILLO_DOS_LETRAS,30442,102581_ANILLO_DOS_LETRAS_30442.jpg
102582,ANILLO_DOS_LETRAS,30546,102582_ANILLO_DOS_LETRAS_30546.jpg
102583,ANILLO_DOS_LETRAS,30527,102583_ANILLO_DOS_LETRAS_30527.jpg
102584,ANILLO_DOS_LETRAS,30653,102584_ANILLO_DOS_LETRAS_30653.jpg
102585,ANILLO_ESLABONES,33421,102585_ANILLO_ESLABONES_33421.jpg
102586,ANILLO_ESLABONES,33418,102586_ANILLO_ESLABONES_33418.jpg
102587,ANILLO_ESLABONES,33419,102587_ANILLO_ESLABONES_33419.jpg
102588,ANILLO_INICIAL,33439,102588_ANILLO_INICIAL_33439.jpg
102589,PULSERA_GRUMET_LAMINADA,33516,102589_PULSERA_GRUMET_LAMINADA_33516.jpg
102590,DIJE_INICIAL_2,33518,102590_DIJE_INICIAL_2_33518.jpg
102591,DIJE_INICIAL_2,33519,102591_DIJE_INICIAL_2_33519.jpg
102592,DIJE_INICIAL_2,33520,102592_DIJE_INICIAL_2_33520.jpg
102593,DIJE_INICIAL_2,33521,102593_DIJE_INICIAL_2_33521.jpg
102594,DIJE_INICIAL_2,33522,102594_DIJE_INICIAL_2_33522.jpg
102595,DIJE_INICIAL_2,33523,102595_DIJE_INICIAL_2_33523.jpg
102596,DIJE_INICIAL_2,33524,102596_DIJE_INICIAL_2_33524.jpg
102597,DIJE_INICIAL_2,33525,102597_DIJE_INICIAL_2_33525.jpg
102598,DIJE_INICIAL_2,33540,102598_DIJE_INICIAL_2_33540.jpg
102599,DIJE_INICIAL_2,33526,102599_DIJE_INICIAL_2_33526.jpg
102600,DIJE_INICIAL_2,33527,102600_DIJE_INICIAL_2_33527.jpg
102601,DIJE_INICIAL_2,33528,102601_DIJE_INICIAL_2_33528.jpg
102602,DIJE_INICIAL_2,33517,102602_DIJE_INICIAL_2_33517.jpg
102603,DIJE_INICIAL_2,33529,102603_DIJE_INICIAL_2_33529.jpg
102604,DIJE_INICIAL_2,33539,102604_DIJE_INICIAL_2_33539.jpg
102605,DIJE_INICIAL_2,33530,102605_DIJE_INICIAL_2_33530.jpg
102606,DIJE_INICIAL_2,33541,102606_DIJE_INICIAL_2_33541.jpg
102607,DIJE_INICIAL_2,33531,102607_DIJE_INICIAL_2_33531.jpg
102608,DIJE_INICIAL_2,33532,102608_DIJE_INICIAL_2_33532.jpg
102609,DIJE_INICIAL_2,33533,102609_DIJE_INICIAL_2_33533.jpg
102610,DIJE_INICIAL_2,33536,102610_DIJE_INICIAL_2_33536.jpg
102611,DIJE_INICIAL_2,33534,102611_DIJE_INICIAL_2_33534.jpg
102612,DIJE_INICIAL_2,33537,102612_DIJE_INICIAL_2_33537.jpg
102613,DIJE_INICIAL_2,33542,102613_DIJE_INICIAL_2_33542.jpg
102614,DIJE_INICIAL_2,33535,102614_DIJE_INICIAL_2_33535.jpg
102615,DIJE_INICIAL_2,33538,102615_DIJE_INICIAL_2_33538.jpg
102616,ANILLO_PIEDRA_CUBIC_OVAL,31225,102616_ANILLO_PIEDRA_CUBIC_OVAL_31225.jpg
102617,ANILLO_INICIAL__2_,33635,102617_ANILLO_INICIAL__2__33635.jpg
102618,ANILLO_INICIAL__2_,33636,102618_ANILLO_INICIAL__2__33636.jpg
102619,ANILLO_INICIAL__2_,33634,102619_ANILLO_INICIAL__2__33634.jpg
102620,ANILLO_INICIAL__2_,33637,102620_ANILLO_INICIAL__2__33637.jpg
102621,ANILLO_INICIAL__2_,33638,102621_ANILLO_INICIAL__2__33638.jpg
102622,ANILLO_INICIAL__2_,33639,102622_ANILLO_INICIAL__2__33639.jpg
102623,CADENA_GRUMET_DOBLE_LAMINADA__1_5_,34180,102623_CADENA_GRUMET_DOBLE_LAMINADA__1_5__34180.jpg
102624,CUBO_INICIAL,34182,102624_CUBO_INICIAL_34182.jpg
102625,CUBO_INICIAL,34183,102625_CUBO_INICIAL_34183.jpg
102626,CUBO_INICIAL,34184,102626_CUBO_INICIAL_34184.jpg
102627,CUBO_INICIAL,34185,102627_CUBO_INICIAL_34185.jpg
102628,CUBO_INICIAL,34186,102628_CUBO_INICIAL_34186.jpg
102629,CUBO_INICIAL,34187,102629_CUBO_INICIAL_34187.jpg
102630,CUBO_INICIAL,34188,102630_CUBO_INICIAL_34188.jpg
102631,CUBO_INICIAL,34189,102631_CUBO_INICIAL_34189.jpg
102632,CUBO_INICIAL,34204,102632_CUBO_INICIAL_34204.jpg
102633,CUBO_INICIAL,34190,102633_CUBO_INICIAL_34190.jpg
102634,CUBO_INICIAL,34191,102634_CUBO_INICIAL_34191.jpg
102635,CUBO_INICIAL,34192,102635_CUBO_INICIAL_34192.jpg
102636,CUBO_INICIAL,34181,102636_CUBO_INICIAL_34181.jpg
102637,CUBO_INICIAL,34193,102637_CUBO_INICIAL_34193.jpg
102638,CUBO_INICIAL,34203,102638_CUBO_INICIAL_34203.jpg
102639,CUBO_INICIAL,34194,102639_CUBO_INICIAL_34194.jpg
102640,CUBO_INICIAL,34195,102640_CUBO_INICIAL_34195.jpg
102641,CUBO_INICIAL,34196,102641_CUBO_INICIAL_34196.jpg
102642,CUBO_INICIAL,34197,102642_CUBO_INICIAL_34197.jpg
102643,CUBO_INICIAL,34200,102643_CUBO_INICIAL_34200.jpg
102644,CUBO_INICIAL,34198,102644_CUBO_INICIAL_34198.jpg
102645,CUBO_INICIAL,34201,102645_CUBO_INICIAL_34201.jpg
102646,CUBO_INICIAL,34206,102646_CUBO_INICIAL_34206.jpg
102647,CUBO_INICIAL,34199,102647_CUBO_INICIAL_34199.jpg
102648,CUBO_INICIAL,34202,102648_CUBO_INICIAL_34202.jpg
102649,CUBO_CORAZON,34233,102649_CUBO_CORAZON_34233.jpg
102650,ANILLO_PIEDRA_CUBIC_MEDIO_SIN_FIN__3_,41957,102650_ANILLO_PIEDRA_CUBIC_MEDIO_SIN_FIN__3__41957.jpg
102651,ANILLO_PIEDRA_CUBIC_MEDIO_SIN_FIN__3_,41958,102651_ANILLO_PIEDRA_CUBIC_MEDIO_SIN_FIN__3__41958.jpg
102652,ANILLO_PIEDRA_CUBIC_MEDIO_SIN_FIN__3_,41959,102652_ANILLO_PIEDRA_CUBIC_MEDIO_SIN_FIN__3__41959.jpg
102653,ANILLO_PIEDRA_CUBIC_MEDIO_SIN_FIN__3_,41960,102653_ANILLO_PIEDRA_CUBIC_MEDIO_SIN_FIN__3__41960.jpg
102654,ANILLO_PIEDRA_CUBIC_MEDIO_SIN_FIN__4_,42730,102654_ANILLO_PIEDRA_CUBIC_MEDIO_SIN_FIN__4__42730.jpg
102655,ANILLO_PIEDRA_CUBIC_MEDIO_SIN_FIN__4_,42731,102655_ANILLO_PIEDRA_CUBIC_MEDIO_SIN_FIN__4__42731.jpg
102656,ANILLO_PIEDRA_CUBIC_MEDIO_SIN_FIN__4_,42732,102656_ANILLO_PIEDRA_CUBIC_MEDIO_SIN_FIN__4__42732.jpg
102657,ANILLO_PIEDRA_CUBIC_MEDIO_SIN_FIN__4_,42733,102657_ANILLO_PIEDRA_CUBIC_MEDIO_SIN_FIN__4__42733.jpg
102658,ANILLO_PIEDRA_CUBIC_CINTILLO__1_,41769,102658_ANILLO_PIEDRA_CUBIC_CINTILLO__1__41769.jpg
102659,ANILLO_PIEDRA_CUBIC_CINTILLO__1_,41770,102659_ANILLO_PIEDRA_CUBIC_CINTILLO__1__41770.jpg
102660,ANILLO_PIEDRA_CUBIC_CINTILLO__1_,41771,102660_ANILLO_PIEDRA_CUBIC_CINTILLO__1__41771.jpg
102661,ANILLO_PIEDRA_CUBIC_CINTILLO__1_,41772,102661_ANILLO_PIEDRA_CUBIC_CINTILLO__1__41772.jpg
102662,ANILLO_PIEDRA_CUBIC_INFINITO__1_,41776,102662_ANILLO_PIEDRA_CUBIC_INFINITO__1__41776.jpg
102663,ANILLO_PIEDRA_CUBIC_INFINITO__1_,41777,102663_ANILLO_PIEDRA_CUBIC_INFINITO__1__41777.jpg
102664,ANILLO_PIEDRA_CUBIC_INFINITO__1_,41778,102664_ANILLO_PIEDRA_CUBIC_INFINITO__1__41778.jpg
102665,ANILLO_PIEDRA_CUBIC_INFINITO__1_,41779,102665_ANILLO_PIEDRA_CUBIC_INFINITO__1__41779.jpg
102666,ANILLO_GEOMETRICO__5_,42734,102666_ANILLO_GEOMETRICO__5__42734.jpg
102667,ANILLO_GEOMETRICO__5_,42735,102667_ANILLO_GEOMETRICO__5__42735.jpg
102668,PILUSO_NARI,54082,102668_PILUSO_NARI_54082.jpg
102669,ANILLO_GEOMETRICO__6_,42736,102669_ANILLO_GEOMETRICO__6__42736.jpg
102670,ANILLO_GEOMETRICO__6_,42737,102670_ANILLO_GEOMETRICO__6__42737.jpg
102671,ANILLO_GEOMETRICO__6_,42738,102671_ANILLO_GEOMETRICO__6__42738.jpg
102672,ANILLO_BOMBE__5_,42739,102672_ANILLO_BOMBE__5__42739.jpg
102673,ANILLO_BOMBE__5_,42740,102673_ANILLO_BOMBE__5__42740.jpg
102674,ANILLO_BOMBE__5_,42741,102674_ANILLO_BOMBE__5__42741.jpg
102675,ANILLO_BANDA,42742,102675_ANILLO_BANDA_42742.jpg
102676,ANILLO_BANDA,42743,102676_ANILLO_BANDA_42743.jpg
102677,ANILLO_BANDA,42744,102677_ANILLO_BANDA_42744.jpg
102678,ANILLO_DOBLE_CINTA,42745,102678_ANILLO_DOBLE_CINTA_42745.jpg
102679,ANILLO_DOBLE_CINTA,42746,102679_ANILLO_DOBLE_CINTA_42746.jpg
102680,ANILLO_DOBLE_CINTA,42747,102680_ANILLO_DOBLE_CINTA_42747.jpg
102681,ANILLO_PIEDRA_CUBIC_SOLITARIO__5_,42748,102681_ANILLO_PIEDRA_CUBIC_SOLITARIO__5__42748.jpg
102682,ANILLO_PIEDRA_CUBIC_SOLITARIO__5_,42749,102682_ANILLO_PIEDRA_CUBIC_SOLITARIO__5__42749.jpg
102683,ANILLO_PIEDRA_CUBIC_SOLITARIO__5_,42750,102683_ANILLO_PIEDRA_CUBIC_SOLITARIO__5__42750.jpg
102684,ANILLO_PIEDRA_CUBIC_SOLITARIO__5_,42751,102684_ANILLO_PIEDRA_CUBIC_SOLITARIO__5__42751.jpg
102685,ANILLO_PIEDRA_CUBIC_CINTILLO__2_,41773,102685_ANILLO_PIEDRA_CUBIC_CINTILLO__2__41773.jpg
102686,ANILLO_PIEDRA_CUBIC_CINTILLO__2_,41774,102686_ANILLO_PIEDRA_CUBIC_CINTILLO__2__41774.jpg
102687,ANILLO_PIEDRA_CUBIC_CINTILLO__2_,41775,102687_ANILLO_PIEDRA_CUBIC_CINTILLO__2__41775.jpg
102688,ANILLO_HOJAS,42752,102688_ANILLO_HOJAS_42752.jpg
102689,ANILLO_HOJAS,42753,102689_ANILLO_HOJAS_42753.jpg
102690,ANILLO_HOJAS,42754,102690_ANILLO_HOJAS_42754.jpg
102691,ANILLO_HOJAS,42755,102691_ANILLO_HOJAS_42755.jpg
102692,ANILLO_TRIPLE_CINTA,42756,102692_ANILLO_TRIPLE_CINTA_42756.jpg
102693,ANILLO_TRIPLE_CINTA,42757,102693_ANILLO_TRIPLE_CINTA_42757.jpg
102694,ANILLO_TRIPLE_CINTA,42758,102694_ANILLO_TRIPLE_CINTA_42758.jpg
102695,ANILLO_TRIPLE_CINTA,42759,102695_ANILLO_TRIPLE_CINTA_42759.jpg
102696,ANILLO_BOMBE__6_,42760,102696_ANILLO_BOMBE__6__42760.jpg
102697,ANILLO_BOMBE__6_,42761,102697_ANILLO_BOMBE__6__42761.jpg
102698,ANILLO_BOMBE__6_,42762,102698_ANILLO_BOMBE__6__42762.jpg
102699,ANILLO_BOMBE__6_,42763,102699_ANILLO_BOMBE__6__42763.jpg
102700,ANILLO_GRABADO_PAZ,42764,102700_ANILLO_GRABADO_PAZ_42764.jpg
102701,ANILLO_GRABADO_PAZ,42765,102701_ANILLO_GRABADO_PAZ_42765.jpg
102702,ANILLO_GRABADO_PAZ,42766,102702_ANILLO_GRABADO_PAZ_42766.jpg
102703,ANILLO_GRABADO_PAZ,42767,102703_ANILLO_GRABADO_PAZ_42767.jpg
102704,ANILLO_GRABADO_GOOD_VIBES,42768,102704_ANILLO_GRABADO_GOOD_VIBES_42768.jpg
102705,ANILLO_GRABADO_GOOD_VIBES,42769,102705_ANILLO_GRABADO_GOOD_VIBES_42769.jpg
102706,ANILLO_GRABADO_GOOD_VIBES,42770,102706_ANILLO_GRABADO_GOOD_VIBES_42770.jpg
102707,ANILLO_GRABADO_AMOR,41784,102707_ANILLO_GRABADO_AMOR_41784.jpg
102708,ANILLO_GRABADO_AMOR,41785,102708_ANILLO_GRABADO_AMOR_41785.jpg
102709,ANILLO_GRABADO_AMOR,41786,102709_ANILLO_GRABADO_AMOR_41786.jpg
102710,ANILLO_PIEDRA_CUBIC_MEDIO_SIN_FIN__5_,41787,102710_ANILLO_PIEDRA_CUBIC_MEDIO_SIN_FIN__5__41787.jpg
102711,ANILLO_PIEDRA_CUBIC_MEDIO_SIN_FIN__5_,41788,102711_ANILLO_PIEDRA_CUBIC_MEDIO_SIN_FIN__5__41788.jpg
102712,ANILLO_PIEDRA_CUBIC_MEDIO_SIN_FIN__5_,41789,102712_ANILLO_PIEDRA_CUBIC_MEDIO_SIN_FIN__5__41789.jpg
102713,ANILLO_PIEDRA_CUBIC_MEDIO_SIN_FIN__5_,41790,102713_ANILLO_PIEDRA_CUBIC_MEDIO_SIN_FIN__5__41790.jpg
102714,ANILLO_PIEDRA_CUBIC_MEDIO_SIN_FIN__6_,42771,102714_ANILLO_PIEDRA_CUBIC_MEDIO_SIN_FIN__6__42771.jpg
102715,ANILLO_PIEDRA_CUBIC_MEDIO_SIN_FIN__6_,42772,102715_ANILLO_PIEDRA_CUBIC_MEDIO_SIN_FIN__6__42772.jpg
102716,ANILLO_PIEDRA_CUBIC_MEDIO_SIN_FIN__6_,42773,102716_ANILLO_PIEDRA_CUBIC_MEDIO_SIN_FIN__6__42773.jpg
102717,ANILLO_PIEDRA_CUBIC_MEDIO_SIN_FIN__6_,42774,102717_ANILLO_PIEDRA_CUBIC_MEDIO_SIN_FIN__6__42774.jpg
102718,ANILLO_CRUZ__2_,42775,102718_ANILLO_CRUZ__2__42775.jpg
102719,ANILLO_CRUZ__2_,42776,102719_ANILLO_CRUZ__2__42776.jpg
102720,ANILLO_CRUZ__2_,42777,102720_ANILLO_CRUZ__2__42777.jpg
102721,ANILLO_PIEDRA_CUBIC_MEDIO_SIN_FIN__7_,42778,102721_ANILLO_PIEDRA_CUBIC_MEDIO_SIN_FIN__7__42778.jpg
102722,ANILLO_PIEDRA_CUBIC_MEDIO_SIN_FIN__7_,42779,102722_ANILLO_PIEDRA_CUBIC_MEDIO_SIN_FIN__7__42779.jpg
102723,ANILLO_PIEDRA_CUBIC_MEDIO_SIN_FIN__7_,42780,102723_ANILLO_PIEDRA_CUBIC_MEDIO_SIN_FIN__7__42780.jpg
102724,ANILLO_BOMBE__7_,42781,102724_ANILLO_BOMBE__7__42781.jpg
102725,ANILLO_BOMBE__7_,42782,102725_ANILLO_BOMBE__7__42782.jpg
102726,ANILLO_BOMBE__7_,42783,102726_ANILLO_BOMBE__7__42783.jpg
102727,ANILLO_GEOMETRICO__7_,42784,102727_ANILLO_GEOMETRICO__7__42784.jpg
102728,ANILLO_GEOMETRICO__7_,42785,102728_ANILLO_GEOMETRICO__7__42785.jpg
102729,ANILLO_GEOMETRICO__7_,42786,102729_ANILLO_GEOMETRICO__7__42786.jpg
102730,ANILLO_PERSONALIZABLE,42787,102730_ANILLO_PERSONALIZABLE_42787.jpg
102731,ANILLO_PERSONALIZABLE,42788,102731_ANILLO_PERSONALIZABLE_42788.jpg
102732,ANILLO_PERSONALIZABLE,42789,102732_ANILLO_PERSONALIZABLE_42789.jpg
102733,ANILLO_PIEDRA_CUBIC_MULTI__8_,41791,102733_ANILLO_PIEDRA_CUBIC_MULTI__8__41791.jpg
102734,ANILLO_PIEDRA_CUBIC_MULTI__8_,41792,102734_ANILLO_PIEDRA_CUBIC_MULTI__8__41792.jpg
102735,ANILLO_PIEDRA_CUBIC_MULTI__8_,41793,102735_ANILLO_PIEDRA_CUBIC_MULTI__8__41793.jpg
102736,ANILLO_PIEDRA_CUBIC_MULTI__8_,41794,102736_ANILLO_PIEDRA_CUBIC_MULTI__8__41794.jpg
102737,ANILLO_PIEDRA_CUBIC_INFINITO__2_,41780,102737_ANILLO_PIEDRA_CUBIC_INFINITO__2__41780.jpg
102738,ANILLO_PIEDRA_CUBIC_INFINITO__2_,41781,102738_ANILLO_PIEDRA_CUBIC_INFINITO__2__41781.jpg
102739,ANILLO_PIEDRA_CUBIC_INFINITO__2_,41782,102739_ANILLO_PIEDRA_CUBIC_INFINITO__2__41782.jpg
102740,ANILLO_PIEDRA_CUBIC_INFINITO__2_,41783,102740_ANILLO_PIEDRA_CUBIC_INFINITO__2__41783.jpg
102741,ANILLO_GEOMETRICO__8_,42790,102741_ANILLO_GEOMETRICO__8__42790.jpg
102742,ANILLO_GEOMETRICO__8_,42791,102742_ANILLO_GEOMETRICO__8__42791.jpg
102743,ANILLO_GEOMETRICO__8_,42792,102743_ANILLO_GEOMETRICO__8__42792.jpg
102744,ANILLO_GEOMETRICO__9_,42981,102744_ANILLO_GEOMETRICO__9__42981.jpg
102745,ANILLO_GEOMETRICO__9_,42982,102745_ANILLO_GEOMETRICO__9__42982.jpg
102746,ANILLO_GEOMETRICO__9_,42983,102746_ANILLO_GEOMETRICO__9__42983.jpg
102747,ANILLO_PIEDRA_CUBIC_CRUZ,42793,102747_ANILLO_PIEDRA_CUBIC_CRUZ_42793.jpg
102748,ANILLO_PIEDRA_CUBIC_CRUZ,42794,102748_ANILLO_PIEDRA_CUBIC_CRUZ_42794.jpg
102749,ANILLO_PIEDRA_CUBIC_CRUZ,42795,102749_ANILLO_PIEDRA_CUBIC_CRUZ_42795.jpg
102750,ANILLO_PIEDRA_CUBIC_CRUZ,42796,102750_ANILLO_PIEDRA_CUBIC_CRUZ_42796.jpg
102751,ARO_PASANTE_PIEDRA_CUBIC_GEOMETRICO__13___UN_,42797,102751_ARO_PASANTE_PIEDRA_CUBIC_GEOMETRICO__13___UN__42797.jpg
102752,ARO_PASANTE_PIEDRA_CUBIC_CUBO__UN_,42798,102752_ARO_PASANTE_PIEDRA_CUBIC_CUBO__UN__42798.jpg
102753,ARO_PASANTE_PIEDRA_CUBIC_CORAZONES__2___UN_,42799,102753_ARO_PASANTE_PIEDRA_CUBIC_CORAZONES__2___UN__42799.jpg
102754,ARO_PASANTE_PIEDRA_CUBIC_CORAZON__9___UN_,41724,102754_ARO_PASANTE_PIEDRA_CUBIC_CORAZON__9___UN__41724.jpg
102755,ARO_ARGOLLA_PIEDRA_CUBIC__1___UN_,42800,102755_ARO_ARGOLLA_PIEDRA_CUBIC__1___UN__42800.jpg
102756,ARO_PASANTE_PIEDRA_CUBIC_CRUZ__5___UN_,42801,102756_ARO_PASANTE_PIEDRA_CUBIC_CRUZ__5___UN__42801.jpg
102757,ARO_PASANTE_PIEDRA_CUBIC_CIRCULAR__3___UN_,42802,102757_ARO_PASANTE_PIEDRA_CUBIC_CIRCULAR__3___UN__42802.jpg
102758,ARO_PASANTE_PIEDRA_CUBIC_CORAZON__10___UN_,41725,102758_ARO_PASANTE_PIEDRA_CUBIC_CORAZON__10___UN__41725.jpg
102759,ARO_PASANTE_PIEDRA_CUBIC_ALAS__UN_,42803,102759_ARO_PASANTE_PIEDRA_CUBIC_ALAS__UN__42803.jpg
102760,ARO_PASANTE_PIEDRA_CUBIC_GOTA__3___PAR_,42804,102760_ARO_PASANTE_PIEDRA_CUBIC_GOTA__3___PAR__42804.jpg
102761,ARO_PASANTE_PIEDRA_CUBIC_FLOR__5___UN_,42805,102761_ARO_PASANTE_PIEDRA_CUBIC_FLOR__5___UN__42805.jpg
102762,ARO_PASANTE_FLOR__3___UN_,42806,102762_ARO_PASANTE_FLOR__3___UN__42806.jpg
102763,ARO_PASANTE_PIEDRA_CUBIC_MARIPOSA__UN_,42807,102763_ARO_PASANTE_PIEDRA_CUBIC_MARIPOSA__UN__42807.jpg
102764,ARO_PASANTE_PIEDRA_CUBIC_BARRITA__1___PAR_,41726,102764_ARO_PASANTE_PIEDRA_CUBIC_BARRITA__1___PAR__41726.jpg
102765,ARO_ARGOLLA_PIEDRA_CUBIC__2___PAR_,42808,102765_ARO_ARGOLLA_PIEDRA_CUBIC__2___PAR__42808.jpg
102766,ARO_ARGOLLA_PIEDRA_CUBIC__3___PAR_,42809,102766_ARO_ARGOLLA_PIEDRA_CUBIC__3___PAR__42809.jpg
102767,ARO_ARGOLLA_PIEDRA_CUBIC__4___PAR_,42810,102767_ARO_ARGOLLA_PIEDRA_CUBIC__4___PAR__42810.jpg
102768,ARO_PASANTE_PIEDRA_CUBIC_INICIAL__UN_,42811,102768_ARO_PASANTE_PIEDRA_CUBIC_INICIAL__UN__42811.jpg
102769,ARO_PASANTE_PIEDRA_CUBIC_INICIAL__UN_,42812,102769_ARO_PASANTE_PIEDRA_CUBIC_INICIAL__UN__42812.jpg
102770,ARO_PASANTE_PIEDRA_CUBIC_INICIAL__UN_,42813,102770_ARO_PASANTE_PIEDRA_CUBIC_INICIAL__UN__42813.jpg
102771,ARO_PASANTE_PIEDRA_CUBIC_INICIAL__UN_,42814,102771_ARO_PASANTE_PIEDRA_CUBIC_INICIAL__UN__42814.jpg
102772,ARO_PASANTE_HOJA__UN_,42815,102772_ARO_PASANTE_HOJA__UN__42815.jpg
102773,ARO_PASANTE_CACTUS__UN_,42816,102773_ARO_PASANTE_CACTUS__UN__42816.jpg
102774,ARO_PASANTE_MEDIA_LUNA__UN_,42817,102774_ARO_PASANTE_MEDIA_LUNA__UN__42817.jpg
102775,ARO_PASANTE_ESTRELLA_DE_MAR__UN_,42818,102775_ARO_PASANTE_ESTRELLA_DE_MAR__UN__42818.jpg
102776,ARO_PASANTE_PIEDRA_CUBIC_CORAZON__1___UN_,41727,102776_ARO_PASANTE_PIEDRA_CUBIC_CORAZON__1___UN__41727.jpg
102777,ARO_ARGOLLA_PIEDRA_CUBIC_CON_COLGANTE__UN_,42819,102777_ARO_ARGOLLA_PIEDRA_CUBIC_CON_COLGANTE__UN__42819.jpg
102778,ARO_PASANTE_PIEDRA_CUBIC_ESTRELLA_DAVID__1___UN_,42820,102778_ARO_PASANTE_PIEDRA_CUBIC_ESTRELLA_DAVID__1___UN__42820.jpg
102779,ARO_PASANTE_PIEDRA_CUBIC_LUNA_CON_COLGANTE__UN_,42821,102779_ARO_PASANTE_PIEDRA_CUBIC_LUNA_CON_COLGANTE__UN__42821.jpg
102780,ARO_PASANTE_PIEDRA_CUBIC_ESTRELLA_DAVID__2___UN_,42822,102780_ARO_PASANTE_PIEDRA_CUBIC_ESTRELLA_DAVID__2___UN__42822.jpg
102781,ARO_COLGANTE_PIEDRA_CUBIC_CORAZON__UN_,41728,102781_ARO_COLGANTE_PIEDRA_CUBIC_CORAZON__UN__41728.jpg
102782,ARO_PASANTE_ESTRELLAS__UN_,42823,102782_ARO_PASANTE_ESTRELLAS__UN__42823.jpg
102783,ARO_PASANTE_PIEDRA_CUBIC_DIJE_OJO__UN_,42824,102783_ARO_PASANTE_PIEDRA_CUBIC_DIJE_OJO__UN__42824.jpg
102784,ARO_ARGOLLA__4___PAR_,42825,102784_ARO_ARGOLLA__4___PAR__42825.jpg
102785,ARO_ARGOLLA__5___PAR_,42826,102785_ARO_ARGOLLA__5___PAR__42826.jpg
102786,ARO_ARGOLLA__6___UN_,42827,102786_ARO_ARGOLLA__6___UN__42827.jpg
102787,ARO_PASANTE_PIEDRA_CUBIC_DIJE_ESTRELLA__UN_,41729,102787_ARO_PASANTE_PIEDRA_CUBIC_DIJE_ESTRELLA__UN__41729.jpg
102788,ARO_PASANTE_PIEDRA_CUBIC_DIJE_CRUZ__UN_,42828,102788_ARO_PASANTE_PIEDRA_CUBIC_DIJE_CRUZ__UN__42828.jpg
102789,ARO_PASANTE_PIEDRA_CUBIC_DIJE_LUNA__UN_,42829,102789_ARO_PASANTE_PIEDRA_CUBIC_DIJE_LUNA__UN__42829.jpg
102790,ARO_PASANTE_ELEFANTE__UN_,42830,102790_ARO_PASANTE_ELEFANTE__UN__42830.jpg
102791,ARO_PASANTE_PIEDRA_CUBIC_OJO__UN_,42831,102791_ARO_PASANTE_PIEDRA_CUBIC_OJO__UN__42831.jpg
102792,ARO_PASANTE_OLA__UN_,42832,102792_ARO_PASANTE_OLA__UN__42832.jpg
102793,ARO_PASANTE_PIEDRA_CUBIC_CRUZ__1___UN_,41730,102793_ARO_PASANTE_PIEDRA_CUBIC_CRUZ__1___UN__41730.jpg
102794,ARO_PASANTE_NUDO__UN_,42833,102794_ARO_PASANTE_NUDO__UN__42833.jpg
102795,ARO_ARGOLLA__3___UN_,41731,102795_ARO_ARGOLLA__3___UN__41731.jpg
102796,ARO_ARGOLLA__7___UN_,42834,102796_ARO_ARGOLLA__7___UN__42834.jpg
102797,ARO_ARGOLLA__8___UN_,41732,102797_ARO_ARGOLLA__8___UN__41732.jpg
102798,ARO_ARGOLLA__9___PAR_,42835,102798_ARO_ARGOLLA__9___PAR__42835.jpg
102799,ARO_PASANTE_ESLABONES__1___PAR_,42836,102799_ARO_PASANTE_ESLABONES__1___PAR__42836.jpg
102800,ARO_ARGOLLA__10___PAR_,42837,102800_ARO_ARGOLLA__10___PAR__42837.jpg
102801,ARO_ARGOLLA_OVAL__UN_,41733,102801_ARO_ARGOLLA_OVAL__UN__41733.jpg
102802,ARO_PASANTE_PIEDRA_CUBIC_ESLABONES__1___PAR_,42838,102802_ARO_PASANTE_PIEDRA_CUBIC_ESLABONES__1___PAR__42838.jpg
102803,ARO_ARGOLLA_PIEDRA_CUBIC__5___UN_,41734,102803_ARO_ARGOLLA_PIEDRA_CUBIC__5___UN__41734.jpg
102804,ARO_ARGOLLA_PIEDRA_CUBIC__6___UN_,42839,102804_ARO_ARGOLLA_PIEDRA_CUBIC__6___UN__42839.jpg
102805,ARO_ARGOLLA_PIEDRA_CUBIC__7___UN_,42840,102805_ARO_ARGOLLA_PIEDRA_CUBIC__7___UN__42840.jpg
102806,ARO_ARGOLLA_PIEDRA_CUBIC__8___UN_,42841,102806_ARO_ARGOLLA_PIEDRA_CUBIC__8___UN__42841.jpg
102807,ARO_PASANTE_HOJAS__UN_,42842,102807_ARO_PASANTE_HOJAS__UN__42842.jpg
102808,ARO_ARGOLLA_CON_DIJE_CRUZ__UN_,42843,102808_ARO_ARGOLLA_CON_DIJE_CRUZ__UN__42843.jpg
102809,ARO_PASANTE_PIEDRA_CUBIC_CRUZ__2___UN_,42844,102809_ARO_PASANTE_PIEDRA_CUBIC_CRUZ__2___UN__42844.jpg
102810,ARO_PASANTE_PIEDRA_CUBIC_FLOR__1___UN_,41735,102810_ARO_PASANTE_PIEDRA_CUBIC_FLOR__1___UN__41735.jpg
102811,ARO_ARGOLLA_PIEDRA_CUBIC__9___UN_,42845,102811_ARO_ARGOLLA_PIEDRA_CUBIC__9___UN__42845.jpg
102812,ARO_PASANTE_PIEDRA_CUBIC_HUESO_DE_LA_SUERTE__UN_,42846,102812_ARO_PASANTE_PIEDRA_CUBIC_HUESO_DE_LA_SUERTE__UN__42846.jpg
102813,ARO_PASANTE_PIEDRA_CUBIC_CORAZON__2___UN_,41736,102813_ARO_PASANTE_PIEDRA_CUBIC_CORAZON__2___UN__41736.jpg
102814,ARO_PASANTE_PIEDRA_CUBIC_CORAZON__3___UN_,41737,102814_ARO_PASANTE_PIEDRA_CUBIC_CORAZON__3___UN__41737.jpg
102815,ARO_PASANTE_PIEDRA_CUBIC_GEOMETRICO__1___UN_,42847,102815_ARO_PASANTE_PIEDRA_CUBIC_GEOMETRICO__1___UN__42847.jpg
102816,ARO_PASANTE_PIEDRA_CUBIC_GEOMETRICO__2___UN_,42848,102816_ARO_PASANTE_PIEDRA_CUBIC_GEOMETRICO__2___UN__42848.jpg
102817,ARO_PASANTE_PIEDRA_CUBIC_CORAZON__4___UN_,41738,102817_ARO_PASANTE_PIEDRA_CUBIC_CORAZON__4___UN__41738.jpg
102818,ARO_PASANTE_PIEDRA_CUBIC_GEOMETRICO__3___UN_,42849,102818_ARO_PASANTE_PIEDRA_CUBIC_GEOMETRICO__3___UN__42849.jpg
102819,ARO_PASANTE_PIEDRA_CUBIC_MULTI__1___UN_,42850,102819_ARO_PASANTE_PIEDRA_CUBIC_MULTI__1___UN__42850.jpg
102820,ARO_PASANTE_PIEDRA_CUBIC_MULTI__2___UN_,42851,102820_ARO_PASANTE_PIEDRA_CUBIC_MULTI__2___UN__42851.jpg
102821,ARO_PASANTE_PIEDRA_CUBIC_PLANETA__UN_,42852,102821_ARO_PASANTE_PIEDRA_CUBIC_PLANETA__UN__42852.jpg
102822,ARO_PASANTE_PIEDRA_CUBIC_LUNA__1___UN_,41739,102822_ARO_PASANTE_PIEDRA_CUBIC_LUNA__1___UN__41739.jpg
102823,ARO_PASANTE_PIEDRA_CUBIC_MULTI__3___UN_,42853,102823_ARO_PASANTE_PIEDRA_CUBIC_MULTI__3___UN__42853.jpg
102824,ARO_PASANTE_PIEDRA_CUBIC_CORAZON__5___UN_,41740,102824_ARO_PASANTE_PIEDRA_CUBIC_CORAZON__5___UN__41740.jpg
102825,ARO_PASANTE_PIEDRA_CUBIC_GOTA__1___UN_,41741,102825_ARO_PASANTE_PIEDRA_CUBIC_GOTA__1___UN__41741.jpg
102826,ARO_PASANTE_PIEDRA_CUBIC_SOLITARIO__1___UN_,42854,102826_ARO_PASANTE_PIEDRA_CUBIC_SOLITARIO__1___UN__42854.jpg
102827,ARO_PASANTE_PIEDRA_CUBIC_SOLITARIO__2___UN_,42855,102827_ARO_PASANTE_PIEDRA_CUBIC_SOLITARIO__2___UN__42855.jpg
102828,ARO_PASANTE_PIEDRA_CUBIC_SOLITARIO__3___UN_,41742,102828_ARO_PASANTE_PIEDRA_CUBIC_SOLITARIO__3___UN__41742.jpg
102829,ARO_PASANTE_PIEDRA_CUBIC_SOLITARIO__4___UN_,42856,102829_ARO_PASANTE_PIEDRA_CUBIC_SOLITARIO__4___UN__42856.jpg
102830,ARO_PASANTE_PIEDRA_CUBIC_SOLITARIO__5___UN_,42857,102830_ARO_PASANTE_PIEDRA_CUBIC_SOLITARIO__5___UN__42857.jpg
102831,ARO_PASANTE_PIEDRA_CUBIC_SOLITARIO__6___UN_,42858,102831_ARO_PASANTE_PIEDRA_CUBIC_SOLITARIO__6___UN__42858.jpg
102832,ARO_PASANTE_INFINITO__1___UN_,41743,102832_ARO_PASANTE_INFINITO__1___UN__41743.jpg
102833,ARO_EARCUFF_CADENA__UN_,42859,102833_ARO_EARCUFF_CADENA__UN__42859.jpg
102834,ARO_ARGOLLA__11___PAR_,42860,102834_ARO_ARGOLLA__11___PAR__42860.jpg
102835,ARO_EARCUFF_PIEDRA_CUBIC_CADENA__UN_,42861,102835_ARO_EARCUFF_PIEDRA_CUBIC_CADENA__UN__42861.jpg
102836,ARO_ARGOLLA_PIEDRA_CUBIC__10___UN_,41744,102836_ARO_ARGOLLA_PIEDRA_CUBIC__10___UN__41744.jpg
102837,ARO_ARGOLLA_PIEDRA_CUBIC__11___UN_,42862,102837_ARO_ARGOLLA_PIEDRA_CUBIC__11___UN__42862.jpg
102838,ARO_PASANTE_PIEDRA_CUBIC_GEOMETRICO__4___UN_,42863,102838_ARO_PASANTE_PIEDRA_CUBIC_GEOMETRICO__4___UN__42863.jpg
102839,ARO_PASANTE_PIEDRA_CUBIC_ONDAS__1___UN_,42864,102839_ARO_PASANTE_PIEDRA_CUBIC_ONDAS__1___UN__42864.jpg
102840,ARO_PASANTE_PIEDRA_CUBIC_FLOR__2___UN_,42865,102840_ARO_PASANTE_PIEDRA_CUBIC_FLOR__2___UN__42865.jpg
102841,ARO_PASANTE_PIEDRA_CUBIC_FLOR__3___UN_,41745,102841_ARO_PASANTE_PIEDRA_CUBIC_FLOR__3___UN__41745.jpg
102842,ARO_PASANTE_PIEDRA_CUBIC_FLOR__4___UN_,41746,102842_ARO_PASANTE_PIEDRA_CUBIC_FLOR__4___UN__41746.jpg
102843,ARO_ARGOLLA_PIEDRA_CUBIC__12___UN_,42866,102843_ARO_ARGOLLA_PIEDRA_CUBIC__12___UN__42866.jpg
102844,ARO_ARGOLLA_PIEDRA_CUBIC_CORAZON__UN_,41747,102844_ARO_ARGOLLA_PIEDRA_CUBIC_CORAZON__UN__41747.jpg
102845,ARO_PASANTE_PIEDRA_CUBIC_ESTRELLA__UN_,41748,102845_ARO_PASANTE_PIEDRA_CUBIC_ESTRELLA__UN__41748.jpg
102846,ARO_PASANTE_PIEDRA_CUBIC_CORAZON__6___UN_,41749,102846_ARO_PASANTE_PIEDRA_CUBIC_CORAZON__6___UN__41749.jpg
102847,ARO_ARGOLLA_PIEDRA_CUBIC__13___UN_,42867,102847_ARO_ARGOLLA_PIEDRA_CUBIC__13___UN__42867.jpg
102848,ARO_ARGOLLA_PIEDRA_CUBIC__14___UN_,42868,102848_ARO_ARGOLLA_PIEDRA_CUBIC__14___UN__42868.jpg
102849,ARO_ARGOLLA_PIEDRA_CUBIC__15___UN_,42869,102849_ARO_ARGOLLA_PIEDRA_CUBIC__15___UN__42869.jpg
102850,ARO_ARGOLLA_PIEDRA_CUBIC__16___UN_,42870,102850_ARO_ARGOLLA_PIEDRA_CUBIC__16___UN__42870.jpg
102851,ARO_ARGOLLA__12___UN_,42871,102851_ARO_ARGOLLA__12___UN__42871.jpg
102852,ARO_PASANTE_OVAL__1___PAR_,42872,102852_ARO_PASANTE_OVAL__1___PAR__42872.jpg
102853,ARO_PASANTE_OVAL__2___PAR_,42873,102853_ARO_PASANTE_OVAL__2___PAR__42873.jpg
102854,ARO_ARGOLLA__13___PAR_,42874,102854_ARO_ARGOLLA__13___PAR__42874.jpg
102855,ARO_PASANTE_ONDAS__2___PAR_,42875,102855_ARO_PASANTE_ONDAS__2___PAR__42875.jpg
102856,ARO_PASANTE_CIRCULAR__3___PAR_,42876,102856_ARO_PASANTE_CIRCULAR__3___PAR__42876.jpg
102857,ARO_PASANTE_ONDAS__3___PAR_,42877,102857_ARO_PASANTE_ONDAS__3___PAR__42877.jpg
102858,ARO_PASANTE_CIRCULAR__4___PAR_,42878,102858_ARO_PASANTE_CIRCULAR__4___PAR__42878.jpg
102859,ARO_PASANTE_ESLABONES__2___PAR_,42879,102859_ARO_PASANTE_ESLABONES__2___PAR__42879.jpg
102860,ARO_PASANTE_PIEDRA_CUBIC_CORAZON__7___UN_,41750,102860_ARO_PASANTE_PIEDRA_CUBIC_CORAZON__7___UN__41750.jpg
102861,ARO_PASANTE_PIEDRA_CUBIC_CORAZON__8___UN_,41751,102861_ARO_PASANTE_PIEDRA_CUBIC_CORAZON__8___UN__41751.jpg
102862,ARO_ARGOLLA_PIEDRA_CUBIC_CRUZ__UN_,42880,102862_ARO_ARGOLLA_PIEDRA_CUBIC_CRUZ__UN__42880.jpg
102863,ARO_PASANTE_CORAZON__6___UN_,41752,102863_ARO_PASANTE_CORAZON__6___UN__41752.jpg
102864,ARO_PASANTE_CORAZON__7___UN_,41753,102864_ARO_PASANTE_CORAZON__7___UN__41753.jpg
102865,ARO_PASANTE_CORAZON__8___UN_,41754,102865_ARO_PASANTE_CORAZON__8___UN__41754.jpg
102866,ARO_ARGOLLA_PIEDRA_CUBIC__17___UN_,42881,102866_ARO_ARGOLLA_PIEDRA_CUBIC__17___UN__42881.jpg
102867,ARO_PASANTE_MULTI__1___UN_,42882,102867_ARO_PASANTE_MULTI__1___UN__42882.jpg
102868,ARO_COLGANTE_OVAL__PAR_,42883,102868_ARO_COLGANTE_OVAL__PAR__42883.jpg
102869,ARO_PASANTE_GEOMETRICO__PAR_,42884,102869_ARO_PASANTE_GEOMETRICO__PAR__42884.jpg
102870,ARO_PASANTE_GEOMETRICO__5___PAR_,42885,102870_ARO_PASANTE_GEOMETRICO__5___PAR__42885.jpg
102871,ARO_PASANTE_GEOMETRICO__6___PAR_,42886,102871_ARO_PASANTE_GEOMETRICO__6___PAR__42886.jpg
102872,ARO_ARGOLLA__14___PAR_,42887,102872_ARO_ARGOLLA__14___PAR__42887.jpg
102873,ARO_PASANTE_GEOMETRICO__7___PAR_,42888,102873_ARO_PASANTE_GEOMETRICO__7___PAR__42888.jpg
102874,ARO_PASANTE_GEOMETRICO__8___PAR_,42889,102874_ARO_PASANTE_GEOMETRICO__8___PAR__42889.jpg
102875,ARO_COLGANTE_PIEDRA_CUBIC_ESTRELLA__UN_,42890,102875_ARO_COLGANTE_PIEDRA_CUBIC_ESTRELLA__UN__42890.jpg
102876,ARO_PASANTE_PIEDRA_CUBIC_ESLABONES__2___PAR_,42891,102876_ARO_PASANTE_PIEDRA_CUBIC_ESLABONES__2___PAR__42891.jpg
102877,ARO_ARGOLLA_PIEDRA_CUBIC_CON_DIJE_GEOMETRICO__UN_,42892,102877_ARO_ARGOLLA_PIEDRA_CUBIC_CON_DIJE_GEOMETRICO__UN__42892.jpg
102878,ARO_ARGOLLA_PIEDRA_CUBIC_CON_DIJE_ESTRELLA__UN_,42893,102878_ARO_ARGOLLA_PIEDRA_CUBIC_CON_DIJE_ESTRELLA__UN__42893.jpg
102879,ARO_ARGOLLA_PIEDRA_CUBIC_ESLABONES__PAR_,42894,102879_ARO_ARGOLLA_PIEDRA_CUBIC_ESLABONES__PAR__42894.jpg
102880,ARO_PASANTE_PIEDRA_CUBIC_GOTA__2___UN_,42895,102880_ARO_PASANTE_PIEDRA_CUBIC_GOTA__2___UN__42895.jpg
102881,ARO_PASANTE_GEOMETRICO__9___PAR_,42896,102881_ARO_PASANTE_GEOMETRICO__9___PAR__42896.jpg
102882,ARO_PASANTE_GEOMETRICO__10___PAR_,42897,102882_ARO_PASANTE_GEOMETRICO__10___PAR__42897.jpg
102883,ARO_ARGOLLA__15___PAR_,42898,102883_ARO_ARGOLLA__15___PAR__42898.jpg
102884,ARO_PASANTE_MULTI__2___UN_,42899,102884_ARO_PASANTE_MULTI__2___UN__42899.jpg
102885,ARO_PASANTE_PIEDRA_CUBIC_GEOMETRICO__5___PAR_,42900,102885_ARO_PASANTE_PIEDRA_CUBIC_GEOMETRICO__5___PAR__42900.jpg
102886,ARO_PASANTE_ONDAS__4___PAR_,42901,102886_ARO_PASANTE_ONDAS__4___PAR__42901.jpg
102887,ARO_PASANTE_PIEDRA_CUBIC_ESLABONES__3___PAR_,42902,102887_ARO_PASANTE_PIEDRA_CUBIC_ESLABONES__3___PAR__42902.jpg
102888,ARO_PASANTE_PIEDRA_CUBIC_GEOMETRICO__6___UN_,42903,102888_ARO_PASANTE_PIEDRA_CUBIC_GEOMETRICO__6___UN__42903.jpg
102889,ARO_PASANTE_PIEDRA_CUBIC_GEOMETRICO__7___UN_,42904,102889_ARO_PASANTE_PIEDRA_CUBIC_GEOMETRICO__7___UN__42904.jpg
102890,ARO_PASANTE_PIEDRA_CUBIC_GEOMETRICO__8___UN_,42905,102890_ARO_PASANTE_PIEDRA_CUBIC_GEOMETRICO__8___UN__42905.jpg
102891,ARO_PASANTE_PIEDRA_CUBIC_CIRCULAR__1___UN_,42906,102891_ARO_PASANTE_PIEDRA_CUBIC_CIRCULAR__1___UN__42906.jpg
102892,ARO_PASANTE_PIEDRA_CUBIC_ESLABONES__4___UN_,42907,102892_ARO_PASANTE_PIEDRA_CUBIC_ESLABONES__4___UN__42907.jpg
102893,ARO_PASANTE_PIEDRA_CUBIC_GEOMETRICO__9___UN_,42908,102893_ARO_PASANTE_PIEDRA_CUBIC_GEOMETRICO__9___UN__42908.jpg
102894,ARO_PASANTE_PIEDRA_CUBIC_GEOMETRICO__10___UN_,42909,102894_ARO_PASANTE_PIEDRA_CUBIC_GEOMETRICO__10___UN__42909.jpg
102895,ARO_PASANTE_PIEDRA_CUBIC_GEOMETRICO__11___UN_,42910,102895_ARO_PASANTE_PIEDRA_CUBIC_GEOMETRICO__11___UN__42910.jpg
102896,ARO_PASANTE_ONDAS__5___PAR_,42911,102896_ARO_PASANTE_ONDAS__5___PAR__42911.jpg
102897,ARO_PASANTE_ONDAS__6___PAR_,42912,102897_ARO_PASANTE_ONDAS__6___PAR__42912.jpg
102898,ARO_PASANTE_ESLABONES__3___PAR_,42913,102898_ARO_PASANTE_ESLABONES__3___PAR__42913.jpg
102899,ARO_PASANTE_PIEDRA_CUBIC_SOLITARIO__7___UN_,42914,102899_ARO_PASANTE_PIEDRA_CUBIC_SOLITARIO__7___UN__42914.jpg
102900,ARO_PASANTE_PIEDRA_CUBIC_GEOMETRICO__12___PAR_,42915,102900_ARO_PASANTE_PIEDRA_CUBIC_GEOMETRICO__12___PAR__42915.jpg
102901,ARO_PASANTE_PIEDRA_CUBIC_ONDAS__2___PAR_,42916,102901_ARO_PASANTE_PIEDRA_CUBIC_ONDAS__2___PAR__42916.jpg
102902,ARO_PASANTE_PIEDRA_CUBIC_ESLABONES__5___PAR_,42917,102902_ARO_PASANTE_PIEDRA_CUBIC_ESLABONES__5___PAR__42917.jpg
102903,ARO_PASANTE_HOJAS__1___UN_,42918,102903_ARO_PASANTE_HOJAS__1___UN__42918.jpg
102904,ARO_PASANTE_OVAL__3___UN_,42919,102904_ARO_PASANTE_OVAL__3___UN__42919.jpg
102905,ARO_PASANTE_PIEDRA_CUBIC_BARRITA__2___UN_,41755,102905_ARO_PASANTE_PIEDRA_CUBIC_BARRITA__2___UN__41755.jpg
102906,ARO_PASANTE_PALMERAS__UN_,42920,102906_ARO_PASANTE_PALMERAS__UN__42920.jpg
102907,ARO_APRETADOR_ONDAS__UN_,42921,102907_ARO_APRETADOR_ONDAS__UN__42921.jpg
102908,ARO_PASANTE_HOJAS__2___UN_,42922,102908_ARO_PASANTE_HOJAS__2___UN__42922.jpg
102909,ARO_APRETADOR_PIEDRA_CUBIC__1___UN_,42923,102909_ARO_APRETADOR_PIEDRA_CUBIC__1___UN__42923.jpg
102910,ARO_ARGOLLA__16___PAR_,42924,102910_ARO_ARGOLLA__16___PAR__42924.jpg
102911,ARO_APRETADOR_PIEDRA_CUBIC__2___UN_,42925,102911_ARO_APRETADOR_PIEDRA_CUBIC__2___UN__42925.jpg
102912,ARO_PASANTE_TREBOL__UN_,42926,102912_ARO_PASANTE_TREBOL__UN__42926.jpg
102913,ARO_PASANTE_GOTA__1___UN_,42927,102913_ARO_PASANTE_GOTA__1___UN__42927.jpg
102914,ARO_PASANTE_PIEDRA_CUBIC_BARRITA__3___UN_,42928,102914_ARO_PASANTE_PIEDRA_CUBIC_BARRITA__3___UN__42928.jpg
102915,ARO_APRETADOR__1___UN_,42929,102915_ARO_APRETADOR__1___UN__42929.jpg
102916,ARO_APRETADOR__2___UN_,42930,102916_ARO_APRETADOR__2___UN__42930.jpg
102917,ARO_APRETADOR__3___UN_,42931,102917_ARO_APRETADOR__3___UN__42931.jpg
102918,ARO_ARGOLLA_PIEDRA_CUBIC_CON_DIJE_GOTA__PAR_,42932,102918_ARO_ARGOLLA_PIEDRA_CUBIC_CON_DIJE_GOTA__PAR__42932.jpg
102919,ARO_PASANTE_HERRADURA__UN_,42933,102919_ARO_PASANTE_HERRADURA__UN__42933.jpg
102920,ARO_PASANTE_PIEDRA_CUBIC_LUNA__2___UN_,42934,102920_ARO_PASANTE_PIEDRA_CUBIC_LUNA__2___UN__42934.jpg
102921,ARO_PASANTE_GEOMETRICO__11___UN_,42935,102921_ARO_PASANTE_GEOMETRICO__11___UN__42935.jpg
102922,ARO_PASANTE_CORAZON__9___UN_,41756,102922_ARO_PASANTE_CORAZON__9___UN__41756.jpg
102923,ARO_PASANTE_LUNA__UN_,41757,102923_ARO_PASANTE_LUNA__UN__41757.jpg
102924,ARO_PASANTE_PIEDRA_CUBIC_MANO_HAMBSA__UN_,42936,102924_ARO_PASANTE_PIEDRA_CUBIC_MANO_HAMBSA__UN__42936.jpg
102925,ARO_PASANTE_PIEDRA_CUBIC_CORAZONES__1___UN_,41758,102925_ARO_PASANTE_PIEDRA_CUBIC_CORAZONES__1___UN__41758.jpg
102926,ARO_PASANTE_PIEDRA_CUBIC_CRUZ__3___UN_,42937,102926_ARO_PASANTE_PIEDRA_CUBIC_CRUZ__3___UN__42937.jpg
102927,ARO_PASANTE_PIEDRA_CUBIC_CRUZ__4___UN_,42938,102927_ARO_PASANTE_PIEDRA_CUBIC_CRUZ__4___UN__42938.jpg
102928,ARO_PASANTE_PIEDRA_CUBIC_MOÑO__UN_,41759,102928_ARO_PASANTE_PIEDRA_CUBIC_MOÑO__UN__41759.jpg
102929,ARO_PASANTE_GOTA__2___UN_,42939,102929_ARO_PASANTE_GOTA__2___UN__42939.jpg
102930,ARO_PASANTE_GOTA__3___UN_,42940,102930_ARO_PASANTE_GOTA__3___UN__42940.jpg
102931,ARO_PASANTE_PIEDRA_CUBIC_CIRCULAR__2___UN_,42941,102931_ARO_PASANTE_PIEDRA_CUBIC_CIRCULAR__2___UN__42941.jpg
102932,ARO_PASANTE_INFINITO__2___UN_,41760,102932_ARO_PASANTE_INFINITO__2___UN__41760.jpg
102933,ARO_PASANTE_GOTA__4___UN_,42942,102933_ARO_PASANTE_GOTA__4___UN__42942.jpg
102934,ARO_PASANTE_PIEDRA_CUBIC_HOJAS__UN_,42943,102934_ARO_PASANTE_PIEDRA_CUBIC_HOJAS__UN__42943.jpg
102935,COLLAR_HILO_SILICONA_DIJE_PIEDRA_CUBIC_CRUZ,42944,102935_COLLAR_HILO_SILICONA_DIJE_PIEDRA_CUBIC_CRUZ_42944.jpg
102936,COLLAR_HILO_SILICONA_DIJE_PIEDRA_CUBIC_GOTA,42945,102936_COLLAR_HILO_SILICONA_DIJE_PIEDRA_CUBIC_GOTA_42945.jpg
102937,COLLAR_HILO_SILICONA_DIJE_PIEDRA_CUBIC_SOLITARIO,42946,102937_COLLAR_HILO_SILICONA_DIJE_PIEDRA_CUBIC_SOLITARIO_42946.jpg
102938,COLLAR_CADENA_VENECIANA_CON_DIJES_PIEDRA_CUBIC,42947,102938_COLLAR_CADENA_VENECIANA_CON_DIJES_PIEDRA_CUBIC_42947.jpg
102939,COLLAR_CADENA_VENECIANA_CON_DIJES_PIEDRA_CUBIC,42948,102939_COLLAR_CADENA_VENECIANA_CON_DIJES_PIEDRA_CUBIC_42948.jpg
102940,COLLAR_CADENA_VENECIANA_CON_DIJE_PIEDRA_CUBIC,42949,102940_COLLAR_CADENA_VENECIANA_CON_DIJE_PIEDRA_CUBIC_42949.jpg
102941,COLLAR_CADENA_VENECIANA_CON_DIJE_PIEDRA_CUBIC__UN_,41761,102941_COLLAR_CADENA_VENECIANA_CON_DIJE_PIEDRA_CUBIC__UN__41761.jpg
102942,COLLAR_CADENA_VENECIANA_CON_DIJES_PIEDRA_CUBIC__UN_,41762,102942_COLLAR_CADENA_VENECIANA_CON_DIJES_PIEDRA_CUBIC__UN__41762.jpg
102943,COLLAR_CADENA_VENECIANA_CON_DIJES_PIEDRA_CUBIC__UN_,41763,102943_COLLAR_CADENA_VENECIANA_CON_DIJES_PIEDRA_CUBIC__UN__41763.jpg
102944,DIJE_CRUZ__10_,42950,102944_DIJE_CRUZ__10__42950.jpg
102945,DIJE_CRUCIFIJO__1_,42951,102945_DIJE_CRUCIFIJO__1__42951.jpg
102946,DIJE_CRUZ__11_,42952,102946_DIJE_CRUZ__11__42952.jpg
102947,DIJE_CRUZ__12_,42953,102947_DIJE_CRUZ__12__42953.jpg
102948,DIJE_CRUCIFIJO__2_,42954,102948_DIJE_CRUCIFIJO__2__42954.jpg
102949,DIJE_PIEDRA_CUBIC_HIJO_NIÑA__1_,42955,102949_DIJE_PIEDRA_CUBIC_HIJO_NIÑA__1__42955.jpg
102950,DIJE_PIEDRA_CUBIC_HIJO_NIÑO__1_,42956,102950_DIJE_PIEDRA_CUBIC_HIJO_NIÑO__1__42956.jpg
102951,DIJE_PIEDRA_CUBIC_MARIPOSA,42957,102951_DIJE_PIEDRA_CUBIC_MARIPOSA_42957.jpg
102952,DIJE_PIEDRA_CUBIC_SERPIENTE,42958,102952_DIJE_PIEDRA_CUBIC_SERPIENTE_42958.jpg
102953,DIJE_PIEDRA_CUBIC_BICILETA,42959,102953_DIJE_PIEDRA_CUBIC_BICILETA_42959.jpg
102954,DIJE_CRUZ__13_,42960,102954_DIJE_CRUZ__13__42960.jpg
102955,DIJE_PIEDRA_CUBIC_AVE,42961,102955_DIJE_PIEDRA_CUBIC_AVE_42961.jpg
102956,DIJE_PIEDRA_CUBIC_CRUZ__3_,42962,102956_DIJE_PIEDRA_CUBIC_CRUZ__3__42962.jpg
102957,DIJE_PIEDRA_CUBIC_HIJO_NIÑO__2_,42963,102957_DIJE_PIEDRA_CUBIC_HIJO_NIÑO__2__42963.jpg
102958,DIJE_PIEDRA_CUBIC_HIJO_NIÑA__2_,42964,102958_DIJE_PIEDRA_CUBIC_HIJO_NIÑA__2__42964.jpg
102959,DIJE_PIEDRA_CUBIC_HIJO_NIÑO__3_,42965,102959_DIJE_PIEDRA_CUBIC_HIJO_NIÑO__3__42965.jpg
102960,DIJE_PIEDRA_CUBIC_HIJO_NIÑA__3_,42966,102960_DIJE_PIEDRA_CUBIC_HIJO_NIÑA__3__42966.jpg
102961,DIJE_PIEDRA_CUBIC_LLAVE__UN_,41764,102961_DIJE_PIEDRA_CUBIC_LLAVE__UN__41764.jpg
102962,DIJE_PIEDRA_CUBIC_HIJO_NIÑA__4_,42967,102962_DIJE_PIEDRA_CUBIC_HIJO_NIÑA__4__42967.jpg
102963,DIJE_PIEDRA_CUBIC_HIJO_NIÑO__4_,42968,102963_DIJE_PIEDRA_CUBIC_HIJO_NIÑO__4__42968.jpg
102964,DIJE_HERRADURA,42969,102964_DIJE_HERRADURA_42969.jpg
102965,DIJE_PIEDRA_CUBIC_LUNA,42970,102965_DIJE_PIEDRA_CUBIC_LUNA_42970.jpg
102966,DIJE_PIEDRA_CUBIC_GEOMETRICO,42971,102966_DIJE_PIEDRA_CUBIC_GEOMETRICO_42971.jpg
102967,DIJE_PIEDRA_CUBIC_SOLITARIO,42972,102967_DIJE_PIEDRA_CUBIC_SOLITARIO_42972.jpg
102968,DIJE_CORAZON__2___UN_,41765,102968_DIJE_CORAZON__2___UN__41765.jpg
102969,DIJE_LUNA__1_,42973,102969_DIJE_LUNA__1__42973.jpg
102970,DIJE_PIEDRA_CUBIC_MANO_HAMSA,42974,102970_DIJE_PIEDRA_CUBIC_MANO_HAMSA_42974.jpg
102971,DIJE_LUNA__2_,42975,102971_DIJE_LUNA__2__42975.jpg
102972,DIJE_PIEDRA_CUBIC_CRUZ__4_,42976,102972_DIJE_PIEDRA_CUBIC_CRUZ__4__42976.jpg
102973,DIJE_PIEDRA_CUBIC_CRUZ__5_,42977,102973_DIJE_PIEDRA_CUBIC_CRUZ__5__42977.jpg
102974,DIJE_PIEDRA_CUBIC_CRUZ__6_,42978,102974_DIJE_PIEDRA_CUBIC_CRUZ__6__42978.jpg
102975,DIJE_PIEDRA_CUBIC_CORAZON__1___UN_,41766,102975_DIJE_PIEDRA_CUBIC_CORAZON__1___UN__41766.jpg
102976,DIJE_PIEDRA_CUBIC_CIRCULAR,42979,102976_DIJE_PIEDRA_CUBIC_CIRCULAR_42979.jpg
102977,DIJE_CRUZ__14_,42980,102977_DIJE_CRUZ__14__42980.jpg
102978,DIJE_CORAZON__3___UN_,41767,102978_DIJE_CORAZON__3___UN__41767.jpg
102979,DIJE_PIEDRA_CUBIC_CORAZON__2___UN_,41768,102979_DIJE_PIEDRA_CUBIC_CORAZON__2___UN__41768.jpg
102980,DIJE_CRUZ,34234,102980_DIJE_CRUZ_34234.jpg
102981,CARTUCHERA_LUNA,41519,102981_CARTUCHERA_LUNA_41519.jpg
102982,CARTUCHERA_LUNA,41514,102982_CARTUCHERA_LUNA_41514.jpg
102983,CARTUCHERA_PU,41534,102983_CARTUCHERA_PU_41534.jpg
102984,SOBRE_ANALIA_CHICO,41553,102984_SOBRE_ANALIA_CHICO_41553.jpg
102985,CHALECO_TRINIDAD,41816,102985_CHALECO_TRINIDAD_41816.jpg
102986,CHALECO_TRINIDAD,41817,102986_CHALECO_TRINIDAD_41817.jpg
102987,CHALECO_TRINIDAD,41818,102987_CHALECO_TRINIDAD_41818.jpg
102988,CHALECO_TRINIDAD,41819,102988_CHALECO_TRINIDAD_41819.jpg
102989,CHALECO_INDIGO,41820,102989_CHALECO_INDIGO_41820.jpg
102990,CHALECO_INDIGO,41821,102990_CHALECO_INDIGO_41821.jpg
102991,CHALECO_INDIGO,41822,102991_CHALECO_INDIGO_41822.jpg
102992,CHALECO_INDIGO,41823,102992_CHALECO_INDIGO_41823.jpg
102993,CINTURON_FLORA_1,41824,102993_CINTURON_FLORA_1_41824.jpg
102994,CINTURON_FLORA_1,41825,102994_CINTURON_FLORA_1_41825.jpg
102995,CINTURON_FLORA_2,41826,102995_CINTURON_FLORA_2_41826.jpg
102996,CINTURON_FLORA_2,41827,102996_CINTURON_FLORA_2_41827.jpg
102997,BOMBACHA_NIÑA,41830,102997_BOMBACHA_NIÑA_41830.jpg
102998,BOMBACHA_NIÑA,41831,102998_BOMBACHA_NIÑA_41831.jpg
102999,BOMBACHA_NIÑA,41832,102999_BOMBACHA_NIÑA_41832.jpg
103000,BOMBACHA_NIÑA,41833,103000_BOMBACHA_NIÑA_41833.jpg
103001,BOMBACHA_NIÑA,41834,103001_BOMBACHA_NIÑA_41834.jpg
103002,BOMBACHA_NIÑA,41835,103002_BOMBACHA_NIÑA_41835.jpg
103003,BOMBACHA_NIÑA,41836,103003_BOMBACHA_NIÑA_41836.jpg
103004,COLALESS,41844,103004_COLALESS_41844.jpg
103005,COLALESS,41845,103005_COLALESS_41845.jpg
103006,COLALESS,41846,103006_COLALESS_41846.jpg
103007,COLALESS,41847,103007_COLALESS_41847.jpg
103008,VEDETINA,41848,103008_VEDETINA_41848.jpg
103009,VEDETINA,41849,103009_VEDETINA_41849.jpg
103010,VEDETINA,41850,103010_VEDETINA_41850.jpg
103011,VEDETINA,41851,103011_VEDETINA_41851.jpg
103012,CULOTTE,41852,103012_CULOTTE_41852.jpg
103013,CULOTTE,41853,103013_CULOTTE_41853.jpg
103014,CULOTTE,41854,103014_CULOTTE_41854.jpg
103015,CULOTTE,41855,103015_CULOTTE_41855.jpg
103016,SOBRE_ANALIA_GRANDE,42990,103016_SOBRE_ANALIA_GRANDE_42990.jpg
103017,MEDIAS_ADULTO_X_1,45773,103017_MEDIAS_ADULTO_X_1_45773.jpg
103018,MEDIAS_ADULTO_X_2,45774,103018_MEDIAS_ADULTO_X_2_45774.jpg
103019,MEDIAS_INFANTILES,45775,103019_MEDIAS_INFANTILES_45775.jpg
103020,PORTAVINO_CROCHET__1_,45783,103020_PORTAVINO_CROCHET__1__45783.jpg
103021,PORTAVINO_CROCHET__1_,45785,103021_PORTAVINO_CROCHET__1__45785.jpg
103022,PORTAVINO_CROCHET__1_,45786,103022_PORTAVINO_CROCHET__1__45786.jpg
103023,ANILLO_PIEDRA_CUBIC__1_,47344,103023_ANILLO_PIEDRA_CUBIC__1__47344.jpg
103024,ANILLO_PIEDRA_CUBIC__1_,47345,103024_ANILLO_PIEDRA_CUBIC__1__47345.jpg
103025,ANILLO_PIEDRA_CUBIC__1_,47346,103025_ANILLO_PIEDRA_CUBIC__1__47346.jpg
103026,ANILLO_PIEDRA_CUBIC__1_,47347,103026_ANILLO_PIEDRA_CUBIC__1__47347.jpg
103027,ANILLO_PIEDRA_CUBIC__1_,47350,103027_ANILLO_PIEDRA_CUBIC__1__47350.jpg
103028,ANILLO_PIEDRA_CUBIC__1_,47351,103028_ANILLO_PIEDRA_CUBIC__1__47351.jpg
103029,ANILLO_PIEDRA_CUBIC__1_,47352,103029_ANILLO_PIEDRA_CUBIC__1__47352.jpg
103030,ANILLO_PIEDRA_CUBIC__1_,47353,103030_ANILLO_PIEDRA_CUBIC__1__47353.jpg
103031,ANILLO_PIEDRA_CUBIC__10_,47475,103031_ANILLO_PIEDRA_CUBIC__10__47475.jpg
103032,ANILLO_PIEDRA_CUBIC__10_,47476,103032_ANILLO_PIEDRA_CUBIC__10__47476.jpg
103033,ANILLO_PIEDRA_CUBIC__10_,47477,103033_ANILLO_PIEDRA_CUBIC__10__47477.jpg
103034,ANILLO_PIEDRA_CUBIC__10_,47478,103034_ANILLO_PIEDRA_CUBIC__10__47478.jpg
103035,ANILLO_PIEDRA_CUBIC__10_,47479,103035_ANILLO_PIEDRA_CUBIC__10__47479.jpg
103036,ANILLO_PIEDRA_CUBIC__10_,47480,103036_ANILLO_PIEDRA_CUBIC__10__47480.jpg
103037,ANILLO_PIEDRA_CUBIC__2_,47354,103037_ANILLO_PIEDRA_CUBIC__2__47354.jpg
103038,ANILLO_PIEDRA_CUBIC__2_,47355,103038_ANILLO_PIEDRA_CUBIC__2__47355.jpg
103039,ANILLO_PIEDRA_CUBIC__2_,47356,103039_ANILLO_PIEDRA_CUBIC__2__47356.jpg
103040,ANILLO_PIEDRA_CUBIC__2_,47357,103040_ANILLO_PIEDRA_CUBIC__2__47357.jpg
103041,ANILLO_PIEDRA_CUBIC__2_,47358,103041_ANILLO_PIEDRA_CUBIC__2__47358.jpg
103042,ANILLO_PIEDRA_CUBIC__3_,47376,103042_ANILLO_PIEDRA_CUBIC__3__47376.jpg
103043,ANILLO_PIEDRA_CUBIC__3_,47377,103043_ANILLO_PIEDRA_CUBIC__3__47377.jpg
103044,ANILLO_PIEDRA_CUBIC__3_,47378,103044_ANILLO_PIEDRA_CUBIC__3__47378.jpg
103045,ANILLO_PIEDRA_CUBIC__3_,47379,103045_ANILLO_PIEDRA_CUBIC__3__47379.jpg
103046,ANILLO_PIEDRA_CUBIC__3_,47482,103046_ANILLO_PIEDRA_CUBIC__3__47482.jpg
103047,ANILLO_PIEDRA_CUBIC__3_,47483,103047_ANILLO_PIEDRA_CUBIC__3__47483.jpg
103048,ANILLO_PIEDRA_CUBIC__3_,47484,103048_ANILLO_PIEDRA_CUBIC__3__47484.jpg
103049,ANILLO_PIEDRA_CUBIC__3_,47485,103049_ANILLO_PIEDRA_CUBIC__3__47485.jpg
103050,ANILLO_PIEDRA_CUBIC__4_,47386,103050_ANILLO_PIEDRA_CUBIC__4__47386.jpg
103051,ANILLO_PIEDRA_CUBIC__4_,47387,103051_ANILLO_PIEDRA_CUBIC__4__47387.jpg
103052,ANILLO_PIEDRA_CUBIC__4_,47388,103052_ANILLO_PIEDRA_CUBIC__4__47388.jpg
103053,ANILLO_PIEDRA_CUBIC__4_,47389,103053_ANILLO_PIEDRA_CUBIC__4__47389.jpg
103054,ANILLO_PIEDRA_CUBIC__4_,47390,103054_ANILLO_PIEDRA_CUBIC__4__47390.jpg
103055,ANILLO_PIEDRA_CUBIC__4_,47486,103055_ANILLO_PIEDRA_CUBIC__4__47486.jpg
103056,ANILLO_PIEDRA_CUBIC__5_,47391,103056_ANILLO_PIEDRA_CUBIC__5__47391.jpg
103057,ANILLO_PIEDRA_CUBIC__5_,47392,103057_ANILLO_PIEDRA_CUBIC__5__47392.jpg
103058,ANILLO_PIEDRA_CUBIC__5_,47393,103058_ANILLO_PIEDRA_CUBIC__5__47393.jpg
103059,ANILLO_PIEDRA_CUBIC__5_,47394,103059_ANILLO_PIEDRA_CUBIC__5__47394.jpg
103060,ANILLO_PIEDRA_CUBIC__5_,47395,103060_ANILLO_PIEDRA_CUBIC__5__47395.jpg
103061,ANILLO_PIEDRA_CUBIC__6_,47406,103061_ANILLO_PIEDRA_CUBIC__6__47406.jpg
103062,ANILLO_PIEDRA_CUBIC__6_,47407,103062_ANILLO_PIEDRA_CUBIC__6__47407.jpg
103063,ANILLO_PIEDRA_CUBIC__6_,47408,103063_ANILLO_PIEDRA_CUBIC__6__47408.jpg
103064,ANILLO_PIEDRA_CUBIC__6_,47409,103064_ANILLO_PIEDRA_CUBIC__6__47409.jpg
103065,ANILLO_PIEDRA_CUBIC__6_,47410,103065_ANILLO_PIEDRA_CUBIC__6__47410.jpg
103066,ANILLO_PIEDRA_CUBIC__6_,47411,103066_ANILLO_PIEDRA_CUBIC__6__47411.jpg
103067,ANILLO_PIEDRA_CUBIC__6_,47412,103067_ANILLO_PIEDRA_CUBIC__6__47412.jpg
103068,ANILLO_PIEDRA_CUBIC__7_,47413,103068_ANILLO_PIEDRA_CUBIC__7__47413.jpg
103069,ANILLO_PIEDRA_CUBIC__7_,47414,103069_ANILLO_PIEDRA_CUBIC__7__47414.jpg
103081,ANILLO_ZODIACO,34264,103081_ANILLO_ZODIACO_34264.jpg
103082,ANILLO_ZODIACO,34269,103082_ANILLO_ZODIACO_34269.jpg
103083,ANILLO_INICIAL,34383,103083_ANILLO_INICIAL_34383.jpg
103084,ANILLO_INICIAL,34394,103084_ANILLO_INICIAL_34394.jpg
103085,ANILLO_INICIAL,34385,103085_ANILLO_INICIAL_34385.jpg
103086,ANILLO_INICIAL,34388,103086_ANILLO_INICIAL_34388.jpg
103087,ANILLO_INICIAL,34389,103087_ANILLO_INICIAL_34389.jpg
103088,ANILLO_DOS_LETRAS,34485,103088_ANILLO_DOS_LETRAS_34485.jpg
103089,ANILLO_ONDAS,34616,103089_ANILLO_ONDAS_34616.jpg
103090,ANILLO_ONDULADO,34619,103090_ANILLO_ONDULADO_34619.jpg
103091,ANILLO_PIEDRA_CUBIC_OVAL,34699,103091_ANILLO_PIEDRA_CUBIC_OVAL_34699.jpg
103092,ANILLO_PIEDRA_SEMI_PRECIOSA_OVAL,34750,103092_ANILLO_PIEDRA_SEMI_PRECIOSA_OVAL_34750.jpg
103093,ANILLO_PIEDRA_CUBIC_OVAL,34793,103093_ANILLO_PIEDRA_CUBIC_OVAL_34793.jpg
103094,ANILLO_INICIAL,34811,103094_ANILLO_INICIAL_34811.jpg
103095,ANILLO_INICIAL,34813,103095_ANILLO_INICIAL_34813.jpg
103096,ANILLO_ESLABONES,34854,103096_ANILLO_ESLABONES_34854.jpg
103097,ANILLO_PIEDRA_CUBIC_SOLITARIO,34949,103097_ANILLO_PIEDRA_CUBIC_SOLITARIO_34949.jpg
103098,SOMBRERO_ALGODON,37816,103098_SOMBRERO_ALGODON_37816.jpg
103099,SOMBRERO_ALGODON,37818,103099_SOMBRERO_ALGODON_37818.jpg
103100,SOMBRERO_ALGODON,37820,103100_SOMBRERO_ALGODON_37820.jpg
103101,SOMBRERO_ALGODON,37822,103101_SOMBRERO_ALGODON_37822.jpg
103102,SOMBRERO_ALGODON,37824,103102_SOMBRERO_ALGODON_37824.jpg
103103,SOMBRERO_ALGODON,37826,103103_SOMBRERO_ALGODON_37826.jpg
103104,SOMBRERO_ALGODON,37828,103104_SOMBRERO_ALGODON_37828.jpg
103105,SOMBRERO_ALGODON,37829,103105_SOMBRERO_ALGODON_37829.jpg
103106,SOMBRERO_ALGODON,37830,103106_SOMBRERO_ALGODON_37830.jpg
103107,SOMBRERO_ALGODON,37831,103107_SOMBRERO_ALGODON_37831.jpg
103108,SOMBRERO_ALGODON,37832,103108_SOMBRERO_ALGODON_37832.jpg
103109,SOMBRERO_ALGODON,37833,103109_SOMBRERO_ALGODON_37833.jpg
103110,SOMBRERO_ALGODON,37817,103110_SOMBRERO_ALGODON_37817.jpg
103111,SOMBRERO_ALGODON,37819,103111_SOMBRERO_ALGODON_37819.jpg
103112,SOMBRERO_ALGODON,37821,103112_SOMBRERO_ALGODON_37821.jpg
103113,SOMBRERO_ALGODON,37823,103113_SOMBRERO_ALGODON_37823.jpg
103114,SOMBRERO_ALGODON,37825,103114_SOMBRERO_ALGODON_37825.jpg
103115,SOMBRERO_RAFIA,37840,103115_SOMBRERO_RAFIA_37840.jpg
103116,SOMBRERO_RAFIA,37848,103116_SOMBRERO_RAFIA_37848.jpg
103117,SOMBRERO_RAFIA,37852,103117_SOMBRERO_RAFIA_37852.jpg
103118,SOMBRERO_RAFIA,37841,103118_SOMBRERO_RAFIA_37841.jpg
103119,SOMBRERO_RAFIA,37858,103119_SOMBRERO_RAFIA_37858.jpg
103120,SOMBRERO_RAFIA,37859,103120_SOMBRERO_RAFIA_37859.jpg
103121,SOMBRERO_RAFIA,37860,103121_SOMBRERO_RAFIA_37860.jpg
103122,SOMBRERO_RAFIA,37861,103122_SOMBRERO_RAFIA_37861.jpg
103123,SOMBRERO_RAFIA,37862,103123_SOMBRERO_RAFIA_37862.jpg
103124,SOMBRERO_RAFIA,37864,103124_SOMBRERO_RAFIA_37864.jpg
103125,SOMBRERO_RAFIA,37870,103125_SOMBRERO_RAFIA_37870.jpg
103126,SOMBRERO_RAFIA,37871,103126_SOMBRERO_RAFIA_37871.jpg
103127,SOMBRERO_RAFIA,37872,103127_SOMBRERO_RAFIA_37872.jpg
103128,SOMBRERO_RAFIA,37873,103128_SOMBRERO_RAFIA_37873.jpg
103129,SOMBRERO_RAFIA,37874,103129_SOMBRERO_RAFIA_37874.jpg
103130,ZAPATILLA_MATEO,37884,103130_ZAPATILLA_MATEO_37884.jpg
103131,PILUSO_DORA,37887,103131_PILUSO_DORA_37887.jpg
103132,PILUSO_HILDA,37889,103132_PILUSO_HILDA_37889.jpg
103133,PILUSO_HILDA,37890,103133_PILUSO_HILDA_37890.jpg
103134,CARTERA_MANA_FLECOS__LINEA_PESPUNTES_,37897,103134_CARTERA_MANA_FLECOS__LINEA_PESPUNTES__37897.jpg
103135,CARTERA_MANA_FLECOS__LINEA_PESPUNTES_,37898,103135_CARTERA_MANA_FLECOS__LINEA_PESPUNTES__37898.jpg
103136,CARTERA_MANA_FLECOS__LINEA_PESPUNTES_,37896,103136_CARTERA_MANA_FLECOS__LINEA_PESPUNTES__37896.jpg
103137,MATERA_RENATA,37916,103137_MATERA_RENATA_37916.jpg
103138,MATERA_RENATA,37915,103138_MATERA_RENATA_37915.jpg
103139,MATERA_AVA__LINEA_PESPUNTES_,37918,103139_MATERA_AVA__LINEA_PESPUNTES__37918.jpg
103140,MATERA_AVA__LINEA_PESPUNTES_,37917,103140_MATERA_AVA__LINEA_PESPUNTES__37917.jpg
103141,TOTE_MALVA,37921,103141_TOTE_MALVA_37921.jpg
103142,PILUSO_DORA,37922,103142_PILUSO_DORA_37922.jpg
103143,PORTALENTES_MUSAI,37929,103143_PORTALENTES_MUSAI_37929.jpg
103144,PORTALENTES_MUSAI,37928,103144_PORTALENTES_MUSAI_37928.jpg
103145,PORTALENTES_NOLE__LINEA_FRUNCES_,37943,103145_PORTALENTES_NOLE__LINEA_FRUNCES__37943.jpg
103146,PORTALENTES_NOLE__LINEA_FRUNCES_,37942,103146_PORTALENTES_NOLE__LINEA_FRUNCES__37942.jpg
103147,PORTALENTES_NOLE__LINEA_FRUNCES_,37940,103147_PORTALENTES_NOLE__LINEA_FRUNCES__37940.jpg
103148,PORTALENTES_NOLE__LINEA_FRUNCES_,37937,103148_PORTALENTES_NOLE__LINEA_FRUNCES__37937.jpg
103149,PORTACABLES_1,37957,103149_PORTACABLES_1_37957.jpg
103150,NECESSAIRE_FELI,37959,103150_NECESSAIRE_FELI_37959.jpg
103151,SEÑALADOR,37962,103151_SEÑALADOR_37962.jpg
103152,SEÑALADOR,37963,103152_SEÑALADOR_37963.jpg
103153,CINTURON_RUS,37964,103153_CINTURON_RUS_37964.jpg
103154,CINTURON_RUS,37965,103154_CINTURON_RUS_37965.jpg
103155,BOLSO_TUBO_GRANDE,37982,103155_BOLSO_TUBO_GRANDE_37982.jpg
103156,ZAPATILLA_MATEO,38062,103156_ZAPATILLA_MATEO_38062.jpg
103157,ZAPATILLA_URBANA,38066,103157_ZAPATILLA_URBANA_38066.jpg
103158,BUFANDA_CAPELLA,38071,103158_BUFANDA_CAPELLA_38071.jpg
103159,BUFANDA_ACRUX,38072,103159_BUFANDA_ACRUX_38072.jpg
103160,GORRO_SIRIUS,38076,103160_GORRO_SIRIUS_38076.jpg
103161,MOCHILA_PACARI,38105,103161_MOCHILA_PACARI_38105.jpg
103162,MOCHILA_ALAI__,38107,103162_MOCHILA_ALAI___38107.jpg
103163,MOCHILA_ALAI__,38108,103163_MOCHILA_ALAI___38108.jpg
103164,MOCHILA_ALAI__,38109,103164_MOCHILA_ALAI___38109.jpg
103165,MOCHILA_LIBRA,38110,103165_MOCHILA_LIBRA_38110.jpg
103166,TOTE_IRUYA,38125,103166_TOTE_IRUYA_38125.jpg
103167,TOTE_CACHI,38160,103167_TOTE_CACHI_38160.jpg
103168,CARTERA_VERA,38167,103168_CARTERA_VERA_38167.jpg
103169,BANDOLERA_JADE__LINEA_FRUNCES_,38435,103169_BANDOLERA_JADE__LINEA_FRUNCES__38435.jpg
103170,BANDOLERA_JADE__LINEA_FRUNCES_,38460,103170_BANDOLERA_JADE__LINEA_FRUNCES__38460.jpg
103171,BANDOLERA_JADE__LINEA_FRUNCES_,38440,103171_BANDOLERA_JADE__LINEA_FRUNCES__38440.jpg
103172,BANDOLERA_JADE__LINEA_FRUNCES_,38437,103172_BANDOLERA_JADE__LINEA_FRUNCES__38437.jpg
103173,BANDOLERA_JADE__LINEA_FRUNCES_,38462,103173_BANDOLERA_JADE__LINEA_FRUNCES__38462.jpg
103174,BANDOLERA_JADE__LINEA_FRUNCES_,38465,103174_BANDOLERA_JADE__LINEA_FRUNCES__38465.jpg
103175,BANDOLERA_JADE__LINEA_FRUNCES_,38466,103175_BANDOLERA_JADE__LINEA_FRUNCES__38466.jpg
103176,BANDOLERA_LENA,38475,103176_BANDOLERA_LENA_38475.jpg
103177,ARMA_TU_LOOK,37434,103177_ARMA_TU_LOOK_37434.jpg
103178,BILLETERA_PENY,38481,103178_BILLETERA_PENY_38481.jpg
103179,BOLSO_TUBO_GRANDE,38562,103179_BOLSO_TUBO_GRANDE_38562.jpg
103180,BOLSO_TUBO_GRANDE,38583,103180_BOLSO_TUBO_GRANDE_38583.jpg
103181,CARTERA_AMARILLA_SET_SOBRE,38599,103181_CARTERA_AMARILLA_SET_SOBRE_38599.jpg
103182,CARTERA_HARPER,38744,103182_CARTERA_HARPER_38744.jpg
103183,CARTERA_HARPER,38749,103183_CARTERA_HARPER_38749.jpg
103184,CARTERA_INES,38752,103184_CARTERA_INES_38752.jpg
103185,CARTERA_LONDRES,38765,103185_CARTERA_LONDRES_38765.jpg
103186,CARTERA_MINI_EMMA,40943,103186_CARTERA_MINI_EMMA_40943.jpg
103187,CARTERA_VERA,38783,103187_CARTERA_VERA_38783.jpg
103188,CARTERA_VERA,38776,103188_CARTERA_VERA_38776.jpg
103189,GORRO_PAÑO,38784,103189_GORRO_PAÑO_38784.jpg
103190,GORRO_VENTO,38795,103190_GORRO_VENTO_38795.jpg
103191,LLAVERO_ABC,38804,103191_LLAVERO_ABC_38804.jpg
103192,LLAVERO_ABC,38807,103192_LLAVERO_ABC_38807.jpg
103193,LLAVERO_ABC,38810,103193_LLAVERO_ABC_38810.jpg
103194,LLAVERO_ABC,38817,103194_LLAVERO_ABC_38817.jpg
103195,LLAVERO_ABC,38819,103195_LLAVERO_ABC_38819.jpg
103196,LLAVERO_ABC,38826,103196_LLAVERO_ABC_38826.jpg
103197,LLAVERO_ABC,38830,103197_LLAVERO_ABC_38830.jpg
103198,LLAVERO_ABC,38832,103198_LLAVERO_ABC_38832.jpg
103199,LLAVERO_ABC,38837,103199_LLAVERO_ABC_38837.jpg
103200,MOCHILA_PACARI,38893,103200_MOCHILA_PACARI_38893.jpg
103201,MOCHILA_PACARI,38894,103201_MOCHILA_PACARI_38894.jpg
103202,MOCHILA_PORTIA,38905,103202_MOCHILA_PORTIA_38905.jpg
103203,PORTACABLES_3,38918,103203_PORTACABLES_3_38918.jpg
103204,PORTACABLES_3,38919,103204_PORTACABLES_3_38919.jpg
103205,PORTACABLES_3,38920,103205_PORTACABLES_3_38920.jpg
103206,PORTACABLES_3,38917,103206_PORTACABLES_3_38917.jpg
103207,PORTAFOLIO_HUAPI,38932,103207_PORTAFOLIO_HUAPI_38932.jpg
103208,PORTALENTES_LUZ,38971,103208_PORTALENTES_LUZ_38971.jpg
103209,PORTAPASAPORTE_CHESTER,39013,103209_PORTAPASAPORTE_CHESTER_39013.jpg
103210,PORTAPASAPORTE_WARA_FULL_BLACK,39021,103210_PORTAPASAPORTE_WARA_FULL_BLACK_39021.jpg
103211,PORTAVINO_CAFAYATE,39026,103211_PORTAVINO_CAFAYATE_39026.jpg
103212,PORTAVINO_RIOJA,39030,103212_PORTAVINO_RIOJA_39030.jpg
103213,SOMBRERO_ALGODON,39049,103213_SOMBRERO_ALGODON_39049.jpg
103214,TARJETERO_ARIES,39091,103214_TARJETERO_ARIES_39091.jpg
103215,TARJETERO_RUBI,39123,103215_TARJETERO_RUBI_39123.jpg
103216,TOTE_IRUYA,39146,103216_TOTE_IRUYA_39146.jpg
103217,ZAPATILLA_MATEO,39165,103217_ZAPATILLA_MATEO_39165.jpg
103218,ZAPATILLA_MATEO,39158,103218_ZAPATILLA_MATEO_39158.jpg
103219,ZAPATILLA_MATEO,39150,103219_ZAPATILLA_MATEO_39150.jpg
103220,ZAPATILLA_MATEO,39151,103220_ZAPATILLA_MATEO_39151.jpg
103221,SOMBRERO_RAFIA,39169,103221_SOMBRERO_RAFIA_39169.jpg
103222,SOMBRERO_RAFIA,39170,103222_SOMBRERO_RAFIA_39170.jpg
103223,SOMBRERO_RAFIA,39171,103223_SOMBRERO_RAFIA_39171.jpg
103224,SOMBRERO_RAFIA,39173,103224_SOMBRERO_RAFIA_39173.jpg
103225,SOMBRERO_RAFIA,39174,103225_SOMBRERO_RAFIA_39174.jpg
103226,SOMBRERO_RAFIA,39175,103226_SOMBRERO_RAFIA_39175.jpg
103227,SOMBRERO_RAFIA,39176,103227_SOMBRERO_RAFIA_39176.jpg
103228,SOMBRERO_RAFIA,39177,103228_SOMBRERO_RAFIA_39177.jpg
103229,SOMBRERO_RAFIA,39178,103229_SOMBRERO_RAFIA_39178.jpg
103230,SOMBRERO_RAFIA,39180,103230_SOMBRERO_RAFIA_39180.jpg
103231,SOMBRERO_RAFIA,39181,103231_SOMBRERO_RAFIA_39181.jpg
103232,SOMBRERO_RAFIA,39182,103232_SOMBRERO_RAFIA_39182.jpg
103233,SOMBRERO_RAFIA,39183,103233_SOMBRERO_RAFIA_39183.jpg
103234,PRODUCTO_OUTLET_990,39184,103234_PRODUCTO_OUTLET_990_39184.jpg
103235,PRODUCTO_OUTLET_1990,39185,103235_PRODUCTO_OUTLET_1990_39185.jpg
103236,PRODUCTO_OUTLET_2990,39186,103236_PRODUCTO_OUTLET_2990_39186.jpg
103237,PRODUCTO_OUTLET_3990,39187,103237_PRODUCTO_OUTLET_3990_39187.jpg
103238,PRODUCTO_OUTLET_4990,39188,103238_PRODUCTO_OUTLET_4990_39188.jpg
103239,PRODUCTO_OUTLET_5990,39189,103239_PRODUCTO_OUTLET_5990_39189.jpg
103240,PRODUCTO_OUTLET_6990,39190,103240_PRODUCTO_OUTLET_6990_39190.jpg
103241,PRODUCTO_OUTLET_7990,39191,103241_PRODUCTO_OUTLET_7990_39191.jpg
103242,PRODUCTO_OUTLET_8990,39192,103242_PRODUCTO_OUTLET_8990_39192.jpg
103243,PRODUCTO_OUTLET_9990,39193,103243_PRODUCTO_OUTLET_9990_39193.jpg
103244,PRODUCTO_OUTLET_14990,39194,103244_PRODUCTO_OUTLET_14990_39194.jpg
103245,PRODUCTO_OUTLET_19990,39195,103245_PRODUCTO_OUTLET_19990_39195.jpg
103246,PRODUCTO_OUTLET_24990,39196,103246_PRODUCTO_OUTLET_24990_39196.jpg
103247,PRODUCTO_OUTLET_29990,39197,103247_PRODUCTO_OUTLET_29990_39197.jpg
103248,PRODUCTO_OUTLET_34990,39198,103248_PRODUCTO_OUTLET_34990_39198.jpg
103249,PRODUCTO_OUTLET_39990,39199,103249_PRODUCTO_OUTLET_39990_39199.jpg
103250,PRODUCTO_OUTLET_44990,39200,103250_PRODUCTO_OUTLET_44990_39200.jpg
103251,PRODUCTO_OUTLET_49990,39201,103251_PRODUCTO_OUTLET_49990_39201.jpg
103252,PRODUCTO_OUTLET_54990,39202,103252_PRODUCTO_OUTLET_54990_39202.jpg
103253,PRODUCTO_OUTLET_59990,39203,103253_PRODUCTO_OUTLET_59990_39203.jpg
103254,PRODUCTO_OUTLET_64990,39204,103254_PRODUCTO_OUTLET_64990_39204.jpg
103255,PRODUCTO_OUTLET_69990,39205,103255_PRODUCTO_OUTLET_69990_39205.jpg
103256,PRODUCTO_OUTLET_79990,39206,103256_PRODUCTO_OUTLET_79990_39206.jpg
103257,PRODUCTO_OUTLET_89990,39207,103257_PRODUCTO_OUTLET_89990_39207.jpg
103258,PRODUCTO_OUTLET_99990,39208,103258_PRODUCTO_OUTLET_99990_39208.jpg
103259,PRODUCTO_OUTLET_129990,39209,103259_PRODUCTO_OUTLET_129990_39209.jpg
103260,PRODUCTO_OUTLET_159990,39210,103260_PRODUCTO_OUTLET_159990_39210.jpg
103261,PRODUCTO_OUTLET_199990,39211,103261_PRODUCTO_OUTLET_199990_39211.jpg
103262,PRODUCTO_OUTLET_249990,39212,103262_PRODUCTO_OUTLET_249990_39212.jpg
103263,PRODUCTO_OUTLET_299990,39213,103263_PRODUCTO_OUTLET_299990_39213.jpg
103264,PRODUCTO_OUTLET_349990,39214,103264_PRODUCTO_OUTLET_349990_39214.jpg
103265,ARMA_TU_LOOK,37435,103265_ARMA_TU_LOOK_37435.jpg
103266,ARMA_TU_LOOK,37436,103266_ARMA_TU_LOOK_37436.jpg
103267,ARMA_TU_LOOK,37437,103267_ARMA_TU_LOOK_37437.jpg
103268,ARMA_TU_LOOK,37438,103268_ARMA_TU_LOOK_37438.jpg
103269,ARMA_TU_LOOK,37439,103269_ARMA_TU_LOOK_37439.jpg
103270,ARMA_TU_LOOK,37440,103270_ARMA_TU_LOOK_37440.jpg
103271,ARMA_TU_LOOK,37441,103271_ARMA_TU_LOOK_37441.jpg
103272,ARMA_TU_LOOK,37442,103272_ARMA_TU_LOOK_37442.jpg
103273,ARMA_TU_LOOK,37443,103273_ARMA_TU_LOOK_37443.jpg
103274,ARMA_TU_LOOK,37444,103274_ARMA_TU_LOOK_37444.jpg
103275,ARMA_TU_LOOK,37445,103275_ARMA_TU_LOOK_37445.jpg
103276,ARMA_TU_LOOK,37446,103276_ARMA_TU_LOOK_37446.jpg
103277,ARMA_TU_LOOK,37447,103277_ARMA_TU_LOOK_37447.jpg
103278,ARMA_TU_LOOK,37448,103278_ARMA_TU_LOOK_37448.jpg
103279,ARMA_TU_LOOK,37449,103279_ARMA_TU_LOOK_37449.jpg
103280,ARMA_TU_LOOK,37450,103280_ARMA_TU_LOOK_37450.jpg
103281,ARMA_TU_LOOK,37451,103281_ARMA_TU_LOOK_37451.jpg
103282,ARMA_TU_LOOK,37452,103282_ARMA_TU_LOOK_37452.jpg
103283,ARMA_TU_LOOK,37453,103283_ARMA_TU_LOOK_37453.jpg
103284,ARMA_TU_LOOK,37454,103284_ARMA_TU_LOOK_37454.jpg
103285,ARMA_TU_LOOK,37455,103285_ARMA_TU_LOOK_37455.jpg
103286,ARMA_TU_LOOK,37456,103286_ARMA_TU_LOOK_37456.jpg
103287,ARMA_TU_LOOK,37457,103287_ARMA_TU_LOOK_37457.jpg
103288,ARMA_TU_LOOK,38168,103288_ARMA_TU_LOOK_38168.jpg
103289,ARO_PASANTE_ARGOLLA_BOLITAS,37168,103289_ARO_PASANTE_ARGOLLA_BOLITAS_37168.jpg
103290,ARO_PASANTE_ARGOLLA_BOLITAS,37169,103290_ARO_PASANTE_ARGOLLA_BOLITAS_37169.jpg
103291,ARO_PASANTE_ARGOLLA_C__ARANDELAS,37174,103291_ARO_PASANTE_ARGOLLA_C__ARANDELAS_37174.jpg
103292,ARO_PASANTE_ARGOLLA_C__ARANDELAS,37175,103292_ARO_PASANTE_ARGOLLA_C__ARANDELAS_37175.jpg
103293,ARO_PASANTE_ARGOLLA_CHICA_LISA_PLATEADO,37501,103293_ARO_PASANTE_ARGOLLA_CHICA_LISA_PLATEADO_37501.jpg
103294,ARO_PASANTE_ARGOLLA_CHICA_PLATEADO,37481,103294_ARO_PASANTE_ARGOLLA_CHICA_PLATEADO_37481.jpg
103295,ARO_PASANTE_ARGOLLA_CHICA_TORZADA,37138,103295_ARO_PASANTE_ARGOLLA_CHICA_TORZADA_37138.jpg
103296,ARO_PASANTE_ARGOLLA_CHICA_TORZADA,37139,103296_ARO_PASANTE_ARGOLLA_CHICA_TORZADA_37139.jpg
103297,ARO_PASANTE_ARGOLLA_GRANDE,37194,103297_ARO_PASANTE_ARGOLLA_GRANDE_37194.jpg
103298,ARO_PASANTE_ARGOLLA_GRANDE,37195,103298_ARO_PASANTE_ARGOLLA_GRANDE_37195.jpg
103299,ARO_PASANTE_ARGOLLA_GRANDE_DORADO,38211,103299_ARO_PASANTE_ARGOLLA_GRANDE_DORADO_38211.jpg
103300,ARO_PASANTE_ARGOLLA_GRANDE_ESCAMAS,37176,103300_ARO_PASANTE_ARGOLLA_GRANDE_ESCAMAS_37176.jpg
103301,ARO_PASANTE_ARGOLLA_GRANDE_ESCAMAS,37177,103301_ARO_PASANTE_ARGOLLA_GRANDE_ESCAMAS_37177.jpg
103302,ARO_PASANTE_ARGOLLA_GRANDE_GANCHO_PLATEADO,37507,103302_ARO_PASANTE_ARGOLLA_GRANDE_GANCHO_PLATEADO_37507.jpg
103303,ARO_PASANTE_ARGOLLA_GRANDE_GLOBO,37080,103303_ARO_PASANTE_ARGOLLA_GRANDE_GLOBO_37080.jpg
103304,ARO_PASANTE_ARGOLLA_GRANDE_GLOBO,37081,103304_ARO_PASANTE_ARGOLLA_GRANDE_GLOBO_37081.jpg
103305,ARO_PASANTE_ARGOLLA_GRANDE_PLANA,37124,103305_ARO_PASANTE_ARGOLLA_GRANDE_PLANA_37124.jpg
103306,ARO_PASANTE_ARGOLLA_GRANDE_PLANA,37125,103306_ARO_PASANTE_ARGOLLA_GRANDE_PLANA_37125.jpg
103307,ARO_PASANTE_ARGOLLA_GRANDE_PLANA,37184,103307_ARO_PASANTE_ARGOLLA_GRANDE_PLANA_37184.jpg
103308,ARO_PASANTE_ARGOLLA_GRANDE_PLANA,37185,103308_ARO_PASANTE_ARGOLLA_GRANDE_PLANA_37185.jpg
103309,ARO_PASANTE_ARGOLLA_LISA_MEDIANA,37140,103309_ARO_PASANTE_ARGOLLA_LISA_MEDIANA_37140.jpg
103310,ARO_PASANTE_ARGOLLA_LISA_MEDIANA,37141,103310_ARO_PASANTE_ARGOLLA_LISA_MEDIANA_37141.jpg
103311,ARO_PASANTE_ARGOLLA_MEDIANA,37102,103311_ARO_PASANTE_ARGOLLA_MEDIANA_37102.jpg
103312,ARO_PASANTE_ARGOLLA_MEDIANA,37103,103312_ARO_PASANTE_ARGOLLA_MEDIANA_37103.jpg
103313,ARO_PASANTE_ARGOLLA_MEDIANA_C__BOLITAS,37104,103313_ARO_PASANTE_ARGOLLA_MEDIANA_C__BOLITAS_37104.jpg
103314,ARO_PASANTE_ARGOLLA_MEDIANA_C__BOLITAS,37105,103314_ARO_PASANTE_ARGOLLA_MEDIANA_C__BOLITAS_37105.jpg
103315,ARO_PASANTE_ARGOLLA_MEDIANA_DORADO,38214,103315_ARO_PASANTE_ARGOLLA_MEDIANA_DORADO_38214.jpg
103316,ARO_PASANTE_ARGOLLA_MEDIANA_ENROLLADA,37106,103316_ARO_PASANTE_ARGOLLA_MEDIANA_ENROLLADA_37106.jpg
103317,ARO_PASANTE_ARGOLLA_MEDIANA_ENROLLADA,37107,103317_ARO_PASANTE_ARGOLLA_MEDIANA_ENROLLADA_37107.jpg
103318,ARO_PASANTE_ARGOLLA_MEDIANA_GRUESA_PLATEADO,37508,103318_ARO_PASANTE_ARGOLLA_MEDIANA_GRUESA_PLATEADO_37508.jpg
103319,ARO_PASANTE_ARGOLLA_MEDIANA_PLATEADO,37482,103319_ARO_PASANTE_ARGOLLA_MEDIANA_PLATEADO_37482.jpg
103320,ARO_PASANTE_ARGOLLA_MEDIANA_PLATEADO,37503,103320_ARO_PASANTE_ARGOLLA_MEDIANA_PLATEADO_37503.jpg
103321,ARO_PASANTE_ARGOLLA_MEDIANA_TORCIDA,37178,103321_ARO_PASANTE_ARGOLLA_MEDIANA_TORCIDA_37178.jpg
103322,ARO_PASANTE_ARGOLLA_MEDIANA_TORCIDA,37179,103322_ARO_PASANTE_ARGOLLA_MEDIANA_TORCIDA_37179.jpg
103323,ARO_PASANTE_ARGOLLA_MEDIANA_TORZADA,37136,103323_ARO_PASANTE_ARGOLLA_MEDIANA_TORZADA_37136.jpg
103324,ARO_PASANTE_ARGOLLA_MEDIANA_TORZADA,37137,103324_ARO_PASANTE_ARGOLLA_MEDIANA_TORZADA_37137.jpg
103325,ARO_PASANTE_ARGOLLA_MEDIANA_TRENZADA,37134,103325_ARO_PASANTE_ARGOLLA_MEDIANA_TRENZADA_37134.jpg
103326,ARO_PASANTE_ARGOLLA_MEDIANA_TRENZADA,37135,103326_ARO_PASANTE_ARGOLLA_MEDIANA_TRENZADA_37135.jpg
103327,ARO_PASANTE_BOTON,37122,103327_ARO_PASANTE_BOTON_37122.jpg
103328,ARO_PASANTE_BOTON,37123,103328_ARO_PASANTE_BOTON_37123.jpg
103329,ARO_PASANTE_BOTON_CHICO,37114,103329_ARO_PASANTE_BOTON_CHICO_37114.jpg
103330,ARO_PASANTE_BOTON_CHICO,37115,103330_ARO_PASANTE_BOTON_CHICO_37115.jpg
103331,ARO_PASANTE_BOTON_GRANDE_PLANO_PLATEADO,37505,103331_ARO_PASANTE_BOTON_GRANDE_PLANO_PLATEADO_37505.jpg
103332,ARO_PASANTE_CIRCULO_DORADO_NACAR,38215,103332_ARO_PASANTE_CIRCULO_DORADO_NACAR_38215.jpg
103333,ARO_PASANTE_CIRCULOS_DORADO,38216,103333_ARO_PASANTE_CIRCULOS_DORADO_38216.jpg
103334,ARO_PASANTE_CIRCULOS_RUSTICOS_COLGANTES_PLATEADO,37485,103334_ARO_PASANTE_CIRCULOS_RUSTICOS_COLGANTES_PLATEADO_37485.jpg
103335,ARO_PASANTE_COLGANTE_ESLABONES_COMBINADOS_PLATEADO_DORADO,38213,103335_ARO_PASANTE_COLGANTE_ESLABONES_COMBINADOS_PLATEADO_DORADO_38213.jpg
103336,ARO_PASANTE_COLGANTE_GOTA_GRANDE_PLANA,37148,103336_ARO_PASANTE_COLGANTE_GOTA_GRANDE_PLANA_37148.jpg
103337,ARO_PASANTE_COLGANTE_GOTA_GRANDE_PLANA,37149,103337_ARO_PASANTE_COLGANTE_GOTA_GRANDE_PLANA_37149.jpg
103338,ARO_PASANTE_COLGANTE_GOTA_MEDIANA_PLANA,37198,103338_ARO_PASANTE_COLGANTE_GOTA_MEDIANA_PLANA_37198.jpg
103339,ARO_PASANTE_COLGANTE_GOTA_MEDIANA_PLANA,37199,103339_ARO_PASANTE_COLGANTE_GOTA_MEDIANA_PLANA_37199.jpg
103340,ARO_PASANTE_COLGANTE_GRANDE_CIRCULO,37152,103340_ARO_PASANTE_COLGANTE_GRANDE_CIRCULO_37152.jpg
103341,ARO_PASANTE_COLGANTE_GRANDE_CIRCULO,37153,103341_ARO_PASANTE_COLGANTE_GRANDE_CIRCULO_37153.jpg
103342,ARO_PASANTE_CONFITE,37078,103342_ARO_PASANTE_CONFITE_37078.jpg
103343,ARO_PASANTE_CONFITE,37079,103343_ARO_PASANTE_CONFITE_37079.jpg
103344,ARO_PASANTE_CORAZON_CHICO,37112,103344_ARO_PASANTE_CORAZON_CHICO_37112.jpg
103345,ARO_PASANTE_CORAZON_CHICO,37113,103345_ARO_PASANTE_CORAZON_CHICO_37113.jpg
103346,ARO_PASANTE_CORAZON_GRANDE_DORADO,38217,103346_ARO_PASANTE_CORAZON_GRANDE_DORADO_38217.jpg
103347,ARO_PASANTE_CORAZON_MEDIANO,37170,103347_ARO_PASANTE_CORAZON_MEDIANO_37170.jpg
103348,ARO_PASANTE_CORAZON_MEDIANO,37171,103348_ARO_PASANTE_CORAZON_MEDIANO_37171.jpg
103349,ARO_PASANTE_CUADRADO_CHICO,37116,103349_ARO_PASANTE_CUADRADO_CHICO_37116.jpg
103350,ARO_PASANTE_CUADRADO_CHICO,37117,103350_ARO_PASANTE_CUADRADO_CHICO_37117.jpg
103351,ARO_PASANTE_CUADRADO_GRANDE_PLATEADO,37510,103351_ARO_PASANTE_CUADRADO_GRANDE_PLATEADO_37510.jpg
103352,ARO_PASANTE_CURVO_CHICO,37120,103352_ARO_PASANTE_CURVO_CHICO_37120.jpg
103353,ARO_PASANTE_CURVO_CHICO,37121,103353_ARO_PASANTE_CURVO_CHICO_37121.jpg
103354,ARO_PASANTE_ESLABON_GRANDE_DORADO,38218,103354_ARO_PASANTE_ESLABON_GRANDE_DORADO_38218.jpg
103355,ARO_PASANTE_ESLABON_METAL_CUADRADO_COLGANTE_DORADO,38219,103355_ARO_PASANTE_ESLABON_METAL_CUADRADO_COLGANTE_DORADO_38219.jpg
103356,ARO_PASANTE_ESTILO_GOTA_MEDIANO_CHUNKY_PLATEADO,37502,103356_ARO_PASANTE_ESTILO_GOTA_MEDIANO_CHUNKY_PLATEADO_37502.jpg
103357,ARO_PASANTE_ESTILO_V_MEDIANO,37196,103357_ARO_PASANTE_ESTILO_V_MEDIANO_37196.jpg
103358,ARO_PASANTE_ESTILO_V_MEDIANO,37197,103358_ARO_PASANTE_ESTILO_V_MEDIANO_37197.jpg
103359,ARO_PASANTE_ESTRELLA_CHICO,37118,103359_ARO_PASANTE_ESTRELLA_CHICO_37118.jpg
103360,ARO_PASANTE_ESTRELLA_CHICO,37119,103360_ARO_PASANTE_ESTRELLA_CHICO_37119.jpg
103361,ARO_PASANTE_FLOR_BOLITAS,37092,103361_ARO_PASANTE_FLOR_BOLITAS_37092.jpg
103362,ARO_PASANTE_FLOR_BOLITAS,37093,103362_ARO_PASANTE_FLOR_BOLITAS_37093.jpg
103363,ARO_PASANTE_FLOR_C__PERLA_DORADO,38220,103363_ARO_PASANTE_FLOR_C__PERLA_DORADO_38220.jpg
103364,ARO_PASANTE_FLOR_GRANDE_METAL_PLATEADO,37484,103364_ARO_PASANTE_FLOR_GRANDE_METAL_PLATEADO_37484.jpg
103365,ARO_PASANTE_FLOR_MEDIANA_CALADO,37090,103365_ARO_PASANTE_FLOR_MEDIANA_CALADO_37090.jpg
103366,ARO_PASANTE_FLOR_MEDIANA_CALADO,37091,103366_ARO_PASANTE_FLOR_MEDIANA_CALADO_37091.jpg
103367,ARO_PASANTE_FLOR_MEDIANA_DORADO_NACAR,38221,103367_ARO_PASANTE_FLOR_MEDIANA_DORADO_NACAR_38221.jpg
103368,ARO_PASANTE_FLOR_MEDIANO,37076,103368_ARO_PASANTE_FLOR_MEDIANO_37076.jpg
103369,ARO_PASANTE_FLOR_MEDIANO,37077,103369_ARO_PASANTE_FLOR_MEDIANO_37077.jpg
103370,ARO_PASANTE_GANCHO_GRANDE,37192,103370_ARO_PASANTE_GANCHO_GRANDE_37192.jpg
103371,ARO_PASANTE_GANCHO_GRANDE,37193,103371_ARO_PASANTE_GANCHO_GRANDE_37193.jpg
103372,ARO_PASANTE_GLOBO_IRREGULAR_PLATEADO,37498,103372_ARO_PASANTE_GLOBO_IRREGULAR_PLATEADO_37498.jpg
103373,ARO_PASANTE_GOTA_CHICA,37160,103373_ARO_PASANTE_GOTA_CHICA_37160.jpg
103374,ARO_PASANTE_GOTA_CHICA,37161,103374_ARO_PASANTE_GOTA_CHICA_37161.jpg
103375,ARO_PASANTE_GOTA_GRANDE,37096,103375_ARO_PASANTE_GOTA_GRANDE_37096.jpg
103376,ARO_PASANTE_GOTA_GRANDE,37097,103376_ARO_PASANTE_GOTA_GRANDE_37097.jpg
103377,ARO_PASANTE_GOTA_GRANDE,37146,103377_ARO_PASANTE_GOTA_GRANDE_37146.jpg
103378,ARO_PASANTE_GOTA_GRANDE,37147,103378_ARO_PASANTE_GOTA_GRANDE_37147.jpg
103379,ARO_PASANTE_GOTA_GRANDE,37162,103379_ARO_PASANTE_GOTA_GRANDE_37162.jpg
103380,ARO_PASANTE_GOTA_GRANDE,37163,103380_ARO_PASANTE_GOTA_GRANDE_37163.jpg
103381,ARO_PASANTE_GOTA_GRANDE_ANCHA,37172,103381_ARO_PASANTE_GOTA_GRANDE_ANCHA_37172.jpg
103382,ARO_PASANTE_GOTA_GRANDE_ANCHA,37173,103382_ARO_PASANTE_GOTA_GRANDE_ANCHA_37173.jpg
103383,ARO_PASANTE_GOTA_GRANDE_DORADO,38222,103383_ARO_PASANTE_GOTA_GRANDE_DORADO_38222.jpg
103384,ARO_PASANTE_GOTA_GRANDE_MANCHAS,37144,103384_ARO_PASANTE_GOTA_GRANDE_MANCHAS_37144.jpg
103385,ARO_PASANTE_GOTA_GRANDE_MANCHAS,37145,103385_ARO_PASANTE_GOTA_GRANDE_MANCHAS_37145.jpg
103386,ARO_PASANTE_GOTA_MEDIANA_ANCHA,37084,103386_ARO_PASANTE_GOTA_MEDIANA_ANCHA_37084.jpg
103387,ARO_PASANTE_GOTA_MEDIANA_ANCHA,37085,103387_ARO_PASANTE_GOTA_MEDIANA_ANCHA_37085.jpg
103388,ARO_PASANTE_HEXAGONAL_MEDIANO_PLATEADO,37500,103388_ARO_PASANTE_HEXAGONAL_MEDIANO_PLATEADO_37500.jpg
103389,ARO_PASANTE_IRREGULAR,37164,103389_ARO_PASANTE_IRREGULAR_37164.jpg
103390,ARO_PASANTE_IRREGULAR,37165,103390_ARO_PASANTE_IRREGULAR_37165.jpg
103391,ARO_PASANTE_IRREGULAR_CHICO_SIMIL_ARGOLLA_DORADO,38223,103391_ARO_PASANTE_IRREGULAR_CHICO_SIMIL_ARGOLLA_DORADO_38223.jpg
103392,ARO_PASANTE_MEDIA_ESFERA_GRANDE,37188,103392_ARO_PASANTE_MEDIA_ESFERA_GRANDE_37188.jpg
103393,ARO_PASANTE_MEDIA_ESFERA_GRANDE,37189,103393_ARO_PASANTE_MEDIA_ESFERA_GRANDE_37189.jpg
103394,ARO_PASANTE_MEDIO_CIRCULO_CROMADO,37156,103394_ARO_PASANTE_MEDIO_CIRCULO_CROMADO_37156.jpg
103395,ARO_PASANTE_MEDIO_CIRCULO_CROMADO,37157,103395_ARO_PASANTE_MEDIO_CIRCULO_CROMADO_37157.jpg
103396,ARO_PASANTE_MEDIO_CIRCULO_GRANDE,37166,103396_ARO_PASANTE_MEDIO_CIRCULO_GRANDE_37166.jpg
103397,ARO_PASANTE_MEDIO_CIRCULO_GRANDE,37167,103397_ARO_PASANTE_MEDIO_CIRCULO_GRANDE_37167.jpg
103398,ARO_PASANTE_MEDIO_CIRCULO_GRANDE_ANCHO,37180,103398_ARO_PASANTE_MEDIO_CIRCULO_GRANDE_ANCHO_37180.jpg
103399,ARO_PASANTE_MEDIO_CIRCULO_GRANDE_ANCHO,37181,103399_ARO_PASANTE_MEDIO_CIRCULO_GRANDE_ANCHO_37181.jpg
103400,ARO_PASANTE_METAL_CRUZADO_DORADO,38225,103400_ARO_PASANTE_METAL_CRUZADO_DORADO_38225.jpg
103401,ARO_PASANTE_METAL_NIDO_DORADO,38226,103401_ARO_PASANTE_METAL_NIDO_DORADO_38226.jpg
103402,ARO_PASANTE_METAL_NIDO_TRENZADO_DORADO,38227,103402_ARO_PASANTE_METAL_NIDO_TRENZADO_DORADO_38227.jpg
103403,ARO_PASANTE_PICO_GRANDE_DORADO,38228,103403_ARO_PASANTE_PICO_GRANDE_DORADO_38228.jpg
103404,ARO_PASANTE_SEMI_ARGOLLA_CHICA,37126,103404_ARO_PASANTE_SEMI_ARGOLLA_CHICA_37126.jpg
103405,ARO_PASANTE_SEMI_ARGOLLA_CHICA,37127,103405_ARO_PASANTE_SEMI_ARGOLLA_CHICA_37127.jpg
103406,ARO_PASANTE_SEMI_ARGOLLA_CORRUGADA,37142,103406_ARO_PASANTE_SEMI_ARGOLLA_CORRUGADA_37142.jpg
103407,ARO_PASANTE_SEMI_ARGOLLA_CORRUGADA,37143,103407_ARO_PASANTE_SEMI_ARGOLLA_CORRUGADA_37143.jpg
103408,ARO_PASANTE_SEMI_ARGOLLA_CUADRADA_DORADO,38229,103408_ARO_PASANTE_SEMI_ARGOLLA_CUADRADA_DORADO_38229.jpg
103409,ARO_PASANTE_SEMI_ARGOLLA_DORADO_BLANCO,38224,103409_ARO_PASANTE_SEMI_ARGOLLA_DORADO_BLANCO_38224.jpg
103410,ARO_PASANTE_SEMI_ARGOLLA_ESCAMAS,37110,103410_ARO_PASANTE_SEMI_ARGOLLA_ESCAMAS_37110.jpg
103411,ARO_PASANTE_SEMI_ARGOLLA_ESCAMAS,37111,103411_ARO_PASANTE_SEMI_ARGOLLA_ESCAMAS_37111.jpg
103412,ARO_PASANTE_SEMI_ARGOLLA_ESLABON,37130,103412_ARO_PASANTE_SEMI_ARGOLLA_ESLABON_37130.jpg
103413,ARO_PASANTE_SEMI_ARGOLLA_ESLABON,37131,103413_ARO_PASANTE_SEMI_ARGOLLA_ESLABON_37131.jpg
103414,ARO_PASANTE_SEMI_ARGOLLA_GRANDE_CORRUGADO,37186,103414_ARO_PASANTE_SEMI_ARGOLLA_GRANDE_CORRUGADO_37186.jpg
103415,ARO_PASANTE_SEMI_ARGOLLA_GRANDE_CORRUGADO,37187,103415_ARO_PASANTE_SEMI_ARGOLLA_GRANDE_CORRUGADO_37187.jpg
103416,ARO_PASANTE_SEMI_ARGOLLA_GRANDE_ESTILO_GOTA,37182,103416_ARO_PASANTE_SEMI_ARGOLLA_GRANDE_ESTILO_GOTA_37182.jpg
103417,ARO_PASANTE_SEMI_ARGOLLA_GRANDE_ESTILO_GOTA,37183,103417_ARO_PASANTE_SEMI_ARGOLLA_GRANDE_ESTILO_GOTA_37183.jpg
103418,ARO_PASANTE_SEMI_ARGOLLA_GRANDE_PLANA,37086,103418_ARO_PASANTE_SEMI_ARGOLLA_GRANDE_PLANA_37086.jpg
103419,ARO_PASANTE_SEMI_ARGOLLA_GRANDE_PLANA,37087,103419_ARO_PASANTE_SEMI_ARGOLLA_GRANDE_PLANA_37087.jpg
103420,ARO_PASANTE_SEMI_ARGOLLA_MEDIANA,37128,103420_ARO_PASANTE_SEMI_ARGOLLA_MEDIANA_37128.jpg
103421,ARO_PASANTE_SEMI_ARGOLLA_MEDIANA,37129,103421_ARO_PASANTE_SEMI_ARGOLLA_MEDIANA_37129.jpg
103422,ARO_PASANTE_SEMI_ARGOLLA_MEDIANA_CORRUGADA,37100,103422_ARO_PASANTE_SEMI_ARGOLLA_MEDIANA_CORRUGADA_37100.jpg
103423,ARO_PASANTE_SEMI_ARGOLLA_MEDIANA_CORRUGADA,37101,103423_ARO_PASANTE_SEMI_ARGOLLA_MEDIANA_CORRUGADA_37101.jpg
103424,ARO_PASANTE_SEMI_ARGOLLA_METAL_CAÑO_GRUESO,37132,103424_ARO_PASANTE_SEMI_ARGOLLA_METAL_CAÑO_GRUESO_37132.jpg
103425,ARO_PASANTE_SEMI_ARGOLLA_METAL_CAÑO_GRUESO,37133,103425_ARO_PASANTE_SEMI_ARGOLLA_METAL_CAÑO_GRUESO_37133.jpg
103426,ARO_PASANTE_SEMI_ARGOLLA_PLANA,37094,103426_ARO_PASANTE_SEMI_ARGOLLA_PLANA_37094.jpg
103427,ARO_PASANTE_SEMI_ARGOLLA_PLANA,37095,103427_ARO_PASANTE_SEMI_ARGOLLA_PLANA_37095.jpg
103428,ARO_PASANTE_SEMI_ARGOLLA_PLANA_RUSTICA,37154,103428_ARO_PASANTE_SEMI_ARGOLLA_PLANA_RUSTICA_37154.jpg
103429,ARO_PASANTE_SEMI_ARGOLLA_PLANA_RUSTICA,37155,103429_ARO_PASANTE_SEMI_ARGOLLA_PLANA_RUSTICA_37155.jpg
103430,ARO_PASANTE_SEMI_ARGOLLA_SECCIONES,37088,103430_ARO_PASANTE_SEMI_ARGOLLA_SECCIONES_37088.jpg
103431,ARO_PASANTE_SEMI_ARGOLLA_SECCIONES,37089,103431_ARO_PASANTE_SEMI_ARGOLLA_SECCIONES_37089.jpg
103432,ARO_PASANTE_SEMI_CORAZON_PLATEADO,37497,103432_ARO_PASANTE_SEMI_CORAZON_PLATEADO_37497.jpg
103433,ARO_PASANTE_SEMI_CUADRADO_GRANDE,37190,103433_ARO_PASANTE_SEMI_CUADRADO_GRANDE_37190.jpg
103434,ARO_PASANTE_SEMI_CUADRADO_GRANDE,37191,103434_ARO_PASANTE_SEMI_CUADRADO_GRANDE_37191.jpg
103435,ARO_PASANTE_SEMI_CUADRADO_REDONDEADO,37098,103435_ARO_PASANTE_SEMI_CUADRADO_REDONDEADO_37098.jpg
103436,ARO_PASANTE_SEMI_CUADRADO_REDONDEADO,37099,103436_ARO_PASANTE_SEMI_CUADRADO_REDONDEADO_37099.jpg
103437,ARO_PASANTE_SEMI_ESFERA_CHICA,37158,103437_ARO_PASANTE_SEMI_ESFERA_CHICA_37158.jpg
103438,ARO_PASANTE_SEMI_ESFERA_CHICA,37159,103438_ARO_PASANTE_SEMI_ESFERA_CHICA_37159.jpg
103439,ARO_PASANTE_SEMI_ESFERA_MEDIANA,37108,103439_ARO_PASANTE_SEMI_ESFERA_MEDIANA_37108.jpg
103440,ARO_PASANTE_SEMI_ESFERA_MEDIANA,37109,103440_ARO_PASANTE_SEMI_ESFERA_MEDIANA_37109.jpg
103441,ARO_PASANTE_SEMI_ESLABON_MEDIANO,37082,103441_ARO_PASANTE_SEMI_ESLABON_MEDIANO_37082.jpg
103442,ARO_PASANTE_SEMI_ESLABON_MEDIANO,37083,103442_ARO_PASANTE_SEMI_ESLABON_MEDIANO_37083.jpg
103443,ARO_PASANTE_TRIANGULO_GRANDE_DORADO,38230,103443_ARO_PASANTE_TRIANGULO_GRANDE_DORADO_38230.jpg
103444,ARO_PASANTE_TRIPLE_ARGOLLA_BOLITAS,37150,103444_ARO_PASANTE_TRIPLE_ARGOLLA_BOLITAS_37150.jpg
103445,ARO_PASANTE_TRIPLE_ARGOLLA_BOLITAS,37151,103445_ARO_PASANTE_TRIPLE_ARGOLLA_BOLITAS_37151.jpg
103446,ARO_PASANTE_TRIPLE_ARGOLLA_DORADO,38231,103446_ARO_PASANTE_TRIPLE_ARGOLLA_DORADO_38231.jpg
103447,BANDOLERA_FRIDA,37348,103447_BANDOLERA_FRIDA_37348.jpg
103448,BANDOLERA_FRIDA,37349,103448_BANDOLERA_FRIDA_37349.jpg
103449,BANDOLERA_FRIDA,37350,103449_BANDOLERA_FRIDA_37350.jpg
103450,BANDOLERA_FRIDA,37351,103450_BANDOLERA_FRIDA_37351.jpg
103451,BANDOLERA_FRIDA,37352,103451_BANDOLERA_FRIDA_37352.jpg
103452,BANDOLERA_FRIDA,37353,103452_BANDOLERA_FRIDA_37353.jpg
103453,BANDOLERA_FRIDA,37354,103453_BANDOLERA_FRIDA_37354.jpg
103454,BANDOLERA_LUCIANA,37355,103454_BANDOLERA_LUCIANA_37355.jpg
103455,BANDOLERA_LUCIANA,37356,103455_BANDOLERA_LUCIANA_37356.jpg
103456,BANDOLERA_LUCIANA,37357,103456_BANDOLERA_LUCIANA_37357.jpg
103457,BANDOLERA_LUCIANA,37358,103457_BANDOLERA_LUCIANA_37358.jpg
103458,BANDOLERA_LUCIANA,37359,103458_BANDOLERA_LUCIANA_37359.jpg
103459,BILLETERA_AS,37330,103459_BILLETERA_AS_37330.jpg
103460,BILLETERA_AS,37331,103460_BILLETERA_AS_37331.jpg
103461,BOLSA_DE_COMPRAS,37429,103461_BOLSA_DE_COMPRAS_37429.jpg
103462,BOLSO_PATRICIA,37413,103462_BOLSO_PATRICIA_37413.jpg
103463,BROCHE_GRANDE_ANIMAL_PRINT_BEIGE_CLARO,37603,103463_BROCHE_GRANDE_ANIMAL_PRINT_BEIGE_CLARO_37603.jpg
103464,BROCHE_GRANDE_ANIMAL_PRINT_BEIGE_OSCURO,37604,103464_BROCHE_GRANDE_ANIMAL_PRINT_BEIGE_OSCURO_37604.jpg
103465,BROCHE_GRANDE_CORAZON_CALADO_DORADO,38239,103465_BROCHE_GRANDE_CORAZON_CALADO_DORADO_38239.jpg
103466,BROCHE_GRANDE_CORAZON_CALADO_PLATEADO,37606,103466_BROCHE_GRANDE_CORAZON_CALADO_PLATEADO_37606.jpg
103467,BROCHE_GRANDE_EFECTO_VIDRIO_CELESTE_LILA,37607,103467_BROCHE_GRANDE_EFECTO_VIDRIO_CELESTE_LILA_37607.jpg
103468,BROCHE_GRANDE_EFECTO_VIDRIO_ROSA_AMARILLO,37608,103468_BROCHE_GRANDE_EFECTO_VIDRIO_ROSA_AMARILLO_37608.jpg
103469,BROCHE_GRANDE_FLOR_MATE_CRUDO,37597,103469_BROCHE_GRANDE_FLOR_MATE_CRUDO_37597.jpg
103470,BROCHE_GRANDE_FLOR_MATE_NEGRO,37598,103470_BROCHE_GRANDE_FLOR_MATE_NEGRO_37598.jpg
103471,BROCHE_GRANDE_FLOR_MATE_ROSA,37599,103471_BROCHE_GRANDE_FLOR_MATE_ROSA_37599.jpg
103472,BROCHE_GRANDE_MATE_CRUDO,37600,103472_BROCHE_GRANDE_MATE_CRUDO_37600.jpg
103473,BROCHE_GRANDE_MATE_ROSA,37602,103473_BROCHE_GRANDE_MATE_ROSA_37602.jpg
103474,BROCHE_GRANDE_MATE_VERDE,37601,103474_BROCHE_GRANDE_MATE_VERDE_37601.jpg
103475,CADENA_CRUZ_BRILLOS_RECTA_PLATEADO,37515,103475_CADENA_CRUZ_BRILLOS_RECTA_PLATEADO_37515.jpg
103476,CADENA_CRUZ_BRILLOS_REDONDOS_PLATEADO,37516,103476_CADENA_CRUZ_BRILLOS_REDONDOS_PLATEADO_37516.jpg
103477,CADENA_LETRA,37200,103477_CADENA_LETRA_37200.jpg
103478,CADENA_LETRA,37201,103478_CADENA_LETRA_37201.jpg
103479,CADENA_LETRA,37202,103479_CADENA_LETRA_37202.jpg
103480,CADENA_LETRA,37203,103480_CADENA_LETRA_37203.jpg
103481,CADENA_LETRA,37204,103481_CADENA_LETRA_37204.jpg
103482,CADENA_LETRA,37205,103482_CADENA_LETRA_37205.jpg
103483,CADENA_LETRA,37206,103483_CADENA_LETRA_37206.jpg
103484,CADENA_LETRA,37207,103484_CADENA_LETRA_37207.jpg
103485,CADENA_LETRA,37208,103485_CADENA_LETRA_37208.jpg
103486,CADENA_LETRA,37209,103486_CADENA_LETRA_37209.jpg
103487,CADENA_LETRA,37210,103487_CADENA_LETRA_37210.jpg
103488,CADENA_LETRA,37211,103488_CADENA_LETRA_37211.jpg
103489,CADENA_LETRA,37212,103489_CADENA_LETRA_37212.jpg
103490,CADENA_LETRA,37213,103490_CADENA_LETRA_37213.jpg
103491,CADENA_LETRA,37214,103491_CADENA_LETRA_37214.jpg
103492,CADENA_LETRA,37215,103492_CADENA_LETRA_37215.jpg
103493,CADENA_LETRA,37216,103493_CADENA_LETRA_37216.jpg
103494,CADENA_LETRA,37217,103494_CADENA_LETRA_37217.jpg
103495,CADENA_LETRA,37218,103495_CADENA_LETRA_37218.jpg
103496,CADENA_LETRA,37219,103496_CADENA_LETRA_37219.jpg
103497,CADENA_LETRA,37220,103497_CADENA_LETRA_37220.jpg
103498,CADENA_LETRA,37221,103498_CADENA_LETRA_37221.jpg
103499,CADENA_LETRA,37222,103499_CADENA_LETRA_37222.jpg
103500,CADENA_LETRA,37223,103500_CADENA_LETRA_37223.jpg
103501,CADENA_LETRA,37224,103501_CADENA_LETRA_37224.jpg
103502,CADENA_LETRA,37225,103502_CADENA_LETRA_37225.jpg
103503,CADENA_LETRA,37795,103503_CADENA_LETRA_37795.jpg
103504,CADENA_LETRA,37796,103504_CADENA_LETRA_37796.jpg
103505,CADENA_LETRA,37797,103505_CADENA_LETRA_37797.jpg
103506,CADENA_LETRA,37798,103506_CADENA_LETRA_37798.jpg
103507,CADENA_LETRA,37799,103507_CADENA_LETRA_37799.jpg
103508,CADENA_LETRA,37800,103508_CADENA_LETRA_37800.jpg
103509,CARTUCHERA_CILINDRO,37274,103509_CARTUCHERA_CILINDRO_37274.jpg
103510,CARTUCHERA_CILINDRO,37275,103510_CARTUCHERA_CILINDRO_37275.jpg
103511,CARTUCHERA_CILINDRO,37276,103511_CARTUCHERA_CILINDRO_37276.jpg
103512,CARTUCHERA_CILINDRO,37277,103512_CARTUCHERA_CILINDRO_37277.jpg
103513,CARTUCHERA_CILINDRO,37278,103513_CARTUCHERA_CILINDRO_37278.jpg
103514,CARTUCHERA_CILINDRO,37279,103514_CARTUCHERA_CILINDRO_37279.jpg
103515,CARTUCHERA_CILINDRO,37280,103515_CARTUCHERA_CILINDRO_37280.jpg
103516,CARTUCHERA_CILINDRO,37281,103516_CARTUCHERA_CILINDRO_37281.jpg
103517,CARTUCHERA_CILINDRO,38184,103517_CARTUCHERA_CILINDRO_38184.jpg
103518,CARTUCHERA_CILINDRO,38185,103518_CARTUCHERA_CILINDRO_38185.jpg
103519,CARTUCHERA_CILINDRO,38186,103519_CARTUCHERA_CILINDRO_38186.jpg
103520,CARTUCHERA_JANA,37282,103520_CARTUCHERA_JANA_37282.jpg
103521,CARTUCHERA_JANA,37283,103521_CARTUCHERA_JANA_37283.jpg
103522,CARTUCHERA_JANA,38187,103522_CARTUCHERA_JANA_38187.jpg
103523,CARTUCHERA_JANA,38188,103523_CARTUCHERA_JANA_38188.jpg
103524,CARTUCHERA_JANA,38189,103524_CARTUCHERA_JANA_38189.jpg
103525,CARTUCHERA_JANA,38190,103525_CARTUCHERA_JANA_38190.jpg
103526,CARTUCHERA_JANA,38191,103526_CARTUCHERA_JANA_38191.jpg
103527,CARTUCHERA_JANA,38192,103527_CARTUCHERA_JANA_38192.jpg
103528,CARTUCHERA_LUNA,37284,103528_CARTUCHERA_LUNA_37284.jpg
103529,CARTUCHERA_LUNA,37285,103529_CARTUCHERA_LUNA_37285.jpg
103530,CARTUCHERA_LUNA,37286,103530_CARTUCHERA_LUNA_37286.jpg
103531,CARTUCHERA_LUNA,37287,103531_CARTUCHERA_LUNA_37287.jpg
103532,CARTUCHERA_LUNA,37288,103532_CARTUCHERA_LUNA_37288.jpg
103533,CARTUCHERA_LUNA,37289,103533_CARTUCHERA_LUNA_37289.jpg
103534,CARTUCHERA_LUNA,37290,103534_CARTUCHERA_LUNA_37290.jpg
103535,CARTUCHERA_LUNA,37291,103535_CARTUCHERA_LUNA_37291.jpg
103536,CARTUCHERA_LUNA,37292,103536_CARTUCHERA_LUNA_37292.jpg
103537,CARTUCHERA_LUNA,38193,103537_CARTUCHERA_LUNA_38193.jpg
103538,CARTUCHERA_LUNA,38194,103538_CARTUCHERA_LUNA_38194.jpg
103539,CARTUCHERA_LUNA,38195,103539_CARTUCHERA_LUNA_38195.jpg
103540,CARTUCHERA_LUNA,38196,103540_CARTUCHERA_LUNA_38196.jpg
103541,CARTUCHERA_LUNA,38197,103541_CARTUCHERA_LUNA_38197.jpg
103542,CARTUCHERA_MONI,37294,103542_CARTUCHERA_MONI_37294.jpg
103543,CARTUCHERA_MONI,37295,103543_CARTUCHERA_MONI_37295.jpg
103544,CARTUCHERA_MONI,37297,103544_CARTUCHERA_MONI_37297.jpg
103545,CARTUCHERA_MONI,37298,103545_CARTUCHERA_MONI_37298.jpg
103546,CARTUCHERA_MONI,37299,103546_CARTUCHERA_MONI_37299.jpg
103547,CARTUCHERA_MONI,37300,103547_CARTUCHERA_MONI_37300.jpg
103548,CARTUCHERA_PU,37301,103548_CARTUCHERA_PU_37301.jpg
103549,CARTUCHERA_PU,37303,103549_CARTUCHERA_PU_37303.jpg
103550,CARTUCHERA_PU,37304,103550_CARTUCHERA_PU_37304.jpg
103551,CARTUCHERA_PU,37305,103551_CARTUCHERA_PU_37305.jpg
103552,CARTUCHERA_PU,37306,103552_CARTUCHERA_PU_37306.jpg
103553,CARTUCHERA_PU,37307,103553_CARTUCHERA_PU_37307.jpg
103554,CARTUCHERA_PU,37308,103554_CARTUCHERA_PU_37308.jpg
103555,CARTUCHERA_PU,37309,103555_CARTUCHERA_PU_37309.jpg
103556,CARTUCHERA_PU,37310,103556_CARTUCHERA_PU_37310.jpg
103557,CARTUCHERA_PU,38181,103557_CARTUCHERA_PU_38181.jpg
103558,CHALINA_OPORTUNIDAD,37794,103558_CHALINA_OPORTUNIDAD_37794.jpg
103559,CHALINA_SELECCION,37770,103559_CHALINA_SELECCION_37770.jpg
103560,GOMITA_C__MOÑO_METAL_DORADO,38246,103560_GOMITA_C__MOÑO_METAL_DORADO_38246.jpg
103561,GOMITA_C__PIEZA_METAL_DORADO_,38247,103561_GOMITA_C__PIEZA_METAL_DORADO__38247.jpg
103562,HEBILLA_METAL_CORAZONES_DORADO,38240,103562_HEBILLA_METAL_CORAZONES_DORADO_38240.jpg
103563,HEBILLA_METAL_DORADO,38241,103563_HEBILLA_METAL_DORADO_38241.jpg
103564,HEBILLA_METAL_MOÑO_DORADO,38242,103564_HEBILLA_METAL_MOÑO_DORADO_38242.jpg
103565,HEBILLA_MOÑO_C__CORAZONES_CORAL,37698,103565_HEBILLA_MOÑO_C__CORAZONES_CORAL_37698.jpg
103566,HEBILLA_MOÑO_DOBLE_C__LENTEJUELAS_ESTRELLA_ROSA,37702,103566_HEBILLA_MOÑO_DOBLE_C__LENTEJUELAS_ESTRELLA_ROSA_37702.jpg
103567,HEBILLA_MOÑO_DOBLE_TUL_TORNASOL_BLANCO,37724,103567_HEBILLA_MOÑO_DOBLE_TUL_TORNASOL_BLANCO_37724.jpg
103568,HEBILLA_MOÑO_GRANDE_DOBLE_BORDO,37710,103568_HEBILLA_MOÑO_GRANDE_DOBLE_BORDO_37710.jpg
103569,HEBILLA_MOÑO_GRANDE_DOBLE_FUCSIA_VIOLETA,37711,103569_HEBILLA_MOÑO_GRANDE_DOBLE_FUCSIA_VIOLETA_37711.jpg
103570,HEBILLA_MOÑO_GRANDE_DOBLE_ROJO,37712,103570_HEBILLA_MOÑO_GRANDE_DOBLE_ROJO_37712.jpg
103571,HEBILLA_MOÑO_GRANDE_DOBLE_ROSA,37709,103571_HEBILLA_MOÑO_GRANDE_DOBLE_ROSA_37709.jpg
103572,HEBILLA_MOÑO_SALMON,37714,103572_HEBILLA_MOÑO_SALMON_37714.jpg
103573,MOCHILA_EMMA,37360,103573_MOCHILA_EMMA_37360.jpg
103574,MOCHILA_LOLA,37361,103574_MOCHILA_LOLA_37361.jpg
103575,MOCHILA_LOLA,37362,103575_MOCHILA_LOLA_37362.jpg
103576,MOCHILA_LOLA,37363,103576_MOCHILA_LOLA_37363.jpg
103577,MOCHILA_LOLA,37364,103577_MOCHILA_LOLA_37364.jpg
103578,MOCHILA_LOLA,37365,103578_MOCHILA_LOLA_37365.jpg
103579,MOCHILA_LOLA,37366,103579_MOCHILA_LOLA_37366.jpg
103580,MOCHILA_LOLA,37367,103580_MOCHILA_LOLA_37367.jpg
103581,MOCHILA_LOLA,37368,103581_MOCHILA_LOLA_37368.jpg
103582,MOCHILA_MARINERA,37423,103582_MOCHILA_MARINERA_37423.jpg
103583,MOCHILA_MARINERA,37424,103583_MOCHILA_MARINERA_37424.jpg
103584,MOCHILA_MARINERA,37428,103584_MOCHILA_MARINERA_37428.jpg
103585,MOCHILA_SANDRA_SET,37369,103585_MOCHILA_SANDRA_SET_37369.jpg
103586,MONEDERO_EVA,37311,103586_MONEDERO_EVA_37311.jpg
103587,MONEDERO_JANE,37332,103587_MONEDERO_JANE_37332.jpg
103588,MONEDERO_MAIA,37333,103588_MONEDERO_MAIA_37333.jpg
103589,MONEDERO_RITA,37329,103589_MONEDERO_RITA_37329.jpg
103590,NECESSAIRE_ROCIO_SET,37334,103590_NECESSAIRE_ROCIO_SET_37334.jpg
103591,NECESSAIRE_TOM,37269,103591_NECESSAIRE_TOM_37269.jpg
103592,PHONEBAG_01,37376,103592_PHONEBAG_01_37376.jpg
103593,PHONEBAG_01,37377,103593_PHONEBAG_01_37377.jpg
103594,PHONEBAG_01,37378,103594_PHONEBAG_01_37378.jpg
103595,PHONEBAG_01,37379,103595_PHONEBAG_01_37379.jpg
103596,PHONEBAG_01,37380,103596_PHONEBAG_01_37380.jpg
103597,PHONEBAG_01,37381,103597_PHONEBAG_01_37381.jpg
103598,PHONEBAG_01,37382,103598_PHONEBAG_01_37382.jpg
103599,PHONEBAG_01,37383,103599_PHONEBAG_01_37383.jpg
103600,PHONEBAG_SOFIA,37384,103600_PHONEBAG_SOFIA_37384.jpg
103601,PHONEBAG_SOFIA,37385,103601_PHONEBAG_SOFIA_37385.jpg
103602,PHONEBAG_SOFIA,37386,103602_PHONEBAG_SOFIA_37386.jpg
103603,PHONEBAG_SOFIA,37387,103603_PHONEBAG_SOFIA_37387.jpg
103604,PHONEBAG_SOFIA,37388,103604_PHONEBAG_SOFIA_37388.jpg
103605,PORTACOSMETICOS_LAURA,37335,103605_PORTACOSMETICOS_LAURA_37335.jpg
103606,PORTACOSMETICOS_LAURA,37336,103606_PORTACOSMETICOS_LAURA_37336.jpg
103607,PORTACOSMETICOS_LAURA,37337,103607_PORTACOSMETICOS_LAURA_37337.jpg
103608,PORTACOSMETICOS_LAURA,37338,103608_PORTACOSMETICOS_LAURA_37338.jpg
103609,PORTACOSMETICOS_LAURA,37339,103609_PORTACOSMETICOS_LAURA_37339.jpg
103610,PORTACOSMETICOS_LAURA,37340,103610_PORTACOSMETICOS_LAURA_37340.jpg
103611,PORTACOSMETICOS_LAURA,37341,103611_PORTACOSMETICOS_LAURA_37341.jpg
103612,PORTACOSMETICOS_LAURA,37342,103612_PORTACOSMETICOS_LAURA_37342.jpg
103613,PORTACOSMETICOS_LAURA,37343,103613_PORTACOSMETICOS_LAURA_37343.jpg
103614,PORTACOSMETICOS_LAURA,37344,103614_PORTACOSMETICOS_LAURA_37344.jpg
103615,PORTACOSMETICOS_LAURA,37345,103615_PORTACOSMETICOS_LAURA_37345.jpg
103616,PORTACOSMETICOS_LAURA,37346,103616_PORTACOSMETICOS_LAURA_37346.jpg
103617,PORTACOSMETICOS_UMA,37312,103617_PORTACOSMETICOS_UMA_37312.jpg
103618,PORTACOSMETICOS_UMA,37313,103618_PORTACOSMETICOS_UMA_37313.jpg
103619,PORTACOSMETICOS_UMA,37314,103619_PORTACOSMETICOS_UMA_37314.jpg
103620,PORTACOSMETICOS_UMA,37315,103620_PORTACOSMETICOS_UMA_37315.jpg
103621,PORTACOSMETICOS_UMA,37316,103621_PORTACOSMETICOS_UMA_37316.jpg
103622,PORTACOSMETICOS_UMA,37317,103622_PORTACOSMETICOS_UMA_37317.jpg
103623,PORTACOSMETICOS_UMA,37318,103623_PORTACOSMETICOS_UMA_37318.jpg
103624,PORTACOSMETICOS_UMA,37319,103624_PORTACOSMETICOS_UMA_37319.jpg
103625,PORTACOSMETICOS_UMA,37320,103625_PORTACOSMETICOS_UMA_37320.jpg
103626,PORTACOSMETICOS_UMA,37321,103626_PORTACOSMETICOS_UMA_37321.jpg
103627,PORTACOSMETICOS_UMA,37322,103627_PORTACOSMETICOS_UMA_37322.jpg
103628,PORTACOSMETICOS_UMA,37323,103628_PORTACOSMETICOS_UMA_37323.jpg
103629,PORTACOSMETICOS_UMA,37324,103629_PORTACOSMETICOS_UMA_37324.jpg
103630,PORTACOSMETICOS_UMA,37325,103630_PORTACOSMETICOS_UMA_37325.jpg
103631,PORTALENTES_LUZ,37326,103631_PORTALENTES_LUZ_37326.jpg
103632,PORTALENTES_LUZ,37327,103632_PORTALENTES_LUZ_37327.jpg
103633,PULSERA_CANUTILLO_METAL_CUENTAS_C__DIJES_METAL_TURQUESA,37542,103633_PULSERA_CANUTILLO_METAL_CUENTAS_C__DIJES_METAL_TURQUESA_37542.jpg
103634,PULSERA_CANUTILLO_METAL_FASCETADAS_C__DIJES,37543,103634_PULSERA_CANUTILLO_METAL_FASCETADAS_C__DIJES_37543.jpg
103635,PULSERA_CANUTILLO_METAL_FASCETADAS_C__MARIPOSAS,37544,103635_PULSERA_CANUTILLO_METAL_FASCETADAS_C__MARIPOSAS_37544.jpg
103636,PULSERA_CANUTILLO_METAL_REDONDAS_TORNASOL_PLATEADO,37545,103636_PULSERA_CANUTILLO_METAL_REDONDAS_TORNASOL_PLATEADO_37545.jpg
103637,PULSERA_CRISTAL_FASCETADO_TORNASOL_VERDE,37524,103637_PULSERA_CRISTAL_FASCETADO_TORNASOL_VERDE_37524.jpg
103638,PULSERA_CRISTAL_FASCETADO_TORNASOL_VIOLETA,37525,103638_PULSERA_CRISTAL_FASCETADO_TORNASOL_VIOLETA_37525.jpg
103639,PULSERA_CRISTAL_REDONDO_C__MARIPOSAS_AZUL,37518,103639_PULSERA_CRISTAL_REDONDO_C__MARIPOSAS_AZUL_37518.jpg
103640,PULSERA_CRISTAL_REDONDO_C__MARIPOSAS_NEGRO,37519,103640_PULSERA_CRISTAL_REDONDO_C__MARIPOSAS_NEGRO_37519.jpg
103641,PULSERA_CRISTAL_REDONDO_C__MARIPOSAS_PLATEADO,37520,103641_PULSERA_CRISTAL_REDONDO_C__MARIPOSAS_PLATEADO_37520.jpg
103642,PULSERA_CRISTAL_ROMBO_AZUL,37549,103642_PULSERA_CRISTAL_ROMBO_AZUL_37549.jpg
103643,PULSERA_CRISTAL_ROMBO_BEIGE,37550,103643_PULSERA_CRISTAL_ROMBO_BEIGE_37550.jpg
103644,PULSERA_CRISTAL_ROMBO_BLANCO,37547,103644_PULSERA_CRISTAL_ROMBO_BLANCO_37547.jpg
103645,PULSERA_CRISTAL_ROMBO_CELESTE,37546,103645_PULSERA_CRISTAL_ROMBO_CELESTE_37546.jpg
103646,PULSERA_CRISTAL_ROMBO_GRIS,37552,103646_PULSERA_CRISTAL_ROMBO_GRIS_37552.jpg
103647,PULSERA_CRISTAL_ROMBO_ROJO,37553,103647_PULSERA_CRISTAL_ROMBO_ROJO_37553.jpg
103648,PULSERA_CRISTAL_ROMBO_ROSA,37548,103648_PULSERA_CRISTAL_ROMBO_ROSA_37548.jpg
103649,PULSERA_CRISTAL_ROMBO_VIOLETA,37551,103649_PULSERA_CRISTAL_ROMBO_VIOLETA_37551.jpg
103650,PULSERA_CUENTAS_C__CRUZ_MADERA,37540,103650_PULSERA_CUENTAS_C__CRUZ_MADERA_37540.jpg
103651,PULSERA_CUENTAS_FLOREADAS_NARANJA,37541,103651_PULSERA_CUENTAS_FLOREADAS_NARANJA_37541.jpg
103652,PULSERA_CUENTAS_MADERA_CARAMELO,37589,103652_PULSERA_CUENTAS_MADERA_CARAMELO_37589.jpg
103653,PULSERA_CUENTAS_MADERA_CHOCOLATE,37590,103653_PULSERA_CUENTAS_MADERA_CHOCOLATE_37590.jpg
103654,PULSERA_CUENTAS_VIDRIO_REDONDAS_CUADRADAS_FASCETADAS_COBRE,37533,103654_PULSERA_CUENTAS_VIDRIO_REDONDAS_CUADRADAS_FASCETADAS_COBRE_37533.jpg
103655,PULSERA_CUENTAS_VIDRIO_REDONDAS_CUADRADAS_FASCETADAS_NEGRO,37536,103655_PULSERA_CUENTAS_VIDRIO_REDONDAS_CUADRADAS_FASCETADAS_NEGRO_37536.jpg
103656,PULSERA_CUENTAS_VIDRIO_REDONDAS_CUADRADAS_FASCETADAS_ROJO,37534,103656_PULSERA_CUENTAS_VIDRIO_REDONDAS_CUADRADAS_FASCETADAS_ROJO_37534.jpg
103657,PULSERA_CUENTAS_VIDRIO_REDONDAS_CUADRADAS_FASCETADAS_ROSA,37535,103657_PULSERA_CUENTAS_VIDRIO_REDONDAS_CUADRADAS_FASCETADAS_ROSA_37535.jpg
103658,PULSERA_CUENTAS_VIDRIO_REDONDAS_CUADRADAS_FASCETADAS_VIOLETA,37532,103658_PULSERA_CUENTAS_VIDRIO_REDONDAS_CUADRADAS_FASCETADAS_VIOLETA_37532.jpg
103659,PULSERA_CUENTAS_VIDRIO_REDONDAS_FASCETADAS_CELESTE,37529,103659_PULSERA_CUENTAS_VIDRIO_REDONDAS_FASCETADAS_CELESTE_37529.jpg
103660,PULSERA_CUENTAS_VIDRIO_REDONDAS_FASCETADAS_COBRE,37526,103660_PULSERA_CUENTAS_VIDRIO_REDONDAS_FASCETADAS_COBRE_37526.jpg
103661,PULSERA_CUENTAS_VIDRIO_REDONDAS_FASCETADAS_ROJO,37527,103661_PULSERA_CUENTAS_VIDRIO_REDONDAS_FASCETADAS_ROJO_37527.jpg
103662,PULSERA_CUENTAS_VIDRIO_REDONDAS_FASCETADAS_ROSA,37530,103662_PULSERA_CUENTAS_VIDRIO_REDONDAS_FASCETADAS_ROSA_37530.jpg
103663,PULSERA_CUENTAS_VIDRIO_REDONDAS_FASCETADAS_VERDE,37528,103663_PULSERA_CUENTAS_VIDRIO_REDONDAS_FASCETADAS_VERDE_37528.jpg
103664,PULSERA_CUENTAS_VIDRIO_REDONDAS_FASCETADAS_VIOLETA,37531,103664_PULSERA_CUENTAS_VIDRIO_REDONDAS_FASCETADAS_VIOLETA_37531.jpg
103665,PULSERA_CUENTAS_VIDRIO_REDONDAS_OVALADAS_GRIS,37521,103665_PULSERA_CUENTAS_VIDRIO_REDONDAS_OVALADAS_GRIS_37521.jpg
103666,PULSERA_CUENTAS_VIDRIO_REDONDAS_OVALADAS_VERDE,37522,103666_PULSERA_CUENTAS_VIDRIO_REDONDAS_OVALADAS_VERDE_37522.jpg
103667,PULSERA_DISCOS_MADERA_C__VIRGENCITA_CARAMELO,37537,103667_PULSERA_DISCOS_MADERA_C__VIRGENCITA_CARAMELO_37537.jpg
103668,PULSERA_DISCOS_MADERA_C__VIRGENCITA_CHOCOLATE,37538,103668_PULSERA_DISCOS_MADERA_C__VIRGENCITA_CHOCOLATE_37538.jpg
103669,PULSERA_DISCOS_MADERA_C__VIRGENCITA_NEGRO,37539,103669_PULSERA_DISCOS_MADERA_C__VIRGENCITA_NEGRO_37539.jpg
103670,PULSERA_FASCETADA_REDONDA_OJO_TURCO_CELESTE,37555,103670_PULSERA_FASCETADA_REDONDA_OJO_TURCO_CELESTE_37555.jpg
103671,PULSERA_FASCETADA_REDONDA_OJO_TURCO_NEGRO,37556,103671_PULSERA_FASCETADA_REDONDA_OJO_TURCO_NEGRO_37556.jpg
103672,PULSERA_FASCETADA_REDONDA_OJO_TURCO_ROJO,37557,103672_PULSERA_FASCETADA_REDONDA_OJO_TURCO_ROJO_37557.jpg
103673,PULSERA_FASCETADA_REDONDA_OJO_TURCO_TRANSPARENTE,37554,103673_PULSERA_FASCETADA_REDONDA_OJO_TURCO_TRANSPARENTE_37554.jpg
103674,PULSERA_HILO_MIXTO_REGULABLE_C__OJO_TURCO_AZUL,37560,103674_PULSERA_HILO_MIXTO_REGULABLE_C__OJO_TURCO_AZUL_37560.jpg
103675,PULSERA_HILO_REGULABLE_C__OJO_TURCO_AZUL,38234,103675_PULSERA_HILO_REGULABLE_C__OJO_TURCO_AZUL_38234.jpg
103676,PULSERA_HILO_REGULABLE_C__OJO_TURCO_AZUL,37562,103676_PULSERA_HILO_REGULABLE_C__OJO_TURCO_AZUL_37562.jpg
103677,PULSERA_HILO_REGULABLE_C__OJO_TURCO_AZUL_NEGRO,37563,103677_PULSERA_HILO_REGULABLE_C__OJO_TURCO_AZUL_NEGRO_37563.jpg
103678,PULSERA_HILO_REGULABLE_C__OJO_TURCO_AZUL_PLATEADO,37564,103678_PULSERA_HILO_REGULABLE_C__OJO_TURCO_AZUL_PLATEADO_37564.jpg
103679,PULSERA_HILO_REGULABLE_FASCETADO_C__OJO_TURCO_BLANCO,37565,103679_PULSERA_HILO_REGULABLE_FASCETADO_C__OJO_TURCO_BLANCO_37565.jpg
103680,PULSERA_HILO_REGULABLE_OJO_TURCO_CELESTE_PLATEADO_,38236,103680_PULSERA_HILO_REGULABLE_OJO_TURCO_CELESTE_PLATEADO__38236.jpg
103681,PULSERA_HILO_REGULABLE_SIGNO_NEGRO_DORADO,38169,103681_PULSERA_HILO_REGULABLE_SIGNO_NEGRO_DORADO_38169.jpg
103682,PULSERA_HILO_REGULABLE_SIGNO_NEGRO_DORADO,38170,103682_PULSERA_HILO_REGULABLE_SIGNO_NEGRO_DORADO_38170.jpg
103683,PULSERA_HILO_REGULABLE_SIGNO_NEGRO_DORADO,38171,103683_PULSERA_HILO_REGULABLE_SIGNO_NEGRO_DORADO_38171.jpg
103684,PULSERA_HILO_REGULABLE_SIGNO_NEGRO_DORADO,38172,103684_PULSERA_HILO_REGULABLE_SIGNO_NEGRO_DORADO_38172.jpg
103685,PULSERA_HILO_REGULABLE_SIGNO_NEGRO_DORADO,38173,103685_PULSERA_HILO_REGULABLE_SIGNO_NEGRO_DORADO_38173.jpg
103686,PULSERA_HILO_REGULABLE_SIGNO_NEGRO_DORADO,38174,103686_PULSERA_HILO_REGULABLE_SIGNO_NEGRO_DORADO_38174.jpg
103687,PULSERA_HILO_REGULABLE_SIGNO_NEGRO_DORADO,38175,103687_PULSERA_HILO_REGULABLE_SIGNO_NEGRO_DORADO_38175.jpg
103688,PULSERA_HILO_REGULABLE_SIGNO_NEGRO_DORADO,38176,103688_PULSERA_HILO_REGULABLE_SIGNO_NEGRO_DORADO_38176.jpg
103689,PULSERA_HILO_REGULABLE_SIGNO_NEGRO_DORADO,38177,103689_PULSERA_HILO_REGULABLE_SIGNO_NEGRO_DORADO_38177.jpg
103690,PULSERA_HILO_REGULABLE_SIGNO_NEGRO_DORADO,38178,103690_PULSERA_HILO_REGULABLE_SIGNO_NEGRO_DORADO_38178.jpg
103691,PULSERA_HILO_REGULABLE_SIGNO_NEGRO_DORADO,38179,103691_PULSERA_HILO_REGULABLE_SIGNO_NEGRO_DORADO_38179.jpg
103692,PULSERA_HILO_REGULABLE_SIGNO_NEGRO_DORADO,38180,103692_PULSERA_HILO_REGULABLE_SIGNO_NEGRO_DORADO_38180.jpg
103693,PULSERA_HILO_TRENZADO_REGULABLE_C__MANITO_CELESTE,37566,103693_PULSERA_HILO_TRENZADO_REGULABLE_C__MANITO_CELESTE_37566.jpg
103694,PULSERA_HILO_TRENZADO_REGULABLE_C__OJO_TURCO_CELESTE,37567,103694_PULSERA_HILO_TRENZADO_REGULABLE_C__OJO_TURCO_CELESTE_37567.jpg
103695,PULSERA_HILO_TRENZADO_REGULABLE_C__OJO_TURCO_REDONDO_AZUL,37568,103695_PULSERA_HILO_TRENZADO_REGULABLE_C__OJO_TURCO_REDONDO_AZUL_37568.jpg
103696,PULSERA_HILO_TRENZADO_REGULABLE_C__OJO_TURCO_REDONDO_CAMEL,37569,103696_PULSERA_HILO_TRENZADO_REGULABLE_C__OJO_TURCO_REDONDO_CAMEL_37569.jpg
103697,PULSERA_HILO_TRENZADO_REGULABLE_C__OJO_TURCO_ROMBO_AZUL,37570,103697_PULSERA_HILO_TRENZADO_REGULABLE_C__OJO_TURCO_ROMBO_AZUL_37570.jpg
103698,PULSERA_REDONDA_ACUARELA_CELESTE,37523,103698_PULSERA_REDONDA_ACUARELA_CELESTE_37523.jpg
103699,PULSERA_REGULABLE_CANUTILLO_C__CORAZON_BRILLO_ROJO,37573,103699_PULSERA_REGULABLE_CANUTILLO_C__CORAZON_BRILLO_ROJO_37573.jpg
103700,PULSERA_REGULABLE_CANUTILLO_C__CORAZON_ROJO,37571,103700_PULSERA_REGULABLE_CANUTILLO_C__CORAZON_ROJO_37571.jpg
103701,PULSERA_REGULABLE_CANUTILLO_C__CORAZON_ROJO_BLANCO,37572,103701_PULSERA_REGULABLE_CANUTILLO_C__CORAZON_ROJO_BLANCO_37572.jpg
103702,PULSERA_REGULABLE_CANUTILLO_C__TRIANGULO_BRILLO_ROJO_BLANCO,37574,103702_PULSERA_REGULABLE_CANUTILLO_C__TRIANGULO_BRILLO_ROJO_BLANCO_37574.jpg
103703,PULSERA_REGULABLE_CRISTAL_FASCETADAS_C__OJOS_ROJO,37575,103703_PULSERA_REGULABLE_CRISTAL_FASCETADAS_C__OJOS_ROJO_37575.jpg
103704,PULSERA_REGULABLE_CUENTAS_C__DIJE_MANITO_ROJO,37576,103704_PULSERA_REGULABLE_CUENTAS_C__DIJE_MANITO_ROJO_37576.jpg
103705,PULSERA_REGULABLE_FASCETADA_C__MANO_FATIMA_ROJO_BLANCO,37578,103705_PULSERA_REGULABLE_FASCETADA_C__MANO_FATIMA_ROJO_BLANCO_37578.jpg
103706,PULSERA_REGULABLE_FASCETADA_DISCOS_NEGRO_CELESTE,37577,103706_PULSERA_REGULABLE_FASCETADA_DISCOS_NEGRO_CELESTE_37577.jpg
103707,PULSERA_REGULABLE_FASCETADAS_C__CORAZON_PLATEADO_ROJO,37580,103707_PULSERA_REGULABLE_FASCETADAS_C__CORAZON_PLATEADO_ROJO_37580.jpg
103708,PULSERA_REGULABLE_FASCETADAS_CILINDRICAS_C__OJO_AZUL_CELESTE,37579,103708_PULSERA_REGULABLE_FASCETADAS_CILINDRICAS_C__OJO_AZUL_CELESTE_37579.jpg
103709,PULSERA_REGULABLE_MOSTACILLA_C__CARACOLES_ROJO,37582,103709_PULSERA_REGULABLE_MOSTACILLA_C__CARACOLES_ROJO_37582.jpg
103710,PULSERA_REGULABLE_MOSTACILLA_C__CRUZ_ROJO_BLANCO_PLATEADO,37583,103710_PULSERA_REGULABLE_MOSTACILLA_C__CRUZ_ROJO_BLANCO_PLATEADO_37583.jpg
103711,PULSERA_REGULABLE_MOSTACILLA_C__FLOR_ROJO_BLANCO,37584,103711_PULSERA_REGULABLE_MOSTACILLA_C__FLOR_ROJO_BLANCO_37584.jpg
103712,PULSERA_REGULABLE_MOSTACILLA_C__MANITO_NEGRO_CELESTE,37585,103712_PULSERA_REGULABLE_MOSTACILLA_C__MANITO_NEGRO_CELESTE_37585.jpg
103713,PULSERA_REGULABLE_MOSTACILLA_C__OJO_ROJO,37586,103713_PULSERA_REGULABLE_MOSTACILLA_C__OJO_ROJO_37586.jpg
103714,PULSERA_REGULABLE_MOSTACILLA_DORADO_ROJO,38235,103714_PULSERA_REGULABLE_MOSTACILLA_DORADO_ROJO_38235.jpg
103715,PULSERA_REGULABLE_MOSTACILLA_FASCETADA_C__CRUZ_PLATEADO_ROJO,37587,103715_PULSERA_REGULABLE_MOSTACILLA_FASCETADA_C__CRUZ_PLATEADO_ROJO_37587.jpg
103716,PULSERA_REGULABLE_MOSTACILLA_FASCETADA_C__OJO_TURCO_CELESTE,37588,103716_PULSERA_REGULABLE_MOSTACILLA_FASCETADA_C__OJO_TURCO_CELESTE_37588.jpg
103717,RIÑONERA_BRUNA,37412,103717_RIÑONERA_BRUNA_37412.jpg
103718,RIÑONERA_CARLA,37415,103718_RIÑONERA_CARLA_37415.jpg
103719,RIÑONERA_CARLA,37416,103719_RIÑONERA_CARLA_37416.jpg
103720,RIÑONERA_CARLA,37417,103720_RIÑONERA_CARLA_37417.jpg
103721,RIÑONERA_CARLA,37418,103721_RIÑONERA_CARLA_37418.jpg
103722,RIÑONERA_CARLA,37419,103722_RIÑONERA_CARLA_37419.jpg
103723,RIÑONERA_CARLA,37420,103723_RIÑONERA_CARLA_37420.jpg
103724,RIÑONERA_CARLA,37421,103724_RIÑONERA_CARLA_37421.jpg
103725,RIÑONERA_CARLA,37422,103725_RIÑONERA_CARLA_37422.jpg
103726,RIÑONERA_FLAT,37389,103726_RIÑONERA_FLAT_37389.jpg
103727,RIÑONERA_FLAT,37390,103727_RIÑONERA_FLAT_37390.jpg
103728,RIÑONERA_FLAT,37391,103728_RIÑONERA_FLAT_37391.jpg
103729,RIÑONERA_FLAT,37393,103729_RIÑONERA_FLAT_37393.jpg
103730,RIÑONERA_FLAT,37394,103730_RIÑONERA_FLAT_37394.jpg
103731,RIÑONERA_FLAT,38198,103731_RIÑONERA_FLAT_38198.jpg
103732,ROSARIO_MADERA_MARRON,37514,103732_ROSARIO_MADERA_MARRON_37514.jpg
103733,SCRAP_BEAUTY_3990,37738,103733_SCRAP_BEAUTY_3990_37738.jpg
103734,SCRAP_BEAUTY_4990,37739,103734_SCRAP_BEAUTY_4990_37739.jpg
103735,SCRAP_BEAUTY_5990,37740,103735_SCRAP_BEAUTY_5990_37740.jpg
103736,SCRAP_BEAUTY_6990,37741,103736_SCRAP_BEAUTY_6990_37741.jpg
103737,SCRAP_BEAUTY_7990,37742,103737_SCRAP_BEAUTY_7990_37742.jpg
103738,SCRAP_BEAUTY_8990,37743,103738_SCRAP_BEAUTY_8990_37743.jpg
103739,SCRAP_BEAUTY_9990,37744,103739_SCRAP_BEAUTY_9990_37744.jpg
103740,SCRAP_BIJOU_1990,37781,103740_SCRAP_BIJOU_1990_37781.jpg
103741,SCRAP_BIJOU_2990,37782,103741_SCRAP_BIJOU_2990_37782.jpg
103742,SCRAP_BIJOU_3990,37783,103742_SCRAP_BIJOU_3990_37783.jpg
103743,SCRAP_BIJOU_4990,37784,103743_SCRAP_BIJOU_4990_37784.jpg
103744,SCRAP_BIJOU_5990,37785,103744_SCRAP_BIJOU_5990_37785.jpg
103745,SCRAP_BIJOU_6990,37786,103745_SCRAP_BIJOU_6990_37786.jpg
103746,SCRAP_HOME_14990,37750,103746_SCRAP_HOME_14990_37750.jpg
103747,SCRAP_HOME_1990,37787,103747_SCRAP_HOME_1990_37787.jpg
103748,SCRAP_HOME_19990,37751,103748_SCRAP_HOME_19990_37751.jpg
103749,SCRAP_HOME_2990,37788,103749_SCRAP_HOME_2990_37788.jpg
103750,SCRAP_HOME_29990,37745,103750_SCRAP_HOME_29990_37745.jpg
103751,SCRAP_HOME_3990,37746,103751_SCRAP_HOME_3990_37746.jpg
103752,SCRAP_HOME_4990,37752,103752_SCRAP_HOME_4990_37752.jpg
103753,SCRAP_HOME_5990,37747,103753_SCRAP_HOME_5990_37747.jpg
103754,SCRAP_HOME_6990,37748,103754_SCRAP_HOME_6990_37748.jpg
103755,SCRAP_HOME_7990,37749,103755_SCRAP_HOME_7990_37749.jpg
103756,SCRAP_HOME_8990,37753,103756_SCRAP_HOME_8990_37753.jpg
103757,SCRAP_HOME_9990,37754,103757_SCRAP_HOME_9990_37754.jpg
103758,SCRAP_MARRO_CHICA_14990,37755,103758_SCRAP_MARRO_CHICA_14990_37755.jpg
103759,SCRAP_MARRO_CHICA_3990,37756,103759_SCRAP_MARRO_CHICA_3990_37756.jpg
103760,SCRAP_MARRO_CHICA_4990,37757,103760_SCRAP_MARRO_CHICA_4990_37757.jpg
103761,SCRAP_MARRO_CHICA_5990,37758,103761_SCRAP_MARRO_CHICA_5990_37758.jpg
103762,SCRAP_MARRO_CHICA_6990,37759,103762_SCRAP_MARRO_CHICA_6990_37759.jpg
103763,SCRAP_MARRO_CHICA_7990,37760,103763_SCRAP_MARRO_CHICA_7990_37760.jpg
103764,SCRAP_MARRO_CHICA_8990,37761,103764_SCRAP_MARRO_CHICA_8990_37761.jpg
103765,SCRAP_MARRO_CHICA_9990,37762,103765_SCRAP_MARRO_CHICA_9990_37762.jpg
103766,SCRAP_MARRO_GRANDE_14990,37763,103766_SCRAP_MARRO_GRANDE_14990_37763.jpg
103767,SCRAP_MARRO_GRANDE_19990,37764,103767_SCRAP_MARRO_GRANDE_19990_37764.jpg
103768,SCRAP_MARRO_GRANDE_24990,37765,103768_SCRAP_MARRO_GRANDE_24990_37765.jpg
103769,SCRAP_MARRO_GRANDE_29990,37766,103769_SCRAP_MARRO_GRANDE_29990_37766.jpg
103770,SCRAP_MARRO_GRANDE_34990,37767,103770_SCRAP_MARRO_GRANDE_34990_37767.jpg
103771,SCRAP_MARRO_GRANDE_39990,37768,103771_SCRAP_MARRO_GRANDE_39990_37768.jpg
103772,SCRAP_MARRO_GRANDE_44990,37769,103772_SCRAP_MARRO_GRANDE_44990_37769.jpg
103773,SCRAP_PELO_1490,37789,103773_SCRAP_PELO_1490_37789.jpg
103774,SCRAP_PELO_1990,37790,103774_SCRAP_PELO_1990_37790.jpg
103775,SCRAP_PELO_2990,37791,103775_SCRAP_PELO_2990_37791.jpg
103776,SCRAP_PELO_3990,37792,103776_SCRAP_PELO_3990_37792.jpg
103777,SCRAP_PELO_6990,37793,103777_SCRAP_PELO_6990_37793.jpg
103778,SCRAP_TEXTIL_14990,37771,103778_SCRAP_TEXTIL_14990_37771.jpg
103779,SCRAP_TEXTIL_19990,37772,103779_SCRAP_TEXTIL_19990_37772.jpg
103780,SCRAP_TEXTIL_24990,37773,103780_SCRAP_TEXTIL_24990_37773.jpg
103781,SCRAP_TEXTIL_29990,37774,103781_SCRAP_TEXTIL_29990_37774.jpg
103782,SCRAP_TEXTIL_34990,37775,103782_SCRAP_TEXTIL_34990_37775.jpg
103783,SCRAP_TEXTIL_39990,37776,103783_SCRAP_TEXTIL_39990_37776.jpg
103784,SCRAP_TEXTIL_44990,37777,103784_SCRAP_TEXTIL_44990_37777.jpg
103785,SCRAP_TEXTIL_7990,37778,103785_SCRAP_TEXTIL_7990_37778.jpg
103786,SCRAP_TEXTIL_8990,37779,103786_SCRAP_TEXTIL_8990_37779.jpg
103787,SCRAP_TEXTIL_9990,37780,103787_SCRAP_TEXTIL_9990_37780.jpg
103788,SCUNZI_CORAZON_DORADO_NEGRO,38249,103788_SCUNZI_CORAZON_DORADO_NEGRO_38249.jpg
103789,SCUNZI_CORAZON_PLATEADO_NEGRO,37733,103789_SCUNZI_CORAZON_PLATEADO_NEGRO_37733.jpg
103790,SCUNZI_TUL_C__FLOR_BRILLOS_BEIGE,37735,103790_SCUNZI_TUL_C__FLOR_BRILLOS_BEIGE_37735.jpg
103791,SCUNZI_CORAZON_DORADO_NEGRO_,38248,103791_SCUNZI_CORAZON_DORADO_NEGRO__38248.jpg
103792,SET_COLITAS_CONEJO_C__MOÑO,37668,103792_SET_COLITAS_CONEJO_C__MOÑO_37668.jpg
103793,SET_COLLAR___PULSERA_INFANTIL_FLOR,37513,103793_SET_COLLAR___PULSERA_INFANTIL_FLOR_37513.jpg
103794,SET_GOMITA_MOÑO___PULSERA,37699,103794_SET_GOMITA_MOÑO___PULSERA_37699.jpg
103795,SET_GOMITAS___HEBILLA_MOÑO_TORNASOL_FUCSIA_ROSA,37660,103795_SET_GOMITAS___HEBILLA_MOÑO_TORNASOL_FUCSIA_ROSA_37660.jpg
103796,SET_GOMITAS___HEBILLAS_UNICORNIO,37659,103796_SET_GOMITAS___HEBILLAS_UNICORNIO_37659.jpg
103797,SET_GOMITAS_MOÑO___BROCHES_HELADO,37663,103797_SET_GOMITAS_MOÑO___BROCHES_HELADO_37663.jpg
103798,SET_HEBILLAS___GOMITAS_SIRENAS,37657,103798_SET_HEBILLAS___GOMITAS_SIRENAS_37657.jpg
103799,SET_HEBILLAS___INVISIBLES_METAL_BRILLOS,37677,103799_SET_HEBILLAS___INVISIBLES_METAL_BRILLOS_37677.jpg
103800,SET_HEBILLAS___SCUNZI_C__BRILLO_DORADO,38243,103800_SET_HEBILLAS___SCUNZI_C__BRILLO_DORADO_38243.jpg
103801,SET_INVISIBLES_METAL_MIXTOS,37687,103801_SET_INVISIBLES_METAL_MIXTOS_37687.jpg
103802,SET_INVISIBLES_METAL_NEGRO,37686,103802_SET_INVISIBLES_METAL_NEGRO_37686.jpg
103803,SET_PASANTES_PRESION_3_ESTRELLAS_PLATEADO,37475,103803_SET_PASANTES_PRESION_3_ESTRELLAS_PLATEADO_37475.jpg
103804,SET_PASANTES_PRESION_ARGOLLAS_DORADO,38232,103804_SET_PASANTES_PRESION_ARGOLLAS_DORADO_38232.jpg
103805,SET_PASANTES_PRESION_LUNA_ESTRELLA_PLATEADO,37477,103805_SET_PASANTES_PRESION_LUNA_ESTRELLA_PLATEADO_37477.jpg
103806,SET_PASANTES_PRESION_PERLA_DORADO,38233,103806_SET_PASANTES_PRESION_PERLA_DORADO_38233.jpg
103807,SET_PULSERAS_INFANTIL_LOVE,37559,103807_SET_PULSERAS_INFANTIL_LOVE_37559.jpg
103808,SET_PULSERAS_INFANTIL_MARIPOSA,37558,103808_SET_PULSERAS_INFANTIL_MARIPOSA_37558.jpg
103809,SET_X10_HEBILLAS_PLASTICAS_PASTEL,37685,103809_SET_X10_HEBILLAS_PLASTICAS_PASTEL_37685.jpg
103810,SET_X12_GOMITAS_INFANTIL_ROSA,37610,103810_SET_X12_GOMITAS_INFANTIL_ROSA_37610.jpg
103811,SET_X12_GOMITAS_INFANTIL_SURTIDO_PASTEL,37611,103811_SET_X12_GOMITAS_INFANTIL_SURTIDO_PASTEL_37611.jpg
103812,SET_X18_GOMITAS_SURTIDO_PASTEL,37609,103812_SET_X18_GOMITAS_SURTIDO_PASTEL_37609.jpg
103813,SET_X2_ANILLOS_INFANTILES_CONEJO_CEREZAS,37471,103813_SET_X2_ANILLOS_INFANTILES_CONEJO_CEREZAS_37471.jpg
103814,SET_X2_ANILLOS_INFANTILES_FLOR_CORAZON_LILA,37469,103814_SET_X2_ANILLOS_INFANTILES_FLOR_CORAZON_LILA_37469.jpg
103815,SET_X2_ANILLOS_INFANTILES_FLORES_PASTEL,37468,103815_SET_X2_ANILLOS_INFANTILES_FLORES_PASTEL_37468.jpg
103816,SET_X2_ANILLOS_INFANTILES_HELADO_CORAZON,37472,103816_SET_X2_ANILLOS_INFANTILES_HELADO_CORAZON_37472.jpg
103817,SET_X2_ANILLOS_INFANTILES_MOÑO_CHERRY,37470,103817_SET_X2_ANILLOS_INFANTILES_MOÑO_CHERRY_37470.jpg
103818,SET_X2_BROCHES_MEDIANOS_C__MOÑO,37664,103818_SET_X2_BROCHES_MEDIANOS_C__MOÑO_37664.jpg
103819,SET_X2_COLITAS_ANANA_FRUTILLA,37670,103819_SET_X2_COLITAS_ANANA_FRUTILLA_37670.jpg
103820,SET_X2_COLITAS_KIWI_SANDIA,37671,103820_SET_X2_COLITAS_KIWI_SANDIA_37671.jpg
103821,SET_X2_GOMITAS_C__APLIQUE_DONA,37651,103821_SET_X2_GOMITAS_C__APLIQUE_DONA_37651.jpg
103822,SET_X2_HEBILLA_MOÑO_CELESTE,37652,103822_SET_X2_HEBILLA_MOÑO_CELESTE_37652.jpg
103823,SET_X2_HEBILLAS_BRILLOS_C__MARIPOSAS_DORADO,38244,103823_SET_X2_HEBILLAS_BRILLOS_C__MARIPOSAS_DORADO_38244.jpg
103824,SET_X2_HEBILLAS_C__CEREZAS,37643,103824_SET_X2_HEBILLAS_C__CEREZAS_37643.jpg
103825,SET_X2_HEBILLAS_CORAZON_C__ESTRELLAS,37705,103825_SET_X2_HEBILLAS_CORAZON_C__ESTRELLAS_37705.jpg
103826,SET_X2_HEBILLAS_METAL_C__CARAMELO_FUCSIA,37646,103826_SET_X2_HEBILLAS_METAL_C__CARAMELO_FUCSIA_37646.jpg
103827,SET_X2_HEBILLAS_METAL_C__CARAMELO_LILA,37647,103827_SET_X2_HEBILLAS_METAL_C__CARAMELO_LILA_37647.jpg
103828,SET_X2_HEBILLAS_METAL_C__CORAZON_AMARILLO,37642,103828_SET_X2_HEBILLAS_METAL_C__CORAZON_AMARILLO_37642.jpg
103829,SET_X2_HEBILLAS_METAL_C__CORAZON_ROSA,37644,103829_SET_X2_HEBILLAS_METAL_C__CORAZON_ROSA_37644.jpg
103830,SET_X2_HEBILLAS_METAL_C__FLOR_CELESTE,37641,103830_SET_X2_HEBILLAS_METAL_C__FLOR_CELESTE_37641.jpg
103831,SET_X2_HEBILLAS_METAL_C__FLORES_VERDE,37645,103831_SET_X2_HEBILLAS_METAL_C__FLORES_VERDE_37645.jpg
103832,SET_X2_HEBILLAS_BRILLOS_C__MARIPOSAS_DORADO,38245,103832_SET_X2_HEBILLAS_BRILLOS_C__MARIPOSAS_DORADO_38245.jpg
103833,SET_X2_HEBILLAS_METAL_ESTRELLA,37680,103833_SET_X2_HEBILLAS_METAL_ESTRELLA_37680.jpg
103834,SET_X2_HEBILLAS_METAL_PLATEADO,37730,103834_SET_X2_HEBILLAS_METAL_PLATEADO_37730.jpg
103835,SET_X2_HEBILLAS_MOÑO_ALITAS___GOMITAS_PASTEL,37706,103835_SET_X2_HEBILLAS_MOÑO_ALITAS___GOMITAS_PASTEL_37706.jpg
103836,SET_X2_HEBILLAS_MOÑO_C__CORAZON_ROSA,37707,103836_SET_X2_HEBILLAS_MOÑO_C__CORAZON_ROSA_37707.jpg
103837,SET_X2_HEBILLAS_MOÑO_C__PERLA_BLANCO,37723,103837_SET_X2_HEBILLAS_MOÑO_C__PERLA_BLANCO_37723.jpg
103838,SET_X2_HEBILLAS_MOÑO_C__PERLA_ROSA,37722,103838_SET_X2_HEBILLAS_MOÑO_C__PERLA_ROSA_37722.jpg
103839,SET_X2_HEBILLAS_MOÑO_TUL_C__CEREZAS,37672,103839_SET_X2_HEBILLAS_MOÑO_TUL_C__CEREZAS_37672.jpg
103840,SET_X2_HEBILLAS_MOÑOS_C__APLIQUE_HELADO,37725,103840_SET_X2_HEBILLAS_MOÑOS_C__APLIQUE_HELADO_37725.jpg
103841,SET_X2_HEBILLAS_MOÑOS_CHICOS_C__CORAZONES,37715,103841_SET_X2_HEBILLAS_MOÑOS_CHICOS_C__CORAZONES_37715.jpg
103842,SET_X2_HEBILLAS_MOÑOS_CHICOS_CELESTE,37688,103842_SET_X2_HEBILLAS_MOÑOS_CHICOS_CELESTE_37688.jpg
103843,SET_X2_HEBILLAS_MOÑOS_CHICOS_CELESTE_LILA,37692,103843_SET_X2_HEBILLAS_MOÑOS_CHICOS_CELESTE_LILA_37692.jpg
103844,SET_X2_HEBILLAS_MOÑOS_CHICOS_CRUDO_ROSA,37691,103844_SET_X2_HEBILLAS_MOÑOS_CHICOS_CRUDO_ROSA_37691.jpg
103845,SET_X2_HEBILLAS_MOÑOS_CHICOS_ESTAMPADO_CEREZAS,37669,103845_SET_X2_HEBILLAS_MOÑOS_CHICOS_ESTAMPADO_CEREZAS_37669.jpg
103846,SET_X2_HEBILLAS_MOÑOS_CHICOS_FUCSIA,37690,103846_SET_X2_HEBILLAS_MOÑOS_CHICOS_FUCSIA_37690.jpg
103847,SET_X2_HEBILLAS_MOÑOS_CHICOS_ROSA,37689,103847_SET_X2_HEBILLAS_MOÑOS_CHICOS_ROSA_37689.jpg
103848,SET_X2_HEBILLAS_MOÑOS_CHICOS_ROSA_VIOLETA,37693,103848_SET_X2_HEBILLAS_MOÑOS_CHICOS_ROSA_VIOLETA_37693.jpg
103849,SET_X2_HEBILLAS_MOÑOS_DE_TUL_ROSA,37673,103849_SET_X2_HEBILLAS_MOÑOS_DE_TUL_ROSA_37673.jpg
103850,SET_X2_HEBILLAS_MOÑOS_GLITTER_BLANCO_VERDE,37720,103850_SET_X2_HEBILLAS_MOÑOS_GLITTER_BLANCO_VERDE_37720.jpg
103851,SET_X2_HEBILLAS_MOÑOS_GLITTER_ROSA_BLANCO,37718,103851_SET_X2_HEBILLAS_MOÑOS_GLITTER_ROSA_BLANCO_37718.jpg
103852,SET_X2_HEBILLAS_MOÑOS_MEDIANOS_BLANCO,37703,103852_SET_X2_HEBILLAS_MOÑOS_MEDIANOS_BLANCO_37703.jpg
103853,SET_X2_HEBILLAS_MOÑOS_MEDIANOS_DOBLE_ROSA,37721,103853_SET_X2_HEBILLAS_MOÑOS_MEDIANOS_DOBLE_ROSA_37721.jpg
103854,SET_X2_HEBILLAS_MOÑOS_PASTEL_ROSA,37713,103854_SET_X2_HEBILLAS_MOÑOS_PASTEL_ROSA_37713.jpg
103855,SET_X2_MOÑOS___GOMITAS_FUCSIA,37701,103855_SET_X2_MOÑOS___GOMITAS_FUCSIA_37701.jpg
103856,SET_X2_PULSERAS_CRISTAL_ROMBO_BLANCO_BEIGE,37591,103856_SET_X2_PULSERAS_CRISTAL_ROMBO_BLANCO_BEIGE_37591.jpg
103857,SET_X2_PULSERAS_CRISTAL_ROMBO_CELESTE_AZUL,37592,103857_SET_X2_PULSERAS_CRISTAL_ROMBO_CELESTE_AZUL_37592.jpg
103858,SET_X2_PULSERAS_CRISTAL_ROMBO_ROSA_ROJO,37593,103858_SET_X2_PULSERAS_CRISTAL_ROMBO_ROSA_ROJO_37593.jpg
103859,SET_X2_PULSERAS_CRISTAL_ROMBO_VIOLETA_GRIS,37594,103859_SET_X2_PULSERAS_CRISTAL_ROMBO_VIOLETA_GRIS_37594.jpg
103860,SET_X3_ANILLOS_BRILLOS_DORADO,38203,103860_SET_X3_ANILLOS_BRILLOS_DORADO_38203.jpg
103861,SET_X3_ANILLOS_CORAZON_LUNA_ESTRELLA_DORADO,38208,103861_SET_X3_ANILLOS_CORAZON_LUNA_ESTRELLA_DORADO_38208.jpg
103862,SET_X3_ANILLOS_BRILLOS_DORADO,38204,103862_SET_X3_ANILLOS_BRILLOS_DORADO_38204.jpg
103863,SET_X3_ANILLOS_FINITO_CRUZADO_DORADO_,38205,103863_SET_X3_ANILLOS_FINITO_CRUZADO_DORADO__38205.jpg
103864,SET_X3_ANILLOS_BRILLOS_DORADO,38207,103864_SET_X3_ANILLOS_BRILLOS_DORADO_38207.jpg
103865,SET_X3_ANILLOS_PERLITA_MANO_CORAZONES_PLATEADO,37466,103865_SET_X3_ANILLOS_PERLITA_MANO_CORAZONES_PLATEADO_37466.jpg
103866,SET_X3_ANILLOS_PERLITA_MEDIA_CRUZ_DORADO,38209,103866_SET_X3_ANILLOS_PERLITA_MEDIA_CRUZ_DORADO_38209.jpg
103867,SET_X3_ANILLOS_PIEDRA_CUADRADA_ESLABONES_DORADO_,38206,103867_SET_X3_ANILLOS_PIEDRA_CUADRADA_ESLABONES_DORADO__38206.jpg
103868,SET_X3_ANILLOS_PIEDRA_CUADRADA_LISO_PLATEADO,37465,103868_SET_X3_ANILLOS_PIEDRA_CUADRADA_LISO_PLATEADO_37465.jpg
103869,SET_X3_ANILLOS_TORZADO_ABRAZO_PLATEADO,37467,103869_SET_X3_ANILLOS_TORZADO_ABRAZO_PLATEADO_37467.jpg
103870,SET_X3_GOMITAS_C__CONEJITOS_SILICONA_FUCSIA,37661,103870_SET_X3_GOMITAS_C__CONEJITOS_SILICONA_FUCSIA_37661.jpg
103871,SET_X3_GOMITAS_GRANDES_LISAS_SURTIDO,37627,103871_SET_X3_GOMITAS_GRANDES_LISAS_SURTIDO_37627.jpg
103872,SET_X3_GOMITAS_GRANDES_RAYADO_SURTIDO,37628,103872_SET_X3_GOMITAS_GRANDES_RAYADO_SURTIDO_37628.jpg
103873,SET_X3_HEBILLA_MOÑO_CORAZON_C__LENTEJUELA_ROSA_CRUDO,37697,103873_SET_X3_HEBILLA_MOÑO_CORAZON_C__LENTEJUELA_ROSA_CRUDO_37697.jpg
103874,SET_X3_HEBILLAS_CUADRADAS_BEIGE_ROSA,37678,103874_SET_X3_HEBILLAS_CUADRADAS_BEIGE_ROSA_37678.jpg
103875,SET_X3_HEBILLAS_METAL_CORAZONES_ROSA,37681,103875_SET_X3_HEBILLAS_METAL_CORAZONES_ROSA_37681.jpg
103876,SET_X3_HEBILLAS_METAL_ONDULADAS_PASTEL,37679,103876_SET_X3_HEBILLAS_METAL_ONDULADAS_PASTEL_37679.jpg
103877,SET_X3_HEBILLAS_MOÑO_BRILLOS,37704,103877_SET_X3_HEBILLAS_MOÑO_BRILLOS_37704.jpg
103878,SET_X3_HEBILLAS_MOÑO_CORAL,37696,103878_SET_X3_HEBILLAS_MOÑO_CORAL_37696.jpg
103879,SET_X3_HEBILLAS_MOÑO_HEBILLA_CARAMELO_INFLABLE_ROSA,37695,103879_SET_X3_HEBILLAS_MOÑO_HEBILLA_CARAMELO_INFLABLE_ROSA_37695.jpg
103880,SET_X3_HEBILLAS_MOÑOS_CINTA_LILA,37717,103880_SET_X3_HEBILLAS_MOÑOS_CINTA_LILA_37717.jpg
103881,SET_X3_PASANTES_ARGOLLA_GRANDE_C__DIJE_PLATEADO,37478,103881_SET_X3_PASANTES_ARGOLLA_GRANDE_C__DIJE_PLATEADO_37478.jpg
103882,SET_X3_PASANTES_SEMI_ARGOLLA_PLATEADO,37479,103882_SET_X3_PASANTES_SEMI_ARGOLLA_PLATEADO_37479.jpg
103883,SET_X4_ANILLOS_INFANTIL_HELADO_FLOR_CORAZON,37517,103883_SET_X4_ANILLOS_INFANTIL_HELADO_FLOR_CORAZON_37517.jpg
103884,SET_X4_BROCHES___HEBILLAS_CORAZON_TRANSPARENTE_PASTEL,37694,103884_SET_X4_BROCHES___HEBILLAS_CORAZON_TRANSPARENTE_PASTEL_37694.jpg
103885,SET_X4_BROCHES_CHICOS_C__CORAZON_TRANSPARENTES,37666,103885_SET_X4_BROCHES_CHICOS_C__CORAZON_TRANSPARENTES_37666.jpg
103886,SET_X4_BROCHES_CHICOS_FLORES___GOMITAS_CONEJO___HEBILLA,37658,103886_SET_X4_BROCHES_CHICOS_FLORES___GOMITAS_CONEJO___HEBILLA_37658.jpg
103887,SET_X4_BROCHES_CHICOS_FLORES___HEBILLA_MOÑO_CHICO,37662,103887_SET_X4_BROCHES_CHICOS_FLORES___HEBILLA_MOÑO_CHICO_37662.jpg
103888,SET_X4_BROCHES_CHICOS_MATE_PASTEL,37639,103888_SET_X4_BROCHES_CHICOS_MATE_PASTEL_37639.jpg
103889,SET_X4_BROCHES_CHICOS_MATE_PASTEL,37640,103889_SET_X4_BROCHES_CHICOS_MATE_PASTEL_37640.jpg
103890,SET_X4_BROCHES_CHICOS_ONDULADOS_MATE_PASTEL,37638,103890_SET_X4_BROCHES_CHICOS_ONDULADOS_MATE_PASTEL_37638.jpg
103891,SET_X4_BROCHES_CHICOS_TORNASOL_ALMEJA,37667,103891_SET_X4_BROCHES_CHICOS_TORNASOL_ALMEJA_37667.jpg
103892,SET_X4_COLITAS_C__MOÑO_PASTEL,37619,103892_SET_X4_COLITAS_C__MOÑO_PASTEL_37619.jpg
103893,SET_X4_COLITAS_PRINT_PASTEL,37623,103893_SET_X4_COLITAS_PRINT_PASTEL_37623.jpg
103894,SET_X4_COLITAS_RAYADO_PASTEL,37622,103894_SET_X4_COLITAS_RAYADO_PASTEL_37622.jpg
103895,SET_X4_GOMITAS_CABLE_SURTIDO_BRILLANTE,37613,103895_SET_X4_GOMITAS_CABLE_SURTIDO_BRILLANTE_37613.jpg
103896,SET_X4_GOMITAS_CABLE_SURTIDO_NUDE,37614,103896_SET_X4_GOMITAS_CABLE_SURTIDO_NUDE_37614.jpg
103897,SET_X4_GOMITAS_CHICAS_MARRON,37620,103897_SET_X4_GOMITAS_CHICAS_MARRON_37620.jpg
103898,SET_X4_HEBILLAS___INVISIBLES_METAL_PASTEL,37676,103898_SET_X4_HEBILLAS___INVISIBLES_METAL_PASTEL_37676.jpg
103899,SET_X4_HEBILLAS_CEREZAS_ROJO,37683,103899_SET_X4_HEBILLAS_CEREZAS_ROJO_37683.jpg
103900,SET_X4_HEBILLAS_DE_SILICONA_VIOLETA,37654,103900_SET_X4_HEBILLAS_DE_SILICONA_VIOLETA_37654.jpg
103901,SET_X4_HEBILLAS_MARIPOSAS_MOÑOS_BRILLOS,37716,103901_SET_X4_HEBILLAS_MARIPOSAS_MOÑOS_BRILLOS_37716.jpg
103902,SET_X4_HEBILLAS_METAL_LISAS_ESTAMPADAS,37682,103902_SET_X4_HEBILLAS_METAL_LISAS_ESTAMPADAS_37682.jpg
103903,SET_X4_HEBILLAS_MOÑOS___MARIPOSAS_CELESTE,37708,103903_SET_X4_HEBILLAS_MOÑOS___MARIPOSAS_CELESTE_37708.jpg
103904,SET_X4_MINI_GOMITAS_C__BOLITAS_OREJITAS,37636,103904_SET_X4_MINI_GOMITAS_C__BOLITAS_OREJITAS_37636.jpg
103905,SET_X4_MINI_GOMITAS_RAYADAS_C__BOLITAS,37637,103905_SET_X4_MINI_GOMITAS_RAYADAS_C__BOLITAS_37637.jpg
103906,SET_X4_OREJITAS_C__ESTRELLAS_BLANCO_ROSA,37631,103906_SET_X4_OREJITAS_C__ESTRELLAS_BLANCO_ROSA_37631.jpg
103907,SET_X4_OREJITAS_C__ESTRELLAS_FUCSIA_BLANCO,37633,103907_SET_X4_OREJITAS_C__ESTRELLAS_FUCSIA_BLANCO_37633.jpg
103908,SET_X4_OREJITAS_C__ESTRELLAS_NARANJA_BLANCO,37630,103908_SET_X4_OREJITAS_C__ESTRELLAS_NARANJA_BLANCO_37630.jpg
103909,SET_X4_OREJITAS_C__ESTRELLAS_NEGRO_BLANCO,37634,103909_SET_X4_OREJITAS_C__ESTRELLAS_NEGRO_BLANCO_37634.jpg
103910,SET_X4_OREJITAS_C__ESTRELLAS_ROJO_BLANCO,37629,103910_SET_X4_OREJITAS_C__ESTRELLAS_ROJO_BLANCO_37629.jpg
103911,SET_X4_OREJITAS_C__ESTRELLAS_VERDE_BLANCO,37632,103911_SET_X4_OREJITAS_C__ESTRELLAS_VERDE_BLANCO_37632.jpg
103912,SET_X4_OREJITAS_C__POMPON_FUCSIA_NEGRO,37624,103912_SET_X4_OREJITAS_C__POMPON_FUCSIA_NEGRO_37624.jpg
103913,SET_X4_OREJITAS_C__POMPON_ROSA_FLUO,37625,103913_SET_X4_OREJITAS_C__POMPON_ROSA_FLUO_37625.jpg
103914,SET_X4_OREJITAS_C__POMPON_TURQUESA,37626,103914_SET_X4_OREJITAS_C__POMPON_TURQUESA_37626.jpg
103915,SET_X5_BROCHES_CHICOS_CORONITA___COLITAS,37655,103915_SET_X5_BROCHES_CHICOS_CORONITA___COLITAS_37655.jpg
103916,SET_X5_BROCHES_CHICOS_FLORES___COLITAS,37656,103916_SET_X5_BROCHES_CHICOS_FLORES___COLITAS_37656.jpg
103917,SET_X5_COLITAS_DEGRADE_CELESTE,37617,103917_SET_X5_COLITAS_DEGRADE_CELESTE_37617.jpg
103918,SET_X5_COLITAS_DEGRADE_ROSA,37618,103918_SET_X5_COLITAS_DEGRADE_ROSA_37618.jpg
103919,SET_X5_GOMITAS_C__APLIQUE,37653,103919_SET_X5_GOMITAS_C__APLIQUE_37653.jpg
103920,SET_X6_BROCHES_CHICOS_CUADRADOS_PASTEL,37595,103920_SET_X6_BROCHES_CHICOS_CUADRADOS_PASTEL_37595.jpg
103921,SET_X6_BROCHES_CHICOS_MOÑOS_PASTEL,37596,103921_SET_X6_BROCHES_CHICOS_MOÑOS_PASTEL_37596.jpg
103922,SET_X6_GOMITAS_CLASICOS_BRILLOS,37615,103922_SET_X6_GOMITAS_CLASICOS_BRILLOS_37615.jpg
103923,SET_X6_GOMITAS_GRANDES_MARRON,37616,103923_SET_X6_GOMITAS_GRANDES_MARRON_37616.jpg
103924,SET_X6_GOMITAS_MEDIANAS_BRILLOS_FRUTILLAS,37621,103924_SET_X6_GOMITAS_MEDIANAS_BRILLOS_FRUTILLAS_37621.jpg
103925,SET_X6_GOMITAS_MEDIANAS_C__ESTRELLA_PLATEADO_NEGRO,37635,103925_SET_X6_GOMITAS_MEDIANAS_C__ESTRELLA_PLATEADO_NEGRO_37635.jpg
103926,SET_X6_GOMITAS_MEDIANAS_MARRON,37612,103926_SET_X6_GOMITAS_MEDIANAS_MARRON_37612.jpg
103927,SET_X6_HEBILLAS_MOÑOS_CHICOS_C__CORAZONES,37700,103927_SET_X6_HEBILLAS_MOÑOS_CHICOS_C__CORAZONES_37700.jpg
103928,SET_X6_HEBILLAS_NEGRO,37684,103928_SET_X6_HEBILLAS_NEGRO_37684.jpg
103929,SET_X6_MINI_BROCHES_ESTRELLA_SURTIDO,37649,103929_SET_X6_MINI_BROCHES_ESTRELLA_SURTIDO_37649.jpg
103930,SET_X6_MINI_BROCHES_ESTRELLA_SURTIDO_BRILLANTE,37650,103930_SET_X6_MINI_BROCHES_ESTRELLA_SURTIDO_BRILLANTE_37650.jpg
103931,SET_X6_MINI_BROCHES_FLORCITAS_SURTIDO,37648,103931_SET_X6_MINI_BROCHES_FLORCITAS_SURTIDO_37648.jpg
103932,SET_X7_MINI_BROCHES_SURTIDOS_PASTEL,37674,103932_SET_X7_MINI_BROCHES_SURTIDOS_PASTEL_37674.jpg
103933,SET_X8_HEBILLAS___GOMITAS_PASTEL,37665,103933_SET_X8_HEBILLAS___GOMITAS_PASTEL_37665.jpg
103934,SET_X8_HEBILLAS_ANCHAS_FINAS_ROSA,37675,103934_SET_X8_HEBILLAS_ANCHAS_FINAS_ROSA_37675.jpg
103935,SHOPPER_CORA,37395,103935_SHOPPER_CORA_37395.jpg
103936,SHOPPER_CORA,38199,103936_SHOPPER_CORA_38199.jpg
103937,SHOPPER_CORA,38200,103937_SHOPPER_CORA_38200.jpg
103938,SHOPPER_FLORES,37397,103938_SHOPPER_FLORES_37397.jpg
103939,SHOPPER_MARU,37398,103939_SHOPPER_MARU_37398.jpg
103940,SHOPPER_MARU,37399,103940_SHOPPER_MARU_37399.jpg
103941,SHOPPER_MARU,37400,103941_SHOPPER_MARU_37400.jpg
103942,SHOPPER_MARU,37401,103942_SHOPPER_MARU_37401.jpg
103943,SHOPPER_MARU,37402,103943_SHOPPER_MARU_37402.jpg
103944,SHOPPER_MARU,37403,103944_SHOPPER_MARU_37403.jpg
103945,SHOPPER_MARU,37404,103945_SHOPPER_MARU_37404.jpg
103946,SHOPPER_MARU,37405,103946_SHOPPER_MARU_37405.jpg
103947,SHOPPER_MARU,37406,103947_SHOPPER_MARU_37406.jpg
103948,SHOPPER_MARU,37408,103948_SHOPPER_MARU_37408.jpg
103949,SHOPPER_MARU,38237,103949_SHOPPER_MARU_38237.jpg
103950,SOBRE_ANALIA_CHICO,37245,103950_SOBRE_ANALIA_CHICO_37245.jpg
103951,SOBRE_ANALIA_CHICO,37247,103951_SOBRE_ANALIA_CHICO_37247.jpg
103952,SOBRE_ANALIA_CHICO,37248,103952_SOBRE_ANALIA_CHICO_37248.jpg
103953,SOBRE_ANALIA_CHICO,37249,103953_SOBRE_ANALIA_CHICO_37249.jpg
103954,SOBRE_ANALIA_CHICO,37250,103954_SOBRE_ANALIA_CHICO_37250.jpg
103955,SOBRE_ANALIA_CHICO,37251,103955_SOBRE_ANALIA_CHICO_37251.jpg
103956,SOBRE_ANALIA_CHICO,37252,103956_SOBRE_ANALIA_CHICO_37252.jpg
103957,SOBRE_ANALIA_CHICO,37253,103957_SOBRE_ANALIA_CHICO_37253.jpg
103958,SOBRE_ANALIA_CHICO,37254,103958_SOBRE_ANALIA_CHICO_37254.jpg
103959,SOBRE_ANALIA_CHICO,37255,103959_SOBRE_ANALIA_CHICO_37255.jpg
103960,SOBRE_ANALIA_CHICO,38182,103960_SOBRE_ANALIA_CHICO_38182.jpg
103961,SOBRE_ANALIA_GRANDE,37256,103961_SOBRE_ANALIA_GRANDE_37256.jpg
103962,SOBRE_ANALIA_GRANDE,37257,103962_SOBRE_ANALIA_GRANDE_37257.jpg
103963,SOBRE_ANALIA_GRANDE,37258,103963_SOBRE_ANALIA_GRANDE_37258.jpg
103964,SOBRE_ANALIA_GRANDE,37259,103964_SOBRE_ANALIA_GRANDE_37259.jpg
103965,SOBRE_ANALIA_GRANDE,37260,103965_SOBRE_ANALIA_GRANDE_37260.jpg
103966,SOBRE_ANALIA_GRANDE,37261,103966_SOBRE_ANALIA_GRANDE_37261.jpg
103967,SOBRE_ANALIA_GRANDE,37262,103967_SOBRE_ANALIA_GRANDE_37262.jpg
103968,SOBRE_ANALIA_GRANDE,37263,103968_SOBRE_ANALIA_GRANDE_37263.jpg
103969,SOBRE_ANALIA_GRANDE,37264,103969_SOBRE_ANALIA_GRANDE_37264.jpg
103970,SOBRE_ANALIA_GRANDE,37265,103970_SOBRE_ANALIA_GRANDE_37265.jpg
103971,SOBRE_ANALIA_GRANDE,37801,103971_SOBRE_ANALIA_GRANDE_37801.jpg
103972,SOBRE_PAMPA_CHICO,37270,103972_SOBRE_PAMPA_CHICO_37270.jpg
103973,SOBRE_PAMPA_CHICO,37271,103973_SOBRE_PAMPA_CHICO_37271.jpg
103974,SOBRE_PAMPA_CHICO,37272,103974_SOBRE_PAMPA_CHICO_37272.jpg
103975,SOBRE_PAMPA_CHICO,37273,103975_SOBRE_PAMPA_CHICO_37273.jpg
103976,SOBRE_PAMPA_GRANDE,37347,103976_SOBRE_PAMPA_GRANDE_37347.jpg
103977,SOBRE_PRAGA,37266,103977_SOBRE_PRAGA_37266.jpg
103978,SOBRE_PRAGA,38201,103978_SOBRE_PRAGA_38201.jpg
103979,SOBRE_PRAGA,38238,103979_SOBRE_PRAGA_38238.jpg
103980,SOBRE_PRAGA_TACHAS,37268,103980_SOBRE_PRAGA_TACHAS_37268.jpg
103981,TOTE_LILY,37414,103981_TOTE_LILY_37414.jpg
103982,TOTE_TATI,37409,103982_TOTE_TATI_37409.jpg
103983,TOTE_TATI,37410,103983_TOTE_TATI_37410.jpg
103984,TOTE_TATI,37411,103984_TOTE_TATI_37411.jpg
103985,TOTE_TATI,38202,103985_TOTE_TATI_38202.jpg
103986,ANILLO_INFANTIL,39244,103986_ANILLO_INFANTIL_39244.jpg
103987,ANILLO_INFANTIL,39245,103987_ANILLO_INFANTIL_39245.jpg
103988,ANILLO_INFANTIL,39246,103988_ANILLO_INFANTIL_39246.jpg
103989,ANILLO_INFANTIL,39247,103989_ANILLO_INFANTIL_39247.jpg
103990,ANILLO_INFANTIL,39248,103990_ANILLO_INFANTIL_39248.jpg
103991,ANILLO_INFANTIL,39249,103991_ANILLO_INFANTIL_39249.jpg
103992,ANILLO_INFANTIL,39251,103992_ANILLO_INFANTIL_39251.jpg
103993,ANILLO_INFANTIL,39252,103993_ANILLO_INFANTIL_39252.jpg
103994,ANILLO_INFANTIL,39253,103994_ANILLO_INFANTIL_39253.jpg
103995,ANILLO_INFANTIL,39254,103995_ANILLO_INFANTIL_39254.jpg
103996,ARMA_TU_LOOK,37433,103996_ARMA_TU_LOOK_37433.jpg
103997,CARTERA_VERA,39256,103997_CARTERA_VERA_39256.jpg
103998,CARTERA_LONDRES,39269,103998_CARTERA_LONDRES_39269.jpg
103999,LLAVERO_ABC,39336,103999_LLAVERO_ABC_39336.jpg
104000,CARTERA_LONDRES,39354,104000_CARTERA_LONDRES_39354.jpg
104049,PILUSO_NARI,54083,104049_PILUSO_NARI_54083.jpg
104050,PILUSO_NARI,54084,104050_PILUSO_NARI_54084.jpg
104051,SOMBRERO_LOLI,39364,104051_SOMBRERO_LOLI_39364.jpg
104059,CADENA_ROLO,39366,104059_CADENA_ROLO_39366.jpg
104060,PULSERA_ROLO_OVAL_0_6,39369,104060_PULSERA_ROLO_OVAL_0_6_39369.jpg
104061,CADENA_TOURBILLON,39372,104061_CADENA_TOURBILLON_39372.jpg
104062,CADENA_FORCET_FACETADA,39373,104062_CADENA_FORCET_FACETADA_39373.jpg
104063,CADENA_FORCET_FACETADA_LARGA_1_0,39374,104063_CADENA_FORCET_FACETADA_LARGA_1_0_39374.jpg
104064,TIRITA_GAMUZA_,39492,104064_TIRITA_GAMUZA__39492.jpg
104065,TIRITA_GAMUZA_,39504,104065_TIRITA_GAMUZA__39504.jpg
104066,TIRITA_GAMUZA_,39500,104066_TIRITA_GAMUZA__39500.jpg
104067,TIRITA_GAMUZA_,39657,104067_TIRITA_GAMUZA__39657.jpg
104068,TIRITA_GAMUZA_,39490,104068_TIRITA_GAMUZA__39490.jpg
104069,TIRITA_GAMUZA_,39510,104069_TIRITA_GAMUZA__39510.jpg
104070,TIRITA_GAMUZA_,39502,104070_TIRITA_GAMUZA__39502.jpg
104071,TIRITA_GAMUZA_,39498,104071_TIRITA_GAMUZA__39498.jpg
104072,TIRITA_GAMUZA_,39478,104072_TIRITA_GAMUZA__39478.jpg
104073,TIRITA_GAMUZA_,39635,104073_TIRITA_GAMUZA__39635.jpg
104074,TIRITA_GAMUZA_,39619,104074_TIRITA_GAMUZA__39619.jpg
104075,TIRITA_GAMUZA_,39683,104075_TIRITA_GAMUZA__39683.jpg
104076,TIRITA_GAMUZA_,39489,104076_TIRITA_GAMUZA__39489.jpg
104077,TIRITA_GAMUZA_,39473,104077_TIRITA_GAMUZA__39473.jpg
104078,TIRITA_GAMUZA_,39497,104078_TIRITA_GAMUZA__39497.jpg
104079,TIRITA_GAMUZA_,39509,104079_TIRITA_GAMUZA__39509.jpg
104080,TIRITA_GAMUZA_,39624,104080_TIRITA_GAMUZA__39624.jpg
104081,TIRITA_GAMUZA_,39732,104081_TIRITA_GAMUZA__39732.jpg
104082,TIRITA_GAMUZA_,39726,104082_TIRITA_GAMUZA__39726.jpg
104083,TIRITA_GAMUZA_,39495,104083_TIRITA_GAMUZA__39495.jpg
104084,TIRITA_GAMUZA_,39483,104084_TIRITA_GAMUZA__39483.jpg
104085,TIRITA_GAMUZA_,39622,104085_TIRITA_GAMUZA__39622.jpg
104086,TIRITA_GAMUZA_,39630,104086_TIRITA_GAMUZA__39630.jpg
104087,TIRITA_GAMUZA_,39614,104087_TIRITA_GAMUZA__39614.jpg
104088,TIRITA_GAMUZA_,39650,104088_TIRITA_GAMUZA__39650.jpg
104089,TIRITA_GAMUZA_,39658,104089_TIRITA_GAMUZA__39658.jpg
104090,TIRITA_GAMUZA_,39678,104090_TIRITA_GAMUZA__39678.jpg
104091,TIRITA_GAMUZA_,39674,104091_TIRITA_GAMUZA__39674.jpg
104092,TIRITA_GAMUZA_,39472,104092_TIRITA_GAMUZA__39472.jpg
104093,TIRITA_GAMUZA_,39649,104093_TIRITA_GAMUZA__39649.jpg
104094,TIRITA_GAMUZA_,39625,104094_TIRITA_GAMUZA__39625.jpg
104095,TIRITA_GAMUZA_,39617,104095_TIRITA_GAMUZA__39617.jpg
104096,PORTAPASAPORTE_WARA,39725,104096_PORTAPASAPORTE_WARA_39725.jpg
104097,TIRITA_GAMUZA_,39480,104097_TIRITA_GAMUZA__39480.jpg
104098,ARO_PASANTE_INICIAL,52643,104098_ARO_PASANTE_INICIAL_52643.jpg
104099,ARO_PASANTE_INICIAL,52644,104099_ARO_PASANTE_INICIAL_52644.jpg
104100,ARO_PASANTE_INICIAL,52645,104100_ARO_PASANTE_INICIAL_52645.jpg
104101,ARO_PASANTE_INICIAL,52646,104101_ARO_PASANTE_INICIAL_52646.jpg
104102,ARO_PASANTE_INICIAL,52647,104102_ARO_PASANTE_INICIAL_52647.jpg
104103,ARO_PASANTE_INICIAL,52648,104103_ARO_PASANTE_INICIAL_52648.jpg
104104,ARO_PASANTE_INICIAL,52650,104104_ARO_PASANTE_INICIAL_52650.jpg
104105,ARO_PASANTE_INICIAL,52651,104105_ARO_PASANTE_INICIAL_52651.jpg
104106,ARO_PASANTE_INICIAL,52649,104106_ARO_PASANTE_INICIAL_52649.jpg
104107,ARO_PASANTE_INICIAL,52652,104107_ARO_PASANTE_INICIAL_52652.jpg
104108,ARO_PASANTE_INICIAL,52653,104108_ARO_PASANTE_INICIAL_52653.jpg
104109,ARO_PASANTE_INICIAL,52654,104109_ARO_PASANTE_INICIAL_52654.jpg
104110,ARO_PASANTE_INICIAL,52655,104110_ARO_PASANTE_INICIAL_52655.jpg
104111,ARO_PASANTE_INICIAL,52656,104111_ARO_PASANTE_INICIAL_52656.jpg
104112,ARO_PASANTE_INICIAL,52657,104112_ARO_PASANTE_INICIAL_52657.jpg
104126,TARJETERO_RUBI,39771,104126_TARJETERO_RUBI_39771.jpg
104127,PORTAPASAPORTE_CHESTER,39904,104127_PORTAPASAPORTE_CHESTER_39904.jpg
104128,ARO_PASANTE_PERLA_BLANCA_10_MM,40070,104128_ARO_PASANTE_PERLA_BLANCA_10_MM_40070.jpg
104129,ARO_PASANTE_PERLA_BLANCA_8_MM,40073,104129_ARO_PASANTE_PERLA_BLANCA_8_MM_40073.jpg
104130,ARO_PASANTE_PERLA_BLANCA_6_MM,40072,104130_ARO_PASANTE_PERLA_BLANCA_6_MM_40072.jpg
104131,ARO_PASANTE_PERLA_BLANCA_4_MM,40071,104131_ARO_PASANTE_PERLA_BLANCA_4_MM_40071.jpg
104132,ARO_PASANTE_CON_STRASS_DORADO_8_MM_,40056,104132_ARO_PASANTE_CON_STRASS_DORADO_8_MM__40056.jpg
104133,ARO_PASANTE_CON_STRASS_DORADO_6_MM_,40055,104133_ARO_PASANTE_CON_STRASS_DORADO_6_MM__40055.jpg
104134,ARO_PASANTE_CON_STRASS_DORADO_4_MM_,40054,104134_ARO_PASANTE_CON_STRASS_DORADO_4_MM__40054.jpg
104135,ARO_PASANTE_CHISPA_STRASS_ENGARZADO_4_PUNTAS_10_MM_,40049,104135_ARO_PASANTE_CHISPA_STRASS_ENGARZADO_4_PUNTAS_10_MM__40049.jpg
104136,ARO_PASANTE_CHISPA_STRASS_ENGARZADO_4_PUNTAS_8_MM_,40052,104136_ARO_PASANTE_CHISPA_STRASS_ENGARZADO_4_PUNTAS_8_MM__40052.jpg
104137,ARO_PASANTE_CHISPA_STRASS_ENGARZADO_4_PUNTAS_6_MM_,40051,104137_ARO_PASANTE_CHISPA_STRASS_ENGARZADO_4_PUNTAS_6_MM__40051.jpg
104138,ARO_PASANTE_CHISPA_STRASS_ENGARZADO_4_PUNTAS_5_MM_,40050,104138_ARO_PASANTE_CHISPA_STRASS_ENGARZADO_4_PUNTAS_5_MM__40050.jpg
104139,ARO_PASANTE_CHISPA_VARIAS_PUNTAS_NIQUEL_12_MM_,40053,104139_ARO_PASANTE_CHISPA_VARIAS_PUNTAS_NIQUEL_12_MM__40053.jpg
104140,ARO_PASANTE_CHISPA_4_PUNTAS_NIQUEL_6_MM,40043,104140_ARO_PASANTE_CHISPA_4_PUNTAS_NIQUEL_6_MM_40043.jpg
104141,ARO_PASANTE_CHISPA_4_PUNTAS_NIQUEL_5_MM,40042,104141_ARO_PASANTE_CHISPA_4_PUNTAS_NIQUEL_5_MM_40042.jpg
104142,ARO_PASANTE_CHISPA_ENGARZADO_VARIAS_PUNTAS_DORADO_12_MM,40045,104142_ARO_PASANTE_CHISPA_ENGARZADO_VARIAS_PUNTAS_DORADO_12_MM_40045.jpg
104143,ARO_PASANTE_CHISPA_ENGARZADO_VARIAS_PUNTAS_DORADO_10_MM,40044,104143_ARO_PASANTE_CHISPA_ENGARZADO_VARIAS_PUNTAS_DORADO_10_MM_40044.jpg
104144,ARO_PASANTE_CHISPA_ENGARZADO_VARIAS_PUNTAS_DORADO_8_MM,40048,104144_ARO_PASANTE_CHISPA_ENGARZADO_VARIAS_PUNTAS_DORADO_8_MM_40048.jpg
104145,ARO_PASANTE_CHISPA_ENGARZADO_VARIAS_PUNTAS_DORADO_6_MM,40047,104145_ARO_PASANTE_CHISPA_ENGARZADO_VARIAS_PUNTAS_DORADO_6_MM_40047.jpg
104146,ARO_PASANTE_CHISPA_ENGARZADO_VARIAS_PUNTAS_DORADO_5_MM,40046,104146_ARO_PASANTE_CHISPA_ENGARZADO_VARIAS_PUNTAS_DORADO_5_MM_40046.jpg
104147,ARO_PASANTE_PERLA_BEIGE_10_MM,40066,104147_ARO_PASANTE_PERLA_BEIGE_10_MM_40066.jpg
104148,ARO_PASANTE_PERLA_BEIGE_8_MM,40069,104148_ARO_PASANTE_PERLA_BEIGE_8_MM_40069.jpg
104149,ARO_PASANTE_PERLA_BEIGE_6_MM,40068,104149_ARO_PASANTE_PERLA_BEIGE_6_MM_40068.jpg
104150,ARO_PASANTE_PERLA_BEIGE_4_MM,40067,104150_ARO_PASANTE_PERLA_BEIGE_4_MM_40067.jpg
104151,ARO_PASANTE_SIMIL_STRASS_NIQUEL_,40074,104151_ARO_PASANTE_SIMIL_STRASS_NIQUEL__40074.jpg
104152,ARO_PASANTE_SIMIL_STRASS_PLATEADO_,40075,104152_ARO_PASANTE_SIMIL_STRASS_PLATEADO__40075.jpg
104153,ARO_PASANTE_CORAZON_GRANDE,40076,104153_ARO_PASANTE_CORAZON_GRANDE_40076.jpg
104154,ARO_PASANTE_CORAZON_GRANDE,40077,104154_ARO_PASANTE_CORAZON_GRANDE_40077.jpg
104155,ARO_PASANTE_CORAZON_CHICO,40079,104155_ARO_PASANTE_CORAZON_CHICO_40079.jpg
104156,ARO_PASANTE_CORAZON_CHICO,40078,104156_ARO_PASANTE_CORAZON_CHICO_40078.jpg
104157,ARO_PASANTE_ESTRELLA_GRANDE_PLATEADO,40082,104157_ARO_PASANTE_ESTRELLA_GRANDE_PLATEADO_40082.jpg
104158,ARO_PASANTE_ESTRELLA_CHICO_PLATEADO,40059,104158_ARO_PASANTE_ESTRELLA_CHICO_PLATEADO_40059.jpg
104159,ARO_PASANTE_BOLITA_NEGRO_8_MM_,40041,104159_ARO_PASANTE_BOLITA_NEGRO_8_MM__40041.jpg
104160,ARO_PASANTE_BOLITA_NEGRO_10_MM_,40040,104160_ARO_PASANTE_BOLITA_NEGRO_10_MM__40040.jpg
104161,ARO_PASANTE_BOLITA_12_MM,40084,104161_ARO_PASANTE_BOLITA_12_MM_40084.jpg
104162,ARO_PASANTE_BOLITA_12_MM,40083,104162_ARO_PASANTE_BOLITA_12_MM_40083.jpg
104163,ARO_PASANTE_BOLITA_10_MM,40086,104163_ARO_PASANTE_BOLITA_10_MM_40086.jpg
104164,ARO_PASANTE_BOLITA_10_MM,40085,104164_ARO_PASANTE_BOLITA_10_MM_40085.jpg
104165,ARO_PASANTE_BOLITA_6_MM,40088,104165_ARO_PASANTE_BOLITA_6_MM_40088.jpg
104166,ARO_PASANTE_BOLITA_6_MM,40087,104166_ARO_PASANTE_BOLITA_6_MM_40087.jpg
104167,ARO_PASANTE_BOLITA_5_MM,40090,104167_ARO_PASANTE_BOLITA_5_MM_40090.jpg
104168,ARO_PASANTE_BOLITA_5_MM,40089,104168_ARO_PASANTE_BOLITA_5_MM_40089.jpg
104169,ARO_PASANTE_BOLITA_8_MM,40091,104169_ARO_PASANTE_BOLITA_8_MM_40091.jpg
104170,ARO_PASANTE_PASTILLA_14_MM,40094,104170_ARO_PASANTE_PASTILLA_14_MM_40094.jpg
104171,ARO_PASANTE_PASTILLA_14_MM,40093,104171_ARO_PASANTE_PASTILLA_14_MM_40093.jpg
104172,ARO_PASANTE_PASTILLA_12_MM,40096,104172_ARO_PASANTE_PASTILLA_12_MM_40096.jpg
104173,ARO_PASANTE_PASTILLA_12_MM,40095,104173_ARO_PASANTE_PASTILLA_12_MM_40095.jpg
104174,ARO_PASANTE_PASTILLA_10_MM,40098,104174_ARO_PASANTE_PASTILLA_10_MM_40098.jpg
104175,ARO_PASANTE_PASTILLA_10_MM,40097,104175_ARO_PASANTE_PASTILLA_10_MM_40097.jpg
104176,ARO_PASANTE_PASTILLA_8_MM,40100,104176_ARO_PASANTE_PASTILLA_8_MM_40100.jpg
104177,ARO_PASANTE_PASTILLA_8_MM,40099,104177_ARO_PASANTE_PASTILLA_8_MM_40099.jpg
104178,ARO_PASANTE_PASTILLA_6_MM,40102,104178_ARO_PASANTE_PASTILLA_6_MM_40102.jpg
104179,ARO_PASANTE_PASTILLA_6_MM,40101,104179_ARO_PASANTE_PASTILLA_6_MM_40101.jpg
104180,TIRITA_GAMUZA_,40187,104180_TIRITA_GAMUZA__40187.jpg
104181,TIRITA_GAMUZA_,39507,104181_TIRITA_GAMUZA__39507.jpg
104182,TOTE_TILCARA,40277,104182_TOTE_TILCARA_40277.jpg
104183,PORTAPASAPORTE_WARA,40307,104183_PORTAPASAPORTE_WARA_40307.jpg
104184,TOTE_TILCARA,40314,104184_TOTE_TILCARA_40314.jpg
104185,BILLETERA_ARLO,40326,104185_BILLETERA_ARLO_40326.jpg
104186,FUNDA_DE_CUADERNO_A4,40329,104186_FUNDA_DE_CUADERNO_A4_40329.jpg
104187,FUNDA_DE_CUADERNO_A4,40331,104187_FUNDA_DE_CUADERNO_A4_40331.jpg
104188,FUNDA_DE_CUADERNO_A5,40335,104188_FUNDA_DE_CUADERNO_A5_40335.jpg
104189,FUNDA_DE_CUADERNO_A5,40336,104189_FUNDA_DE_CUADERNO_A5_40336.jpg
104190,FUNDA_DE_CUADERNO_A6,40341,104190_FUNDA_DE_CUADERNO_A6_40341.jpg
104191,FUNDA_DE_CUADERNO_A6,40342,104191_FUNDA_DE_CUADERNO_A6_40342.jpg
104192,ANILLO_PIEDRA_SEMI_PRECIOSA_CIRCULAR,40350,104192_ANILLO_PIEDRA_SEMI_PRECIOSA_CIRCULAR_40350.jpg
104193,ANILLO_PIEDRA_SEMI_PRECIOSA_CIRCULAR,40353,104193_ANILLO_PIEDRA_SEMI_PRECIOSA_CIRCULAR_40353.jpg
104194,ANILLO_ZODIACO,40400,104194_ANILLO_ZODIACO_40400.jpg
104195,ANILLO_CRUZ,40445,104195_ANILLO_CRUZ_40445.jpg
104196,TOTE_MALVA,40446,104196_TOTE_MALVA_40446.jpg
104197,SOBRE_ANALIA_GRANDE,40462,104197_SOBRE_ANALIA_GRANDE_40462.jpg
104198,CARTUCHERA_JANA,40463,104198_CARTUCHERA_JANA_40463.jpg
104199,PORTAPASAPORTE_CHESTER,40483,104199_PORTAPASAPORTE_CHESTER_40483.jpg
104200,BANDOLERA_ANTONIETA,40512,104200_BANDOLERA_ANTONIETA_40512.jpg
104201,PORTALENTES_NOLE__LINEA_FRUNCES_,40531,104201_PORTALENTES_NOLE__LINEA_FRUNCES__40531.jpg
104202,PULSERA_ROMA,40540,104202_PULSERA_ROMA_40540.jpg
104203,PULSERA_ROMA,40545,104203_PULSERA_ROMA_40545.jpg
104204,PULSERA_ROMA,40550,104204_PULSERA_ROMA_40550.jpg
104205,PULSERA_ROMA,40541,104205_PULSERA_ROMA_40541.jpg
104206,PULSERA_ROMA,40546,104206_PULSERA_ROMA_40546.jpg
104207,PULSERA_ROMA,40551,104207_PULSERA_ROMA_40551.jpg
104208,PULSERA_ROMA,40542,104208_PULSERA_ROMA_40542.jpg
104209,PULSERA_ROMA,40547,104209_PULSERA_ROMA_40547.jpg
104210,PULSERA_ROMA,40552,104210_PULSERA_ROMA_40552.jpg
104211,PULSERA_ROMA,40556,104211_PULSERA_ROMA_40556.jpg
104212,PULSERA_ROMA,40561,104212_PULSERA_ROMA_40561.jpg
104213,PULSERA_ROMA,40566,104213_PULSERA_ROMA_40566.jpg
104214,PULSERA_ROMA,40558,104214_PULSERA_ROMA_40558.jpg
104215,PULSERA_ROMA,40563,104215_PULSERA_ROMA_40563.jpg
104216,PULSERA_ROMA,40568,104216_PULSERA_ROMA_40568.jpg
104217,PULSERA_ROMA,40559,104217_PULSERA_ROMA_40559.jpg
104218,PULSERA_ROMA,40564,104218_PULSERA_ROMA_40564.jpg
104219,PULSERA_ROMA,40569,104219_PULSERA_ROMA_40569.jpg
104220,PULSERA_TRENZADA,40574,104220_PULSERA_TRENZADA_40574.jpg
104221,PULSERA_TRENZADA,40579,104221_PULSERA_TRENZADA_40579.jpg
104222,PULSERA_TRENZADA,40584,104222_PULSERA_TRENZADA_40584.jpg
104223,PULSERA_TRENZADA,40570,104223_PULSERA_TRENZADA_40570.jpg
104224,PULSERA_TRENZADA,40575,104224_PULSERA_TRENZADA_40575.jpg
104225,PULSERA_TRENZADA,40580,104225_PULSERA_TRENZADA_40580.jpg
104226,PULSERA_TRENZADA,40572,104226_PULSERA_TRENZADA_40572.jpg
104227,PULSERA_TRENZADA,40577,104227_PULSERA_TRENZADA_40577.jpg
104228,PULSERA_TRENZADA,40582,104228_PULSERA_TRENZADA_40582.jpg
104229,PULSERA_TRENZADA,40585,104229_PULSERA_TRENZADA_40585.jpg
104230,PULSERA_TRENZADA,40590,104230_PULSERA_TRENZADA_40590.jpg
104231,PULSERA_TRENZADA,40595,104231_PULSERA_TRENZADA_40595.jpg
104232,PULSERA_TRENZADA,40588,104232_PULSERA_TRENZADA_40588.jpg
104233,PULSERA_TRENZADA,40593,104233_PULSERA_TRENZADA_40593.jpg
104234,PULSERA_TRENZADA,40598,104234_PULSERA_TRENZADA_40598.jpg
104235,PULSERA_TRENZADA,40586,104235_PULSERA_TRENZADA_40586.jpg
104236,PULSERA_TRENZADA,40591,104236_PULSERA_TRENZADA_40591.jpg
104237,PULSERA_TRENZADA,40596,104237_PULSERA_TRENZADA_40596.jpg
104238,BRAZALETE__1_,40604,104238_BRAZALETE__1__40604.jpg
104239,BRAZALETE__1_,40614,104239_BRAZALETE__1__40614.jpg
104240,BRAZALETE__1_,40600,104240_BRAZALETE__1__40600.jpg
104241,BRAZALETE__1_,40610,104241_BRAZALETE__1__40610.jpg
104242,BRAZALETE__1_,40602,104242_BRAZALETE__1__40602.jpg
104243,BRAZALETE__1_,40612,104243_BRAZALETE__1__40612.jpg
104244,BRAZALETE__1_,40615,104244_BRAZALETE__1__40615.jpg
104245,BRAZALETE__1_,40625,104245_BRAZALETE__1__40625.jpg
104246,BRAZALETE__1_,40618,104246_BRAZALETE__1__40618.jpg
104247,BRAZALETE__1_,40628,104247_BRAZALETE__1__40628.jpg
104248,BRAZALETE__1_,40616,104248_BRAZALETE__1__40616.jpg
104249,BRAZALETE__1_,40626,104249_BRAZALETE__1__40626.jpg
104250,BRAZALETE__2_,40634,104250_BRAZALETE__2__40634.jpg
104251,BRAZALETE__2_,40644,104251_BRAZALETE__2__40644.jpg
104252,BRAZALETE__2_,40630,104252_BRAZALETE__2__40630.jpg
104253,BRAZALETE__2_,40640,104253_BRAZALETE__2__40640.jpg
104254,BRAZALETE__2_,40632,104254_BRAZALETE__2__40632.jpg
104255,BRAZALETE__2_,40642,104255_BRAZALETE__2__40642.jpg
104256,BRAZALETE__2_,40645,104256_BRAZALETE__2__40645.jpg
104257,BRAZALETE__2_,40655,104257_BRAZALETE__2__40655.jpg
104258,BRAZALETE__2_,40648,104258_BRAZALETE__2__40648.jpg
104259,BRAZALETE__2_,40658,104259_BRAZALETE__2__40658.jpg
104260,BRAZALETE__2_,40646,104260_BRAZALETE__2__40646.jpg
104261,BRAZALETE__2_,40656,104261_BRAZALETE__2__40656.jpg
104262,BRAZALETE__3_,40664,104262_BRAZALETE__3__40664.jpg
104263,BRAZALETE__3_,40674,104263_BRAZALETE__3__40674.jpg
104264,BRAZALETE__3_,40660,104264_BRAZALETE__3__40660.jpg
104265,BRAZALETE__3_,40670,104265_BRAZALETE__3__40670.jpg
104266,BRAZALETE__3_,40662,104266_BRAZALETE__3__40662.jpg
104267,BRAZALETE__3_,40672,104267_BRAZALETE__3__40672.jpg
104268,BRAZALETE__3_,40675,104268_BRAZALETE__3__40675.jpg
104269,BRAZALETE__3_,40685,104269_BRAZALETE__3__40685.jpg
104270,BRAZALETE__3_,40678,104270_BRAZALETE__3__40678.jpg
104271,BRAZALETE__3_,40688,104271_BRAZALETE__3__40688.jpg
104272,BRAZALETE__3_,40676,104272_BRAZALETE__3__40676.jpg
104273,BRAZALETE__3_,40686,104273_BRAZALETE__3__40686.jpg
104274,TIRITA_GAMUZA_,40910,104274_TIRITA_GAMUZA__40910.jpg
104275,TIRITA_GAMUZA_,40774,104275_TIRITA_GAMUZA__40774.jpg
104276,TIRITA_GAMUZA_,40691,104276_TIRITA_GAMUZA__40691.jpg
104277,TIRITA_GAMUZA_,40709,104277_TIRITA_GAMUZA__40709.jpg
104278,ANILLO_ONDULADO,40940,104278_ANILLO_ONDULADO_40940.jpg
104279,CARTERA_MINI_EMMA,40948,104279_CARTERA_MINI_EMMA_40948.jpg
104280,BILLETERA_LUCA,40990,104280_BILLETERA_LUCA_40990.jpg
104281,SANDALIA_LOLA_C_TACO,40992,104281_SANDALIA_LOLA_C_TACO_40992.jpg
104282,SANDALIA_LOLA_C_TACO,40993,104282_SANDALIA_LOLA_C_TACO_40993.jpg
104283,SANDALIA_LOLA_C_TACO,40994,104283_SANDALIA_LOLA_C_TACO_40994.jpg
104284,SANDALIA_LOLA_C_TACO,40995,104284_SANDALIA_LOLA_C_TACO_40995.jpg
104285,SANDALIA_LOLA_C_TACO,40996,104285_SANDALIA_LOLA_C_TACO_40996.jpg
104286,SANDALIA_LOLA,40997,104286_SANDALIA_LOLA_40997.jpg
104287,SANDALIA_LOLA,40998,104287_SANDALIA_LOLA_40998.jpg
104288,SANDALIA_LOLA,40999,104288_SANDALIA_LOLA_40999.jpg
104289,SANDALIA_LOLA,41000,104289_SANDALIA_LOLA_41000.jpg
104290,SANDALIA_LOLA,41001,104290_SANDALIA_LOLA_41001.jpg
104291,ANILLO_PIEDRA_CUBIC_MULTI,41020,104291_ANILLO_PIEDRA_CUBIC_MULTI_41020.jpg
104292,ANILLO_ZODIACO,41068,104292_ANILLO_ZODIACO_41068.jpg
104293,ANILLO_ZODIACO,41054,104293_ANILLO_ZODIACO_41054.jpg
104294,ANILLO_ZODIACO,41063,104294_ANILLO_ZODIACO_41063.jpg
104295,ANILLO_BOMBE,41100,104295_ANILLO_BOMBE_41100.jpg
104296,ANILLO_CORAZON,41102,104296_ANILLO_CORAZON_41102.jpg
104297,ANILLO_CURVAS,41103,104297_ANILLO_CURVAS_41103.jpg
104298,ANILLO_DOS_LETRAS,41138,104298_ANILLO_DOS_LETRAS_41138.jpg
104299,ANILLO_DOS_LETRAS,41167,104299_ANILLO_DOS_LETRAS_41167.jpg
104300,ANILLO_DOS_LETRAS,41182,104300_ANILLO_DOS_LETRAS_41182.jpg
104301,ANILLO_DOS_LETRAS,41247,104301_ANILLO_DOS_LETRAS_41247.jpg
104302,ANILLO_ONDAS,41298,104302_ANILLO_ONDAS_41298.jpg
104303,ANILLO_ONDAS,41299,104303_ANILLO_ONDAS_41299.jpg
104304,ANILLO_ONDULADO,41300,104304_ANILLO_ONDULADO_41300.jpg
104305,ANILLO_PIEDRA_CUBIC_BARRITA,41324,104305_ANILLO_PIEDRA_CUBIC_BARRITA_41324.jpg
104306,ANILLO_PIEDRA_CUBIC_MULTI,41334,104306_ANILLO_PIEDRA_CUBIC_MULTI_41334.jpg
104307,ANILLO_PIEDRA_CUBIC_OVAL,41355,104307_ANILLO_PIEDRA_CUBIC_OVAL_41355.jpg
104308,DRIVER_BRUNO,53946,104308_DRIVER_BRUNO_53946.jpg
104309,DRIVER_BRUNO,53947,104309_DRIVER_BRUNO_53947.jpg
104310,DRIVER_BRUNO,53948,104310_DRIVER_BRUNO_53948.jpg
104311,DRIVER_BRUNO,53949,104311_DRIVER_BRUNO_53949.jpg
104312,DRIVER_BRUNO,53950,104312_DRIVER_BRUNO_53950.jpg
104313,DRIVER_BRUNO,53951,104313_DRIVER_BRUNO_53951.jpg
104314,DRIVER_BRUNO,53952,104314_DRIVER_BRUNO_53952.jpg
104315,DRIVER_BRUNO,53953,104315_DRIVER_BRUNO_53953.jpg
104316,DRIVER_BRUNO,53954,104316_DRIVER_BRUNO_53954.jpg
104317,DRIVER_BRUNO,53955,104317_DRIVER_BRUNO_53955.jpg
104318,DRIVER_BRUNO,53956,104318_DRIVER_BRUNO_53956.jpg
104319,DRIVER_BRUNO,53957,104319_DRIVER_BRUNO_53957.jpg
104320,DRIVER_BRUNO,53958,104320_DRIVER_BRUNO_53958.jpg
104321,DRIVER_BRUNO,53959,104321_DRIVER_BRUNO_53959.jpg
104322,DRIVER_BRUNO,53960,104322_DRIVER_BRUNO_53960.jpg
104323,DRIVER_BRUNO,53961,104323_DRIVER_BRUNO_53961.jpg
104324,DRIVER_BRUNO,53962,104324_DRIVER_BRUNO_53962.jpg
104325,DRIVER_BRUNO,53963,104325_DRIVER_BRUNO_53963.jpg
104326,DRIVER_BRUNO,53964,104326_DRIVER_BRUNO_53964.jpg
104327,DRIVER_BRUNO,53965,104327_DRIVER_BRUNO_53965.jpg
104328,DRIVER_BRUNO,53966,104328_DRIVER_BRUNO_53966.jpg
104329,DRIVER_BRUNO,53967,104329_DRIVER_BRUNO_53967.jpg
104330,DRIVER_BRUNO,53968,104330_DRIVER_BRUNO_53968.jpg
104331,DRIVER_BRUNO,53969,104331_DRIVER_BRUNO_53969.jpg
104332,DRIVER_BRUNO,53970,104332_DRIVER_BRUNO_53970.jpg
104333,DRIVER_BRUNO,53971,104333_DRIVER_BRUNO_53971.jpg
104334,DRIVER_BRUNO,53972,104334_DRIVER_BRUNO_53972.jpg
104335,DRIVER_BRUNO,53973,104335_DRIVER_BRUNO_53973.jpg
104336,DRIVER_ERIC,54002,104336_DRIVER_ERIC_54002.jpg
104337,DRIVER_ERIC,54003,104337_DRIVER_ERIC_54003.jpg
104338,DRIVER_ERIC,54004,104338_DRIVER_ERIC_54004.jpg
104339,DRIVER_ERIC,54005,104339_DRIVER_ERIC_54005.jpg
104340,DRIVER_ERIC,54006,104340_DRIVER_ERIC_54006.jpg
104341,DRIVER_ERIC,54007,104341_DRIVER_ERIC_54007.jpg
104342,DRIVER_ERIC,54008,104342_DRIVER_ERIC_54008.jpg
104343,MOCASIN_MOÑO_BEL,53820,104343_MOCASIN_MOÑO_BEL_53820.jpg
104344,MOCASIN_MOÑO_BEL,53821,104344_MOCASIN_MOÑO_BEL_53821.jpg
104345,MOCASIN_MOÑO_BEL,53822,104345_MOCASIN_MOÑO_BEL_53822.jpg
104346,MOCASIN_MOÑO_BEL,53823,104346_MOCASIN_MOÑO_BEL_53823.jpg
104347,MOCASIN_MOÑO_BEL,53824,104347_MOCASIN_MOÑO_BEL_53824.jpg
104348,MOCASIN_MOÑO_BEL,53825,104348_MOCASIN_MOÑO_BEL_53825.jpg
104349,MOCASIN_MOÑO_BEL,53826,104349_MOCASIN_MOÑO_BEL_53826.jpg
104350,DRIVER_VICTOR_,53720,104350_DRIVER_VICTOR__53720.jpg
104351,DRIVER_VICTOR_,53721,104351_DRIVER_VICTOR__53721.jpg
104352,DRIVER_VICTOR_,53722,104352_DRIVER_VICTOR__53722.jpg
104353,DRIVER_VICTOR_,53723,104353_DRIVER_VICTOR__53723.jpg
104354,DRIVER_VICTOR_,53724,104354_DRIVER_VICTOR__53724.jpg
104355,DRIVER_VICTOR_,53725,104355_DRIVER_VICTOR__53725.jpg
104356,DRIVER_VICTOR_,53726,104356_DRIVER_VICTOR__53726.jpg
104357,MOCASIN_AXEL,53699,104357_MOCASIN_AXEL_53699.jpg
104358,MOCASIN_AXEL,53700,104358_MOCASIN_AXEL_53700.jpg
104359,MOCASIN_AXEL,53701,104359_MOCASIN_AXEL_53701.jpg
104360,MOCASIN_AXEL,53702,104360_MOCASIN_AXEL_53702.jpg
104361,MOCASIN_AXEL,53703,104361_MOCASIN_AXEL_53703.jpg
104362,MOCASIN_AXEL,53704,104362_MOCASIN_AXEL_53704.jpg
104363,MOCASIN_AXEL,53705,104363_MOCASIN_AXEL_53705.jpg
104364,MOCASIN_DESI,53387,104364_MOCASIN_DESI_53387.jpg
104365,MOCASIN_DESI,53388,104365_MOCASIN_DESI_53388.jpg
104366,MOCASIN_DESI,53389,104366_MOCASIN_DESI_53389.jpg
104367,MOCASIN_DESI,53390,104367_MOCASIN_DESI_53390.jpg
104368,MOCASIN_DESI,53391,104368_MOCASIN_DESI_53391.jpg
104369,MOCASIN_DESI,53392,104369_MOCASIN_DESI_53392.jpg
104370,MOCASIN_DESI,53393,104370_MOCASIN_DESI_53393.jpg
104371,MOCASIN_DESI,53394,104371_MOCASIN_DESI_53394.jpg
104372,MOCASIN_DESI,53395,104372_MOCASIN_DESI_53395.jpg
104373,MOCASIN_DESI,53396,104373_MOCASIN_DESI_53396.jpg
104374,MOCASIN_DESI,53397,104374_MOCASIN_DESI_53397.jpg
104375,MOCASIN_DESI,53398,104375_MOCASIN_DESI_53398.jpg
104376,MOCASIN_DESI,53399,104376_MOCASIN_DESI_53399.jpg
104377,MOCASIN_DESI,53400,104377_MOCASIN_DESI_53400.jpg
104378,MOCASIN_DESI,53401,104378_MOCASIN_DESI_53401.jpg
104379,MOCASIN_HECTOR,53713,104379_MOCASIN_HECTOR_53713.jpg
104380,MOCASIN_HECTOR,53714,104380_MOCASIN_HECTOR_53714.jpg
104381,MOCASIN_HECTOR,53715,104381_MOCASIN_HECTOR_53715.jpg
104382,MOCASIN_HECTOR,53716,104382_MOCASIN_HECTOR_53716.jpg
104383,MOCASIN_HECTOR,53717,104383_MOCASIN_HECTOR_53717.jpg
104384,MOCASIN_HECTOR,53718,104384_MOCASIN_HECTOR_53718.jpg
104385,MOCASIN_HECTOR,53719,104385_MOCASIN_HECTOR_53719.jpg
104386,MOCASIN_HERRAJE_SOLEIL,53587,104386_MOCASIN_HERRAJE_SOLEIL_53587.jpg
104387,MOCASIN_HERRAJE_SOLEIL,53588,104387_MOCASIN_HERRAJE_SOLEIL_53588.jpg
104388,MOCASIN_HERRAJE_SOLEIL,53589,104388_MOCASIN_HERRAJE_SOLEIL_53589.jpg
104389,MOCASIN_HERRAJE_SOLEIL,53590,104389_MOCASIN_HERRAJE_SOLEIL_53590.jpg
104390,MOCASIN_HERRAJE_SOLEIL,53591,104390_MOCASIN_HERRAJE_SOLEIL_53591.jpg
104391,MOCASIN_HERRAJE_SOLEIL,53592,104391_MOCASIN_HERRAJE_SOLEIL_53592.jpg
104392,MOCASIN_HERRAJE_SOLEIL,53593,104392_MOCASIN_HERRAJE_SOLEIL_53593.jpg
104393,MOCASIN_HERRAJE_SOLEIL,53594,104393_MOCASIN_HERRAJE_SOLEIL_53594.jpg
104394,MOCASIN_HERRAJE_SOLEIL,53595,104394_MOCASIN_HERRAJE_SOLEIL_53595.jpg
104395,MOCASIN_HERRAJE_SOLEIL,53596,104395_MOCASIN_HERRAJE_SOLEIL_53596.jpg
104396,MOCASIN_ISA,53567,104396_MOCASIN_ISA_53567.jpg
104397,MOCASIN_ISA,53568,104397_MOCASIN_ISA_53568.jpg
104398,MOCASIN_ISA,53569,104398_MOCASIN_ISA_53569.jpg
104399,MOCASIN_ISA,53570,104399_MOCASIN_ISA_53570.jpg
104400,MOCASIN_ISA,53571,104400_MOCASIN_ISA_53571.jpg
104401,MOCASIN_ISA,53572,104401_MOCASIN_ISA_53572.jpg
104402,MOCASIN_ISA,53573,104402_MOCASIN_ISA_53573.jpg
104403,MOCASIN_ISA,53574,104403_MOCASIN_ISA_53574.jpg
104404,MOCASIN_ISA,53575,104404_MOCASIN_ISA_53575.jpg
104405,MOCASIN_ISA,53576,104405_MOCASIN_ISA_53576.jpg
104406,MOCASIN_MOÑO_BEL,53607,104406_MOCASIN_MOÑO_BEL_53607.jpg
104407,MOCASIN_MOÑO_BEL,53608,104407_MOCASIN_MOÑO_BEL_53608.jpg
104408,DRIVER_,41362,104408_DRIVER__41362.jpg
104409,DRIVER_,41374,104409_DRIVER__41374.jpg
104410,DRIVER_,41378,104410_DRIVER__41378.jpg
104411,DRIVER_,41382,104411_DRIVER__41382.jpg
104412,DRIVER_,41366,104412_DRIVER__41366.jpg
104413,DRIVER_,41359,104413_DRIVER__41359.jpg
104414,DRIVER_,41371,104414_DRIVER__41371.jpg
104415,DRIVER_,41375,104415_DRIVER__41375.jpg
104416,DRIVER_,41379,104416_DRIVER__41379.jpg
104417,DRIVER_,41363,104417_DRIVER__41363.jpg
104418,DRIVER_,41360,104418_DRIVER__41360.jpg
104419,DRIVER_,41372,104419_DRIVER__41372.jpg
104420,DRIVER_,41376,104420_DRIVER__41376.jpg
104421,DRIVER_,41380,104421_DRIVER__41380.jpg
104422,DRIVER_,41364,104422_DRIVER__41364.jpg
104423,DRIVER_,41361,104423_DRIVER__41361.jpg
104424,DRIVER_,41373,104424_DRIVER__41373.jpg
104425,DRIVER_,41377,104425_DRIVER__41377.jpg
104426,DRIVER_,41381,104426_DRIVER__41381.jpg
104427,DRIVER_,41365,104427_DRIVER__41365.jpg
104428,DRIVER_AIDA,41388,104428_DRIVER_AIDA_41388.jpg
104429,DRIVER_AIDA,41400,104429_DRIVER_AIDA_41400.jpg
104430,DRIVER_AIDA,41403,104430_DRIVER_AIDA_41403.jpg
104431,DRIVER_AIDA,41406,104431_DRIVER_AIDA_41406.jpg
104432,DRIVER_AIDA,41391,104432_DRIVER_AIDA_41391.jpg
104433,DRIVER_AIDA,41395,104433_DRIVER_AIDA_41395.jpg
104434,DRIVER_AIDA,41399,104434_DRIVER_AIDA_41399.jpg
104435,DRIVER_AIDA,41402,104435_DRIVER_AIDA_41402.jpg
104436,DRIVER_AIDA,41405,104436_DRIVER_AIDA_41405.jpg
104437,DRIVER_AIDA,41396,104437_DRIVER_AIDA_41396.jpg
104438,DRIVER_AIDA,41387,104438_DRIVER_AIDA_41387.jpg
104439,DRIVER_AIDA,41398,104439_DRIVER_AIDA_41398.jpg
104440,DRIVER_AIDA,41401,104440_DRIVER_AIDA_41401.jpg
104441,DRIVER_AIDA,41404,104441_DRIVER_AIDA_41404.jpg
104442,DRIVER_AIDA,41390,104442_DRIVER_AIDA_41390.jpg
104443,MOCASIN_MOÑO_BEL,53609,104443_MOCASIN_MOÑO_BEL_53609.jpg
104444,MOCASIN_MOÑO_BEL,53610,104444_MOCASIN_MOÑO_BEL_53610.jpg
104445,MOCASIN_MOÑO_BEL,53611,104445_MOCASIN_MOÑO_BEL_53611.jpg
104446,MOCASIN_MOÑO_BEL,53612,104446_MOCASIN_MOÑO_BEL_53612.jpg
104447,MOCASIN_MOÑO_BEL,53613,104447_MOCASIN_MOÑO_BEL_53613.jpg
104448,MOCASIN_MOÑO_BEL,53614,104448_MOCASIN_MOÑO_BEL_53614.jpg
104449,MOCASIN_MOÑO_BEL,53615,104449_MOCASIN_MOÑO_BEL_53615.jpg
104450,MOCASIN_MOÑO_BEL,53616,104450_MOCASIN_MOÑO_BEL_53616.jpg
104451,MOCASIN_MOÑO_BEL,53617,104451_MOCASIN_MOÑO_BEL_53617.jpg
104452,MOCASIN_MOÑO_BEL,53618,104452_MOCASIN_MOÑO_BEL_53618.jpg
104453,MOCASIN_MOÑO_BEL,53619,104453_MOCASIN_MOÑO_BEL_53619.jpg
104454,MOCASIN_MOÑO_BEL,53620,104454_MOCASIN_MOÑO_BEL_53620.jpg
104455,MOCASIN_MOÑO_BEL,53621,104455_MOCASIN_MOÑO_BEL_53621.jpg
104456,MOCASIN_PENNY_JULIA,53449,104456_MOCASIN_PENNY_JULIA_53449.jpg
104457,MOCASIN_PENNY_JULIA,53450,104457_MOCASIN_PENNY_JULIA_53450.jpg
104458,MOCASIN_PENNY_JULIA,53453,104458_MOCASIN_PENNY_JULIA_53453.jpg
104459,MOCASIN_PENNY_JULIA,53454,104459_MOCASIN_PENNY_JULIA_53454.jpg
104460,MOCASIN_PENNY_JULIA,53457,104460_MOCASIN_PENNY_JULIA_53457.jpg
104461,MOCASIN_PENNY_JULIA,53458,104461_MOCASIN_PENNY_JULIA_53458.jpg
104462,MOCASIN_PENNY_JULIA,53461,104462_MOCASIN_PENNY_JULIA_53461.jpg
104463,MOCASIN_PENNY_JULIA,53462,104463_MOCASIN_PENNY_JULIA_53462.jpg
104464,MOCASIN_PENNY_JULIA,53465,104464_MOCASIN_PENNY_JULIA_53465.jpg
104465,MOCASIN_PENNY_JULIA,53466,104465_MOCASIN_PENNY_JULIA_53466.jpg
104466,MOCASIN_PENNY_JULIA,53467,104466_MOCASIN_PENNY_JULIA_53467.jpg
104467,MOCASIN_PENNY_JULIA,53468,104467_MOCASIN_PENNY_JULIA_53468.jpg
104468,MOCASIN_PENNY_JULIA,53471,104468_MOCASIN_PENNY_JULIA_53471.jpg
104469,MOCASIN_PENNY_JULIA,53472,104469_MOCASIN_PENNY_JULIA_53472.jpg
104470,MOCASIN_PENNY_JULIA,53475,104470_MOCASIN_PENNY_JULIA_53475.jpg
104471,MOCASIN_PENNY_JULIA,53476,104471_MOCASIN_PENNY_JULIA_53476.jpg
104472,MOCASIN_PENNY_JULIA,53479,104472_MOCASIN_PENNY_JULIA_53479.jpg
104473,MOCASIN_PENNY_JULIA,53480,104473_MOCASIN_PENNY_JULIA_53480.jpg
104474,MOCASIN_PENNY_JULIA,53483,104474_MOCASIN_PENNY_JULIA_53483.jpg
104475,MOCASIN_PENNY_JULIA,53484,104475_MOCASIN_PENNY_JULIA_53484.jpg
104476,MOCASIN_PENNY_LALO,53692,104476_MOCASIN_PENNY_LALO_53692.jpg
104477,MOCASIN_PENNY_LALO,53693,104477_MOCASIN_PENNY_LALO_53693.jpg
104478,MOCASIN_PENNY_LALO,53694,104478_MOCASIN_PENNY_LALO_53694.jpg
104479,MOCASIN_PENNY_LALO,53695,104479_MOCASIN_PENNY_LALO_53695.jpg
104480,MOCASIN_PENNY_LALO,53696,104480_MOCASIN_PENNY_LALO_53696.jpg
104481,MOCASIN_PENNY_LALO,53697,104481_MOCASIN_PENNY_LALO_53697.jpg
104482,MOCASIN_PENNY_LALO,53698,104482_MOCASIN_PENNY_LALO_53698.jpg
104483,MOCASIN_PENNY_PABLO,53629,104483_MOCASIN_PENNY_PABLO_53629.jpg
104484,MOCASIN_PENNY_PABLO,53630,104484_MOCASIN_PENNY_PABLO_53630.jpg
104485,MOCASIN_PENNY_PABLO,53631,104485_MOCASIN_PENNY_PABLO_53631.jpg
104486,MOCASIN_PENNY_PABLO,53632,104486_MOCASIN_PENNY_PABLO_53632.jpg
104487,MOCASIN_PENNY_PABLO,53633,104487_MOCASIN_PENNY_PABLO_53633.jpg
104488,MOCASIN_PENNY_PABLO,53634,104488_MOCASIN_PENNY_PABLO_53634.jpg
104489,MOCASIN_PENNY_PABLO,53635,104489_MOCASIN_PENNY_PABLO_53635.jpg
104490,MOCASIN_PENNY_PABLO,53636,104490_MOCASIN_PENNY_PABLO_53636.jpg
104491,MOCASIN_PENNY_PABLO,53637,104491_MOCASIN_PENNY_PABLO_53637.jpg
104492,MOCASIN_PENNY_PABLO,53638,104492_MOCASIN_PENNY_PABLO_53638.jpg
104493,MOCASIN_PENNY_PABLO,53639,104493_MOCASIN_PENNY_PABLO_53639.jpg
104494,MOCASIN_PENNY_PABLO,53640,104494_MOCASIN_PENNY_PABLO_53640.jpg
104495,MOCASIN_PENNY_PABLO,53641,104495_MOCASIN_PENNY_PABLO_53641.jpg
104496,MOCASIN_PENNY_PABLO,53642,104496_MOCASIN_PENNY_PABLO_53642.jpg
104497,MOCASIN_PENNY_PABLO,53643,104497_MOCASIN_PENNY_PABLO_53643.jpg
104498,MOCASIN_PENNY_PABLO,53644,104498_MOCASIN_PENNY_PABLO_53644.jpg
104499,MOCASIN_PENNY_PABLO,53645,104499_MOCASIN_PENNY_PABLO_53645.jpg
104500,MOCASIN_PENNY_PABLO,53646,104500_MOCASIN_PENNY_PABLO_53646.jpg
104501,MOCASIN_PENNY_PABLO,53647,104501_MOCASIN_PENNY_PABLO_53647.jpg
104502,MOCASIN_PENNY_PABLO,53648,104502_MOCASIN_PENNY_PABLO_53648.jpg
104503,MOCASIN_PENNY_PABLO,53649,104503_MOCASIN_PENNY_PABLO_53649.jpg
104504,MOCASIN_PENNY_PABLO,53650,104504_MOCASIN_PENNY_PABLO_53650.jpg
104505,MOCASIN_PENNY_PABLO,53651,104505_MOCASIN_PENNY_PABLO_53651.jpg
104506,MOCASIN_PENNY_PABLO,53652,104506_MOCASIN_PENNY_PABLO_53652.jpg
104507,MOCASIN_PENNY_PABLO,53653,104507_MOCASIN_PENNY_PABLO_53653.jpg
104508,MOCASIN_PENNY_PABLO,53654,104508_MOCASIN_PENNY_PABLO_53654.jpg
104509,MOCASIN_PENNY_PABLO,53655,104509_MOCASIN_PENNY_PABLO_53655.jpg
104510,MOCASIN_PENNY_PABLO,53656,104510_MOCASIN_PENNY_PABLO_53656.jpg
104511,MOCASIN_RODO,53685,104511_MOCASIN_RODO_53685.jpg
104512,MOCASIN_RODO,53686,104512_MOCASIN_RODO_53686.jpg
104513,MOCASIN_RODO,53687,104513_MOCASIN_RODO_53687.jpg
104514,MOCASIN_RODO,53688,104514_MOCASIN_RODO_53688.jpg
104515,MOCASIN_RODO,53689,104515_MOCASIN_RODO_53689.jpg
104516,MOCASIN_RODO,53690,104516_MOCASIN_RODO_53690.jpg
104517,MOCASIN_RODO,53691,104517_MOCASIN_RODO_53691.jpg
104518,MOCASIN_SAMUEL,53706,104518_MOCASIN_SAMUEL_53706.jpg
104519,MOCASIN_SAMUEL,53707,104519_MOCASIN_SAMUEL_53707.jpg
104520,MOCASIN_SAMUEL,53708,104520_MOCASIN_SAMUEL_53708.jpg
104521,MOCASIN_SAMUEL,53709,104521_MOCASIN_SAMUEL_53709.jpg
104522,MOCASIN_SAMUEL,53710,104522_MOCASIN_SAMUEL_53710.jpg
104523,MOCASIN_SAMUEL,53711,104523_MOCASIN_SAMUEL_53711.jpg
104524,MOCASIN_SAMUEL,53712,104524_MOCASIN_SAMUEL_53712.jpg
104525,NAUTICO_ARIEL_,53855,104525_NAUTICO_ARIEL__53855.jpg
104526,NAUTICO_ARIEL_,53857,104526_NAUTICO_ARIEL__53857.jpg
104527,NAUTICO_ARIEL_,53859,104527_NAUTICO_ARIEL__53859.jpg
104528,NAUTICO_ARIEL_,53861,104528_NAUTICO_ARIEL__53861.jpg
104529,NAUTICO_ARIEL_,53863,104529_NAUTICO_ARIEL__53863.jpg
104530,NAUTICO_ARIEL_,53865,104530_NAUTICO_ARIEL__53865.jpg
104531,NAUTICO_ARIEL_,53867,104531_NAUTICO_ARIEL__53867.jpg
104532,NAUTICO_ARIEL_,53869,104532_NAUTICO_ARIEL__53869.jpg
104533,NAUTICO_ARIEL_,53870,104533_NAUTICO_ARIEL__53870.jpg
104534,NAUTICO_ARIEL_,53871,104534_NAUTICO_ARIEL__53871.jpg
104535,NAUTICO_ARIEL_,53872,104535_NAUTICO_ARIEL__53872.jpg
104536,NAUTICO_ARIEL_,53873,104536_NAUTICO_ARIEL__53873.jpg
104537,NAUTICO_ARIEL_,53874,104537_NAUTICO_ARIEL__53874.jpg
104538,NAUTICO_ARIEL_,53875,104538_NAUTICO_ARIEL__53875.jpg
104539,NAUTICO_MIGUE,53911,104539_NAUTICO_MIGUE_53911.jpg
104540,NAUTICO_MIGUE,53912,104540_NAUTICO_MIGUE_53912.jpg
104541,NAUTICO_MIGUE,53913,104541_NAUTICO_MIGUE_53913.jpg
104542,NAUTICO_MIGUE,53914,104542_NAUTICO_MIGUE_53914.jpg
104543,NAUTICO_MIGUE,53915,104543_NAUTICO_MIGUE_53915.jpg
104544,NAUTICO_MIGUE,53916,104544_NAUTICO_MIGUE_53916.jpg
104545,NAUTICO_MIGUE,53917,104545_NAUTICO_MIGUE_53917.jpg
104546,NAUTICO_MOÑO_MARTINA,53772,104546_NAUTICO_MOÑO_MARTINA_53772.jpg
104547,NAUTICO_MOÑO_MARTINA,53773,104547_NAUTICO_MOÑO_MARTINA_53773.jpg
104548,NAUTICO_MOÑO_MARTINA,53774,104548_NAUTICO_MOÑO_MARTINA_53774.jpg
104549,NAUTICO_MOÑO_MARTINA,53775,104549_NAUTICO_MOÑO_MARTINA_53775.jpg
104550,NAUTICO_MOÑO_MARTINA,53776,104550_NAUTICO_MOÑO_MARTINA_53776.jpg
104551,NAUTICO_MOÑO_MARTINA,53777,104551_NAUTICO_MOÑO_MARTINA_53777.jpg
104552,NAUTICO_MOÑO_MARTINA,53778,104552_NAUTICO_MOÑO_MARTINA_53778.jpg
104553,NAUTICO_MOÑO_MARTINA,53779,104553_NAUTICO_MOÑO_MARTINA_53779.jpg
104554,NAUTICO_MOÑO_MARTINA,53780,104554_NAUTICO_MOÑO_MARTINA_53780.jpg
104555,NAUTICO_MOÑO_MARTINA,53781,104555_NAUTICO_MOÑO_MARTINA_53781.jpg
104556,NAUTICO_MOÑO_MARTINA,53782,104556_NAUTICO_MOÑO_MARTINA_53782.jpg
104557,NAUTICO_MOÑO_MARTINA,53783,104557_NAUTICO_MOÑO_MARTINA_53783.jpg
104558,NAUTICO_MOÑO_MARTINA,53784,104558_NAUTICO_MOÑO_MARTINA_53784.jpg
104559,NAUTICO_MOÑO_MARTINA,53785,104559_NAUTICO_MOÑO_MARTINA_53785.jpg
104560,NAUTICO_MOÑO_MARTINA,53786,104560_NAUTICO_MOÑO_MARTINA_53786.jpg
104561,ZAPATILLA_ANISA,54037,104561_ZAPATILLA_ANISA_54037.jpg
104562,ZAPATILLA_ANISA,54038,104562_ZAPATILLA_ANISA_54038.jpg
104563,ZAPATILLA_ANISA,54039,104563_ZAPATILLA_ANISA_54039.jpg
104564,ZAPATILLA_ANISA,54040,104564_ZAPATILLA_ANISA_54040.jpg
104565,ZAPATILLA_ANISA,54041,104565_ZAPATILLA_ANISA_54041.jpg
104566,ZAPATILLA_ANISA,54042,104566_ZAPATILLA_ANISA_54042.jpg
104567,ZAPATILLA_ANISA,54058,104567_ZAPATILLA_ANISA_54058.jpg
104568,ZAPATILLA_ANISA,54059,104568_ZAPATILLA_ANISA_54059.jpg
104569,ZAPATILLA_ANISA,54060,104569_ZAPATILLA_ANISA_54060.jpg
104570,ZAPATILLA_ANISA,54061,104570_ZAPATILLA_ANISA_54061.jpg
104571,ZAPATILLA_ANISA,54062,104571_ZAPATILLA_ANISA_54062.jpg
104572,ZAPATILLA_ANISA,54063,104572_ZAPATILLA_ANISA_54063.jpg
104573,ZAPATILLA_ANISA,54064,104573_ZAPATILLA_ANISA_54064.jpg
104574,ZAPATILLA_ANISA,54065,104574_ZAPATILLA_ANISA_54065.jpg
104575,ZAPATILLA_ANISA,54066,104575_ZAPATILLA_ANISA_54066.jpg
104576,NAUTICO_MANUEL,53925,104576_NAUTICO_MANUEL_53925.jpg
104577,NAUTICO_MANUEL,53927,104577_NAUTICO_MANUEL_53927.jpg
104578,NAUTICO_MANUEL,53929,104578_NAUTICO_MANUEL_53929.jpg
104579,NAUTICO_MANUEL,53931,104579_NAUTICO_MANUEL_53931.jpg
104580,NAUTICO_MANUEL,53933,104580_NAUTICO_MANUEL_53933.jpg
104581,NAUTICO_MANUEL,53935,104581_NAUTICO_MANUEL_53935.jpg
104582,NAUTICO_MANUEL,53937,104582_NAUTICO_MANUEL_53937.jpg
104583,SANDALIA_ERIC,41463,104583_SANDALIA_ERIC_41463.jpg
104584,SANDALIA_ERIC,41465,104584_SANDALIA_ERIC_41465.jpg
104585,SANDALIA_ERIC,41469,104585_SANDALIA_ERIC_41469.jpg
104586,SANDALIA_ERIC,41473,104586_SANDALIA_ERIC_41473.jpg
104587,SANDALIA_ERIC,41477,104587_SANDALIA_ERIC_41477.jpg
104588,SANDALIA_ERIC,41481,104588_SANDALIA_ERIC_41481.jpg
104589,SANDALIA_ERIC,41485,104589_SANDALIA_ERIC_41485.jpg
104590,SANDALIA_ERIC,41462,104590_SANDALIA_ERIC_41462.jpg
104591,SANDALIA_ERIC,41464,104591_SANDALIA_ERIC_41464.jpg
104592,SANDALIA_ERIC,41466,104592_SANDALIA_ERIC_41466.jpg
104593,SANDALIA_ERIC,41470,104593_SANDALIA_ERIC_41470.jpg
104594,SANDALIA_ERIC,41474,104594_SANDALIA_ERIC_41474.jpg
104595,SANDALIA_ERIC,41478,104595_SANDALIA_ERIC_41478.jpg
104596,SANDALIA_ERIC,41482,104596_SANDALIA_ERIC_41482.jpg
104597,SANDALIA_ERIC,41449,104597_SANDALIA_ERIC_41449.jpg
104598,SANDALIA_ERIC,41450,104598_SANDALIA_ERIC_41450.jpg
104599,SANDALIA_ERIC,41467,104599_SANDALIA_ERIC_41467.jpg
104600,SANDALIA_ERIC,41471,104600_SANDALIA_ERIC_41471.jpg
104601,SANDALIA_ERIC,41475,104601_SANDALIA_ERIC_41475.jpg
104602,SANDALIA_ERIC,41479,104602_SANDALIA_ERIC_41479.jpg
104603,SANDALIA_ERIC,41483,104603_SANDALIA_ERIC_41483.jpg
104604,SANDALIA_ERIC,41454,104604_SANDALIA_ERIC_41454.jpg
104605,SANDALIA_ERIC,41455,104605_SANDALIA_ERIC_41455.jpg
104606,SANDALIA_ERIC,41468,104606_SANDALIA_ERIC_41468.jpg
104607,SANDALIA_ERIC,41472,104607_SANDALIA_ERIC_41472.jpg
104608,SANDALIA_ERIC,41476,104608_SANDALIA_ERIC_41476.jpg
104609,SANDALIA_ERIC,41480,104609_SANDALIA_ERIC_41480.jpg
104610,SANDALIA_ERIC,41484,104610_SANDALIA_ERIC_41484.jpg
104611,SANDALIA_SAUL,41493,104611_SANDALIA_SAUL_41493.jpg
104612,SANDALIA_SAUL,41494,104612_SANDALIA_SAUL_41494.jpg
104613,SANDALIA_SAUL,41495,104613_SANDALIA_SAUL_41495.jpg
104614,SANDALIA_SAUL,41496,104614_SANDALIA_SAUL_41496.jpg
104615,SANDALIA_SAUL,41497,104615_SANDALIA_SAUL_41497.jpg
104616,SANDALIA_SAUL,41498,104616_SANDALIA_SAUL_41498.jpg
104617,SANDALIA_SAUL,41499,104617_SANDALIA_SAUL_41499.jpg
104618,MULE_IVAN,41419,104618_MULE_IVAN_41419.jpg
104619,MULE_IVAN,41420,104619_MULE_IVAN_41420.jpg
104620,MULE_IVAN,41425,104620_MULE_IVAN_41425.jpg
104621,MULE_IVAN,41421,104621_MULE_IVAN_41421.jpg
104622,MULE_IVAN,41422,104622_MULE_IVAN_41422.jpg
104623,MULE_IVAN,41423,104623_MULE_IVAN_41423.jpg
104624,MULE_IVAN,41424,104624_MULE_IVAN_41424.jpg
104625,NAUTICO_MANUEL,54068,104625_NAUTICO_MANUEL_54068.jpg
104626,NAUTICO_MANUEL,54070,104626_NAUTICO_MANUEL_54070.jpg
104627,NAUTICO_MANUEL,54072,104627_NAUTICO_MANUEL_54072.jpg
104628,NAUTICO_MANUEL,54074,104628_NAUTICO_MANUEL_54074.jpg
104629,NAUTICO_MANUEL,54076,104629_NAUTICO_MANUEL_54076.jpg
104630,NAUTICO_MANUEL,54078,104630_NAUTICO_MANUEL_54078.jpg
104631,NAUTICO_MANUEL,54080,104631_NAUTICO_MANUEL_54080.jpg
104632,SANDALIA_AROA,41431,104632_SANDALIA_AROA_41431.jpg
104633,SANDALIA_AROA,41432,104633_SANDALIA_AROA_41432.jpg
104634,SANDALIA_AROA,41433,104634_SANDALIA_AROA_41433.jpg
104635,SANDALIA_AROA,41434,104635_SANDALIA_AROA_41434.jpg
104636,SANDALIA_AROA,41435,104636_SANDALIA_AROA_41435.jpg
104637,SANDALIA_AROA,41441,104637_SANDALIA_AROA_41441.jpg
104638,SANDALIA_AROA,41442,104638_SANDALIA_AROA_41442.jpg
104639,SANDALIA_AROA,41443,104639_SANDALIA_AROA_41443.jpg
104640,SANDALIA_AROA,41444,104640_SANDALIA_AROA_41444.jpg
104641,SANDALIA_AROA,41445,104641_SANDALIA_AROA_41445.jpg
104642,ANILLO_PIEDRA_CUBIC__7_,47415,104642_ANILLO_PIEDRA_CUBIC__7__47415.jpg
104643,ANILLO_PIEDRA_CUBIC__7_,47416,104643_ANILLO_PIEDRA_CUBIC__7__47416.jpg
104644,ANILLO_PIEDRA_CUBIC__7_,47419,104644_ANILLO_PIEDRA_CUBIC__7__47419.jpg
104645,ANILLO_PIEDRA_CUBIC__7_,47420,104645_ANILLO_PIEDRA_CUBIC__7__47420.jpg
104646,ANILLO_PIEDRA_CUBIC__7_,47421,104646_ANILLO_PIEDRA_CUBIC__7__47421.jpg
104647,ANILLO_PIEDRA_CUBIC__7_,47422,104647_ANILLO_PIEDRA_CUBIC__7__47422.jpg
104648,ANILLO_PIEDRA_CUBIC__7_,47426,104648_ANILLO_PIEDRA_CUBIC__7__47426.jpg
104649,ANILLO_PIEDRA_CUBIC__8_,47459,104649_ANILLO_PIEDRA_CUBIC__8__47459.jpg
104650,ANILLO_PIEDRA_CUBIC__8_,47460,104650_ANILLO_PIEDRA_CUBIC__8__47460.jpg
104651,ANILLO_PIEDRA_CUBIC__8_,47461,104651_ANILLO_PIEDRA_CUBIC__8__47461.jpg
104652,ANILLO_PIEDRA_CUBIC__8_,47462,104652_ANILLO_PIEDRA_CUBIC__8__47462.jpg
104653,ANILLO_PIEDRA_CUBIC__8_,47488,104653_ANILLO_PIEDRA_CUBIC__8__47488.jpg
104654,ANILLO_PIEDRA_CUBIC__8_,47491,104654_ANILLO_PIEDRA_CUBIC__8__47491.jpg
104655,ANILLO_PIEDRA_CUBIC__8_,47492,104655_ANILLO_PIEDRA_CUBIC__8__47492.jpg
104656,ANILLO_PIEDRA_CUBIC__8_,47493,104656_ANILLO_PIEDRA_CUBIC__8__47493.jpg
104657,ANILLO_PIEDRA_CUBIC__9_,47467,104657_ANILLO_PIEDRA_CUBIC__9__47467.jpg
104658,ANILLO_PIEDRA_CUBIC__9_,47469,104658_ANILLO_PIEDRA_CUBIC__9__47469.jpg
104659,ANILLO_PIEDRA_CUBIC__9_,47470,104659_ANILLO_PIEDRA_CUBIC__9__47470.jpg
104660,ANILLO_PIEDRA_CUBIC__9_,47494,104660_ANILLO_PIEDRA_CUBIC__9__47494.jpg
104661,ANILLO_PIEDRA_CUBIC__9_,47495,104661_ANILLO_PIEDRA_CUBIC__9__47495.jpg
104662,ANILLO_PIEDRA_CUBIC__9_,47496,104662_ANILLO_PIEDRA_CUBIC__9__47496.jpg
104663,ANILLO_PIEDRA_CUBIC__9_,47497,104663_ANILLO_PIEDRA_CUBIC__9__47497.jpg
104664,ANILLO_PIEDRA_CUBIC_MEDIO_SIN_FIN__10_,47401,104664_ANILLO_PIEDRA_CUBIC_MEDIO_SIN_FIN__10__47401.jpg
104665,ANILLO_PIEDRA_CUBIC_MEDIO_SIN_FIN__10_,47402,104665_ANILLO_PIEDRA_CUBIC_MEDIO_SIN_FIN__10__47402.jpg
104666,ANILLO_PIEDRA_CUBIC_MEDIO_SIN_FIN__10_,47403,104666_ANILLO_PIEDRA_CUBIC_MEDIO_SIN_FIN__10__47403.jpg
104667,ANILLO_PIEDRA_CUBIC_MEDIO_SIN_FIN__10_,47404,104667_ANILLO_PIEDRA_CUBIC_MEDIO_SIN_FIN__10__47404.jpg
104668,ANILLO_PIEDRA_CUBIC_MEDIO_SIN_FIN__10_,47405,104668_ANILLO_PIEDRA_CUBIC_MEDIO_SIN_FIN__10__47405.jpg
104669,ANILLO_PIEDRA_CUBIC_MEDIO_SIN_FIN__11_,47428,104669_ANILLO_PIEDRA_CUBIC_MEDIO_SIN_FIN__11__47428.jpg
104670,ANILLO_PIEDRA_CUBIC_MEDIO_SIN_FIN__11_,47429,104670_ANILLO_PIEDRA_CUBIC_MEDIO_SIN_FIN__11__47429.jpg
104671,ANILLO_PIEDRA_CUBIC_MEDIO_SIN_FIN__11_,47430,104671_ANILLO_PIEDRA_CUBIC_MEDIO_SIN_FIN__11__47430.jpg
104672,ANILLO_PIEDRA_CUBIC_MEDIO_SIN_FIN__11_,47431,104672_ANILLO_PIEDRA_CUBIC_MEDIO_SIN_FIN__11__47431.jpg
104673,ANILLO_PIEDRA_CUBIC_MEDIO_SIN_FIN__12_,47447,104673_ANILLO_PIEDRA_CUBIC_MEDIO_SIN_FIN__12__47447.jpg
104674,ANILLO_PIEDRA_CUBIC_MEDIO_SIN_FIN__12_,47449,104674_ANILLO_PIEDRA_CUBIC_MEDIO_SIN_FIN__12__47449.jpg
104675,ANILLO_PIEDRA_CUBIC_MEDIO_SIN_FIN__12_,47450,104675_ANILLO_PIEDRA_CUBIC_MEDIO_SIN_FIN__12__47450.jpg
104676,ANILLO_PIEDRA_CUBIC_MEDIO_SIN_FIN__12_,47451,104676_ANILLO_PIEDRA_CUBIC_MEDIO_SIN_FIN__12__47451.jpg
104677,ANILLO_PIEDRA_CUBIC_MEDIO_SIN_FIN__12_,47452,104677_ANILLO_PIEDRA_CUBIC_MEDIO_SIN_FIN__12__47452.jpg
104678,ANILLO_PIEDRA_CUBIC_MEDIO_SIN_FIN__12_,47454,104678_ANILLO_PIEDRA_CUBIC_MEDIO_SIN_FIN__12__47454.jpg
104679,ANILLO_PIEDRA_CUBIC_MEDIO_SIN_FIN__12_,47455,104679_ANILLO_PIEDRA_CUBIC_MEDIO_SIN_FIN__12__47455.jpg
104680,ANILLO_PIEDRA_CUBIC_MEDIO_SIN_FIN__12_,47456,104680_ANILLO_PIEDRA_CUBIC_MEDIO_SIN_FIN__12__47456.jpg
104681,ANILLO_PIEDRA_CUBIC_MEDIO_SIN_FIN__12_,47457,104681_ANILLO_PIEDRA_CUBIC_MEDIO_SIN_FIN__12__47457.jpg
104682,ANILLO_PIEDRA_CUBIC_MEDIO_SIN_FIN__12_,47458,104682_ANILLO_PIEDRA_CUBIC_MEDIO_SIN_FIN__12__47458.jpg
104683,ANILLO_PIEDRA_CUBIC_MEDIO_SIN_FIN__8_,47371,104683_ANILLO_PIEDRA_CUBIC_MEDIO_SIN_FIN__8__47371.jpg
104684,ANILLO_PIEDRA_CUBIC_MEDIO_SIN_FIN__8_,47372,104684_ANILLO_PIEDRA_CUBIC_MEDIO_SIN_FIN__8__47372.jpg
104685,ANILLO_PIEDRA_CUBIC_MEDIO_SIN_FIN__8_,47373,104685_ANILLO_PIEDRA_CUBIC_MEDIO_SIN_FIN__8__47373.jpg
104686,ANILLO_PIEDRA_CUBIC_MEDIO_SIN_FIN__8_,47374,104686_ANILLO_PIEDRA_CUBIC_MEDIO_SIN_FIN__8__47374.jpg
104687,ANILLO_PIEDRA_CUBIC_MEDIO_SIN_FIN__8_,47375,104687_ANILLO_PIEDRA_CUBIC_MEDIO_SIN_FIN__8__47375.jpg
104688,ANILLO_PIEDRA_CUBIC_MEDIO_SIN_FIN__9_,47396,104688_ANILLO_PIEDRA_CUBIC_MEDIO_SIN_FIN__9__47396.jpg
104689,ANILLO_PIEDRA_CUBIC_MEDIO_SIN_FIN__9_,47397,104689_ANILLO_PIEDRA_CUBIC_MEDIO_SIN_FIN__9__47397.jpg
104690,ANILLO_PIEDRA_CUBIC_MEDIO_SIN_FIN__9_,47398,104690_ANILLO_PIEDRA_CUBIC_MEDIO_SIN_FIN__9__47398.jpg
104691,ANILLO_PIEDRA_CUBIC_MEDIO_SIN_FIN__9_,47399,104691_ANILLO_PIEDRA_CUBIC_MEDIO_SIN_FIN__9__47399.jpg
104692,ANILLO_PIEDRA_CUBIC_MEDIO_SIN_FIN__9_,47400,104692_ANILLO_PIEDRA_CUBIC_MEDIO_SIN_FIN__9__47400.jpg
104693,ANILLO_PIEDRA_CUBIC_MULTI__10_,47442,104693_ANILLO_PIEDRA_CUBIC_MULTI__10__47442.jpg
104694,ANILLO_PIEDRA_CUBIC_MULTI__10_,47443,104694_ANILLO_PIEDRA_CUBIC_MULTI__10__47443.jpg
104695,ANILLO_PIEDRA_CUBIC_MULTI__10_,47444,104695_ANILLO_PIEDRA_CUBIC_MULTI__10__47444.jpg
104696,ANILLO_PIEDRA_CUBIC_MULTI__10_,47445,104696_ANILLO_PIEDRA_CUBIC_MULTI__10__47445.jpg
104697,ANILLO_PIEDRA_CUBIC_MULTI__10_,47446,104697_ANILLO_PIEDRA_CUBIC_MULTI__10__47446.jpg
104698,ANILLO_PIEDRA_CUBIC_MULTI__9_,47432,104698_ANILLO_PIEDRA_CUBIC_MULTI__9__47432.jpg
104699,ANILLO_PIEDRA_CUBIC_MULTI__9_,47433,104699_ANILLO_PIEDRA_CUBIC_MULTI__9__47433.jpg
104700,ANILLO_PIEDRA_CUBIC_MULTI__9_,47434,104700_ANILLO_PIEDRA_CUBIC_MULTI__9__47434.jpg
104701,ANILLO_PIEDRA_CUBIC_MULTI__9_,47435,104701_ANILLO_PIEDRA_CUBIC_MULTI__9__47435.jpg
104702,ANILLO_PIEDRA_CUBIC_MULTI__9_,47436,104702_ANILLO_PIEDRA_CUBIC_MULTI__9__47436.jpg
104703,ANILLO_PIEDRA_CUBIC_MULTI__9_,47499,104703_ANILLO_PIEDRA_CUBIC_MULTI__9__47499.jpg
104704,ANILLO_PIEDRA_CUBIC_MULTI__9_,47500,104704_ANILLO_PIEDRA_CUBIC_MULTI__9__47500.jpg
104705,ANILLO_PIEDRA_CUBIC_MULTI__9_,47501,104705_ANILLO_PIEDRA_CUBIC_MULTI__9__47501.jpg
104706,ANILLO_PIEDRA_CUBIC_MULTI__9_,47502,104706_ANILLO_PIEDRA_CUBIC_MULTI__9__47502.jpg
104707,ANILLO_PIEDRA_CUBIC_REPUJADO__1_,47359,104707_ANILLO_PIEDRA_CUBIC_REPUJADO__1__47359.jpg
104708,ANILLO_PIEDRA_CUBIC_REPUJADO__1_,47360,104708_ANILLO_PIEDRA_CUBIC_REPUJADO__1__47360.jpg
104709,ANILLO_PIEDRA_CUBIC_REPUJADO__1_,47361,104709_ANILLO_PIEDRA_CUBIC_REPUJADO__1__47361.jpg
104710,ANILLO_PIEDRA_CUBIC_REPUJADO__1_,47362,104710_ANILLO_PIEDRA_CUBIC_REPUJADO__1__47362.jpg
104711,ANILLO_PIEDRA_CUBIC_REPUJADO__1_,47363,104711_ANILLO_PIEDRA_CUBIC_REPUJADO__1__47363.jpg
104712,ANILLO_PIEDRA_CUBIC_REPUJADO__1_,47364,104712_ANILLO_PIEDRA_CUBIC_REPUJADO__1__47364.jpg
104713,ANILLO_SELLO_PIEDRA_CUBIC__1_,47365,104713_ANILLO_SELLO_PIEDRA_CUBIC__1__47365.jpg
104714,ANILLO_SELLO_PIEDRA_CUBIC__1_,47366,104714_ANILLO_SELLO_PIEDRA_CUBIC__1__47366.jpg
104715,ANILLO_SELLO_PIEDRA_CUBIC__1_,47367,104715_ANILLO_SELLO_PIEDRA_CUBIC__1__47367.jpg
104716,ANILLO_SELLO_PIEDRA_CUBIC__1_,47368,104716_ANILLO_SELLO_PIEDRA_CUBIC__1__47368.jpg
104717,ANILLO_SELLO_PIEDRA_CUBIC__1_,47369,104717_ANILLO_SELLO_PIEDRA_CUBIC__1__47369.jpg
104718,ANILLO_SELLO_PIEDRA_CUBIC__1_,47370,104718_ANILLO_SELLO_PIEDRA_CUBIC__1__47370.jpg
104719,ANILLO_PIEDRA_CUBIC__11_,47676,104719_ANILLO_PIEDRA_CUBIC__11__47676.jpg
104720,ANILLO_PIEDRA_CUBIC__11_,47677,104720_ANILLO_PIEDRA_CUBIC__11__47677.jpg
104721,ANILLO_PIEDRA_CUBIC__11_,47678,104721_ANILLO_PIEDRA_CUBIC__11__47678.jpg
104722,ANILLO_PIEDRA_CUBIC__11_,47679,104722_ANILLO_PIEDRA_CUBIC__11__47679.jpg
104723,ANILLO_PIEDRA_CUBIC__11_,47682,104723_ANILLO_PIEDRA_CUBIC__11__47682.jpg
104724,ANILLO_PIEDRA_CUBIC__11_,47683,104724_ANILLO_PIEDRA_CUBIC__11__47683.jpg
104725,ANILLO_PIEDRA_CUBIC__11_,47684,104725_ANILLO_PIEDRA_CUBIC__11__47684.jpg
104726,ANILLO_PIEDRA_CUBIC__11_,47685,104726_ANILLO_PIEDRA_CUBIC__11__47685.jpg
104727,ANILLO_PIEDRA_CUBIC__12_,47697,104727_ANILLO_PIEDRA_CUBIC__12__47697.jpg
104728,ANILLO_PIEDRA_CUBIC__12_,47698,104728_ANILLO_PIEDRA_CUBIC__12__47698.jpg
104729,ANILLO_PIEDRA_CUBIC__12_,47699,104729_ANILLO_PIEDRA_CUBIC__12__47699.jpg
104730,ANILLO_PIEDRA_CUBIC__12_,47700,104730_ANILLO_PIEDRA_CUBIC__12__47700.jpg
104731,ANILLO_PIEDRA_CUBIC__12_,47701,104731_ANILLO_PIEDRA_CUBIC__12__47701.jpg
104732,ANILLO_PIEDRA_CUBIC__13_,47702,104732_ANILLO_PIEDRA_CUBIC__13__47702.jpg
104733,ANILLO_PIEDRA_CUBIC__13_,47703,104733_ANILLO_PIEDRA_CUBIC__13__47703.jpg
104734,ANILLO_PIEDRA_CUBIC__13_,47704,104734_ANILLO_PIEDRA_CUBIC__13__47704.jpg
104735,ANILLO_PIEDRA_CUBIC__13_,47705,104735_ANILLO_PIEDRA_CUBIC__13__47705.jpg
104736,ANILLO_PIEDRA_CUBIC__13_,47706,104736_ANILLO_PIEDRA_CUBIC__13__47706.jpg
104737,ANILLO_PIEDRA_CUBIC__14_,47707,104737_ANILLO_PIEDRA_CUBIC__14__47707.jpg
104738,ANILLO_PIEDRA_CUBIC__14_,47708,104738_ANILLO_PIEDRA_CUBIC__14__47708.jpg
104739,ANILLO_PIEDRA_CUBIC__14_,47709,104739_ANILLO_PIEDRA_CUBIC__14__47709.jpg
104740,ANILLO_PIEDRA_CUBIC__14_,47710,104740_ANILLO_PIEDRA_CUBIC__14__47710.jpg
104741,ANILLO_PIEDRA_CUBIC__14_,47711,104741_ANILLO_PIEDRA_CUBIC__14__47711.jpg
104742,ANILLO_PIEDRA_CUBIC__14_,47712,104742_ANILLO_PIEDRA_CUBIC__14__47712.jpg
104743,ANILLO_PIEDRA_CUBIC__14_,47715,104743_ANILLO_PIEDRA_CUBIC__14__47715.jpg
104744,ANILLO_PIEDRA_CUBIC__14_,47716,104744_ANILLO_PIEDRA_CUBIC__14__47716.jpg
104745,ANILLO_PIEDRA_CUBIC__14_,47717,104745_ANILLO_PIEDRA_CUBIC__14__47717.jpg
104746,ANILLO_PIEDRA_CUBIC__14_,47718,104746_ANILLO_PIEDRA_CUBIC__14__47718.jpg
104747,ANILLO_PIEDRA_CUBIC__15_,47724,104747_ANILLO_PIEDRA_CUBIC__15__47724.jpg
104748,ANILLO_PIEDRA_CUBIC__15_,47725,104748_ANILLO_PIEDRA_CUBIC__15__47725.jpg
104749,ANILLO_PIEDRA_CUBIC__15_,47726,104749_ANILLO_PIEDRA_CUBIC__15__47726.jpg
104750,ANILLO_PIEDRA_CUBIC__15_,47727,104750_ANILLO_PIEDRA_CUBIC__15__47727.jpg
104751,ANILLO_PIEDRA_CUBIC__15_,47728,104751_ANILLO_PIEDRA_CUBIC__15__47728.jpg
104752,ANILLO_PIEDRA_CUBIC__15_,47729,104752_ANILLO_PIEDRA_CUBIC__15__47729.jpg
104753,ANILLO_PIEDRA_CUBIC__16_,47730,104753_ANILLO_PIEDRA_CUBIC__16__47730.jpg
104754,ANILLO_PIEDRA_CUBIC__16_,47731,104754_ANILLO_PIEDRA_CUBIC__16__47731.jpg
104755,ANILLO_PIEDRA_CUBIC__16_,47732,104755_ANILLO_PIEDRA_CUBIC__16__47732.jpg
104756,ANILLO_PIEDRA_CUBIC__16_,47733,104756_ANILLO_PIEDRA_CUBIC__16__47733.jpg
104757,ANILLO_PIEDRA_CUBIC__16_,47734,104757_ANILLO_PIEDRA_CUBIC__16__47734.jpg
104758,ANILLO_PIEDRA_CUBIC__17_,47735,104758_ANILLO_PIEDRA_CUBIC__17__47735.jpg
104759,ANILLO_PIEDRA_CUBIC__17_,47736,104759_ANILLO_PIEDRA_CUBIC__17__47736.jpg
104760,ANILLO_PIEDRA_CUBIC__17_,47737,104760_ANILLO_PIEDRA_CUBIC__17__47737.jpg
104761,ANILLO_PIEDRA_CUBIC__17_,47738,104761_ANILLO_PIEDRA_CUBIC__17__47738.jpg
104762,ANILLO_PIEDRA_CUBIC__17_,47739,104762_ANILLO_PIEDRA_CUBIC__17__47739.jpg
104763,ANILLO_PIEDRA_CUBIC__17_,47740,104763_ANILLO_PIEDRA_CUBIC__17__47740.jpg
104764,ANILLO_PIEDRA_CUBIC__18_,47741,104764_ANILLO_PIEDRA_CUBIC__18__47741.jpg
104765,ANILLO_PIEDRA_CUBIC__18_,47742,104765_ANILLO_PIEDRA_CUBIC__18__47742.jpg
104766,ANILLO_PIEDRA_CUBIC__18_,47743,104766_ANILLO_PIEDRA_CUBIC__18__47743.jpg
104767,ANILLO_PIEDRA_CUBIC__18_,47744,104767_ANILLO_PIEDRA_CUBIC__18__47744.jpg
104768,ANILLO_PIEDRA_CUBIC__18_,47745,104768_ANILLO_PIEDRA_CUBIC__18__47745.jpg
104769,ANILLO_PIEDRA_CUBIC__19_,47746,104769_ANILLO_PIEDRA_CUBIC__19__47746.jpg
104770,ANILLO_PIEDRA_CUBIC__19_,47747,104770_ANILLO_PIEDRA_CUBIC__19__47747.jpg
104771,ANILLO_PIEDRA_CUBIC__19_,47748,104771_ANILLO_PIEDRA_CUBIC__19__47748.jpg
104772,ANILLO_PIEDRA_CUBIC__19_,47749,104772_ANILLO_PIEDRA_CUBIC__19__47749.jpg
104773,ANILLO_PIEDRA_CUBIC__19_,47750,104773_ANILLO_PIEDRA_CUBIC__19__47750.jpg
104774,ANILLO_PIEDRA_CUBIC__19_,47751,104774_ANILLO_PIEDRA_CUBIC__19__47751.jpg
104775,ANILLO_PIEDRA_CUBIC__20___,47752,104775_ANILLO_PIEDRA_CUBIC__20____47752.jpg
104776,ANILLO_PIEDRA_CUBIC__20___,47753,104776_ANILLO_PIEDRA_CUBIC__20____47753.jpg
104777,ANILLO_PIEDRA_CUBIC__20___,47754,104777_ANILLO_PIEDRA_CUBIC__20____47754.jpg
104778,ANILLO_PIEDRA_CUBIC__20___,47755,104778_ANILLO_PIEDRA_CUBIC__20____47755.jpg
104779,ANILLO_PIEDRA_CUBIC__20___,47756,104779_ANILLO_PIEDRA_CUBIC__20____47756.jpg
104780,ANILLO_PIEDRA_CUBIC__21_,47757,104780_ANILLO_PIEDRA_CUBIC__21__47757.jpg
104781,ANILLO_PIEDRA_CUBIC__21_,47758,104781_ANILLO_PIEDRA_CUBIC__21__47758.jpg
104782,ANILLO_PIEDRA_CUBIC__21_,47759,104782_ANILLO_PIEDRA_CUBIC__21__47759.jpg
104783,ANILLO_PIEDRA_CUBIC__21_,47760,104783_ANILLO_PIEDRA_CUBIC__21__47760.jpg
104784,ANILLO_PIEDRA_CUBIC__21_,47761,104784_ANILLO_PIEDRA_CUBIC__21__47761.jpg
104785,ANILLO_PIEDRA_CUBIC__22_,47762,104785_ANILLO_PIEDRA_CUBIC__22__47762.jpg
104786,ANILLO_PIEDRA_CUBIC__22_,47763,104786_ANILLO_PIEDRA_CUBIC__22__47763.jpg
104787,ANILLO_PIEDRA_CUBIC__22_,47764,104787_ANILLO_PIEDRA_CUBIC__22__47764.jpg
104788,ANILLO_PIEDRA_CUBIC__22_,47765,104788_ANILLO_PIEDRA_CUBIC__22__47765.jpg
104789,ANILLO_PIEDRA_CUBIC__22_,47766,104789_ANILLO_PIEDRA_CUBIC__22__47766.jpg
104790,ANILLO_PIEDRA_CUBIC__22_,47767,104790_ANILLO_PIEDRA_CUBIC__22__47767.jpg
104791,ANILLO_PIEDRA_CUBIC__23_,47768,104791_ANILLO_PIEDRA_CUBIC__23__47768.jpg
104792,ANILLO_PIEDRA_CUBIC__23_,47769,104792_ANILLO_PIEDRA_CUBIC__23__47769.jpg
104793,ANILLO_PIEDRA_CUBIC__23_,47770,104793_ANILLO_PIEDRA_CUBIC__23__47770.jpg
104794,ANILLO_PIEDRA_CUBIC__23_,47771,104794_ANILLO_PIEDRA_CUBIC__23__47771.jpg
104795,ANILLO_PIEDRA_CUBIC__23_,47772,104795_ANILLO_PIEDRA_CUBIC__23__47772.jpg
104796,ANILLO_PIEDRA_CUBIC__23_,47773,104796_ANILLO_PIEDRA_CUBIC__23__47773.jpg
104797,ANILLO_PIEDRA_CUBIC__24_,47774,104797_ANILLO_PIEDRA_CUBIC__24__47774.jpg
104798,ANILLO_PIEDRA_CUBIC__24_,47775,104798_ANILLO_PIEDRA_CUBIC__24__47775.jpg
104799,ANILLO_PIEDRA_CUBIC__24_,47776,104799_ANILLO_PIEDRA_CUBIC__24__47776.jpg
104800,ANILLO_PIEDRA_CUBIC__24_,47777,104800_ANILLO_PIEDRA_CUBIC__24__47777.jpg
104801,ANILLO_PIEDRA_CUBIC__24_,47778,104801_ANILLO_PIEDRA_CUBIC__24__47778.jpg
104802,ANILLO_PIEDRA_CUBIC__25_,47779,104802_ANILLO_PIEDRA_CUBIC__25__47779.jpg
104803,ANILLO_PIEDRA_CUBIC__25_,47780,104803_ANILLO_PIEDRA_CUBIC__25__47780.jpg
104804,ANILLO_PIEDRA_CUBIC__25_,47781,104804_ANILLO_PIEDRA_CUBIC__25__47781.jpg
104805,ANILLO_PIEDRA_CUBIC__25_,47782,104805_ANILLO_PIEDRA_CUBIC__25__47782.jpg
104806,ANILLO_PIEDRA_CUBIC__25_,47783,104806_ANILLO_PIEDRA_CUBIC__25__47783.jpg
104807,ANILLO_PIEDRA_CUBIC__25_,47785,104807_ANILLO_PIEDRA_CUBIC__25__47785.jpg
104808,ANILLO_PIEDRA_CUBIC__25_,47787,104808_ANILLO_PIEDRA_CUBIC__25__47787.jpg
104809,ANILLO_PIEDRA_CUBIC__25_,47788,104809_ANILLO_PIEDRA_CUBIC__25__47788.jpg
104810,ANILLO_PIEDRA_CUBIC__26_,47789,104810_ANILLO_PIEDRA_CUBIC__26__47789.jpg
104811,ANILLO_PIEDRA_CUBIC__26_,47790,104811_ANILLO_PIEDRA_CUBIC__26__47790.jpg
104812,ANILLO_PIEDRA_CUBIC__26_,47791,104812_ANILLO_PIEDRA_CUBIC__26__47791.jpg
104813,ANILLO_PIEDRA_CUBIC__26_,47792,104813_ANILLO_PIEDRA_CUBIC__26__47792.jpg
104814,ANILLO_PIEDRA_CUBIC__26_,47793,104814_ANILLO_PIEDRA_CUBIC__26__47793.jpg
104815,ANILLO_PIEDRA_CUBIC__26_,47795,104815_ANILLO_PIEDRA_CUBIC__26__47795.jpg
104816,ANILLO_PIEDRA_CUBIC__26_,47796,104816_ANILLO_PIEDRA_CUBIC__26__47796.jpg
104817,ANILLO_PIEDRA_CUBIC__26_,47797,104817_ANILLO_PIEDRA_CUBIC__26__47797.jpg
104818,ANILLO_PIEDRA_CUBIC__26_,47798,104818_ANILLO_PIEDRA_CUBIC__26__47798.jpg
104819,ANILLO_PIEDRA_CUBIC__27_,47799,104819_ANILLO_PIEDRA_CUBIC__27__47799.jpg
104820,ANILLO_PIEDRA_CUBIC__27_,47800,104820_ANILLO_PIEDRA_CUBIC__27__47800.jpg
104821,ANILLO_PIEDRA_CUBIC__27_,47801,104821_ANILLO_PIEDRA_CUBIC__27__47801.jpg
104822,ANILLO_PIEDRA_CUBIC__27_,47802,104822_ANILLO_PIEDRA_CUBIC__27__47802.jpg
104823,ANILLO_PIEDRA_CUBIC__27_,47803,104823_ANILLO_PIEDRA_CUBIC__27__47803.jpg
104824,ANILLO_PIEDRA_CUBIC__27_,47804,104824_ANILLO_PIEDRA_CUBIC__27__47804.jpg
104825,ANILLO_PIEDRA_CUBIC__27_,47805,104825_ANILLO_PIEDRA_CUBIC__27__47805.jpg
104826,ANILLO_PIEDRA_CUBIC__27_,47806,104826_ANILLO_PIEDRA_CUBIC__27__47806.jpg
104827,ANILLO_PIEDRA_CUBIC__27_,47807,104827_ANILLO_PIEDRA_CUBIC__27__47807.jpg
104828,ANILLO_PIEDRA_CUBIC__28_,47809,104828_ANILLO_PIEDRA_CUBIC__28__47809.jpg
104829,ANILLO_PIEDRA_CUBIC__28_,47810,104829_ANILLO_PIEDRA_CUBIC__28__47810.jpg
104830,ANILLO_PIEDRA_CUBIC__28_,47811,104830_ANILLO_PIEDRA_CUBIC__28__47811.jpg
104831,ANILLO_PIEDRA_CUBIC__28_,47812,104831_ANILLO_PIEDRA_CUBIC__28__47812.jpg
104832,ANILLO_PIEDRA_CUBIC__28_,47813,104832_ANILLO_PIEDRA_CUBIC__28__47813.jpg
104833,ANILLO_PIEDRA_CUBIC__29_,47814,104833_ANILLO_PIEDRA_CUBIC__29__47814.jpg
104834,ANILLO_PIEDRA_CUBIC__29_,47815,104834_ANILLO_PIEDRA_CUBIC__29__47815.jpg
104835,ANILLO_PIEDRA_CUBIC__29_,47816,104835_ANILLO_PIEDRA_CUBIC__29__47816.jpg
104836,ANILLO_PIEDRA_CUBIC__29_,47817,104836_ANILLO_PIEDRA_CUBIC__29__47817.jpg
104837,ANILLO_PIEDRA_CUBIC__29_,47818,104837_ANILLO_PIEDRA_CUBIC__29__47818.jpg
104838,ANILLO_PIEDRA_CUBIC__30_,47824,104838_ANILLO_PIEDRA_CUBIC__30__47824.jpg
104839,ANILLO_PIEDRA_CUBIC__30_,47825,104839_ANILLO_PIEDRA_CUBIC__30__47825.jpg
104840,ANILLO_PIEDRA_CUBIC__30_,47826,104840_ANILLO_PIEDRA_CUBIC__30__47826.jpg
104841,ANILLO_PIEDRA_CUBIC__30_,47827,104841_ANILLO_PIEDRA_CUBIC__30__47827.jpg
104842,ANILLO_PIEDRA_CUBIC__30_,47828,104842_ANILLO_PIEDRA_CUBIC__30__47828.jpg
104843,ANILLO_PIEDRA_CUBIC_MEDIO_SIN_FIN__13_,47666,104843_ANILLO_PIEDRA_CUBIC_MEDIO_SIN_FIN__13__47666.jpg
104844,ANILLO_PIEDRA_CUBIC_MEDIO_SIN_FIN__13_,47667,104844_ANILLO_PIEDRA_CUBIC_MEDIO_SIN_FIN__13__47667.jpg
104845,ANILLO_PIEDRA_CUBIC_MEDIO_SIN_FIN__13_,47668,104845_ANILLO_PIEDRA_CUBIC_MEDIO_SIN_FIN__13__47668.jpg
104846,ANILLO_PIEDRA_CUBIC_MEDIO_SIN_FIN__13_,47669,104846_ANILLO_PIEDRA_CUBIC_MEDIO_SIN_FIN__13__47669.jpg
104847,ANILLO_PIEDRA_CUBIC_MEDIO_SIN_FIN__13_,47672,104847_ANILLO_PIEDRA_CUBIC_MEDIO_SIN_FIN__13__47672.jpg
104848,ANILLO_PIEDRA_CUBIC_MEDIO_SIN_FIN__13_,47673,104848_ANILLO_PIEDRA_CUBIC_MEDIO_SIN_FIN__13__47673.jpg
104849,ANILLO_PIEDRA_CUBIC_MEDIO_SIN_FIN__13_,47674,104849_ANILLO_PIEDRA_CUBIC_MEDIO_SIN_FIN__13__47674.jpg
104850,ANILLO_PIEDRA_CUBIC_MEDIO_SIN_FIN__13_,47675,104850_ANILLO_PIEDRA_CUBIC_MEDIO_SIN_FIN__13__47675.jpg
104851,ANILLO_PIEDRA_CUBIC_MEDIO_SIN_FIN__14_,47686,104851_ANILLO_PIEDRA_CUBIC_MEDIO_SIN_FIN__14__47686.jpg
104852,ANILLO_PIEDRA_CUBIC_MEDIO_SIN_FIN__14_,47687,104852_ANILLO_PIEDRA_CUBIC_MEDIO_SIN_FIN__14__47687.jpg
104853,ANILLO_PIEDRA_CUBIC_MEDIO_SIN_FIN__14_,47688,104853_ANILLO_PIEDRA_CUBIC_MEDIO_SIN_FIN__14__47688.jpg
104854,ANILLO_PIEDRA_CUBIC_MEDIO_SIN_FIN__14_,47689,104854_ANILLO_PIEDRA_CUBIC_MEDIO_SIN_FIN__14__47689.jpg
104855,ANILLO_PIEDRA_CUBIC_MEDIO_SIN_FIN__14_,47690,104855_ANILLO_PIEDRA_CUBIC_MEDIO_SIN_FIN__14__47690.jpg
104856,ANILLO_PIEDRA_CUBIC_MEDIO_SIN_FIN__14_,47691,104856_ANILLO_PIEDRA_CUBIC_MEDIO_SIN_FIN__14__47691.jpg
104857,ANILLO_PIEDRA_CUBIC_MEDIO_SIN_FIN__15_,47692,104857_ANILLO_PIEDRA_CUBIC_MEDIO_SIN_FIN__15__47692.jpg
104858,ANILLO_PIEDRA_CUBIC_MEDIO_SIN_FIN__15_,47693,104858_ANILLO_PIEDRA_CUBIC_MEDIO_SIN_FIN__15__47693.jpg
104859,ANILLO_PIEDRA_CUBIC_MEDIO_SIN_FIN__15_,47694,104859_ANILLO_PIEDRA_CUBIC_MEDIO_SIN_FIN__15__47694.jpg
104860,ANILLO_PIEDRA_CUBIC_MEDIO_SIN_FIN__15_,47695,104860_ANILLO_PIEDRA_CUBIC_MEDIO_SIN_FIN__15__47695.jpg
104861,ANILLO_PIEDRA_CUBIC_MEDIO_SIN_FIN__15_,47696,104861_ANILLO_PIEDRA_CUBIC_MEDIO_SIN_FIN__15__47696.jpg
104862,ANILLO_PIEDRA_CUBIC_MEDIO_SIN_FIN__16_,47819,104862_ANILLO_PIEDRA_CUBIC_MEDIO_SIN_FIN__16__47819.jpg
104863,ANILLO_PIEDRA_CUBIC_MEDIO_SIN_FIN__16_,47820,104863_ANILLO_PIEDRA_CUBIC_MEDIO_SIN_FIN__16__47820.jpg
104864,ANILLO_PIEDRA_CUBIC_MEDIO_SIN_FIN__16_,47821,104864_ANILLO_PIEDRA_CUBIC_MEDIO_SIN_FIN__16__47821.jpg
104865,ANILLO_PIEDRA_CUBIC_MEDIO_SIN_FIN__16_,47822,104865_ANILLO_PIEDRA_CUBIC_MEDIO_SIN_FIN__16__47822.jpg
104866,ANILLO_PIEDRA_CUBIC_MEDIO_SIN_FIN__16_,47823,104866_ANILLO_PIEDRA_CUBIC_MEDIO_SIN_FIN__16__47823.jpg
104867,ANILLO_SELLO__1_,47719,104867_ANILLO_SELLO__1__47719.jpg
104868,ANILLO_SELLO__1_,47720,104868_ANILLO_SELLO__1__47720.jpg
104869,ANILLO_SELLO__1_,47721,104869_ANILLO_SELLO__1__47721.jpg
104870,ANILLO_SELLO__1_,47722,104870_ANILLO_SELLO__1__47722.jpg
104871,ANILLO_SELLO__1_,47723,104871_ANILLO_SELLO__1__47723.jpg
104872,ARO_COLGANTE_PIEDRA_CUBIC_OVAL,47949,104872_ARO_COLGANTE_PIEDRA_CUBIC_OVAL_47949.jpg
104873,ARO_COLGANTE_PIEDRA_CUBIC_OVAL,47950,104873_ARO_COLGANTE_PIEDRA_CUBIC_OVAL_47950.jpg
104874,DIJE_BARRITA,47941,104874_DIJE_BARRITA_47941.jpg
104875,DIJE_BARRITA,47942,104875_DIJE_BARRITA_47942.jpg
104876,DIJE_BARRITA,47943,104876_DIJE_BARRITA_47943.jpg
104877,DIJE_BARRITA,47944,104877_DIJE_BARRITA_47944.jpg
104878,DIJE_CORONA,47938,104878_DIJE_CORONA_47938.jpg
104879,DIJE_CORONA,47939,104879_DIJE_CORONA_47939.jpg
104880,DIJE_CORONA,47940,104880_DIJE_CORONA_47940.jpg
104881,DIJE_PIEDRA_CUBIC_OVAL__2_,47945,104881_DIJE_PIEDRA_CUBIC_OVAL__2__47945.jpg
104882,DIJE_PIEDRA_CUBIC_OVAL__2_,47946,104882_DIJE_PIEDRA_CUBIC_OVAL__2__47946.jpg
104883,DIJE_PIEDRA_CUBIC_OVAL__2_,47947,104883_DIJE_PIEDRA_CUBIC_OVAL__2__47947.jpg
104884,DIJE_PIEDRA_CUBIC_OVAL__2_,47948,104884_DIJE_PIEDRA_CUBIC_OVAL__2__47948.jpg
104885,ARMA_TU_LOOK,47951,104885_ARMA_TU_LOOK_47951.jpg
104886,ARMA_TU_LOOK,47953,104886_ARMA_TU_LOOK_47953.jpg
104887,ARMA_TU_LOOK,47954,104887_ARMA_TU_LOOK_47954.jpg
104888,ARMA_TU_LOOK,47955,104888_ARMA_TU_LOOK_47955.jpg
104889,ARMA_TU_LOOK,47956,104889_ARMA_TU_LOOK_47956.jpg
104890,ARMA_TU_LOOK,47957,104890_ARMA_TU_LOOK_47957.jpg
104891,ARMA_TU_LOOK,47958,104891_ARMA_TU_LOOK_47958.jpg
104892,ARMA_TU_LOOK,47959,104892_ARMA_TU_LOOK_47959.jpg
104893,ARMA_TU_LOOK,47960,104893_ARMA_TU_LOOK_47960.jpg
104894,ARMA_TU_LOOK,47961,104894_ARMA_TU_LOOK_47961.jpg
104895,ARMA_TU_LOOK,47962,104895_ARMA_TU_LOOK_47962.jpg
104896,ANILLO_BANDA,47964,104896_ANILLO_BANDA_47964.jpg
104897,ANILLO_BANDA,47965,104897_ANILLO_BANDA_47965.jpg
104898,ANILLO_BANDA,47966,104898_ANILLO_BANDA_47966.jpg
104899,ANILLO_BOMBE__5_,47967,104899_ANILLO_BOMBE__5__47967.jpg
104900,ANILLO_BOMBE__5_,47968,104900_ANILLO_BOMBE__5__47968.jpg
104901,ANILLO_BOMBE__5_,47969,104901_ANILLO_BOMBE__5__47969.jpg
104902,ANILLO_BOMBE__6_,47970,104902_ANILLO_BOMBE__6__47970.jpg
104903,ANILLO_BOMBE__6_,47971,104903_ANILLO_BOMBE__6__47971.jpg
104904,ANILLO_BOMBE__7_,47972,104904_ANILLO_BOMBE__7__47972.jpg
104905,ANILLO_BOMBE__7_,47973,104905_ANILLO_BOMBE__7__47973.jpg
104906,ANILLO_CRUZ__2_,47974,104906_ANILLO_CRUZ__2__47974.jpg
104907,ANILLO_CRUZ__2_,47975,104907_ANILLO_CRUZ__2__47975.jpg
104908,ANILLO_CRUZ__2_,47976,104908_ANILLO_CRUZ__2__47976.jpg
104909,ANILLO_CRUZ__2_,47977,104909_ANILLO_CRUZ__2__47977.jpg
104910,ANILLO_GEOMETRICO__5_,47978,104910_ANILLO_GEOMETRICO__5__47978.jpg
104911,ANILLO_GEOMETRICO__5_,47979,104911_ANILLO_GEOMETRICO__5__47979.jpg
104912,ANILLO_GEOMETRICO__6_,47980,104912_ANILLO_GEOMETRICO__6__47980.jpg
104913,ANILLO_GEOMETRICO__6_,47981,104913_ANILLO_GEOMETRICO__6__47981.jpg
104914,ANILLO_GEOMETRICO__7_,47982,104914_ANILLO_GEOMETRICO__7__47982.jpg
104915,ANILLO_GEOMETRICO__7_,47983,104915_ANILLO_GEOMETRICO__7__47983.jpg
104916,ANILLO_GEOMETRICO__8_,47984,104916_ANILLO_GEOMETRICO__8__47984.jpg
104917,ANILLO_GEOMETRICO__8_,47985,104917_ANILLO_GEOMETRICO__8__47985.jpg
104918,ANILLO_GEOMETRICO__8_,47986,104918_ANILLO_GEOMETRICO__8__47986.jpg
104919,ANILLO_GEOMETRICO__9_,47987,104919_ANILLO_GEOMETRICO__9__47987.jpg
104920,ANILLO_GEOMETRICO__9_,47988,104920_ANILLO_GEOMETRICO__9__47988.jpg
104921,ANILLO_GEOMETRICO__9_,47989,104921_ANILLO_GEOMETRICO__9__47989.jpg
104922,ANILLO_GRABADO_AMOR,47990,104922_ANILLO_GRABADO_AMOR_47990.jpg
104923,ANILLO_GRABADO_AMOR,47991,104923_ANILLO_GRABADO_AMOR_47991.jpg
104924,ANILLO_GRABADO_GOOD_VIBES,47992,104924_ANILLO_GRABADO_GOOD_VIBES_47992.jpg
104925,ANILLO_GRABADO_PAZ,47993,104925_ANILLO_GRABADO_PAZ_47993.jpg
104926,ANILLO_HOJAS,47995,104926_ANILLO_HOJAS_47995.jpg
104927,ANILLO_HOJAS,47996,104927_ANILLO_HOJAS_47996.jpg
104928,ANILLO_HOJAS,47997,104928_ANILLO_HOJAS_47997.jpg
104929,ANILLO_PERSONALIZABLE,47998,104929_ANILLO_PERSONALIZABLE_47998.jpg
104930,ANILLO_PERSONALIZABLE,47999,104930_ANILLO_PERSONALIZABLE_47999.jpg
104931,ANILLO_PIEDRA_CUBIC_CINTILLO__1_,48000,104931_ANILLO_PIEDRA_CUBIC_CINTILLO__1__48000.jpg
104932,ANILLO_PIEDRA_CUBIC_CINTILLO__1_,48001,104932_ANILLO_PIEDRA_CUBIC_CINTILLO__1__48001.jpg
104933,ANILLO_PIEDRA_CUBIC_CINTILLO__1_,48002,104933_ANILLO_PIEDRA_CUBIC_CINTILLO__1__48002.jpg
104934,ANILLO_PIEDRA_CUBIC_CINTILLO__1_,48003,104934_ANILLO_PIEDRA_CUBIC_CINTILLO__1__48003.jpg
104935,ANILLO_PIEDRA_CUBIC_CINTILLO__2_,48004,104935_ANILLO_PIEDRA_CUBIC_CINTILLO__2__48004.jpg
104936,ANILLO_PIEDRA_CUBIC_CINTILLO__2_,48005,104936_ANILLO_PIEDRA_CUBIC_CINTILLO__2__48005.jpg
104937,ANILLO_PIEDRA_CUBIC_CRUZ,48006,104937_ANILLO_PIEDRA_CUBIC_CRUZ_48006.jpg
104938,ANILLO_PIEDRA_CUBIC_CRUZ,48007,104938_ANILLO_PIEDRA_CUBIC_CRUZ_48007.jpg
104939,ANILLO_PIEDRA_CUBIC_CRUZ,48008,104939_ANILLO_PIEDRA_CUBIC_CRUZ_48008.jpg
104940,ANILLO_PIEDRA_CUBIC_INFINITO__1_,48009,104940_ANILLO_PIEDRA_CUBIC_INFINITO__1__48009.jpg
104941,ANILLO_PIEDRA_CUBIC_INFINITO__1_,48010,104941_ANILLO_PIEDRA_CUBIC_INFINITO__1__48010.jpg
104942,ANILLO_PIEDRA_CUBIC_INFINITO__1_,48011,104942_ANILLO_PIEDRA_CUBIC_INFINITO__1__48011.jpg
104943,ANILLO_PIEDRA_CUBIC_INFINITO__1_,48012,104943_ANILLO_PIEDRA_CUBIC_INFINITO__1__48012.jpg
104944,ANILLO_PIEDRA_CUBIC_INFINITO__2_,48013,104944_ANILLO_PIEDRA_CUBIC_INFINITO__2__48013.jpg
104945,ANILLO_PIEDRA_CUBIC_INFINITO__2_,48014,104945_ANILLO_PIEDRA_CUBIC_INFINITO__2__48014.jpg
104946,ANILLO_PIEDRA_CUBIC_INFINITO__2_,48015,104946_ANILLO_PIEDRA_CUBIC_INFINITO__2__48015.jpg
104947,ANILLO_PIEDRA_CUBIC_MEDIO_SIN_FIN__3_,48016,104947_ANILLO_PIEDRA_CUBIC_MEDIO_SIN_FIN__3__48016.jpg
104948,ANILLO_PIEDRA_CUBIC_MEDIO_SIN_FIN__3_,48017,104948_ANILLO_PIEDRA_CUBIC_MEDIO_SIN_FIN__3__48017.jpg
104949,ANILLO_PIEDRA_CUBIC_MEDIO_SIN_FIN__4_,48018,104949_ANILLO_PIEDRA_CUBIC_MEDIO_SIN_FIN__4__48018.jpg
104950,ANILLO_PIEDRA_CUBIC_MEDIO_SIN_FIN__4_,48019,104950_ANILLO_PIEDRA_CUBIC_MEDIO_SIN_FIN__4__48019.jpg
104951,ANILLO_PIEDRA_CUBIC_MEDIO_SIN_FIN__4_,48020,104951_ANILLO_PIEDRA_CUBIC_MEDIO_SIN_FIN__4__48020.jpg
104952,ANILLO_PIEDRA_CUBIC_MEDIO_SIN_FIN__5_,48021,104952_ANILLO_PIEDRA_CUBIC_MEDIO_SIN_FIN__5__48021.jpg
104953,ANILLO_PIEDRA_CUBIC_MEDIO_SIN_FIN__5_,48022,104953_ANILLO_PIEDRA_CUBIC_MEDIO_SIN_FIN__5__48022.jpg
104954,ANILLO_PIEDRA_CUBIC_MEDIO_SIN_FIN__6_,48023,104954_ANILLO_PIEDRA_CUBIC_MEDIO_SIN_FIN__6__48023.jpg
104955,ANILLO_PIEDRA_CUBIC_MEDIO_SIN_FIN__6_,48024,104955_ANILLO_PIEDRA_CUBIC_MEDIO_SIN_FIN__6__48024.jpg
104956,ANILLO_PIEDRA_CUBIC_MEDIO_SIN_FIN__6_,48025,104956_ANILLO_PIEDRA_CUBIC_MEDIO_SIN_FIN__6__48025.jpg
104957,ANILLO_PIEDRA_CUBIC_MEDIO_SIN_FIN__7_,48026,104957_ANILLO_PIEDRA_CUBIC_MEDIO_SIN_FIN__7__48026.jpg
104958,ANILLO_PIEDRA_CUBIC_MEDIO_SIN_FIN__7_,48027,104958_ANILLO_PIEDRA_CUBIC_MEDIO_SIN_FIN__7__48027.jpg
104959,ANILLO_PIEDRA_CUBIC_MEDIO_SIN_FIN__7_,48028,104959_ANILLO_PIEDRA_CUBIC_MEDIO_SIN_FIN__7__48028.jpg
104960,ANILLO_PIEDRA_CUBIC_MULTI__8_,48029,104960_ANILLO_PIEDRA_CUBIC_MULTI__8__48029.jpg
104961,ANILLO_PIEDRA_CUBIC_MULTI__8_,48030,104961_ANILLO_PIEDRA_CUBIC_MULTI__8__48030.jpg
104962,ANILLO_PIEDRA_CUBIC_MULTI__8_,48031,104962_ANILLO_PIEDRA_CUBIC_MULTI__8__48031.jpg
104963,ANILLO_PIEDRA_CUBIC_SOLITARIO__5_,48032,104963_ANILLO_PIEDRA_CUBIC_SOLITARIO__5__48032.jpg
104964,ANILLO_PIEDRA_CUBIC_SOLITARIO__5_,48033,104964_ANILLO_PIEDRA_CUBIC_SOLITARIO__5__48033.jpg
104965,ANILLO_TRIPLE_CINTA,48034,104965_ANILLO_TRIPLE_CINTA_48034.jpg
104966,ANILLO_TRIPLE_CINTA,48035,104966_ANILLO_TRIPLE_CINTA_48035.jpg
104967,ANILLO_GRABADO_PAZ,48036,104967_ANILLO_GRABADO_PAZ_48036.jpg
104968,ANILLO_GRABADO_PAZ,47994,104968_ANILLO_GRABADO_PAZ_47994.jpg
104969,ANILLO_CRUZ__2_,48038,104969_ANILLO_CRUZ__2__48038.jpg
104970,ANILLO_GRABADO_GOOD_VIBES,48039,104970_ANILLO_GRABADO_GOOD_VIBES_48039.jpg
104971,ANILLO_PIEDRA_CUBIC_CINTILLO__1_,48040,104971_ANILLO_PIEDRA_CUBIC_CINTILLO__1__48040.jpg
104972,ANILLO_PIEDRA_CUBIC_CINTILLO__2_,48041,104972_ANILLO_PIEDRA_CUBIC_CINTILLO__2__48041.jpg
104973,ANILLO_PIEDRA_CUBIC_CRUZ,48042,104973_ANILLO_PIEDRA_CUBIC_CRUZ_48042.jpg
104974,ANILLO_PIEDRA_CUBIC_MEDIO_SIN_FIN__3_,48043,104974_ANILLO_PIEDRA_CUBIC_MEDIO_SIN_FIN__3__48043.jpg
104975,ANILLO_PIEDRA_CUBIC_MEDIO_SIN_FIN__3_,48044,104975_ANILLO_PIEDRA_CUBIC_MEDIO_SIN_FIN__3__48044.jpg
104976,ANILLO_PIEDRA_CUBIC_MEDIO_SIN_FIN__4_,48045,104976_ANILLO_PIEDRA_CUBIC_MEDIO_SIN_FIN__4__48045.jpg
104977,ANILLO_PIEDRA_CUBIC_MEDIO_SIN_FIN__4_,48046,104977_ANILLO_PIEDRA_CUBIC_MEDIO_SIN_FIN__4__48046.jpg
104978,ANILLO_PIEDRA_CUBIC_MULTI__8_,48047,104978_ANILLO_PIEDRA_CUBIC_MULTI__8__48047.jpg
104979,ANILLO_PIEDRA_CUBIC_MULTI__8_,48048,104979_ANILLO_PIEDRA_CUBIC_MULTI__8__48048.jpg
104980,ANILLO_TRIPLE_CINTA,48049,104980_ANILLO_TRIPLE_CINTA_48049.jpg
104981,ANILLO_DOBLE_CINTA,48050,104981_ANILLO_DOBLE_CINTA_48050.jpg
104982,ANILLO_DOBLE_CINTA,48051,104982_ANILLO_DOBLE_CINTA_48051.jpg
104983,CARTERA_MANA_FLECOS__LINEA_PESPUNTES_,48056,104983_CARTERA_MANA_FLECOS__LINEA_PESPUNTES__48056.jpg
104984,ANILLO_PIEDRA_CUBIC_MULTI,48058,104984_ANILLO_PIEDRA_CUBIC_MULTI_48058.jpg
104985,DIJE_PIEDRA_CUBIC_ESTRELLA,48059,104985_DIJE_PIEDRA_CUBIC_ESTRELLA_48059.jpg
104986,ANILLO_PIEDRA_CUBIC_MEDIO_SIN_FIN,48064,104986_ANILLO_PIEDRA_CUBIC_MEDIO_SIN_FIN_48064.jpg
104987,ANILLO_CURVAS,48080,104987_ANILLO_CURVAS_48080.jpg
104988,PULSERA_GRUMET_PLANA,48082,104988_PULSERA_GRUMET_PLANA_48082.jpg
104989,PULSERA_GRUMET_PLANA,48083,104989_PULSERA_GRUMET_PLANA_48083.jpg
104990,ANILLO_INICIAL,48155,104990_ANILLO_INICIAL_48155.jpg
104991,ANILLO_INICIAL,48170,104991_ANILLO_INICIAL_48170.jpg
104992,ANILLO_INICIAL,48185,104992_ANILLO_INICIAL_48185.jpg
104993,ANILLO_INICIAL,48200,104993_ANILLO_INICIAL_48200.jpg
104994,ANILLO_INICIAL,48215,104994_ANILLO_INICIAL_48215.jpg
104995,ANILLO_INICIAL,48098,104995_ANILLO_INICIAL_48098.jpg
104996,ANILLO_INICIAL,48230,104996_ANILLO_INICIAL_48230.jpg
104997,ANILLO_INICIAL,48245,104997_ANILLO_INICIAL_48245.jpg
104998,ANILLO_INICIAL,48260,104998_ANILLO_INICIAL_48260.jpg
104999,ANILLO_INICIAL,48140,104999_ANILLO_INICIAL_48140.jpg
105000,ANILLO_INICIAL,48125,105000_ANILLO_INICIAL_48125.jpg
105001,ANILLO_INICIAL,48290,105001_ANILLO_INICIAL_48290.jpg
105002,ANILLO_INICIAL,48275,105002_ANILLO_INICIAL_48275.jpg
105003,ANILLO_INICIAL,48160,105003_ANILLO_INICIAL_48160.jpg
105004,ANILLO_INICIAL,48175,105004_ANILLO_INICIAL_48175.jpg
105005,ANILLO_INICIAL,48190,105005_ANILLO_INICIAL_48190.jpg
105006,ANILLO_INICIAL,48205,105006_ANILLO_INICIAL_48205.jpg
105007,ANILLO_INICIAL,48220,105007_ANILLO_INICIAL_48220.jpg
105008,ANILLO_INICIAL,48089,105008_ANILLO_INICIAL_48089.jpg
105009,ANILLO_INICIAL,48115,105009_ANILLO_INICIAL_48115.jpg
105010,ANILLO_INICIAL,48235,105010_ANILLO_INICIAL_48235.jpg
105011,ANILLO_INICIAL,48250,105011_ANILLO_INICIAL_48250.jpg
105012,ANILLO_INICIAL,48265,105012_ANILLO_INICIAL_48265.jpg
105013,ANILLO_INICIAL,48145,105013_ANILLO_INICIAL_48145.jpg
105014,ANILLO_INICIAL,48130,105014_ANILLO_INICIAL_48130.jpg
105015,ANILLO_INICIAL,48295,105015_ANILLO_INICIAL_48295.jpg
105016,LLAVERO_PAMPA,54303,105016_LLAVERO_PAMPA_54303.jpg
105017,MEDALLA_VIRGEN_MILAGROSA__3_,48296,105017_MEDALLA_VIRGEN_MILAGROSA__3__48296.jpg
105018,ANILLO_ZODIACO,48321,105018_ANILLO_ZODIACO_48321.jpg
105019,ANILLO_ZODIACO,48329,105019_ANILLO_ZODIACO_48329.jpg
105020,ANILLO_PIEDRA_CUBIC_OVAL_6,48360,105020_ANILLO_PIEDRA_CUBIC_OVAL_6_48360.jpg
105021,ANILLO_PIEDRA_CUBIC_OVAL_4,48361,105021_ANILLO_PIEDRA_CUBIC_OVAL_4_48361.jpg
105022,SANDALIA_ALAN,51065,105022_SANDALIA_ALAN_51065.jpg
105023,SANDALIA_ALAN,51066,105023_SANDALIA_ALAN_51066.jpg
105024,SANDALIA_ALAN,51067,105024_SANDALIA_ALAN_51067.jpg
105025,SANDALIA_ALAN,51068,105025_SANDALIA_ALAN_51068.jpg
105026,SANDALIA_ALAN,51069,105026_SANDALIA_ALAN_51069.jpg
105027,SANDALIA_ALAN,51070,105027_SANDALIA_ALAN_51070.jpg
105028,SANDALIA_ALAN,51071,105028_SANDALIA_ALAN_51071.jpg
105029,SANDALIA_ALAN,51072,105029_SANDALIA_ALAN_51072.jpg
105030,SANDALIA_ALAN,51073,105030_SANDALIA_ALAN_51073.jpg
105031,SANDALIA_ALAN,51074,105031_SANDALIA_ALAN_51074.jpg
105032,SANDALIA_ALAN,51075,105032_SANDALIA_ALAN_51075.jpg
105033,SANDALIA_ALAN,51076,105033_SANDALIA_ALAN_51076.jpg
105034,SANDALIA_ALAN,51077,105034_SANDALIA_ALAN_51077.jpg
105035,SANDALIA_ALAN,51078,105035_SANDALIA_ALAN_51078.jpg
105036,SANDALIA_FABIAN,51044,105036_SANDALIA_FABIAN_51044.jpg
105037,SANDALIA_FABIAN,51045,105037_SANDALIA_FABIAN_51045.jpg
105038,SANDALIA_FABIAN,51046,105038_SANDALIA_FABIAN_51046.jpg
105039,SANDALIA_FABIAN,51047,105039_SANDALIA_FABIAN_51047.jpg
105040,SANDALIA_FABIAN,51048,105040_SANDALIA_FABIAN_51048.jpg
105041,SANDALIA_FABIAN,51049,105041_SANDALIA_FABIAN_51049.jpg
105042,SANDALIA_FABIAN,51050,105042_SANDALIA_FABIAN_51050.jpg
105043,SANDALIA_OSCAR,51051,105043_SANDALIA_OSCAR_51051.jpg
105044,SANDALIA_OSCAR,51052,105044_SANDALIA_OSCAR_51052.jpg
105045,SANDALIA_OSCAR,51053,105045_SANDALIA_OSCAR_51053.jpg
105046,SANDALIA_OSCAR,51054,105046_SANDALIA_OSCAR_51054.jpg
105047,SANDALIA_OSCAR,51055,105047_SANDALIA_OSCAR_51055.jpg
105048,SANDALIA_OSCAR,51056,105048_SANDALIA_OSCAR_51056.jpg
105049,SANDALIA_OSCAR,51057,105049_SANDALIA_OSCAR_51057.jpg
105050,SANDALIA_TEO,51058,105050_SANDALIA_TEO_51058.jpg
105051,SANDALIA_TEO,51059,105051_SANDALIA_TEO_51059.jpg
105052,SANDALIA_TEO,51060,105052_SANDALIA_TEO_51060.jpg
105053,SANDALIA_TEO,51061,105053_SANDALIA_TEO_51061.jpg
105054,SANDALIA_TEO,51062,105054_SANDALIA_TEO_51062.jpg
105055,SANDALIA_TEO,51063,105055_SANDALIA_TEO_51063.jpg
105056,SANDALIA_TEO,51064,105056_SANDALIA_TEO_51064.jpg
105057,BANDOLERA_FREDA,51105,105057_BANDOLERA_FREDA_51105.jpg
105058,BANDOLERA_FREDA,51106,105058_BANDOLERA_FREDA_51106.jpg
105059,BANDOLERA_FREDA,51109,105059_BANDOLERA_FREDA_51109.jpg
105060,BILLETERA_GAEL,51081,105060_BILLETERA_GAEL_51081.jpg
105061,BILLETERA_GAEL,51082,105061_BILLETERA_GAEL_51082.jpg
105062,BILLETERA_GAEL,51083,105062_BILLETERA_GAEL_51083.jpg
105063,CARTERA_NINA_CHICA,51124,105063_CARTERA_NINA_CHICA_51124.jpg
105064,CARTERA_NINA_CHICA,51125,105064_CARTERA_NINA_CHICA_51125.jpg
105065,CARTERA_NINA_CHICA,51126,105065_CARTERA_NINA_CHICA_51126.jpg
105066,CARTERA_NINA_GRANDE,51111,105066_CARTERA_NINA_GRANDE_51111.jpg
105067,CARTERA_NINA_GRANDE,51113,105067_CARTERA_NINA_GRANDE_51113.jpg
105068,CARTERA_NINA_GRANDE,51115,105068_CARTERA_NINA_GRANDE_51115.jpg
105069,BRAZALETE__4_,51161,105069_BRAZALETE__4__51161.jpg
105070,BRAZALETE__4_,52831,105070_BRAZALETE__4__52831.jpg
105071,BRAZALETE__4_,52832,105071_BRAZALETE__4__52832.jpg
105072,PULSERA_FORCET_FACETADA_2_5,51787,105072_PULSERA_FORCET_FACETADA_2_5_51787.jpg
105073,PULSERA_FORCET_FACETADA_2_5,51786,105073_PULSERA_FORCET_FACETADA_2_5_51786.jpg
105074,PULSERA_FORCET_FACETADA_2_5,51785,105074_PULSERA_FORCET_FACETADA_2_5_51785.jpg
105075,CADENA_FORCET_FACETADA_2_5,51781,105075_CADENA_FORCET_FACETADA_2_5_51781.jpg
105076,CADENA_FORCET_FACETADA_2_5,51782,105076_CADENA_FORCET_FACETADA_2_5_51782.jpg
105077,CADENA_FORCET_FACETADA_2_5,51779,105077_CADENA_FORCET_FACETADA_2_5_51779.jpg
105078,CADENA_FORCET_FACETADA_2_5,51780,105078_CADENA_FORCET_FACETADA_2_5_51780.jpg
105079,SCRAP_MARRO_CHICA_990,51788,105079_SCRAP_MARRO_CHICA_990_51788.jpg
105080,ANILLO_DOS_LETRAS,51839,105080_ANILLO_DOS_LETRAS_51839.jpg
105081,MONEDERO_GRACE,51985,105081_MONEDERO_GRACE_51985.jpg
105082,LLAVERO_ABC,52006,105082_LLAVERO_ABC_52006.jpg
105083,MATERA_AVA__LINEA_PESPUNTES_,52058,105083_MATERA_AVA__LINEA_PESPUNTES__52058.jpg
105084,MATERA_AVA__LINEA_PESPUNTES_,52059,105084_MATERA_AVA__LINEA_PESPUNTES__52059.jpg
105085,CARTERA_VERA,52071,105085_CARTERA_VERA_52071.jpg
105086,CINTURON_GUS,52615,105086_CINTURON_GUS_52615.jpg
105087,CINTURON_GUS,52612,105087_CINTURON_GUS_52612.jpg
105088,CINTURON_GUS,52614,105088_CINTURON_GUS_52614.jpg
105089,CINTURON_GUS,52613,105089_CINTURON_GUS_52613.jpg
105090,CINTURON_JAIRO,52619,105090_CINTURON_JAIRO_52619.jpg
105091,CINTURON_JAIRO,52621,105091_CINTURON_JAIRO_52621.jpg
105092,CINTURON_JAIRO,52623,105092_CINTURON_JAIRO_52623.jpg
105093,CINTURON_JAIRO,52616,105093_CINTURON_JAIRO_52616.jpg
105094,CINTURON_JAIRO,52620,105094_CINTURON_JAIRO_52620.jpg
105095,CINTURON_JAIRO,52622,105095_CINTURON_JAIRO_52622.jpg
105096,CINTURON_JAIRO,52624,105096_CINTURON_JAIRO_52624.jpg
105097,CINTURON_JAIRO,52617,105097_CINTURON_JAIRO_52617.jpg
105098,CINTURON_JAIRO,52618,105098_CINTURON_JAIRO_52618.jpg
105099,CINTURON_REX,52625,105099_CINTURON_REX_52625.jpg
105100,CINTURON_REX,52626,105100_CINTURON_REX_52626.jpg
105101,CINTURON_ALFO,52627,105101_CINTURON_ALFO_52627.jpg
105102,CINTURON_ALFO,52628,105102_CINTURON_ALFO_52628.jpg
105103,CINTURON_MIA,52630,105103_CINTURON_MIA_52630.jpg
105104,CINTURON_MIA,52634,105104_CINTURON_MIA_52634.jpg
105105,CINTURON_MIA,52636,105105_CINTURON_MIA_52636.jpg
105106,CINTURON_MIA,52631,105106_CINTURON_MIA_52631.jpg
105107,CINTURON_MIA,52635,105107_CINTURON_MIA_52635.jpg
105108,CINTURON_MIA,52629,105108_CINTURON_MIA_52629.jpg
105109,CINTURON_MIA,52633,105109_CINTURON_MIA_52633.jpg
105110,CINTURON_MIA,52632,105110_CINTURON_MIA_52632.jpg
105111,ANILLO_HOJAS,52658,105111_ANILLO_HOJAS_52658.jpg
105112,ANILLO_DOS_LETRAS,52662,105112_ANILLO_DOS_LETRAS_52662.jpg
105113,COLLAR_TIRA_CUERO,52829,105113_COLLAR_TIRA_CUERO_52829.jpg
105114,COLLAR_TIRA_CUERO,52830,105114_COLLAR_TIRA_CUERO_52830.jpg
105115,PULSERA_HILO_NUDOS_CORAZON,52681,105115_PULSERA_HILO_NUDOS_CORAZON_52681.jpg
105116,PULSERA_HILO_NUDOS_CORAZON,52818,105116_PULSERA_HILO_NUDOS_CORAZON_52818.jpg
105117,PULSERA_HILO_NUDOS_CORAZON,52819,105117_PULSERA_HILO_NUDOS_CORAZON_52819.jpg
105118,PULSERA_HILO_NUDOS_CORAZON,52820,105118_PULSERA_HILO_NUDOS_CORAZON_52820.jpg
105119,PULSERA_HILO_NUDOS_INICIAL,52718,105119_PULSERA_HILO_NUDOS_INICIAL_52718.jpg
105120,PULSERA_HILO_NUDOS_INICIAL,52719,105120_PULSERA_HILO_NUDOS_INICIAL_52719.jpg
105121,PULSERA_HILO_NUDOS_INICIAL,52720,105121_PULSERA_HILO_NUDOS_INICIAL_52720.jpg
105122,PULSERA_HILO_NUDOS_INICIAL,52721,105122_PULSERA_HILO_NUDOS_INICIAL_52721.jpg
105123,PULSERA_HILO_NUDOS_INICIAL,52722,105123_PULSERA_HILO_NUDOS_INICIAL_52722.jpg
105124,PULSERA_HILO_NUDOS_INICIAL,52723,105124_PULSERA_HILO_NUDOS_INICIAL_52723.jpg
105125,PULSERA_HILO_NUDOS_INICIAL,52724,105125_PULSERA_HILO_NUDOS_INICIAL_52724.jpg
105126,PULSERA_HILO_NUDOS_INICIAL,52725,105126_PULSERA_HILO_NUDOS_INICIAL_52725.jpg
105127,PULSERA_HILO_NUDOS_INICIAL,52726,105127_PULSERA_HILO_NUDOS_INICIAL_52726.jpg
105128,PULSERA_HILO_NUDOS_INICIAL,52727,105128_PULSERA_HILO_NUDOS_INICIAL_52727.jpg
105129,PULSERA_HILO_NUDOS_INICIAL,52728,105129_PULSERA_HILO_NUDOS_INICIAL_52728.jpg
105130,PULSERA_HILO_NUDOS_INICIAL,52729,105130_PULSERA_HILO_NUDOS_INICIAL_52729.jpg
105131,PULSERA_HILO_NUDOS_INICIAL,52730,105131_PULSERA_HILO_NUDOS_INICIAL_52730.jpg
105132,PULSERA_HILO_NUDOS_INICIAL,52731,105132_PULSERA_HILO_NUDOS_INICIAL_52731.jpg
105133,PULSERA_HILO_NUDOS_INICIAL,52732,105133_PULSERA_HILO_NUDOS_INICIAL_52732.jpg
105134,PULSERA_HILO_NUDOS_INICIAL,52733,105134_PULSERA_HILO_NUDOS_INICIAL_52733.jpg
105135,PULSERA_HILO_NUDOS_INICIAL,52734,105135_PULSERA_HILO_NUDOS_INICIAL_52734.jpg
105136,PULSERA_HILO_NUDOS_INICIAL,52735,105136_PULSERA_HILO_NUDOS_INICIAL_52735.jpg
105137,PULSERA_HILO_NUDOS_INICIAL,52736,105137_PULSERA_HILO_NUDOS_INICIAL_52736.jpg
105138,PULSERA_HILO_NUDOS_INICIAL,52737,105138_PULSERA_HILO_NUDOS_INICIAL_52737.jpg
105139,PULSERA_HILO_NUDOS_INICIAL,52738,105139_PULSERA_HILO_NUDOS_INICIAL_52738.jpg
105140,PULSERA_HILO_NUDOS_INICIAL,52739,105140_PULSERA_HILO_NUDOS_INICIAL_52739.jpg
105141,PULSERA_HILO_NUDOS_INICIAL,52740,105141_PULSERA_HILO_NUDOS_INICIAL_52740.jpg
105142,PULSERA_HILO_NUDOS_INICIAL,52741,105142_PULSERA_HILO_NUDOS_INICIAL_52741.jpg
105143,PULSERA_HILO_NUDOS_INICIAL,52742,105143_PULSERA_HILO_NUDOS_INICIAL_52742.jpg
105144,PULSERA_HILO_NUDOS_INICIAL,52743,105144_PULSERA_HILO_NUDOS_INICIAL_52743.jpg
105145,PULSERA_HILO_NUDOS_INICIAL,52744,105145_PULSERA_HILO_NUDOS_INICIAL_52744.jpg
105146,PULSERA_HILO_NUDOS_INICIAL,52745,105146_PULSERA_HILO_NUDOS_INICIAL_52745.jpg
105147,PULSERA_HILO_NUDOS_INICIAL,52746,105147_PULSERA_HILO_NUDOS_INICIAL_52746.jpg
105148,PULSERA_HILO_NUDOS_INICIAL,52747,105148_PULSERA_HILO_NUDOS_INICIAL_52747.jpg
105149,PULSERA_HILO_NUDOS_INICIAL,52748,105149_PULSERA_HILO_NUDOS_INICIAL_52748.jpg
105150,PULSERA_HILO_NUDOS_INICIAL,52749,105150_PULSERA_HILO_NUDOS_INICIAL_52749.jpg
105151,PULSERA_HILO_NUDOS_INICIAL,52750,105151_PULSERA_HILO_NUDOS_INICIAL_52750.jpg
105152,PULSERA_HILO_NUDOS_INICIAL,52751,105152_PULSERA_HILO_NUDOS_INICIAL_52751.jpg
105153,PULSERA_HILO_NUDOS_INICIAL,52752,105153_PULSERA_HILO_NUDOS_INICIAL_52752.jpg
105154,PULSERA_HILO_NUDOS_INICIAL,52753,105154_PULSERA_HILO_NUDOS_INICIAL_52753.jpg
105155,PULSERA_HILO_NUDOS_INICIAL,52754,105155_PULSERA_HILO_NUDOS_INICIAL_52754.jpg
105156,PULSERA_HILO_NUDOS_INICIAL,52755,105156_PULSERA_HILO_NUDOS_INICIAL_52755.jpg
105157,PULSERA_HILO_NUDOS_INICIAL,52756,105157_PULSERA_HILO_NUDOS_INICIAL_52756.jpg
105158,PULSERA_HILO_NUDOS_INICIAL,52757,105158_PULSERA_HILO_NUDOS_INICIAL_52757.jpg
105159,PULSERA_HILO_NUDOS_INICIAL,52758,105159_PULSERA_HILO_NUDOS_INICIAL_52758.jpg
105160,PULSERA_HILO_NUDOS_INICIAL,52759,105160_PULSERA_HILO_NUDOS_INICIAL_52759.jpg
105161,PULSERA_HILO_NUDOS_INICIAL,52760,105161_PULSERA_HILO_NUDOS_INICIAL_52760.jpg
105162,PULSERA_HILO_NUDOS_INICIAL,52761,105162_PULSERA_HILO_NUDOS_INICIAL_52761.jpg
105163,PULSERA_HILO_NUDOS_INICIAL,52762,105163_PULSERA_HILO_NUDOS_INICIAL_52762.jpg
105164,PULSERA_HILO_NUDOS_INICIAL,52763,105164_PULSERA_HILO_NUDOS_INICIAL_52763.jpg
105165,PULSERA_HILO_NUDOS_INICIAL,52764,105165_PULSERA_HILO_NUDOS_INICIAL_52764.jpg
105166,PULSERA_HILO_NUDOS_INICIAL,52765,105166_PULSERA_HILO_NUDOS_INICIAL_52765.jpg
105167,PULSERA_HILO_NUDOS_INICIAL,52766,105167_PULSERA_HILO_NUDOS_INICIAL_52766.jpg
105168,PULSERA_HILO_NUDOS_INICIAL,52767,105168_PULSERA_HILO_NUDOS_INICIAL_52767.jpg
105169,PULSERA_HILO_NUDOS_INICIAL,52768,105169_PULSERA_HILO_NUDOS_INICIAL_52768.jpg
105170,PULSERA_HILO_NUDOS_INICIAL,52769,105170_PULSERA_HILO_NUDOS_INICIAL_52769.jpg
105171,PULSERA_HILO_NUDOS_INICIAL,52770,105171_PULSERA_HILO_NUDOS_INICIAL_52770.jpg
105172,PULSERA_HILO_NUDOS_INICIAL,52771,105172_PULSERA_HILO_NUDOS_INICIAL_52771.jpg
105173,PULSERA_HILO_NUDOS_INICIAL,52772,105173_PULSERA_HILO_NUDOS_INICIAL_52772.jpg
105174,PULSERA_HILO_NUDOS_INICIAL,52773,105174_PULSERA_HILO_NUDOS_INICIAL_52773.jpg
105175,PULSERA_HILO_NUDOS_INICIAL,52774,105175_PULSERA_HILO_NUDOS_INICIAL_52774.jpg
105176,PULSERA_HILO_NUDOS_INICIAL,52775,105176_PULSERA_HILO_NUDOS_INICIAL_52775.jpg
105177,PULSERA_HILO_NUDOS_INICIAL,52776,105177_PULSERA_HILO_NUDOS_INICIAL_52776.jpg
105178,PULSERA_HILO_NUDOS_INICIAL,52777,105178_PULSERA_HILO_NUDOS_INICIAL_52777.jpg
105179,PULSERA_HILO_NUDOS_INICIAL,52778,105179_PULSERA_HILO_NUDOS_INICIAL_52778.jpg
105180,PULSERA_HILO_NUDOS_INICIAL,52779,105180_PULSERA_HILO_NUDOS_INICIAL_52779.jpg
105181,PULSERA_HILO_NUDOS_INICIAL,52780,105181_PULSERA_HILO_NUDOS_INICIAL_52780.jpg
105182,PULSERA_HILO_NUDOS_INICIAL,52781,105182_PULSERA_HILO_NUDOS_INICIAL_52781.jpg
105183,PULSERA_HILO_NUDOS_INICIAL,52782,105183_PULSERA_HILO_NUDOS_INICIAL_52782.jpg
105184,PULSERA_HILO_NUDOS_INICIAL,52783,105184_PULSERA_HILO_NUDOS_INICIAL_52783.jpg
105185,PULSERA_HILO_NUDOS_INICIAL,52784,105185_PULSERA_HILO_NUDOS_INICIAL_52784.jpg
105186,PULSERA_HILO_NUDOS_INICIAL,52785,105186_PULSERA_HILO_NUDOS_INICIAL_52785.jpg
105187,PULSERA_HILO_NUDOS_INICIAL,52786,105187_PULSERA_HILO_NUDOS_INICIAL_52786.jpg
105188,PULSERA_HILO_NUDOS_INICIAL,52787,105188_PULSERA_HILO_NUDOS_INICIAL_52787.jpg
105189,PULSERA_HILO_NUDOS_INICIAL,52788,105189_PULSERA_HILO_NUDOS_INICIAL_52788.jpg
105190,PULSERA_HILO_NUDOS_INICIAL,52789,105190_PULSERA_HILO_NUDOS_INICIAL_52789.jpg
105191,PULSERA_HILO_NUDOS_INICIAL,52790,105191_PULSERA_HILO_NUDOS_INICIAL_52790.jpg
105192,PULSERA_HILO_NUDOS_INICIAL,52791,105192_PULSERA_HILO_NUDOS_INICIAL_52791.jpg
105193,PULSERA_HILO_NUDOS_INICIAL,52792,105193_PULSERA_HILO_NUDOS_INICIAL_52792.jpg
105194,PULSERA_HILO_NUDOS_INICIAL,52793,105194_PULSERA_HILO_NUDOS_INICIAL_52793.jpg
105195,PULSERA_HILO_NUDOS_INICIAL,52794,105195_PULSERA_HILO_NUDOS_INICIAL_52794.jpg
105196,PULSERA_HILO_NUDOS_INICIAL,52795,105196_PULSERA_HILO_NUDOS_INICIAL_52795.jpg
105197,PULSERA_HILO_NUDOS_INICIAL,52796,105197_PULSERA_HILO_NUDOS_INICIAL_52796.jpg
105198,PULSERA_HILO_NUDOS_INICIAL,52797,105198_PULSERA_HILO_NUDOS_INICIAL_52797.jpg
105199,PULSERA_HILO_NUDOS_INICIAL,52798,105199_PULSERA_HILO_NUDOS_INICIAL_52798.jpg
105200,PULSERA_HILO_NUDOS_INICIAL,52799,105200_PULSERA_HILO_NUDOS_INICIAL_52799.jpg
105201,PULSERA_HILO_NUDOS_INICIAL,52800,105201_PULSERA_HILO_NUDOS_INICIAL_52800.jpg
105202,PULSERA_HILO_NUDOS_INICIAL,52801,105202_PULSERA_HILO_NUDOS_INICIAL_52801.jpg
105203,PULSERA_HILO_NUDOS_INICIAL,52802,105203_PULSERA_HILO_NUDOS_INICIAL_52802.jpg
105204,PULSERA_HILO_NUDOS_INICIAL,52803,105204_PULSERA_HILO_NUDOS_INICIAL_52803.jpg
105205,PULSERA_HILO_NUDOS_INICIAL,52804,105205_PULSERA_HILO_NUDOS_INICIAL_52804.jpg
105206,PULSERA_HILO_NUDOS_INICIAL,52805,105206_PULSERA_HILO_NUDOS_INICIAL_52805.jpg
105207,PULSERA_HILO_NUDOS_INICIAL,52806,105207_PULSERA_HILO_NUDOS_INICIAL_52806.jpg
105208,PULSERA_HILO_NUDOS_INICIAL,52807,105208_PULSERA_HILO_NUDOS_INICIAL_52807.jpg
105209,PULSERA_HILO_NUDOS_INICIAL,52808,105209_PULSERA_HILO_NUDOS_INICIAL_52808.jpg
105210,PULSERA_HILO_NUDOS_INICIAL,52809,105210_PULSERA_HILO_NUDOS_INICIAL_52809.jpg
105211,PULSERA_HILO_NUDOS_INICIAL,52810,105211_PULSERA_HILO_NUDOS_INICIAL_52810.jpg
105212,PULSERA_HILO_NUDOS_INICIAL,52811,105212_PULSERA_HILO_NUDOS_INICIAL_52811.jpg
105213,PULSERA_HILO_NUDOS_INICIAL,52812,105213_PULSERA_HILO_NUDOS_INICIAL_52812.jpg
105214,PULSERA_HILO_NUDOS_INICIAL,52813,105214_PULSERA_HILO_NUDOS_INICIAL_52813.jpg
105215,PULSERA_HILO_NUDOS_INICIAL,52814,105215_PULSERA_HILO_NUDOS_INICIAL_52814.jpg
105216,PULSERA_HILO_NUDOS_INICIAL,52815,105216_PULSERA_HILO_NUDOS_INICIAL_52815.jpg
105217,PULSERA_HILO_NUDOS_INICIAL,52816,105217_PULSERA_HILO_NUDOS_INICIAL_52816.jpg
105218,PULSERA_HILO_NUDOS_INICIAL,52817,105218_PULSERA_HILO_NUDOS_INICIAL_52817.jpg
105219,PULSERA_NUDO_CHINO_CON_TUBO,52683,105219_PULSERA_NUDO_CHINO_CON_TUBO_52683.jpg
105220,PULSERA_TIRAS_CUERO_CHINO_CUBO_CORAZON,52825,105220_PULSERA_TIRAS_CUERO_CHINO_CUBO_CORAZON_52825.jpg
105221,PULSERA_TIRAS_CUERO_CHINO_CUBO_CORAZON,52826,105221_PULSERA_TIRAS_CUERO_CHINO_CUBO_CORAZON_52826.jpg
105222,PULSERA_TIRAS_CUERO_CHINO_BOLITAS_CUADRADAS,52685,105222_PULSERA_TIRAS_CUERO_CHINO_BOLITAS_CUADRADAS_52685.jpg
105223,PULSERA_TIRAS_CUERO_CHINO_BOLITAS_CUADRADAS,52824,105223_PULSERA_TIRAS_CUERO_CHINO_BOLITAS_CUADRADAS_52824.jpg
105224,PULSERA_TIRAS_CUERO_CHINO_TUBOS,52827,105224_PULSERA_TIRAS_CUERO_CHINO_TUBOS_52827.jpg
105225,PULSERA_TIRAS_CUERO_CHINO_TUBOS,52828,105225_PULSERA_TIRAS_CUERO_CHINO_TUBOS_52828.jpg
105226,PULSERA_TUBO_SIMPLE_BOLITA,52821,105226_PULSERA_TUBO_SIMPLE_BOLITA_52821.jpg
105227,PULSERA_TUBO_SIMPLE_BOLITA,52822,105227_PULSERA_TUBO_SIMPLE_BOLITA_52822.jpg
105228,PULSERA_TUBO_SIMPLE_BOLITA,52823,105228_PULSERA_TUBO_SIMPLE_BOLITA_52823.jpg
105229,PULSERA_7_NUDOS_CON_BOLITA,52684,105229_PULSERA_7_NUDOS_CON_BOLITA_52684.jpg
105230,TOTE_TATI,52833,105230_TOTE_TATI_52833.jpg
105231,TOTE_TATI,52834,105231_TOTE_TATI_52834.jpg
105232,LLAVERO_ABC,52890,105232_LLAVERO_ABC_52890.jpg
105233,LLAVERO_ABC,52914,105233_LLAVERO_ABC_52914.jpg
105234,LLAVERO_ABC,52863,105234_LLAVERO_ABC_52863.jpg
105235,FUNDA_DE_CUADERNO_A4,53034,105235_FUNDA_DE_CUADERNO_A4_53034.jpg
105236,FUNDA_DE_CUADERNO_A4,53038,105236_FUNDA_DE_CUADERNO_A4_53038.jpg
105237,PORTALENTES_LUZ,53045,105237_PORTALENTES_LUZ_53045.jpg
105238,BRAZALETE__4_,52839,105238_BRAZALETE__4__52839.jpg
105239,BRAZALETE__4_,52844,105239_BRAZALETE__4__52844.jpg
105240,BRAZALETE__4_,52845,105240_BRAZALETE__4__52845.jpg
105241,BRAZALETE__4_,52838,105241_BRAZALETE__4__52838.jpg
105242,BRAZALETE__4_,52836,105242_BRAZALETE__4__52836.jpg
105243,BRAZALETE__4_,52837,105243_BRAZALETE__4__52837.jpg
105244,ANILLO__2_,52846,105244_ANILLO__2__52846.jpg
105245,ANILLO__2_,52848,105245_ANILLO__2__52848.jpg
105246,ANILLO__2_,52850,105246_ANILLO__2__52850.jpg
105247,ANILLO__2_,52856,105247_ANILLO__2__52856.jpg
105248,ANILLO__3_,52858,105248_ANILLO__3__52858.jpg
105249,ANILLO__3_,52860,105249_ANILLO__3__52860.jpg
105250,ANILLO__3_,52861,105250_ANILLO__3__52861.jpg
105251,MONEDERO_BEIJING_MINI,53123,105251_MONEDERO_BEIJING_MINI_53123.jpg
105252,MONEDERO_BEIJING_MINI,53124,105252_MONEDERO_BEIJING_MINI_53124.jpg
105253,MONEDERO_BEIJING_MINI,53125,105253_MONEDERO_BEIJING_MINI_53125.jpg
105254,MONEDERO_BEIJING_MINI,53127,105254_MONEDERO_BEIJING_MINI_53127.jpg
105255,MONEDERO_BEIJING_MINI,53128,105255_MONEDERO_BEIJING_MINI_53128.jpg
105256,BOTA_DESSERT_RAVAN,53180,105256_BOTA_DESSERT_RAVAN_53180.jpg
105257,BOTA_DESSERT_RAVAN,53181,105257_BOTA_DESSERT_RAVAN_53181.jpg
105258,BOTA_DESSERT_RAVAN,53182,105258_BOTA_DESSERT_RAVAN_53182.jpg
105259,BOTA_DESSERT_RAVAN,53183,105259_BOTA_DESSERT_RAVAN_53183.jpg
105260,BOTA_DESSERT_RAVAN,53184,105260_BOTA_DESSERT_RAVAN_53184.jpg
105261,BOTA_DESSERT_RAVAN,53185,105261_BOTA_DESSERT_RAVAN_53185.jpg
105262,BOTA_DESSERT_RAVAN,53186,105262_BOTA_DESSERT_RAVAN_53186.jpg
105263,BOTA_CHELSEA_ARM_,53145,105263_BOTA_CHELSEA_ARM__53145.jpg
105264,BOTA_CHELSEA_ARM_,53146,105264_BOTA_CHELSEA_ARM__53146.jpg
105265,BOTA_CHELSEA_ARM_,53147,105265_BOTA_CHELSEA_ARM__53147.jpg
105266,BOTA_CHELSEA_ARM_,53148,105266_BOTA_CHELSEA_ARM__53148.jpg
105267,BOTA_CHELSEA_ARM_,53149,105267_BOTA_CHELSEA_ARM__53149.jpg
105268,BOTA_CHELSEA_ARM_,53150,105268_BOTA_CHELSEA_ARM__53150.jpg
105269,BOTA_CHELSEA_ARM_,53151,105269_BOTA_CHELSEA_ARM__53151.jpg
105270,BOTA_CHELSEA_CESAR,53159,105270_BOTA_CHELSEA_CESAR_53159.jpg
105271,BOTA_CHELSEA_CESAR,53160,105271_BOTA_CHELSEA_CESAR_53160.jpg
105272,BOTA_CHELSEA_CESAR,53161,105272_BOTA_CHELSEA_CESAR_53161.jpg
105273,BOTA_CHELSEA_CESAR,53162,105273_BOTA_CHELSEA_CESAR_53162.jpg
105274,BOTA_CHELSEA_CESAR,53163,105274_BOTA_CHELSEA_CESAR_53163.jpg
105275,BOTA_CHELSEA_CESAR,53164,105275_BOTA_CHELSEA_CESAR_53164.jpg
105276,BOTA_CHELSEA_CESAR,53165,105276_BOTA_CHELSEA_CESAR_53165.jpg
105277,BOTA_CHELSEA_CESAR,53166,105277_BOTA_CHELSEA_CESAR_53166.jpg
105278,BOTA_CHELSEA_CESAR,53167,105278_BOTA_CHELSEA_CESAR_53167.jpg
105279,BOTA_CHELSEA_CESAR,53168,105279_BOTA_CHELSEA_CESAR_53168.jpg
105280,BOTA_CHELSEA_CESAR,53169,105280_BOTA_CHELSEA_CESAR_53169.jpg
105281,BOTA_CHELSEA_CESAR,53170,105281_BOTA_CHELSEA_CESAR_53170.jpg
105282,BOTA_CHELSEA_CESAR,53171,105282_BOTA_CHELSEA_CESAR_53171.jpg
105283,BOTA_CHELSEA_CESAR,53172,105283_BOTA_CHELSEA_CESAR_53172.jpg
105284,BOTA_CHELSEA_EMILIO,53152,105284_BOTA_CHELSEA_EMILIO_53152.jpg
105285,BOTA_CHELSEA_EMILIO,53153,105285_BOTA_CHELSEA_EMILIO_53153.jpg
105286,BOTA_CHELSEA_EMILIO,53154,105286_BOTA_CHELSEA_EMILIO_53154.jpg
105287,BOTA_CHELSEA_EMILIO,53155,105287_BOTA_CHELSEA_EMILIO_53155.jpg
105288,BOTA_CHELSEA_EMILIO,53156,105288_BOTA_CHELSEA_EMILIO_53156.jpg
105289,BOTA_CHELSEA_EMILIO,53157,105289_BOTA_CHELSEA_EMILIO_53157.jpg
105290,BOTA_CHELSEA_EMILIO,53158,105290_BOTA_CHELSEA_EMILIO_53158.jpg
105291,BOTA_CHELSEA_NIL,53138,105291_BOTA_CHELSEA_NIL_53138.jpg
105292,BOTA_CHELSEA_NIL,53139,105292_BOTA_CHELSEA_NIL_53139.jpg
105293,BOTA_CHELSEA_NIL,53140,105293_BOTA_CHELSEA_NIL_53140.jpg
105294,BOTA_CHELSEA_NIL,53141,105294_BOTA_CHELSEA_NIL_53141.jpg
105295,BOTA_CHELSEA_NIL,53142,105295_BOTA_CHELSEA_NIL_53142.jpg
105296,BOTA_CHELSEA_NIL,53143,105296_BOTA_CHELSEA_NIL_53143.jpg
105297,BOTA_CHELSEA_NIL,53144,105297_BOTA_CHELSEA_NIL_53144.jpg
105298,BOTA_DESSERT_RAVAN,53173,105298_BOTA_DESSERT_RAVAN_53173.jpg
105299,BOTA_DESSERT_RAVAN,53174,105299_BOTA_DESSERT_RAVAN_53174.jpg
105300,BOTA_DESSERT_RAVAN,53175,105300_BOTA_DESSERT_RAVAN_53175.jpg
105301,BOTA_DESSERT_RAVAN,53176,105301_BOTA_DESSERT_RAVAN_53176.jpg
105302,BOTA_DESSERT_RAVAN,53177,105302_BOTA_DESSERT_RAVAN_53177.jpg
105303,BOTA_DESSERT_RAVAN,53178,105303_BOTA_DESSERT_RAVAN_53178.jpg
105304,BOTA_DESSERT_RAVAN,53179,105304_BOTA_DESSERT_RAVAN_53179.jpg
105305,MOCASIN_HERRAJE_POL,53348,105305_MOCASIN_HERRAJE_POL_53348.jpg
105306,MOCASIN_HERRAJE_POL,53349,105306_MOCASIN_HERRAJE_POL_53349.jpg
105307,MOCASIN_HERRAJE_POL,53350,105307_MOCASIN_HERRAJE_POL_53350.jpg
105308,MOCASIN_HERRAJE_POL,53351,105308_MOCASIN_HERRAJE_POL_53351.jpg
105309,MOCASIN_HERRAJE_POL,53352,105309_MOCASIN_HERRAJE_POL_53352.jpg
105310,MOCASIN_HERRAJE_POL,53353,105310_MOCASIN_HERRAJE_POL_53353.jpg
105311,MOCASIN_HERRAJE_POL,53354,105311_MOCASIN_HERRAJE_POL_53354.jpg
105312,MOCASIN_IVAN,53278,105312_MOCASIN_IVAN_53278.jpg
105313,MOCASIN_IVAN,53279,105313_MOCASIN_IVAN_53279.jpg
105314,MOCASIN_IVAN,53280,105314_MOCASIN_IVAN_53280.jpg
105315,MOCASIN_IVAN,53281,105315_MOCASIN_IVAN_53281.jpg
105316,MOCASIN_IVAN,53282,105316_MOCASIN_IVAN_53282.jpg
105317,MOCASIN_IVAN,53283,105317_MOCASIN_IVAN_53283.jpg
105318,MOCASIN_IVAN,53284,105318_MOCASIN_IVAN_53284.jpg
105319,MOCASIN_PENNY_JAIME,53313,105319_MOCASIN_PENNY_JAIME_53313.jpg
105320,MOCASIN_PENNY_JAIME,53314,105320_MOCASIN_PENNY_JAIME_53314.jpg
105321,MOCASIN_PENNY_JAIME,53315,105321_MOCASIN_PENNY_JAIME_53315.jpg
105322,MOCASIN_PENNY_JAIME,53316,105322_MOCASIN_PENNY_JAIME_53316.jpg
105323,MOCASIN_PENNY_JAIME,53317,105323_MOCASIN_PENNY_JAIME_53317.jpg
105324,MOCASIN_PENNY_JAIME,53318,105324_MOCASIN_PENNY_JAIME_53318.jpg
105325,MOCASIN_PENNY_JAIME,53319,105325_MOCASIN_PENNY_JAIME_53319.jpg
105326,MOCASIN_PENNY_JAIME,53320,105326_MOCASIN_PENNY_JAIME_53320.jpg
105327,MOCASIN_PENNY_JAIME,53321,105327_MOCASIN_PENNY_JAIME_53321.jpg
105328,MOCASIN_PENNY_JAIME,53322,105328_MOCASIN_PENNY_JAIME_53322.jpg
105329,MOCASIN_PENNY_JAIME,53323,105329_MOCASIN_PENNY_JAIME_53323.jpg
105330,MOCASIN_PENNY_JAIME,53324,105330_MOCASIN_PENNY_JAIME_53324.jpg
105331,MOCASIN_PENNY_JAIME,53325,105331_MOCASIN_PENNY_JAIME_53325.jpg
105332,MOCASIN_PENNY_JAIME,53326,105332_MOCASIN_PENNY_JAIME_53326.jpg
105333,MOCASIN_PENNY_JAN,53341,105333_MOCASIN_PENNY_JAN_53341.jpg
105334,MOCASIN_PENNY_JAN,53342,105334_MOCASIN_PENNY_JAN_53342.jpg
105335,MOCASIN_PENNY_JAN,53343,105335_MOCASIN_PENNY_JAN_53343.jpg
105336,MOCASIN_PENNY_JAN,53344,105336_MOCASIN_PENNY_JAN_53344.jpg
105337,MOCASIN_PENNY_JAN,53345,105337_MOCASIN_PENNY_JAN_53345.jpg
105338,MOCASIN_PENNY_JAN,53346,105338_MOCASIN_PENNY_JAN_53346.jpg
105339,MOCASIN_PENNY_JAN,53347,105339_MOCASIN_PENNY_JAN_53347.jpg
105340,MOCASIN_PENNY_TRISTAN,53285,105340_MOCASIN_PENNY_TRISTAN_53285.jpg
105341,MOCASIN_PENNY_TRISTAN,53286,105341_MOCASIN_PENNY_TRISTAN_53286.jpg
105342,MOCASIN_PENNY_TRISTAN,53287,105342_MOCASIN_PENNY_TRISTAN_53287.jpg
105343,MOCASIN_PENNY_TRISTAN,53288,105343_MOCASIN_PENNY_TRISTAN_53288.jpg
105344,MOCASIN_PENNY_TRISTAN,53289,105344_MOCASIN_PENNY_TRISTAN_53289.jpg
105345,MOCASIN_PENNY_TRISTAN,53290,105345_MOCASIN_PENNY_TRISTAN_53290.jpg
105346,MOCASIN_PENNY_TRISTAN,53291,105346_MOCASIN_PENNY_TRISTAN_53291.jpg
105347,MOCASIN_PENNY_TRISTAN,53292,105347_MOCASIN_PENNY_TRISTAN_53292.jpg
105348,MOCASIN_PENNY_TRISTAN,53293,105348_MOCASIN_PENNY_TRISTAN_53293.jpg
105349,MOCASIN_PENNY_TRISTAN,53294,105349_MOCASIN_PENNY_TRISTAN_53294.jpg
105350,MOCASIN_PENNY_TRISTAN,53295,105350_MOCASIN_PENNY_TRISTAN_53295.jpg
105351,MOCASIN_PENNY_TRISTAN,53296,105351_MOCASIN_PENNY_TRISTAN_53296.jpg
105352,MOCASIN_PENNY_TRISTAN,53297,105352_MOCASIN_PENNY_TRISTAN_53297.jpg
105353,MOCASIN_PENNY_TRISTAN,53298,105353_MOCASIN_PENNY_TRISTAN_53298.jpg
105354,ZAPATO_DERBY_ABEL,53187,105354_ZAPATO_DERBY_ABEL_53187.jpg
105355,ZAPATO_DERBY_ABEL,53188,105355_ZAPATO_DERBY_ABEL_53188.jpg
105356,ZAPATO_DERBY_ABEL,53189,105356_ZAPATO_DERBY_ABEL_53189.jpg
105357,ZAPATO_DERBY_ABEL,53190,105357_ZAPATO_DERBY_ABEL_53190.jpg
105358,ZAPATO_DERBY_ABEL,53191,105358_ZAPATO_DERBY_ABEL_53191.jpg
105359,ZAPATO_DERBY_ABEL,53192,105359_ZAPATO_DERBY_ABEL_53192.jpg
105360,ZAPATO_DERBY_ABEL,53193,105360_ZAPATO_DERBY_ABEL_53193.jpg
105361,ZAPATO_DERBY_AMIR,53250,105361_ZAPATO_DERBY_AMIR_53250.jpg
105362,ZAPATO_DERBY_AMIR,53251,105362_ZAPATO_DERBY_AMIR_53251.jpg
105363,ZAPATO_DERBY_AMIR,53252,105363_ZAPATO_DERBY_AMIR_53252.jpg
105364,ZAPATO_DERBY_AMIR,53253,105364_ZAPATO_DERBY_AMIR_53253.jpg
105365,ZAPATO_DERBY_AMIR,53254,105365_ZAPATO_DERBY_AMIR_53254.jpg
105366,ZAPATO_DERBY_AMIR,53255,105366_ZAPATO_DERBY_AMIR_53255.jpg
105367,ZAPATO_DERBY_AMIR,53256,105367_ZAPATO_DERBY_AMIR_53256.jpg
105368,ZAPATO_DERBY_BIEL,53208,105368_ZAPATO_DERBY_BIEL_53208.jpg
105369,ZAPATO_DERBY_BIEL,53209,105369_ZAPATO_DERBY_BIEL_53209.jpg
105370,ZAPATO_DERBY_BIEL,53210,105370_ZAPATO_DERBY_BIEL_53210.jpg
105371,ZAPATO_DERBY_BIEL,53211,105371_ZAPATO_DERBY_BIEL_53211.jpg
105372,ZAPATO_DERBY_BIEL,53212,105372_ZAPATO_DERBY_BIEL_53212.jpg
105373,ZAPATO_DERBY_BIEL,53213,105373_ZAPATO_DERBY_BIEL_53213.jpg
105374,ZAPATO_DERBY_BIEL,53214,105374_ZAPATO_DERBY_BIEL_53214.jpg
105375,ZAPATO_DERBY_BIEL,53215,105375_ZAPATO_DERBY_BIEL_53215.jpg
105376,ZAPATO_DERBY_BIEL,53216,105376_ZAPATO_DERBY_BIEL_53216.jpg
105377,ZAPATO_DERBY_BIEL,53217,105377_ZAPATO_DERBY_BIEL_53217.jpg
105378,ZAPATO_DERBY_BIEL,53218,105378_ZAPATO_DERBY_BIEL_53218.jpg
105379,ZAPATO_DERBY_BIEL,53219,105379_ZAPATO_DERBY_BIEL_53219.jpg
105380,ZAPATO_DERBY_BIEL,53220,105380_ZAPATO_DERBY_BIEL_53220.jpg
105381,ZAPATO_DERBY_BIEL,53221,105381_ZAPATO_DERBY_BIEL_53221.jpg
105382,ZAPATO_DERBY_DARIO,53236,105382_ZAPATO_DERBY_DARIO_53236.jpg
105383,ZAPATO_DERBY_DARIO,53237,105383_ZAPATO_DERBY_DARIO_53237.jpg
105384,ZAPATO_DERBY_DARIO,53238,105384_ZAPATO_DERBY_DARIO_53238.jpg
105385,ZAPATO_DERBY_DARIO,53239,105385_ZAPATO_DERBY_DARIO_53239.jpg
105386,ZAPATO_DERBY_DARIO,53240,105386_ZAPATO_DERBY_DARIO_53240.jpg
105387,ZAPATO_DERBY_DARIO,53241,105387_ZAPATO_DERBY_DARIO_53241.jpg
105388,ZAPATO_DERBY_DARIO,53242,105388_ZAPATO_DERBY_DARIO_53242.jpg
105389,ZAPATO_DERBY_GEORGE,53257,105389_ZAPATO_DERBY_GEORGE_53257.jpg
105390,ZAPATO_DERBY_GEORGE,53258,105390_ZAPATO_DERBY_GEORGE_53258.jpg
105391,ZAPATO_DERBY_GEORGE,53259,105391_ZAPATO_DERBY_GEORGE_53259.jpg
105392,ZAPATO_DERBY_GEORGE,53260,105392_ZAPATO_DERBY_GEORGE_53260.jpg
105393,ZAPATO_DERBY_GEORGE,53261,105393_ZAPATO_DERBY_GEORGE_53261.jpg
105394,ZAPATO_DERBY_GEORGE,53262,105394_ZAPATO_DERBY_GEORGE_53262.jpg
105395,ZAPATO_DERBY_GEORGE,53263,105395_ZAPATO_DERBY_GEORGE_53263.jpg
105396,ZAPATO_DERBY_ISMAEL,53194,105396_ZAPATO_DERBY_ISMAEL_53194.jpg
105397,ZAPATO_DERBY_ISMAEL,53195,105397_ZAPATO_DERBY_ISMAEL_53195.jpg
105398,ZAPATO_DERBY_ISMAEL,53196,105398_ZAPATO_DERBY_ISMAEL_53196.jpg
105399,ZAPATO_DERBY_ISMAEL,53197,105399_ZAPATO_DERBY_ISMAEL_53197.jpg
105400,ZAPATO_DERBY_ISMAEL,53198,105400_ZAPATO_DERBY_ISMAEL_53198.jpg
105401,ZAPATO_DERBY_ISMAEL,53199,105401_ZAPATO_DERBY_ISMAEL_53199.jpg
105402,ZAPATO_DERBY_ISMAEL,53200,105402_ZAPATO_DERBY_ISMAEL_53200.jpg
105403,ZAPATO_DERBY_JOEL,53222,105403_ZAPATO_DERBY_JOEL_53222.jpg
105404,ZAPATO_DERBY_JOEL,53223,105404_ZAPATO_DERBY_JOEL_53223.jpg
105405,ZAPATO_DERBY_JOEL,53224,105405_ZAPATO_DERBY_JOEL_53224.jpg
105406,ZAPATO_DERBY_JOEL,53225,105406_ZAPATO_DERBY_JOEL_53225.jpg
105407,ZAPATO_DERBY_JOEL,53226,105407_ZAPATO_DERBY_JOEL_53226.jpg
105408,ZAPATO_DERBY_JOEL,53227,105408_ZAPATO_DERBY_JOEL_53227.jpg
105409,ZAPATO_DERBY_JOEL,53228,105409_ZAPATO_DERBY_JOEL_53228.jpg
105410,ZAPATO_DERBY_ULISES,53264,105410_ZAPATO_DERBY_ULISES_53264.jpg
105411,ZAPATO_DERBY_ULISES,53265,105411_ZAPATO_DERBY_ULISES_53265.jpg
105412,ZAPATO_DERBY_ULISES,53266,105412_ZAPATO_DERBY_ULISES_53266.jpg
105413,ZAPATO_DERBY_ULISES,53267,105413_ZAPATO_DERBY_ULISES_53267.jpg
105414,ZAPATO_DERBY_ULISES,53268,105414_ZAPATO_DERBY_ULISES_53268.jpg
105415,ZAPATO_DERBY_ULISES,53269,105415_ZAPATO_DERBY_ULISES_53269.jpg
105416,ZAPATO_DERBY_ULISES,53270,105416_ZAPATO_DERBY_ULISES_53270.jpg
105417,ZAPATO_OXFORD_AXEL,53243,105417_ZAPATO_OXFORD_AXEL_53243.jpg
105418,ZAPATO_OXFORD_AXEL,53244,105418_ZAPATO_OXFORD_AXEL_53244.jpg
105419,ZAPATO_OXFORD_AXEL,53245,105419_ZAPATO_OXFORD_AXEL_53245.jpg
105420,ZAPATO_OXFORD_AXEL,53246,105420_ZAPATO_OXFORD_AXEL_53246.jpg
105421,ZAPATO_OXFORD_AXEL,53247,105421_ZAPATO_OXFORD_AXEL_53247.jpg
105422,ZAPATO_OXFORD_AXEL,53248,105422_ZAPATO_OXFORD_AXEL_53248.jpg
105423,ZAPATO_OXFORD_AXEL,53249,105423_ZAPATO_OXFORD_AXEL_53249.jpg
105424,ZAPATO_OXFORD_HUMMER,53271,105424_ZAPATO_OXFORD_HUMMER_53271.jpg
105425,ZAPATO_OXFORD_HUMMER,53272,105425_ZAPATO_OXFORD_HUMMER_53272.jpg
105426,ZAPATO_OXFORD_HUMMER,53273,105426_ZAPATO_OXFORD_HUMMER_53273.jpg
105427,ZAPATO_OXFORD_HUMMER,53274,105427_ZAPATO_OXFORD_HUMMER_53274.jpg
105428,ZAPATO_OXFORD_HUMMER,53275,105428_ZAPATO_OXFORD_HUMMER_53275.jpg
105429,ZAPATO_OXFORD_HUMMER,53276,105429_ZAPATO_OXFORD_HUMMER_53276.jpg
105430,ZAPATO_OXFORD_HUMMER,53277,105430_ZAPATO_OXFORD_HUMMER_53277.jpg
105431,MOCASIN_PENNY_BAIA,53742,105431_MOCASIN_PENNY_BAIA_53742.jpg
105432,MOCASIN_PENNY_BAIA,53743,105432_MOCASIN_PENNY_BAIA_53743.jpg
105433,MOCASIN_PENNY_BAIA,53744,105433_MOCASIN_PENNY_BAIA_53744.jpg
105434,MOCASIN_PENNY_BAIA,53745,105434_MOCASIN_PENNY_BAIA_53745.jpg
105435,MOCASIN_PENNY_BAIA,53746,105435_MOCASIN_PENNY_BAIA_53746.jpg
105436,MOCASIN_PENNY_BAIA,53747,105436_MOCASIN_PENNY_BAIA_53747.jpg
105437,MOCASIN_PENNY_BAIA,53748,105437_MOCASIN_PENNY_BAIA_53748.jpg
105438,MOCASIN_PENNY_BAIA,53749,105438_MOCASIN_PENNY_BAIA_53749.jpg
105439,MOCASIN_PENNY_BAIA,53750,105439_MOCASIN_PENNY_BAIA_53750.jpg
105440,MOCASIN_PENNY_BAIA,53751,105440_MOCASIN_PENNY_BAIA_53751.jpg
105441,MOCASIN_PENNY_BAIA,53752,105441_MOCASIN_PENNY_BAIA_53752.jpg
105442,MOCASIN_PENNY_BAIA,53753,105442_MOCASIN_PENNY_BAIA_53753.jpg
105443,MOCASIN_PENNY_BAIA,53754,105443_MOCASIN_PENNY_BAIA_53754.jpg
105444,MOCASIN_PENNY_BAIA,53755,105444_MOCASIN_PENNY_BAIA_53755.jpg
105445,MOCASIN_PENNY_BAIA,53756,105445_MOCASIN_PENNY_BAIA_53756.jpg
105446,LLAVERO_PAMPA,54304,105446_LLAVERO_PAMPA_54304.jpg
105447,ANILLO_INICIAL,54350,105447_ANILLO_INICIAL_54350.jpg
105448,ANILLO_INICIAL,54351,105448_ANILLO_INICIAL_54351.jpg
105449,ANILLO_INICIAL,54352,105449_ANILLO_INICIAL_54352.jpg
105450,ANILLO_INICIAL,54353,105450_ANILLO_INICIAL_54353.jpg
105451,ANILLO_INICIAL,54354,105451_ANILLO_INICIAL_54354.jpg
105452,ANILLO_INICIAL,54355,105452_ANILLO_INICIAL_54355.jpg
105453,ANILLO_INICIAL,54356,105453_ANILLO_INICIAL_54356.jpg
105454,ANILLO_INICIAL,54357,105454_ANILLO_INICIAL_54357.jpg
105455,ANILLO_INICIAL,54358,105455_ANILLO_INICIAL_54358.jpg
105456,ANILLO_INICIAL,54359,105456_ANILLO_INICIAL_54359.jpg
105457,ANILLO_INICIAL,54360,105457_ANILLO_INICIAL_54360.jpg
105458,ANILLO_INICIAL,54361,105458_ANILLO_INICIAL_54361.jpg
105459,ANILLO_INICIAL,54363,105459_ANILLO_INICIAL_54363.jpg
105460,ANILLO_INICIAL,54365,105460_ANILLO_INICIAL_54365.jpg
105461,ANILLO_INICIAL,54366,105461_ANILLO_INICIAL_54366.jpg
105462,ANILLO_INICIAL,54367,105462_ANILLO_INICIAL_54367.jpg
105463,ANILLO_INICIAL,54368,105463_ANILLO_INICIAL_54368.jpg
105464,ANILLO_INICIAL,54369,105464_ANILLO_INICIAL_54369.jpg
105465,ANILLO_INICIAL,54370,105465_ANILLO_INICIAL_54370.jpg
105466,ANILLO_INICIAL,54371,105466_ANILLO_INICIAL_54371.jpg
105467,ANILLO_INICIAL,54372,105467_ANILLO_INICIAL_54372.jpg
105468,ANILLO_INICIAL,54373,105468_ANILLO_INICIAL_54373.jpg
105469,ANILLO_INICIAL,54374,105469_ANILLO_INICIAL_54374.jpg
105470,ANILLO_INICIAL,54375,105470_ANILLO_INICIAL_54375.jpg
105471,ANILLO_INICIAL,54376,105471_ANILLO_INICIAL_54376.jpg
105472,ANILLO_INICIAL,54378,105472_ANILLO_INICIAL_54378.jpg
105473,ANILLO_INICIAL,54380,105473_ANILLO_INICIAL_54380.jpg
105474,ANILLO_INICIAL,54381,105474_ANILLO_INICIAL_54381.jpg
105475,ANILLO_INICIAL,54382,105475_ANILLO_INICIAL_54382.jpg
105476,ANILLO_INICIAL,54383,105476_ANILLO_INICIAL_54383.jpg
105477,ANILLO_INICIAL,54384,105477_ANILLO_INICIAL_54384.jpg
105478,ANILLO_INICIAL,54385,105478_ANILLO_INICIAL_54385.jpg
105479,ANILLO_INICIAL,54386,105479_ANILLO_INICIAL_54386.jpg
105480,ANILLO_INICIAL,54387,105480_ANILLO_INICIAL_54387.jpg
105481,ANILLO_INICIAL,54388,105481_ANILLO_INICIAL_54388.jpg
105482,ANILLO_INICIAL,54389,105482_ANILLO_INICIAL_54389.jpg
105483,ANILLO_INICIAL,54390,105483_ANILLO_INICIAL_54390.jpg
105484,ANILLO_INICIAL,54391,105484_ANILLO_INICIAL_54391.jpg
105485,ANILLO_INICIAL,54393,105485_ANILLO_INICIAL_54393.jpg
105486,ANILLO_INICIAL,54395,105486_ANILLO_INICIAL_54395.jpg
105487,ANILLO_INICIAL,54396,105487_ANILLO_INICIAL_54396.jpg
105488,ANILLO_INICIAL,54397,105488_ANILLO_INICIAL_54397.jpg
105489,ANILLO_INICIAL,54398,105489_ANILLO_INICIAL_54398.jpg
105490,ANILLO_INICIAL,54399,105490_ANILLO_INICIAL_54399.jpg
105491,ANILLO_INICIAL,54400,105491_ANILLO_INICIAL_54400.jpg
105492,ANILLO_INICIAL,54401,105492_ANILLO_INICIAL_54401.jpg
105493,ANILLO_INICIAL,54402,105493_ANILLO_INICIAL_54402.jpg
105494,ANILLO_INICIAL,54403,105494_ANILLO_INICIAL_54403.jpg
105495,ANILLO_INICIAL,54404,105495_ANILLO_INICIAL_54404.jpg
105496,ANILLO_INICIAL,54405,105496_ANILLO_INICIAL_54405.jpg
105497,ANILLO_INICIAL,54406,105497_ANILLO_INICIAL_54406.jpg
105498,ANILLO_INICIAL,54408,105498_ANILLO_INICIAL_54408.jpg
105499,ANILLO_INICIAL,54410,105499_ANILLO_INICIAL_54410.jpg
105500,ANILLO_INICIAL,54411,105500_ANILLO_INICIAL_54411.jpg
105501,ANILLO_INICIAL,54412,105501_ANILLO_INICIAL_54412.jpg
105502,ANILLO_INICIAL,54413,105502_ANILLO_INICIAL_54413.jpg
105503,ANILLO_INICIAL,54415,105503_ANILLO_INICIAL_54415.jpg
105504,ANILLO_INICIAL,54417,105504_ANILLO_INICIAL_54417.jpg
105505,ANILLO_INICIAL,54418,105505_ANILLO_INICIAL_54418.jpg
105506,ANILLO_INICIAL,54419,105506_ANILLO_INICIAL_54419.jpg
105507,ANILLO_INICIAL,54421,105507_ANILLO_INICIAL_54421.jpg
105508,ANILLO_INICIAL,54422,105508_ANILLO_INICIAL_54422.jpg
105509,ANILLO_INICIAL,54423,105509_ANILLO_INICIAL_54423.jpg
105510,ANILLO_INICIAL,54424,105510_ANILLO_INICIAL_54424.jpg
105511,ANILLO_INICIAL,54425,105511_ANILLO_INICIAL_54425.jpg
105512,ANILLO_INICIAL,54426,105512_ANILLO_INICIAL_54426.jpg
105513,ANILLO_INICIAL,54427,105513_ANILLO_INICIAL_54427.jpg
105514,ANILLO_INICIAL,54428,105514_ANILLO_INICIAL_54428.jpg
105515,ANILLO_INICIAL,54429,105515_ANILLO_INICIAL_54429.jpg
105516,ANILLO_INICIAL,54431,105516_ANILLO_INICIAL_54431.jpg
105517,ANILLO_INICIAL,54433,105517_ANILLO_INICIAL_54433.jpg
105518,ANILLO_INICIAL,54434,105518_ANILLO_INICIAL_54434.jpg
105519,ANILLO_INICIAL,54435,105519_ANILLO_INICIAL_54435.jpg
105520,ANILLO_INICIAL,54436,105520_ANILLO_INICIAL_54436.jpg
105521,ANILLO_INICIAL,54437,105521_ANILLO_INICIAL_54437.jpg
105522,ANILLO_INICIAL,54438,105522_ANILLO_INICIAL_54438.jpg
105523,ANILLO_INICIAL,54439,105523_ANILLO_INICIAL_54439.jpg
105524,ANILLO_INICIAL,54440,105524_ANILLO_INICIAL_54440.jpg
105525,ANILLO_INICIAL,54441,105525_ANILLO_INICIAL_54441.jpg
105526,ANILLO_INICIAL,54442,105526_ANILLO_INICIAL_54442.jpg
105527,ANILLO_INICIAL,54443,105527_ANILLO_INICIAL_54443.jpg
105528,ANILLO_INICIAL,54445,105528_ANILLO_INICIAL_54445.jpg
105529,ANILLO_INICIAL,54447,105529_ANILLO_INICIAL_54447.jpg
105530,ANILLO_INICIAL,54448,105530_ANILLO_INICIAL_54448.jpg
105531,ANILLO_INICIAL,54449,105531_ANILLO_INICIAL_54449.jpg
105532,ANILLO_INICIAL,54450,105532_ANILLO_INICIAL_54450.jpg
105533,ANILLO_INICIAL,54451,105533_ANILLO_INICIAL_54451.jpg
105534,ANILLO_INICIAL,54452,105534_ANILLO_INICIAL_54452.jpg
105535,ANILLO_INICIAL,54453,105535_ANILLO_INICIAL_54453.jpg
105536,ANILLO_INICIAL,54454,105536_ANILLO_INICIAL_54454.jpg
105537,ANILLO_INICIAL,54455,105537_ANILLO_INICIAL_54455.jpg
105538,ANILLO_INICIAL,54456,105538_ANILLO_INICIAL_54456.jpg
105539,ANILLO_INICIAL,54457,105539_ANILLO_INICIAL_54457.jpg
105540,ANILLO_INICIAL,54458,105540_ANILLO_INICIAL_54458.jpg
105541,ANILLO_INICIAL,54460,105541_ANILLO_INICIAL_54460.jpg
105542,ANILLO_INICIAL,54550,105542_ANILLO_INICIAL_54550.jpg
105543,ANILLO_INICIAL,54551,105543_ANILLO_INICIAL_54551.jpg
105544,ANILLO_INICIAL,54552,105544_ANILLO_INICIAL_54552.jpg
105545,ANILLO_INICIAL,54555,105545_ANILLO_INICIAL_54555.jpg
105546,ANILLO_INICIAL,54558,105546_ANILLO_INICIAL_54558.jpg
105547,ANILLO_INICIAL,54559,105547_ANILLO_INICIAL_54559.jpg
105548,ANILLO_INICIAL,54560,105548_ANILLO_INICIAL_54560.jpg
105549,ANILLO_INICIAL,54561,105549_ANILLO_INICIAL_54561.jpg
105550,ANILLO_INICIAL,54564,105550_ANILLO_INICIAL_54564.jpg
105551,ANILLO_INICIAL,54567,105551_ANILLO_INICIAL_54567.jpg
105552,ANILLO_INICIAL,54568,105552_ANILLO_INICIAL_54568.jpg
105553,ANILLO_INICIAL,54569,105553_ANILLO_INICIAL_54569.jpg
105554,ANILLO_INICIAL,54570,105554_ANILLO_INICIAL_54570.jpg
105555,ANILLO_INICIAL,54573,105555_ANILLO_INICIAL_54573.jpg
105556,ANILLO_INICIAL,54576,105556_ANILLO_INICIAL_54576.jpg
105557,ANILLO_INICIAL,54577,105557_ANILLO_INICIAL_54577.jpg
105558,ANILLO_INICIAL,54578,105558_ANILLO_INICIAL_54578.jpg
105559,ANILLO_INICIAL,54579,105559_ANILLO_INICIAL_54579.jpg
105560,ANILLO_INICIAL,54582,105560_ANILLO_INICIAL_54582.jpg
105561,ANILLO_INICIAL,54585,105561_ANILLO_INICIAL_54585.jpg
105562,ANILLO_INICIAL,54586,105562_ANILLO_INICIAL_54586.jpg
105563,ANILLO_INICIAL,54587,105563_ANILLO_INICIAL_54587.jpg
105564,ANILLO_INICIAL,54588,105564_ANILLO_INICIAL_54588.jpg
105565,ANILLO_INICIAL,54591,105565_ANILLO_INICIAL_54591.jpg
105566,ANILLO_INICIAL,54594,105566_ANILLO_INICIAL_54594.jpg
105567,ANILLO_INICIAL,54595,105567_ANILLO_INICIAL_54595.jpg
105568,ANILLO_INICIAL,54596,105568_ANILLO_INICIAL_54596.jpg
105569,ANILLO_INICIAL,54597,105569_ANILLO_INICIAL_54597.jpg
105570,ANILLO_INICIAL,54600,105570_ANILLO_INICIAL_54600.jpg
105571,ANILLO_INICIAL,54603,105571_ANILLO_INICIAL_54603.jpg
105572,ANILLO_INICIAL,54604,105572_ANILLO_INICIAL_54604.jpg
105573,ANILLO_INICIAL,54605,105573_ANILLO_INICIAL_54605.jpg
105574,ANILLO_INICIAL,54606,105574_ANILLO_INICIAL_54606.jpg
105575,ANILLO_INICIAL,54609,105575_ANILLO_INICIAL_54609.jpg
105576,ANILLO_INICIAL,54612,105576_ANILLO_INICIAL_54612.jpg
105577,ANILLO_INICIAL,54613,105577_ANILLO_INICIAL_54613.jpg
105578,ANILLO_INICIAL,54614,105578_ANILLO_INICIAL_54614.jpg
105579,ANILLO_INICIAL,54615,105579_ANILLO_INICIAL_54615.jpg
105580,ANILLO_INICIAL,54618,105580_ANILLO_INICIAL_54618.jpg
105581,ANILLO_INICIAL,54621,105581_ANILLO_INICIAL_54621.jpg
105582,ANILLO_INICIAL,54622,105582_ANILLO_INICIAL_54622.jpg
105583,ANILLO_INICIAL,54623,105583_ANILLO_INICIAL_54623.jpg
105584,ANILLO_INICIAL,54624,105584_ANILLO_INICIAL_54624.jpg
105585,ANILLO_INICIAL,54627,105585_ANILLO_INICIAL_54627.jpg
105586,ANILLO_INICIAL,54630,105586_ANILLO_INICIAL_54630.jpg
105587,ANILLO_INICIAL,54684,105587_ANILLO_INICIAL_54684.jpg
105588,TIRITA_GAMUZA_,54750,105588_TIRITA_GAMUZA__54750.jpg
105589,TIRITA_GAMUZA_,54798,105589_TIRITA_GAMUZA__54798.jpg
105590,TIRITA_GAMUZA_,54707,105590_TIRITA_GAMUZA__54707.jpg
105591,TIRITA_GAMUZA_,54708,105591_TIRITA_GAMUZA__54708.jpg
105592,MONEDERO_MARIA,54882,105592_MONEDERO_MARIA_54882.jpg
105593,MONEDERO_MARIA,54883,105593_MONEDERO_MARIA_54883.jpg
DISC,Discount,38074,DISC_Discount_38074.jpg
FALSE,ABL,39832,FALSE_ABL_39832.jpg
FALSE,ABL,53370,FALSE_ABL_53370.jpg
FALSE,AGUA,53371,FALSE_AGUA_53371.jpg
FALSE,AGUA,54694,FALSE_AGUA_54694.jpg
FALSE,ALQUILER_LOCALES,39828,FALSE_ALQUILER_LOCALES_39828.jpg
FALSE,Anticipo_del_cliente,51789,FALSE_Anticipo_del_cliente_51789.jpg
FALSE,Artículos_de_librería,39821,FALSE_Artículos_de_librería_39821.jpg
FALSE,CADETERIA_Y_FRANQUEO,39841,FALSE_CADETERIA_Y_FRANQUEO_39841.jpg
FALSE,CAJA,53369,FALSE_CAJA_53369.jpg
FALSE,COMPRAS_MERCADERIA_SCRAP,41560,FALSE_COMPRAS_MERCADERIA_SCRAP_41560.jpg
FALSE,CONTRIBUCIONES_PATRONALES,41920,FALSE_CONTRIBUCIONES_PATRONALES_41920.jpg
FALSE,CUERO__BIANCO_MODENA_TABACO,54212,FALSE_CUERO__BIANCO_MODENA_TABACO_54212.jpg
FALSE,CUERO_ANAN_NAPOLE_CAOBA,54231,FALSE_CUERO_ANAN_NAPOLE_CAOBA_54231.jpg
FALSE,CUERO_ANAN_NAPOLE_MUSGO,54232,FALSE_CUERO_ANAN_NAPOLE_MUSGO_54232.jpg
FALSE,CUERO_ANAN_NAPOLE_TABACO,54233,FALSE_CUERO_ANAN_NAPOLE_TABACO_54233.jpg
FALSE,CUERO_ARENA_BRIDGE_AZUL,54189,FALSE_CUERO_ARENA_BRIDGE_AZUL_54189.jpg
FALSE,CUERO_ARENA_BRIDGE_CAMEL,54185,FALSE_CUERO_ARENA_BRIDGE_CAMEL_54185.jpg
FALSE,CUERO_ARENA_BRIDGE_CARAMELO,54184,FALSE_CUERO_ARENA_BRIDGE_CARAMELO_54184.jpg
FALSE,CUERO_ARENA_BRIDGE_CHOCOLATE,54191,FALSE_CUERO_ARENA_BRIDGE_CHOCOLATE_54191.jpg
FALSE,CUERO_ARENA_BRIDGE_IGUANA_AZUL,54196,FALSE_CUERO_ARENA_BRIDGE_IGUANA_AZUL_54196.jpg
FALSE,CUERO_ARENA_BRIDGE_IGUANA_CARAMELO,54193,FALSE_CUERO_ARENA_BRIDGE_IGUANA_CARAMELO_54193.jpg
FALSE,CUERO_ARENA_BRIDGE_IGUANA_LONDON,54195,FALSE_CUERO_ARENA_BRIDGE_IGUANA_LONDON_54195.jpg
FALSE,CUERO_ARENA_BRIDGE_IGUANA_NEGRO,54194,FALSE_CUERO_ARENA_BRIDGE_IGUANA_NEGRO_54194.jpg
FALSE,CUERO_ARENA_BRIDGE_IGUANA_ROJO,54192,FALSE_CUERO_ARENA_BRIDGE_IGUANA_ROJO_54192.jpg
FALSE,CUERO_ARENA_BRIDGE_LONDON,54186,FALSE_CUERO_ARENA_BRIDGE_LONDON_54186.jpg
FALSE,CUERO_ARENA_BRIDGE_MALBEC,54197,FALSE_CUERO_ARENA_BRIDGE_MALBEC_54197.jpg
FALSE,CUERO_ARENA_BRIDGE_NEGRO,54182,FALSE_CUERO_ARENA_BRIDGE_NEGRO_54182.jpg
FALSE,CUERO_ARENA_BRIDGE_ROJO,54188,FALSE_CUERO_ARENA_BRIDGE_ROJO_54188.jpg
FALSE,CUERO_ARENA_BRIDGE_SUELA,54190,FALSE_CUERO_ARENA_BRIDGE_SUELA_54190.jpg
FALSE,CUERO_ARENA_BRIDGE_TABACO,54183,FALSE_CUERO_ARENA_BRIDGE_TABACO_54183.jpg
FALSE,CUERO_ARENA_BRIDGE_VERDE,54187,FALSE_CUERO_ARENA_BRIDGE_VERDE_54187.jpg
FALSE,CUERO_ARENA_NAPADO_AZUL,54204,FALSE_CUERO_ARENA_NAPADO_AZUL_54204.jpg
FALSE,CUERO_ARENA_NAPADO_CARAMELO,54200,FALSE_CUERO_ARENA_NAPADO_CARAMELO_54200.jpg
FALSE,CUERO_ARENA_NAPADO_CHOCOLATE,54207,FALSE_CUERO_ARENA_NAPADO_CHOCOLATE_54207.jpg
FALSE,CUERO_ARENA_NAPADO_LONDON,54201,FALSE_CUERO_ARENA_NAPADO_LONDON_54201.jpg
FALSE,CUERO_ARENA_NAPADO_MALBEC,54206,FALSE_CUERO_ARENA_NAPADO_MALBEC_54206.jpg
FALSE,CUERO_ARENA_NAPADO_NEGRO,54198,FALSE_CUERO_ARENA_NAPADO_NEGRO_54198.jpg
FALSE,CUERO_ARENA_NAPADO_ROJO,54203,FALSE_CUERO_ARENA_NAPADO_ROJO_54203.jpg
FALSE,CUERO_ARENA_NAPADO_SUELA,54199,FALSE_CUERO_ARENA_NAPADO_SUELA_54199.jpg
FALSE,CUERO_ARENA_NAPADO_TABACO,54205,FALSE_CUERO_ARENA_NAPADO_TABACO_54205.jpg
FALSE,CUERO_ARENA_NAPADO_VERDE,54202,FALSE_CUERO_ARENA_NAPADO_VERDE_54202.jpg
FALSE,CUERO_ARENA_TAMPONATO_NEGRO,54208,FALSE_CUERO_ARENA_TAMPONATO_NEGRO_54208.jpg
FALSE,CUERO_ARENA_TAMPONATO_SUELA,54209,FALSE_CUERO_ARENA_TAMPONATO_SUELA_54209.jpg
FALSE,CUERO_BIANCO_FIORENTINO_CEDRO,54217,FALSE_CUERO_BIANCO_FIORENTINO_CEDRO_54217.jpg
FALSE,CUERO_BIANCO_FIORENTINO_NEGRO,54216,FALSE_CUERO_BIANCO_FIORENTINO_NEGRO_54216.jpg
FALSE,CUERO_BIANCO_MODENA__AZUL_CONTRATONO_SUELA,54213,FALSE_CUERO_BIANCO_MODENA__AZUL_CONTRATONO_SUELA_54213.jpg
FALSE,CUERO_BIANCO_MODENA_AZUL_REVEZ_AZUL,54211,FALSE_CUERO_BIANCO_MODENA_AZUL_REVEZ_AZUL_54211.jpg
FALSE,CUERO_BIANCO_MODENA_NEGRO_CONTRATONO_SUELA,54215,FALSE_CUERO_BIANCO_MODENA_NEGRO_CONTRATONO_SUELA_54215.jpg
FALSE,CUERO_BIANCO_MODENA_VERDE_CONTRATONO_SUELA,54214,FALSE_CUERO_BIANCO_MODENA_VERDE_CONTRATONO_SUELA_54214.jpg
FALSE,CUERO_BIANCO_MODENA_VERDE_REVEZ_VERDE,54210,FALSE_CUERO_BIANCO_MODENA_VERDE_REVEZ_VERDE_54210.jpg
FALSE,CUERO_LA_HERMIDA_VAQUETA_CHOCOLATE,54276,FALSE_CUERO_LA_HERMIDA_VAQUETA_CHOCOLATE_54276.jpg
FALSE,CUERO_LA_HERMIDA_VAQUETA_DULCE_DE_LECHE,54277,FALSE_CUERO_LA_HERMIDA_VAQUETA_DULCE_DE_LECHE_54277.jpg
FALSE,CUERO_LA_HERMIDA_VAQUETA_NATURAL,54275,FALSE_CUERO_LA_HERMIDA_VAQUETA_NATURAL_54275.jpg
FALSE,CUERO_LA_HERMIDA_VAQUETA_NEGRO,54278,FALSE_CUERO_LA_HERMIDA_VAQUETA_NEGRO_54278.jpg
FALSE,CUERO_LA_HERMIDA_VAQUETA_SUELA,54274,FALSE_CUERO_LA_HERMIDA_VAQUETA_SUELA_54274.jpg
FALSE,CUERO_LA_HISPANO_MACEIO_NEGRO,54272,FALSE_CUERO_LA_HISPANO_MACEIO_NEGRO_54272.jpg
FALSE,CUERO_LA_HISPANO_PONT_WHISKY,54273,FALSE_CUERO_LA_HISPANO_PONT_WHISKY_54273.jpg
FALSE,CUERO_LA_HISPANO_SALLY_CARAMELO,54269,FALSE_CUERO_LA_HISPANO_SALLY_CARAMELO_54269.jpg
FALSE,CUERO_LA_HISPANO_SALLY_NEGRO,54271,FALSE_CUERO_LA_HISPANO_SALLY_NEGRO_54271.jpg
FALSE,CUERO_LA_HISPANO_SALLY_SUELA,54268,FALSE_CUERO_LA_HISPANO_SALLY_SUELA_54268.jpg
FALSE,CUERO_LA_HISPANO_SALLY_WHISKY,54270,FALSE_CUERO_LA_HISPANO_SALLY_WHISKY_54270.jpg
FALSE,CUERO_LEDER_CRUSH_HABANO,54227,FALSE_CUERO_LEDER_CRUSH_HABANO_54227.jpg
FALSE,CUERO_LEDER_CRUSH_MALBORO,54228,FALSE_CUERO_LEDER_CRUSH_MALBORO_54228.jpg
FALSE,CUERO_LEDER_CRUSH_SUELA,54229,FALSE_CUERO_LEDER_CRUSH_SUELA_54229.jpg
FALSE,CUERO_LEDER_GAMUZA_BEIGE,54230,FALSE_CUERO_LEDER_GAMUZA_BEIGE_54230.jpg
FALSE,CUERO_LEDER_PELO_BEIGE,54222,FALSE_CUERO_LEDER_PELO_BEIGE_54222.jpg
FALSE,CUERO_LEDER_PELO_HEREFORD,54219,FALSE_CUERO_LEDER_PELO_HEREFORD_54219.jpg
FALSE,CUERO_LEDER_PELO_HOLANDO_,54218,FALSE_CUERO_LEDER_PELO_HOLANDO__54218.jpg
FALSE,CUERO_LEDER_PELO_MARRON,54220,FALSE_CUERO_LEDER_PELO_MARRON_54220.jpg
FALSE,CUERO_LEDER_PELO_MARRON_ROJIZO,54221,FALSE_CUERO_LEDER_PELO_MARRON_ROJIZO_54221.jpg
FALSE,CUERO_LEDER_PELO_NEGRO,54223,FALSE_CUERO_LEDER_PELO_NEGRO_54223.jpg
FALSE,CUERO_LEDER_VINTAGE_DARK,54224,FALSE_CUERO_LEDER_VINTAGE_DARK_54224.jpg
FALSE,CUERO_LEDER_VINTAGE_LIGHT,54226,FALSE_CUERO_LEDER_VINTAGE_LIGHT_54226.jpg
FALSE,CUERO_LEDER_VINTAGE_MEDIO,54225,FALSE_CUERO_LEDER_VINTAGE_MEDIO_54225.jpg
FALSE,CUERO_MA_GAMUZA_AZUL_NOCHE,54239,FALSE_CUERO_MA_GAMUZA_AZUL_NOCHE_54239.jpg
FALSE,CUERO_MA_GAMUZA_CAFE,54237,FALSE_CUERO_MA_GAMUZA_CAFE_54237.jpg
FALSE,CUERO_MA_GAMUZA_CHOCOLATE,54234,FALSE_CUERO_MA_GAMUZA_CHOCOLATE_54234.jpg
FALSE,CUERO_MA_GAMUZA_OXIDO,54238,FALSE_CUERO_MA_GAMUZA_OXIDO_54238.jpg
FALSE,CUERO_MA_GAMUZA_SUELA,54236,FALSE_CUERO_MA_GAMUZA_SUELA_54236.jpg
FALSE,CUERO_MA_GAMUZA_VERDE_MILITAR,54235,FALSE_CUERO_MA_GAMUZA_VERDE_MILITAR_54235.jpg
FALSE,CUERO_NAPOLITANA_GAMUZA_AVELLANA_MIEL,54248,FALSE_CUERO_NAPOLITANA_GAMUZA_AVELLANA_MIEL_54248.jpg
FALSE,CUERO_NAPOLITANA_GAMUZA_AZUL,54254,FALSE_CUERO_NAPOLITANA_GAMUZA_AZUL_54254.jpg
FALSE,CUERO_NAPOLITANA_GAMUZA_CHOCOLATE,54247,FALSE_CUERO_NAPOLITANA_GAMUZA_CHOCOLATE_54247.jpg
FALSE,CUERO_NAPOLITANA_GAMUZA_GRIS_MEDIO,54258,FALSE_CUERO_NAPOLITANA_GAMUZA_GRIS_MEDIO_54258.jpg
FALSE,CUERO_NAPOLITANA_GAMUZA_GRIS_OSCURO,54257,FALSE_CUERO_NAPOLITANA_GAMUZA_GRIS_OSCURO_54257.jpg
FALSE,CUERO_NAPOLITANA_GAMUZA_MARRON_TOOL_CAFE,54249,FALSE_CUERO_NAPOLITANA_GAMUZA_MARRON_TOOL_CAFE_54249.jpg
FALSE,CUERO_NAPOLITANA_GAMUZA_MARZALA,54256,FALSE_CUERO_NAPOLITANA_GAMUZA_MARZALA_54256.jpg
FALSE,CUERO_NAPOLITANA_GAMUZA_MOSTAZA,54251,FALSE_CUERO_NAPOLITANA_GAMUZA_MOSTAZA_54251.jpg
FALSE,CUERO_NAPOLITANA_GAMUZA_NEGRO,54246,FALSE_CUERO_NAPOLITANA_GAMUZA_NEGRO_54246.jpg
FALSE,CUERO_NAPOLITANA_GAMUZA_NOBUK_CAFE,54261,FALSE_CUERO_NAPOLITANA_GAMUZA_NOBUK_CAFE_54261.jpg
FALSE,CUERO_NAPOLITANA_GAMUZA_NOBUK_CHOCOLATE,54265,FALSE_CUERO_NAPOLITANA_GAMUZA_NOBUK_CHOCOLATE_54265.jpg
FALSE,CUERO_NAPOLITANA_GAMUZA_NOBUK_CUOIO,54263,FALSE_CUERO_NAPOLITANA_GAMUZA_NOBUK_CUOIO_54263.jpg
FALSE,CUERO_NAPOLITANA_GAMUZA_NOBUK_OXIDO,54264,FALSE_CUERO_NAPOLITANA_GAMUZA_NOBUK_OXIDO_54264.jpg
FALSE,CUERO_NAPOLITANA_GAMUZA_NOBUK_VISON,54262,FALSE_CUERO_NAPOLITANA_GAMUZA_NOBUK_VISON_54262.jpg
FALSE,CUERO_NAPOLITANA_GAMUZA_OLIVA,54255,FALSE_CUERO_NAPOLITANA_GAMUZA_OLIVA_54255.jpg
FALSE,CUERO_NAPOLITANA_GAMUZA_OXIDO,54252,FALSE_CUERO_NAPOLITANA_GAMUZA_OXIDO_54252.jpg
FALSE,CUERO_NAPOLITANA_GAMUZA_SUELA,54260,FALSE_CUERO_NAPOLITANA_GAMUZA_SUELA_54260.jpg
FALSE,CUERO_NAPOLITANA_GAMUZA_TABACO,54253,FALSE_CUERO_NAPOLITANA_GAMUZA_TABACO_54253.jpg
FALSE,CUERO_NAPOLITANA_GAMUZA_VESUBIO_TAUPE,54250,FALSE_CUERO_NAPOLITANA_GAMUZA_VESUBIO_TAUPE_54250.jpg
FALSE,CUERO_NAPOLITANA_GAMUZA_VISON,54259,FALSE_CUERO_NAPOLITANA_GAMUZA_VISON_54259.jpg
FALSE,CUERO_NAPOLITANA_WAX_CHOCOLATE,54266,FALSE_CUERO_NAPOLITANA_WAX_CHOCOLATE_54266.jpg
FALSE,CUERO_NATUREZA_GAMUZA_CHOCOLOTE,54242,FALSE_CUERO_NATUREZA_GAMUZA_CHOCOLOTE_54242.jpg
FALSE,CUERO_NATUREZA_GAMUZA_NOBUK_CHOCOLATE,54243,FALSE_CUERO_NATUREZA_GAMUZA_NOBUK_CHOCOLATE_54243.jpg
FALSE,CUERO_NATUREZA_GAMUZA_NOBUK_HABANO,54245,FALSE_CUERO_NATUREZA_GAMUZA_NOBUK_HABANO_54245.jpg
FALSE,CUERO_NATUREZA_GAMUZA_NOBUK_SUELA,54244,FALSE_CUERO_NATUREZA_GAMUZA_NOBUK_SUELA_54244.jpg
FALSE,CUERO_NATUREZA_GAMUZA_SUELA,54240,FALSE_CUERO_NATUREZA_GAMUZA_SUELA_54240.jpg
FALSE,CUERO_NATUREZA_GAMUZA_VERDE_MILITAR,54241,FALSE_CUERO_NATUREZA_GAMUZA_VERDE_MILITAR_54241.jpg
FALSE,CUERO_VANESKA_DUNA_NEGRO,54267,FALSE_CUERO_VANESKA_DUNA_NEGRO_54267.jpg
FALSE,Comisiones_Pagadas,39815,FALSE_Comisiones_Pagadas_39815.jpg
FALSE,Diferencia_de_cambio,39816,FALSE_Diferencia_de_cambio_39816.jpg
FALSE,Down_Payment__POS_,38075,FALSE_Down_Payment__POS__38075.jpg
FALSE,EQUIPOS_DE_COMPUTACION,40488,FALSE_EQUIPOS_DE_COMPUTACION_40488.jpg
FALSE,EXPENSAS,39829,FALSE_EXPENSAS_39829.jpg
FALSE,Envío_gratuito,52835,FALSE_Envío_gratuito_52835.jpg
FALSE,FAECYS,41916,FALSE_FAECYS_41916.jpg
FALSE,FAECYS_A_PAGAR,41917,FALSE_FAECYS_A_PAGAR_41917.jpg
FALSE,GASTOS_BANCARIOS,48037,FALSE_GASTOS_BANCARIOS_48037.jpg
FALSE,GASTOS_DE_MANTENIMIENTO_Y_REPARACIONES,39842,FALSE_GASTOS_DE_MANTENIMIENTO_Y_REPARACIONES_39842.jpg
FALSE,GASTOS_MEDICOS,39837,FALSE_GASTOS_MEDICOS_39837.jpg
FALSE,Gift_Card,41797,FALSE_Gift_Card_41797.jpg
FALSE,HONORARIOS,39834,FALSE_HONORARIOS_39834.jpg
FALSE,Higiene_y_Seguridad,39819,FALSE_Higiene_y_Seguridad_39819.jpg
FALSE,INACAP,41918,FALSE_INACAP_41918.jpg
FALSE,INMOBILIARIO,39831,FALSE_INMOBILIARIO_39831.jpg
FALSE,Impuesto_Inmobiliario,39817,FALSE_Impuesto_Inmobiliario_39817.jpg
FALSE,Interes_por_financiacion_,34924,FALSE_Interes_por_financiacion__34924.jpg
FALSE,LICENCIA_DE_SOFTWARE,53137,FALSE_LICENCIA_DE_SOFTWARE_53137.jpg
FALSE,LIMPIEZA,39835,FALSE_LIMPIEZA_39835.jpg
FALSE,LUZ,54081,FALSE_LUZ_54081.jpg
FALSE,MAQUINARIAS,41828,FALSE_MAQUINARIAS_41828.jpg
FALSE,MOVILIDAD_Y_VIATICOS,39838,FALSE_MOVILIDAD_Y_VIATICOS_39838.jpg
FALSE,MUNI,54693,FALSE_MUNI_54693.jpg
FALSE,MUNICIPAL,39833,FALSE_MUNICIPAL_39833.jpg
FALSE,Mantenimiento_y_Reparaciones,39818,FALSE_Mantenimiento_y_Reparaciones_39818.jpg
FALSE,Obras_y_remodelaciones,34915,FALSE_Obras_y_remodelaciones_34915.jpg
FALSE,PATENTES,39839,FALSE_PATENTES_39839.jpg
FALSE,PRODUCTO_TERMINADO,41919,FALSE_PRODUCTO_TERMINADO_41919.jpg
FALSE,PUBLICIDAD,39836,FALSE_PUBLICIDAD_39836.jpg
FALSE,Plata_fina_999__en_granalla,53101,FALSE_Plata_fina_999__en_granalla_53101.jpg
FALSE,REFRIGERIO,39843,FALSE_REFRIGERIO_39843.jpg
FALSE,SEC,41914,FALSE_SEC_41914.jpg
FALSE,SEC_A_PAGAR,41915,FALSE_SEC_A_PAGAR_41915.jpg
FALSE,SEGUROS,39840,FALSE_SEGUROS_39840.jpg
FALSE,Sellados_y_Certificaciones,39822,FALSE_Sellados_y_Certificaciones_39822.jpg
FALSE,Servicio_Eléctrico,39823,FALSE_Servicio_Eléctrico_39823.jpg
FALSE,Servicio_de_Agua,39824,FALSE_Servicio_de_Agua_39824.jpg
FALSE,Servicio_de_Gas,39825,FALSE_Servicio_de_Gas_39825.jpg
FALSE,Servicio_de_Internet,39826,FALSE_Servicio_de_Internet_39826.jpg
FALSE,Sueldos_y_SAC,39812,FALSE_Sueldos_y_SAC_39812.jpg
FALSE,Tarjeta_de_regalo,41799,FALSE_Tarjeta_de_regalo_41799.jpg
FALSE,Top_up_eWallet,41798,FALSE_Top_up_eWallet_41798.jpg
