"0",""
"0","offset <- 0"
"0","limit <- 200"
"0",""
"0","repeat {"
"0","  "
"0","  cat(""Procesando lote desde offset:"", offset, ""\n"")"
"0","  "
"0","  res_batch <- POST("
"0","    paste0(url, ""/web/dataset/call_kw""),"
"0","    body = list("
"0","      jsonrpc = ""2.0"","
"0","      method = ""call"","
"0","      params = list("
"0","        model = ""product.product"","
"0","        method = ""search_read"","
"0","        args = list("
"0","   list(list(""image_1920"", ""!="", FALSE))"
"0","   ),"
"0","        kwargs = list("
"0","          fields = list(""id"", ""name"", ""default_code""),"
"0","          limit = limit,"
"0","          offset = offset"
"0","        )"
"0","      )"
"0","    ),"
"0","    encode = ""json"","
"0","    add_headers(Cookie = cookie_string),"
"0","    timeout(60)"
"0","  )"
"0","  "
"0","  if (status_code(res_batch) != 200) {"
"0","    cat(""Error en lote, reintentando...\n"")"
"0","    next"
"0","  }"
"0","  "
"0","  products <- content(res_batch)$result"
"0","  "
"0","  if (length(products) == 0) {"
"0","    cat(""✔ Fin de datos\n"")"
"0","    break"
"0","  }"
"0","  "
"0","  # 🔥 FILTRO INTELIGENTE (ANTES de descargar)"
"0","  valid_products <- products"
"0",""
"0","cat("" → válidos:"", length(valid_products), ""/"", length(products), ""\n"")"
"0","  "
"0","  # 🚀 descarga solo los buenos"
"0","  if (length(valid_products) > 0) {"
"0","    "
"0","    results <- future_lapply(valid_products, download_image)"
"0","    "
"0","    results <- results[!sapply(results, is.null)]"
"0","    "
"0","    if (length(results) > 0) {"
"0","      dt <- rbindlist(results)"
"0","      fwrite(dt, csv_file, append = TRUE)"
"0","    }"
"0","  }"
"0","  "
"0","  rm(products, valid_products, results)"
"0","  gc()"
"0","  "
"0","  offset <- offset + limit"
"0","}"
"1","Procesando lote desde offset:"
"1"," "
"1","0"
"1"," "
"1","
"
"1"," → válidos:"
"1"," "
"1","200"
"1"," "
"1","/"
"1"," "
"1","200"
"1"," "
"1","
"
"1","⚠ Placeholder detectado: Delivery_007 - Standard_delivery 
⚠ Placeholder detectado: 100001 - BANDEJA_CHICA 
⚠ Placeholder detectado: 100002 - BANDEJA_CHICA 
⚠ Placeholder detectado: 100003 - BANDOLERA_AMALIA 
⚠ Placeholder detectado: 100004 - BANDOLERA_AMALIA 
⚠ Placeholder detectado: 100005 - BANDOLERA_AMALIA 
⚠ Placeholder detectado: 100006 - BANDOLERA_ANTONIETA 
⚠ Placeholder detectado: 100007 - BANDOLERA_ANTONIETA 
⚠ Placeholder detectado: 100008 - BANDOLERA_ANTONIETA 
⚠ Placeholder detectado: 100009 - BANDOLERA_ANTONIETA 
⚠ Placeholder detectado: 100010 - BANDOLERA_ANTONIETA 
⚠ Placeholder detectado: 100011 - BANDOLERA_ANTONIETA 
⚠ Placeholder detectado: 100012 - BANDOLERA_ANTONIETA 
⚠ Placeholder detectado: 100013 - BANDOLERA_ANTONIETA 
⚠ Placeholder detectado: 100014 - BANDOLERA_ANTONIETA 
⚠ Placeholder detectado: 100015 - BANDOLERA_ANTONIETA 
⚠ Placeholder detectado: 100016 - BANDOLERA_ANTONIETA 
⚠ Placeholder detectado: 100017 - BANDOLERA_ANTONIETA 
⚠ Placeholder detectado: 100018 - BANDOLERA_ANTONIETA 
⚠ Placeholder detectado: 100019 - BANDOLERA_ANTONIETA 
⚠ Placeholder detectado: 100020 - BANDOLERA_ANTONIETA 
⚠ Placeholder detectado: 100021 - BANDOLERA_ASTRID 
⚠ Placeholder detectado: 100022 - BANDOLERA_ASTRID 
⚠ Placeholder detectado: 100023 - BANDOLERA_ASTRID 
⚠ Placeholder detectado: 100024 - BANDOLERA_ASTRID 
⚠ Placeholder detectado: 100025 - BANDOLERA_ASTRID 
⚠ Placeholder detectado: 100026 - BANDOLERA_ASTRID 
⚠ Placeholder detectado: 100027 - BANDOLERA_CARLA 
⚠ Placeholder detectado: 100028 - BANDOLERA_CARLA 
⚠ Placeholder detectado: 100029 - BANDOLERA_CARLA 
⚠ Placeholder detectado: 100030 - BANDOLERA_CARLA 
⚠ Placeholder detectado: 100031 - BANDOLERA_CARLA 
⚠ Placeholder detectado: 100032 - BANDOLERA_CARLA 
⚠ Placeholder detectado: 100033 - BANDOLERA_CARLA 
⚠ Placeholder detectado: 100034 - BANDOLERA_CARLA 
⚠ Placeholder detectado: 100035 - BANDOLERA_CARLA 
⚠ Placeholder detectado: 100036 - BANDOLERA_CASIOPEA 
⚠ Placeholder detectado: 100037 - BANDOLERA_CASIOPEA 
⚠ Placeholder detectado: 100038 - BANDOLERA_CASIOPEA 
⚠ Placeholder detectado: 100039 - BANDOLERA_CASIOPEA 
⚠ Placeholder detectado: 100040 - BANDOLERA_CASIOPEA 
⚠ Placeholder detectado: 100041 - BANDOLERA_LENA 
⚠ Placeholder detectado: 100042 - BANDOLERA_LENA 
⚠ Placeholder detectado: 100043 - BANDOLERA_LENA 
⚠ Placeholder detectado: 100044 - BANDOLERA_LENA 
⚠ Placeholder detectado: 100045 - BANDOLERA_LENA 
⚠ Placeholder detectado: 100046 - BANDOLERA_LENA 
⚠ Placeholder detectado: 100047 - BANDOLERA_LENA 
⚠ Placeholder detectado: 100048 - BANDOLERA_MATILDA 
⚠ Placeholder detectado: 100049 - BANDOLERA_MATILDA 
"
"1","⚠ Placeholder detectado: 100050 - BANDOLERA_MEGAN 
⚠ Placeholder detectado: 100051 - BANDOLERA_MEGAN 
⚠ Placeholder detectado: 100052 - BANDOLERA_NATY 
⚠ Placeholder detectado: 100053 - BANDOLERA_NATY 
⚠ Placeholder detectado: 100054 - BANDOLERA_NATY 
⚠ Placeholder detectado: 100055 - BANDOLERA_NATY 
⚠ Placeholder detectado: 100056 - BANDOLERA_NATY 
⚠ Placeholder detectado: 100057 - BANDOLERA_NATY 
⚠ Placeholder detectado: 100058 - BANDOLERA_NATY_SIMPLE 
⚠ Placeholder detectado: 100059 - BANDOLERA_NATY_SIMPLE 
⚠ Placeholder detectado: 100060 - BANDOLERA_NATY_SIMPLE 
⚠ Placeholder detectado: 100061 - BANDOLERA_NATY_SIMPLE 
⚠ Placeholder detectado: 100062 - BANDOLERA_NATY_SIMPLE 
⚠ Placeholder detectado: 100063 - BANDOLERA_NATY_SIMPLE 
⚠ Placeholder detectado: 100064 - BANDOLERA_NATY_SIMPLE 
⚠ Placeholder detectado: 100065 - BANDOLERA_NATY_SIMPLE 
⚠ Placeholder detectado: 100066 - BANDOLERA_NATY_SIMPLE 
⚠ Placeholder detectado: 100067 - BANDOLERA_NATY_SIMPLE 
⚠ Placeholder detectado: 100068 - BANDOLERA_NATY_SIMPLE 
⚠ Placeholder detectado: 100069 - BANDOLERA_NATY_SIMPLE 
⚠ Placeholder detectado: 100070 - BANDOLERA_NATY_SIMPLE 
⚠ Placeholder detectado: 100071 - BANDOLERA_NATY_SIMPLE 
⚠ Placeholder detectado: 100072 - BANDOLERA_NATY_SIMPLE 
⚠ Placeholder detectado: 100073 - BANDOLERA_NATY_SIMPLE 
⚠ Placeholder detectado: 100074 - BANDOLERA_NATY_SIMPLE 
⚠ Placeholder detectado: 100075 - BANDOLERA_NATY_SIMPLE 
⚠ Placeholder detectado: 100076 - BANDOLERA_NATY_SIMPLE 
⚠ Placeholder detectado: 100077 - BANDOLERA_NEW_VICENTA 
⚠ Placeholder detectado: 100078 - BANDOLERA_NEW_VICENTA 
⚠ Placeholder detectado: 100079 - BANDOLERA_NEW_VICENTA 
⚠ Placeholder detectado: 100080 - BANDOLERA_NEW_VICENTA 
⚠ Placeholder detectado: 100081 - BANDOLERA_NEW_VICENTA 
⚠ Placeholder detectado: 100082 - BANDOLERA_NEW_VICENTA 
⚠ Placeholder detectado: 100083 - BANDOLERA_NEW_VICENTA 
⚠ Placeholder detectado: 100084 - BANDOLERA_NEW_VICENTA 
⚠ Placeholder detectado: 100085 - BANDOLERA_NEW_VICENTA 
⚠ Placeholder detectado: 100086 - BANDOLERA_NEW_VICENTA 
⚠ Placeholder detectado: 100087 - BANDOLERA_NOE 
⚠ Placeholder detectado: 100088 - BANDOLERA_NOE 
⚠ Placeholder detectado: 100089 - BANDOLERA_NOE 
⚠ Placeholder detectado: 100090 - BANDOLERA_NOE 
⚠ Placeholder detectado: 100091 - BANDOLERA_NOE 
⚠ Placeholder detectado: 100092 - BANDOLERA_NOE 
⚠ Placeholder detectado: 100093 - BANDOLERA_NOE 
⚠ Placeholder detectado: 100094 - BANDOLERA_NOE 
⚠ Placeholder detectado: 100095 - BANDOLERA_NOE 
⚠ Placeholder detectado: 100096 - BANDOLERA_RUFINA 
⚠ Placeholder detectado: 100097 - BANDOLERA_RUFINA 
⚠ Placeholder detectado: 100098 - BANDOLERA_RUFINA 
⚠ Placeholder detectado: 100099 - BANDOLERA_RUFINA 
"
"1","⚠ Placeholder detectado: 100100 - BANDOLERA_SAGITTA 
⚠ Placeholder detectado: 100101 - BANDOLERA_SAGITTA 
⚠ Placeholder detectado: 100102 - BANDOLERA_SAGITTA 
⚠ Placeholder detectado: 100103 - BANDOLERA_SAGITTA 
⚠ Placeholder detectado: 100104 - BANDOLERA_SAGITTA 
⚠ Placeholder detectado: 100105 - BANDOLERA_SAGITTA 
⚠ Placeholder detectado: 100106 - BANDOLERA_VICENTA 
⚠ Placeholder detectado: 100107 - BANDOLERA_VICENTA 
⚠ Placeholder detectado: 100108 - BANDOLERA_VICENTA 
⚠ Placeholder detectado: 100109 - BANDOLERA_VICENTA 
⚠ Placeholder detectado: 100110 - BANDOLERA_VICENTA 
⚠ Placeholder detectado: 100111 - BANDOLERA_VICENTA 
⚠ Placeholder detectado: 100112 - BANDOLERA_VICENTA 
⚠ Placeholder detectado: 100113 - BANDOLERA_VICENTA 
⚠ Placeholder detectado: 100114 - BANDOLERA_VICENTA 
⚠ Placeholder detectado: 100115 - BANDOLERA_VICENTA 
⚠ Placeholder detectado: 100116 - BANDOLERA_VICENTA 
⚠ Placeholder detectado: 100117 - BANDOLERA_VICENTA 
⚠ Placeholder detectado: 100118 - BANDOLERA_VICENTA 
⚠ Placeholder detectado: 100119 - BANDOLERA_VICENTA 
⚠ Placeholder detectado: 100120 - BANDOLERA_VICENTA 
⚠ Placeholder detectado: 100121 - BANDOLERA_VICENTA 
⚠ Placeholder detectado: 100122 - BANDOLERA_VICENTA 
⚠ Placeholder detectado: 100123 - BANDOLERA_VICENTA 
⚠ Placeholder detectado: 100124 - BANDOLERA_VICENTA 
⚠ Placeholder detectado: 100125 - BANDOLERA_VICENTA 
⚠ Placeholder detectado: 100126 - BILLETERA_ADAM 
⚠ Placeholder detectado: 100127 - BILLETERA_ADAM 
⚠ Placeholder detectado: 100128 - BILLETERA_ADAM 
⚠ Placeholder detectado: 100129 - BILLETERA_ADAM 
⚠ Placeholder detectado: 100130 - BILLETERA_ADAM 
⚠ Placeholder detectado: 100131 - BILLETERA_ADAM 
⚠ Placeholder detectado: 100132 - BILLETERA_ADAM 
⚠ Placeholder detectado: 100133 - BILLETERA_ADAM 
⚠ Placeholder detectado: 100134 - BILLETERA_ADAM 
⚠ Placeholder detectado: 100135 - BILLETERA_ARLO 
⚠ Placeholder detectado: 100136 - BILLETERA_ARLO 
⚠ Placeholder detectado: 100137 - BILLETERA_ARLO 
⚠ Placeholder detectado: 100138 - BILLETERA_ARLO 
⚠ Placeholder detectado: 100139 - BILLETERA_ARLO 
⚠ Placeholder detectado: 100140 - BILLETERA_ARLO 
⚠ Placeholder detectado: 100141 - BILLETERA_BEIJING 
⚠ Placeholder detectado: 100142 - BILLETERA_BEIJING 
⚠ Placeholder detectado: 100143 - BILLETERA_BEIJING 
⚠ Placeholder detectado: 100144 - BILLETERA_BEIJING 
⚠ Placeholder detectado: 100145 - BILLETERA_BEIJING 
⚠ Placeholder detectado: 100146 - BILLETERA_BEIJING 
⚠ Placeholder detectado: 100147 - BILLETERA_BEIJING 
⚠ Placeholder detectado: 100148 - BILLETERA_BEIJING 
⚠ Placeholder detectado: 100149 - BILLETERA_BEIJING 
"
"1","⚠ Placeholder detectado: 100150 - BILLETERA_BEIJING 
⚠ Placeholder detectado: 100151 - BILLETERA_BEIJING 
⚠ Placeholder detectado: 100152 - BILLETERA_BEIJING 
⚠ Placeholder detectado: 100153 - BILLETERA_BEIJING 
⚠ Placeholder detectado: 100154 - BILLETERA_COPAHUE 
⚠ Placeholder detectado: 100155 - BILLETERA_COPAHUE 
⚠ Placeholder detectado: 100156 - BILLETERA_COPAHUE 
⚠ Placeholder detectado: 100157 - BILLETERA_COPAHUE 
⚠ Placeholder detectado: 100158 - BILLETERA_COPAHUE 
⚠ Placeholder detectado: 100159 - BILLETERA_COPAHUE 
⚠ Placeholder detectado: 100160 - BILLETERA_COPAHUE 
⚠ Placeholder detectado: 100161 - BILLETERA_FICHERO 
⚠ Placeholder detectado: 100162 - BILLETERA_FICHERO 
⚠ Placeholder detectado: 100163 - BILLETERA_FICHERO 
⚠ Placeholder detectado: 100164 - BILLETERA_FICHERO 
⚠ Placeholder detectado: 100165 - BILLETERA_FICHERO 
⚠ Placeholder detectado: 100166 - BILLETERA_KEY 
⚠ Placeholder detectado: 100167 - BILLETERA_KEY 
⚠ Placeholder detectado: 100168 - BILLETERA_KEY 
⚠ Placeholder detectado: 100169 - BILLETERA_KEY 
⚠ Placeholder detectado: 100170 - BILLETERA_KEY 
⚠ Placeholder detectado: 100171 - BILLETERA_KEY 
⚠ Placeholder detectado: 100172 - BILLETERA_KEY_FULL_BLACK 
⚠ Placeholder detectado: 100173 - BILLETERA_LEXI 
⚠ Placeholder detectado: 100174 - BILLETERA_LEXI 
⚠ Placeholder detectado: 100175 - BILLETERA_LEXI 
⚠ Placeholder detectado: 100176 - BILLETERA_LEXI 
⚠ Placeholder detectado: 100177 - BILLETERA_LEXI 
⚠ Placeholder detectado: 100178 - BILLETERA_LEXI 
⚠ Placeholder detectado: 100179 - BILLETERA_LIAM 
⚠ Placeholder detectado: 100180 - BILLETERA_LIAM 
⚠ Placeholder detectado: 100181 - BILLETERA_LIAM 
⚠ Placeholder detectado: 100182 - BILLETERA_LIAM 
⚠ Placeholder detectado: 100183 - BILLETERA_LIAM 
⚠ Placeholder detectado: 100184 - BILLETERA_LIAM 
⚠ Placeholder detectado: 100185 - BILLETERA_LIAM 
⚠ Placeholder detectado: 100186 - BILLETERA_LUCA 
⚠ Placeholder detectado: 100187 - BILLETERA_LUCA 
⚠ Placeholder detectado: 100188 - BILLETERA_LUCA 
⚠ Placeholder detectado: 100189 - BILLETERA_LUCA 
⚠ Placeholder detectado: 100190 - BILLETERA_LUCA 
⚠ Placeholder detectado: 100191 - BILLETERA_LUCA 
⚠ Placeholder detectado: 100192 - BILLETERA_LUCA 
⚠ Placeholder detectado: 100193 - BILLETERA_LUCA 
⚠ Placeholder detectado: 100194 - BILLETERA_LUCA 
⚠ Placeholder detectado: 100195 - BILLETERA_LUCA 
⚠ Placeholder detectado: 100196 - BILLETERA_LUCA 
⚠ Placeholder detectado: 100197 - BILLETERA_LUCA 
⚠ Placeholder detectado: 100198 - BILLETERA_LUCA 
⚠ Placeholder detectado: 100199 - BILLETERA_LUCA 
"
"1","Procesando lote desde offset:"
"1"," "
"1","200"
"1"," "
"1","
"
"1"," → válidos:"
"1"," "
"1","200"
"1"," "
"1","/"
"1"," "
"1","200"
"1"," "
"1","
"
"1","⚠ Placeholder detectado: 100200 - BILLETERA_LUCA 
⚠ Placeholder detectado: 100201 - BILLETERA_LUCA 
⚠ Placeholder detectado: 100202 - BILLETERA_LUCA 
⚠ Placeholder detectado: 100203 - BILLETERA_LUCA 
⚠ Placeholder detectado: 100204 - BILLETERA_LUCA 
⚠ Placeholder detectado: 100205 - BILLETERA_MILO 
⚠ Placeholder detectado: 100206 - BILLETERA_MILO 
⚠ Placeholder detectado: 100207 - BILLETERA_MILO 
⚠ Placeholder detectado: 100208 - BILLETERA_MILO 
⚠ Placeholder detectado: 100209 - BILLETERA_MILO 
⚠ Placeholder detectado: 100210 - BILLETERA_MILO 
⚠ Placeholder detectado: 100211 - BILLETERA_MILO 
⚠ Placeholder detectado: 100212 - BILLETERA_MILO 
⚠ Placeholder detectado: 100213 - BILLETERA_OSADIA 
⚠ Placeholder detectado: 100214 - BILLETERA_OSADIA 
⚠ Placeholder detectado: 100215 - BILLETERA_OSADIA 
⚠ Placeholder detectado: 100216 - BILLETERA_OSADIA 
⚠ Placeholder detectado: 100217 - BILLETERA_OSADIA 
⚠ Placeholder detectado: 100218 - BILLETERA_OSADIA 
⚠ Placeholder detectado: 100219 - BILLETERA_OSADIA 
⚠ Placeholder detectado: 100220 - BILLETERA_OSADIA 
⚠ Placeholder detectado: 100221 - BILLETERA_OSADIA 
⚠ Placeholder detectado: 100222 - BILLETERA_OSADIA 
⚠ Placeholder detectado: 100223 - BILLETERA_OSADIA 
⚠ Placeholder detectado: 100224 - BILLETERA_OSADIA 
⚠ Placeholder detectado: 100225 - BILLETERA_PENY 
⚠ Placeholder detectado: 100226 - BILLETERA_PENY 
⚠ Placeholder detectado: 100227 - BILLETERA_PENY 
⚠ Placeholder detectado: 100228 - BILLETERA_PENY 
⚠ Placeholder detectado: 100229 - BILLETERA_PENY 
⚠ Placeholder detectado: 100230 - BILLETERA_PENY 
⚠ Placeholder detectado: 100231 - BILLETERA_PENY 
⚠ Placeholder detectado: 100232 - BOINA_CLYDE 
⚠ Placeholder detectado: 100233 - BOINA_CLYDE 
⚠ Placeholder detectado: 100234 - BOINA_CLYDE 
⚠ Placeholder detectado: 100235 - BOINA_CLYDE 
⚠ Placeholder detectado: 100236 - BOINA_CLYDE 
⚠ Placeholder detectado: 100237 - BOINA_CLYDE 
⚠ Placeholder detectado: 100238 - BOINA_CLYDE 
⚠ Placeholder detectado: 100239 - BOINA_CLYDE 
⚠ Placeholder detectado: 100240 - BOINA_CLYDE 
⚠ Placeholder detectado: 100241 - BOLSO_ENRICO 
⚠ Placeholder detectado: 100242 - BOLSO_ENRICO 
⚠ Placeholder detectado: 100243 - BOLSO_LIHUEN 
⚠ Placeholder detectado: 100244 - BOLSO_LIHUEN 
⚠ Placeholder detectado: 100245 - BOLSO_LIHUEN 
⚠ Placeholder detectado: 100246 - BOLSO_LIHUEN 
⚠ Placeholder detectado: 100247 - BOLSO_LIHUEN 
⚠ Placeholder detectado: 100248 - BOLSO_LIHUEN_FULL_BLACK 
⚠ Placeholder detectado: 100249 - BOLSO_ROQUE 
"
"1","⚠ Placeholder detectado: 100250 - BOLSO_ROQUE 
⚠ Placeholder detectado: 100251 - BOLSO_TUBO_GRANDE 
⚠ Placeholder detectado: 100252 - BOLSO_TUBO_GRANDE 
⚠ Placeholder detectado: 100253 - BOLSO_TUBO_GRANDE 
⚠ Placeholder detectado: 100254 - BOLSO_TUBO_GRANDE 
⚠ Placeholder detectado: 100255 - BOLSO_TUBO_GRANDE 
⚠ Placeholder detectado: 100256 - BOLSO_TUBO_GRANDE 
⚠ Placeholder detectado: 100257 - BOLSO_TUBO_GRANDE 
⚠ Placeholder detectado: 100258 - BOLSO_TUBO_GRANDE 
⚠ Placeholder detectado: 100259 - BOLSO_TUBO_GRANDE 
⚠ Placeholder detectado: 100260 - BOLSO_TUBO_GRANDE 
⚠ Placeholder detectado: 100261 - BOLSO_TUBO_GRANDE 
⚠ Placeholder detectado: 100262 - BOLSO_TUBO_GRANDE 
⚠ Placeholder detectado: 100263 - BOLSO_TUBO_GRANDE 
⚠ Placeholder detectado: 100264 - BOLSO_TUBO_GRANDE 
⚠ Placeholder detectado: 100265 - BOLSO_TUBO_GRANDE 
⚠ Placeholder detectado: 100266 - BOLSO_TUBO_GRANDE 
⚠ Placeholder detectado: 100267 - BOLSO_TUBO_GRANDE 
⚠ Placeholder detectado: 100268 - BOLSO_TUBO_GRANDE 
⚠ Placeholder detectado: 100269 - BOLSO_TUBO_GRANDE 
⚠ Placeholder detectado: 100270 - BOLSO_TUBO_GRANDE 
⚠ Placeholder detectado: 100271 - BOLSO_TUBO_GRANDE 
⚠ Placeholder detectado: 100272 - BOLSO_URBANO 
⚠ Placeholder detectado: 100273 - BOLSO_URBANO 
⚠ Placeholder detectado: 100274 - BOLSO_URBANO 
⚠ Placeholder detectado: 100275 - BOLSO_URBANO 
⚠ Placeholder detectado: 100276 - BOLSO_URBANO 
⚠ Placeholder detectado: 100277 - BOLSO_URBANO 
⚠ Placeholder detectado: 100278 - BOLSO_URBANO 
⚠ Placeholder detectado: 100279 - BOLSO_URBANO_FULL_BLACK 
⚠ Placeholder detectado: 100280 - BOTA_JAZMIN 
⚠ Placeholder detectado: 100281 - BOTA_MORRIS 
⚠ Placeholder detectado: 100282 - BOTA_MORRIS 
⚠ Placeholder detectado: 100283 - BOTINERO_MARCOS_30 
⚠ Placeholder detectado: 100284 - BOTINERO_MARCOS_30 
⚠ Placeholder detectado: 100285 - BOTINERO_MARCOS_30 
⚠ Placeholder detectado: 100286 - BOTINERO_MARCOS_30 
⚠ Placeholder detectado: 100287 - BOTINERO_MARCOS_30 
⚠ Placeholder detectado: 100288 - BOTINERO_MARCOS_30 
⚠ Placeholder detectado: 100289 - BOTINERO_MARCOS_30 
⚠ Placeholder detectado: 100290 - BOTINERO_MARCOS_30 
⚠ Placeholder detectado: 100291 - BOTINERO_MARCOS_30 
⚠ Placeholder detectado: 100292 - BUFANDA_ACRUX 
⚠ Placeholder detectado: 100293 - BUFANDA_ACRUX 
⚠ Placeholder detectado: 100294 - BUFANDA_ACRUX 
⚠ Placeholder detectado: 100295 - BUFANDA_ACRUX 
⚠ Placeholder detectado: 100296 - BUFANDA_ACRUX 
⚠ Placeholder detectado: 100297 - BUFANDA_ACRUX 
⚠ Placeholder detectado: 100298 - BUFANDA_ACRUX 
⚠ Placeholder detectado: 100299 - BUFANDA_ADHARA 
"
"1","⚠ Placeholder detectado: 100300 - BUFANDA_ADHARA 
⚠ Placeholder detectado: 100301 - BUFANDA_ADHARA 
⚠ Placeholder detectado: 100302 - BUFANDA_ADHARA 
⚠ Placeholder detectado: 100303 - BUFANDA_ADHARA 
⚠ Placeholder detectado: 100304 - BUFANDA_CAPELLA 
⚠ Placeholder detectado: 100305 - BUFANDA_CAPELLA 
⚠ Placeholder detectado: 100306 - BUFANDA_CAPELLA 
⚠ Placeholder detectado: 100307 - BUFANDA_CAPELLA 
⚠ Placeholder detectado: 100308 - CAMISA_ALASKA 
⚠ Placeholder detectado: 100309 - CAMISA_ALASKA 
⚠ Placeholder detectado: 100310 - CAMISA_ALASKA 
⚠ Placeholder detectado: 100311 - CAMISA_ALASKA 
⚠ Placeholder detectado: 100312 - CAMISA_ALASKA 
⚠ Placeholder detectado: 100313 - CAMISA_ALASKA 
⚠ Placeholder detectado: 100314 - CAMISA_ALASKA 
⚠ Placeholder detectado: 100315 - CAMISA_ALASKA 
⚠ Placeholder detectado: 100316 - CAMISA_ALASKA 
⚠ Placeholder detectado: 100317 - CAMISA_ALASKA 
⚠ Placeholder detectado: 100318 - CAMISA_ALASKA_607 
⚠ Placeholder detectado: 100319 - CAMISA_ALASKA_607 
⚠ Placeholder detectado: 100320 - CAMISA_ALASKA_607 
⚠ Placeholder detectado: 100321 - CAMISA_ALASKA_607 
⚠ Placeholder detectado: 100322 - CAMISA_ALASKA_607 
⚠ Placeholder detectado: 100323 - CAMISA_ALASKA_609 
⚠ Placeholder detectado: 100324 - CAMISA_ALASKA_609 
⚠ Placeholder detectado: 100325 - CAMISA_ALASKA_609 
⚠ Placeholder detectado: 100326 - CAMISA_ALASKA_609 
⚠ Placeholder detectado: 100327 - CAMISA_ALGODON 
⚠ Placeholder detectado: 100328 - CAMISA_ALGODON 
⚠ Placeholder detectado: 100329 - CAMISA_CUADRITOS 
⚠ Placeholder detectado: 100330 - CAMISA_CUADRITOS 
⚠ Placeholder detectado: 100331 - CAMISA_CUADRITOS 
⚠ Placeholder detectado: 100332 - CAMISA_CUADRITOS 
⚠ Placeholder detectado: 100333 - CAMISA_CUADROS 
⚠ Placeholder detectado: 100334 - CAMISA_CUADROS 
⚠ Placeholder detectado: 100335 - CAMISA_LISA_ALGODON 
⚠ Placeholder detectado: 100336 - CAMISA_LISA_ALGODON 
⚠ Placeholder detectado: 100337 - CAMISA_LISA_ALGODON 
⚠ Placeholder detectado: 100338 - CAMISA_LISA_ALGODON 
⚠ Placeholder detectado: 100339 - CAMISA_LISA_ALGODON 
⚠ Placeholder detectado: 100340 - CAMISA_LISA_ALGODON 
⚠ Placeholder detectado: 100341 - CAMISA_LISA_ALGODON 
⚠ Placeholder detectado: 100342 - CAMISA_LISA_ALGODON 
⚠ Placeholder detectado: 100343 - CAMISA_LISA_ALGODON 
⚠ Placeholder detectado: 100344 - CAMISA_LISA_ALGODON 
⚠ Placeholder detectado: 100345 - CAMISA_LISA_LINO 
⚠ Placeholder detectado: 100346 - CAMISA_LISA_LINO 
⚠ Placeholder detectado: 100347 - CAMISA_LISA_LINO 
⚠ Placeholder detectado: 100348 - CAMISA_LISA_LINO 
⚠ Placeholder detectado: 100349 - CAMISA_LISA_LINO 
"
"1","⚠ Placeholder detectado: 100350 - CAMISA_LISA_LINO 
⚠ Placeholder detectado: 100351 - CAMISA_LISA_LINO 
⚠ Placeholder detectado: 100352 - CAMISA_LISA_LINO 
⚠ Placeholder detectado: 100353 - CAMISA_LISA_LINO 
⚠ Placeholder detectado: 100354 - CAMISA_LISA_LINO 
⚠ Placeholder detectado: 100355 - CAMISA_LISA_LINO 
⚠ Placeholder detectado: 100356 - CAMISA_LISA_LINO 
⚠ Placeholder detectado: 100357 - CAMISA_LISA_LINO 
⚠ Placeholder detectado: 100358 - CAMISA_LISA_LINO 
⚠ Placeholder detectado: 100359 - CAMISA_LISA_LINO 
⚠ Placeholder detectado: 100360 - CAMISA_LISA_LINO 
⚠ Placeholder detectado: 100361 - CAMISA_MULTIRAYAS 
⚠ Placeholder detectado: 100362 - CAMISA_MULTIRAYAS 
⚠ Placeholder detectado: 100363 - CAMISA_MULTIRAYAS 
⚠ Placeholder detectado: 100364 - CAMISA_RAYADA 
⚠ Placeholder detectado: 100365 - CAMISA_RAYADA 
⚠ Placeholder detectado: 100366 - CAMISA_RAYADA 
⚠ Placeholder detectado: 100367 - CAMISA_RAYITAS 
⚠ Placeholder detectado: 100368 - CAMISA_RAYITAS 
⚠ Placeholder detectado: 100369 - CAMISA_RAYITAS 
⚠ Placeholder detectado: 100370 - CAMISA_RAYITAS 
⚠ Placeholder detectado: 100371 - CAMISA_RAYITAS 
⚠ Placeholder detectado: 100372 - CAMISA_RENZO 
⚠ Placeholder detectado: 100373 - CAMISA_RENZO 
⚠ Placeholder detectado: 100374 - CAMISA_RENZO 
⚠ Placeholder detectado: 100375 - CAMISA_RENZO 
⚠ Placeholder detectado: 100376 - CAMISA_RENZO 
⚠ Placeholder detectado: 100377 - CAMISA_TRAMA 
⚠ Placeholder detectado: 100378 - CAMISA_TRAMA 
⚠ Placeholder detectado: 100379 - CAMISA_TRAMA 
⚠ Placeholder detectado: 100380 - CAMISA_TRAMA 
⚠ Placeholder detectado: 100381 - CAMPERA_ALBERTO 
⚠ Placeholder detectado: 100382 - CAMPERA_ALBERTO 
⚠ Placeholder detectado: 100383 - CAMPERA_ALBERTO 
⚠ Placeholder detectado: 100384 - CAMPERA_ALBERTO 
⚠ Placeholder detectado: 100385 - CAMPERA_ALBERTO 
⚠ Placeholder detectado: 100386 - CAMPERA_ALBERTO 
⚠ Placeholder detectado: 100387 - CAMPERA_CHANDRA 
⚠ Placeholder detectado: 100388 - CAMPERA_CHANDRA 
⚠ Placeholder detectado: 100389 - CAMPERA_CHANDRA 
⚠ Placeholder detectado: 100390 - CAMPERA_CHANDRA 
⚠ Placeholder detectado: 100391 - CAMPERA_CHANDRA 
⚠ Placeholder detectado: 100392 - CAMPERA_CHANDRA 
⚠ Placeholder detectado: 100393 - CAMPERA_CHANDRA 
⚠ Placeholder detectado: 100394 - CAMPERA_CHANDRA 
⚠ Placeholder detectado: 100395 - CAMPERA_CHANDRA 
⚠ Placeholder detectado: 100396 - CAMPERA_CHANDRA 
⚠ Placeholder detectado: 100397 - CAMPERA_CHANDRA 
⚠ Placeholder detectado: 100398 - CAMPERA_CHANDRA 
⚠ Placeholder detectado: 100399 - CAMPERA_CHANDRA 
"
"1","Procesando lote desde offset:"
"1"," "
"1","400"
"1"," "
"1","
"
"1"," → válidos:"
"1"," "
"1","200"
"1"," "
"1","/"
"1"," "
"1","200"
"1"," "
"1","
"
"1","⚠ Placeholder detectado: 100400 - CAMPERA_CHANDRA 
⚠ Placeholder detectado: 100401 - CAMPERA_CHANDRA 
⚠ Placeholder detectado: 100402 - CAMPERA_CHANDRA 
⚠ Placeholder detectado: 100403 - CAMPERA_CHANDRA 
⚠ Placeholder detectado: 100404 - CAMPERA_CHANDRA 
⚠ Placeholder detectado: 100405 - CAMPERA_CRISTINA 
⚠ Placeholder detectado: 100406 - CAMPERA_CRISTINA 
⚠ Placeholder detectado: 100407 - CAMPERA_CRISTINA 
⚠ Placeholder detectado: 100408 - CAMPERA_CRISTINA 
⚠ Placeholder detectado: 100409 - CAMPERA_CRISTINA 
⚠ Placeholder detectado: 100410 - CAMPERA_CRISTINA 
⚠ Placeholder detectado: 100411 - CAMPERA_CRUX 
⚠ Placeholder detectado: 100412 - CAMPERA_CRUX 
⚠ Placeholder detectado: 100413 - CAMPERA_CRUX 
⚠ Placeholder detectado: 100414 - CAMPERA_JAVIER 
⚠ Placeholder detectado: 100415 - CAMPERA_JAVIER 
⚠ Placeholder detectado: 100416 - CAMPERA_JAVIER 
⚠ Placeholder detectado: 100417 - CAMPERA_SKI_C_CIERRE 
⚠ Placeholder detectado: 100418 - CAMPERA_SKI_C_CIERRE 
⚠ Placeholder detectado: 100419 - CAMPERA_VIR 
⚠ Placeholder detectado: 100420 - CAMPERA_VIR 
⚠ Placeholder detectado: 100421 - CARRY_ON_FRED 
⚠ Placeholder detectado: 100422 - CARRY_ON_JAMES 
⚠ Placeholder detectado: 100423 - CARRY_ON_JAMES 
⚠ Placeholder detectado: 100424 - CARTERA_ACONCAGUA 
⚠ Placeholder detectado: 100425 - CARTERA_ACONCAGUA 
⚠ Placeholder detectado: 100426 - CARTERA_ACONCAGUA 
⚠ Placeholder detectado: 100427 - CARTERA_ACONCAGUA 
⚠ Placeholder detectado: 100428 - CARTERA_ACONCAGUA 
⚠ Placeholder detectado: 100429 - CARTERA_ACONCAGUA 
⚠ Placeholder detectado: 100430 - CARTERA_ACONCAGUA 
⚠ Placeholder detectado: 100431 - CARTERA_ACONCAGUA 
⚠ Placeholder detectado: 100432 - CARTERA_AMANDA 
⚠ Placeholder detectado: 100433 - CARTERA_AMARILLA_C_CIERRE 
⚠ Placeholder detectado: 100434 - CARTERA_AMARILLA_C_CIERRE 
⚠ Placeholder detectado: 100435 - CARTERA_AMARILLA_C_CIERRE 
⚠ Placeholder detectado: 100436 - CARTERA_AMARILLA_C_CIERRE 
⚠ Placeholder detectado: 100437 - CARTERA_AMARILLA_C_CIERRE 
⚠ Placeholder detectado: 100438 - CARTERA_AMARILLA_SET_SOBRE 
⚠ Placeholder detectado: 100439 - CARTERA_AMARILLA_SET_SOBRE 
⚠ Placeholder detectado: 100440 - CARTERA_AMARILLA_SET_SOBRE 
⚠ Placeholder detectado: 100441 - CARTERA_AMARILLA_SET_SOBRE 
⚠ Placeholder detectado: 100442 - CARTERA_AMARILLA_SET_SOBRE 
⚠ Placeholder detectado: 100443 - CARTERA_AMARILLA_SET_SOBRE 
⚠ Placeholder detectado: 100444 - CARTERA_AMARILLA_SET_SOBRE 
⚠ Placeholder detectado: 100445 - CARTERA_AMARILLA_SET_SOBRE 
⚠ Placeholder detectado: 100446 - CARTERA_AMARILLA_SET_SOBRE 
⚠ Placeholder detectado: 100447 - CARTERA_AMARILLA_SET_SOBRE 
⚠ Placeholder detectado: 100448 - CARTERA_AMARILLA_SET_SOBRE 
⚠ Placeholder detectado: 100449 - CARTERA_AMARILLA_SET_SOBRE 
"
"1","⚠ Placeholder detectado: 100450 - CARTERA_AMARILLA_SET_SOBRE 
⚠ Placeholder detectado: 100451 - CARTERA_AMARILLA_SET_SOBRE 
⚠ Placeholder detectado: 100452 - CARTERA_AMARILLA_SET_SOBRE 
⚠ Placeholder detectado: 100453 - CARTERA_AMARILLA_SET_SOBRE 
⚠ Placeholder detectado: 100454 - CARTERA_AMARILLA_SET_SOBRE 
⚠ Placeholder detectado: 100455 - CARTERA_AMARILLA_SET_SOBRE 
⚠ Placeholder detectado: 100456 - CARTERA_AMARILLA_SET_SOBRE 
⚠ Placeholder detectado: 100457 - CARTERA_AMARILLA_SET_SOBRE 
⚠ Placeholder detectado: 100458 - CARTERA_AMARILLA_SET_SOBRE 
⚠ Placeholder detectado: 100459 - CARTERA_AMARILLA_SET_SOBRE 
⚠ Placeholder detectado: 100460 - CARTERA_AMARILLA_SET_SOBRE 
⚠ Placeholder detectado: 100461 - CARTERA_AMARILLA_SET_SOBRE 
⚠ Placeholder detectado: 100462 - CARTERA_AMARILLA_SET_SOBRE 
⚠ Placeholder detectado: 100463 - CARTERA_AMARILLA_SET_SOBRE 
⚠ Placeholder detectado: 100464 - CARTERA_AMARILLA_SET_SOBRE 
⚠ Placeholder detectado: 100465 - CARTERA_AMARILLA_SET_SOBRE_BIFAZ 
⚠ Placeholder detectado: 100466 - CARTERA_AMARILLA_SET_SOBRE_BIFAZ 
⚠ Placeholder detectado: 100467 - CARTERA_AMARILLA_SET_SOBRE_BIFAZ 
⚠ Placeholder detectado: 100468 - CARTERA_APHOLO_C_CIERRE 
⚠ Placeholder detectado: 100469 - CARTERA_APHOLO_C_CIERRE 
⚠ Placeholder detectado: 100470 - CARTERA_APHOLO_C_CIERRE 
⚠ Placeholder detectado: 100471 - CARTERA_APHOLO_C_CIERRE 
⚠ Placeholder detectado: 100472 - CARTERA_APHOLO_C_CIERRE 
⚠ Placeholder detectado: 100473 - CARTERA_APHOLO_C_CIERRE 
⚠ Placeholder detectado: 100474 - CARTERA_APHOLO_SET_SOBRE 
⚠ Placeholder detectado: 100475 - CARTERA_APHOLO_SET_SOBRE 
⚠ Placeholder detectado: 100476 - CARTERA_APHOLO_SET_SOBRE 
⚠ Placeholder detectado: 100477 - CARTERA_APHOLO_SET_SOBRE 
⚠ Placeholder detectado: 100478 - CARTERA_BAULITO 
⚠ Placeholder detectado: 100479 - CARTERA_BAULITO 
⚠ Placeholder detectado: 100480 - CARTERA_BAULITO 
⚠ Placeholder detectado: 100481 - CARTERA_BAULITO 
⚠ Placeholder detectado: 100482 - CARTERA_BAULITO 
⚠ Placeholder detectado: 100483 - CARTERA_BAULITO 
⚠ Placeholder detectado: 100484 - CARTERA_BAULITO 
⚠ Placeholder detectado: 100485 - CARTERA_BAULITO 
⚠ Placeholder detectado: 100486 - CARTERA_BAULITO 
⚠ Placeholder detectado: 100487 - CARTERA_BAULITO 
⚠ Placeholder detectado: 100488 - CARTERA_BAULITO 
⚠ Placeholder detectado: 100489 - CARTERA_BAULITO 
⚠ Placeholder detectado: 100490 - CARTERA_BAULITO 
⚠ Placeholder detectado: 100491 - CARTERA_BAULITO 
⚠ Placeholder detectado: 100492 - CARTERA_CHALTEN 
⚠ Placeholder detectado: 100493 - CARTERA_CHALTEN 
⚠ Placeholder detectado: 100494 - CARTERA_CHALTEN 
⚠ Placeholder detectado: 100495 - CARTERA_CHALTEN 
⚠ Placeholder detectado: 100496 - CARTERA_CHALTEN 
⚠ Placeholder detectado: 100497 - CARTERA_CHALTEN 
⚠ Placeholder detectado: 100498 - CARTERA_CHALTEN 
⚠ Placeholder detectado: 100499 - CARTERA_CHALTEN 
"
"1","⚠ Placeholder detectado: 100500 - CARTERA_CHALTEN 
⚠ Placeholder detectado: 100501 - CARTERA_CHALTEN 
⚠ Placeholder detectado: 100502 - CARTERA_DOS_HEBILLAS_NEW 
⚠ Placeholder detectado: 100503 - CARTERA_DOS_HEBILLAS_NEW 
⚠ Placeholder detectado: 100504 - CARTERA_DOS_HEBILLAS_NEW 
⚠ Placeholder detectado: 100505 - CARTERA_DOS_HEBILLAS_NEW 
⚠ Placeholder detectado: 100506 - CARTERA_DOS_HEBILLAS_NEW 
⚠ Placeholder detectado: 100507 - CARTERA_DOS_HEBILLAS_NEW 
⚠ Placeholder detectado: 100508 - CARTERA_DOS_HEBILLAS_NEW 
⚠ Placeholder detectado: 100509 - CARTERA_DOS_HEBILLAS_NEW 
⚠ Placeholder detectado: 100510 - CARTERA_DOS_HEBILLAS_NEW 
⚠ Placeholder detectado: 100511 - CARTERA_EMILIA 
⚠ Placeholder detectado: 100512 - CARTERA_EMILIA 
⚠ Placeholder detectado: 100513 - CARTERA_EMILIA 
⚠ Placeholder detectado: 100514 - CARTERA_EMILIA 
⚠ Placeholder detectado: 100515 - CARTERA_EMILIA 
⚠ Placeholder detectado: 100516 - CARTERA_HARPER 
⚠ Placeholder detectado: 100517 - CARTERA_HARPER 
⚠ Placeholder detectado: 100518 - CARTERA_HARPER 
⚠ Placeholder detectado: 100519 - CARTERA_INES 
⚠ Placeholder detectado: 100520 - CARTERA_INES 
⚠ Placeholder detectado: 100521 - CARTERA_INES 
⚠ Placeholder detectado: 100522 - CARTERA_INES 
⚠ Placeholder detectado: 100523 - CARTERA_INES 
⚠ Placeholder detectado: 100524 - CARTERA_JUSTINA 
⚠ Placeholder detectado: 100525 - CARTERA_JUSTINA 
⚠ Placeholder detectado: 100526 - CARTERA_JUSTINA 
⚠ Placeholder detectado: 100527 - CARTERA_KALI 
⚠ Placeholder detectado: 100528 - CARTERA_KALI 
⚠ Placeholder detectado: 100529 - CARTERA_LEANDRA 
⚠ Placeholder detectado: 100530 - CARTERA_LEANDRA 
⚠ Placeholder detectado: 100531 - CARTERA_LEANDRA 
⚠ Placeholder detectado: 100532 - CARTERA_LEANDRA 
⚠ Placeholder detectado: 100533 - CARTERA_LEANDRA 
⚠ Placeholder detectado: 100534 - CARTERA_LEANDRA 
⚠ Placeholder detectado: 100535 - CARTERA_LISBOA 
⚠ Placeholder detectado: 100536 - CARTERA_LISBOA 
⚠ Placeholder detectado: 100537 - CARTERA_LISBOA 
⚠ Placeholder detectado: 100538 - CARTERA_LISBOA 
⚠ Placeholder detectado: 100539 - CARTERA_LISBOA 
⚠ Placeholder detectado: 100540 - CARTERA_LISBOA 
⚠ Placeholder detectado: 100541 - CARTERA_LISBOA 
⚠ Placeholder detectado: 100542 - CARTERA_LISBOA 
⚠ Placeholder detectado: 100543 - CARTERA_LISBOA 
⚠ Placeholder detectado: 100544 - CARTERA_LISBOA 
⚠ Placeholder detectado: 100545 - CARTERA_LISBOA 
⚠ Placeholder detectado: 100546 - CARTERA_LISBOA 
⚠ Placeholder detectado: 100547 - CARTERA_LISBOA 
⚠ Placeholder detectado: 100548 - CARTERA_LISBOA 
⚠ Placeholder detectado: 100549 - CARTERA_LISBOA 
"
"1","⚠ Placeholder detectado: 100550 - CARTERA_LISBOA 
⚠ Placeholder detectado: 100551 - CARTERA_LISBOA 
⚠ Placeholder detectado: 100552 - CARTERA_LISBOA 
⚠ Placeholder detectado: 100553 - CARTERA_LISBOA 
⚠ Placeholder detectado: 100554 - CARTERA_LISBOA 
⚠ Placeholder detectado: 100555 - CARTERA_LISBOA 
⚠ Placeholder detectado: 100556 - NECESSAIRE_LANIN 
⚠ Placeholder detectado: 100558 - CARTERA_LONDRES 
⚠ Placeholder detectado: 100559 - CARTERA_LONDRES 
⚠ Placeholder detectado: 100560 - CARTERA_LONDRES 
⚠ Placeholder detectado: 100561 - CARTERA_LONDRES 
⚠ Placeholder detectado: 100562 - CARTERA_LONDRES 
⚠ Placeholder detectado: 100563 - CARTERA_MINI_APHOLO_C_CIERRE 
⚠ Placeholder detectado: 100564 - CARTERA_MINI_APHOLO_C_CIERRE 
⚠ Placeholder detectado: 100565 - CARTERA_MINI_APHOLO_C_CIERRE 
⚠ Placeholder detectado: 100566 - CARTERA_MINI_APHOLO_C_CIERRE 
⚠ Placeholder detectado: 100567 - CARTERA_MINI_APHOLO_C_CIERRE 
⚠ Placeholder detectado: 100568 - CARTERA_MINI_APHOLO_C_CIERRE 
⚠ Placeholder detectado: 100569 - CARTERA_MINI_APHOLO_SET_SOBRE 
⚠ Placeholder detectado: 100570 - CARTERA_MINI_APHOLO_SET_SOBRE 
⚠ Placeholder detectado: 100571 - CARTERA_MINI_APHOLO_SET_SOBRE 
⚠ Placeholder detectado: 100572 - CARTERA_MINI_APHOLO_SET_SOBRE 
⚠ Placeholder detectado: 100573 - CARTERA_MINI_APHOLO_SET_SOBRE 
⚠ Placeholder detectado: 100574 - CARTERA_MINI_APHOLO_SET_SOBRE 
⚠ Placeholder detectado: 100575 - CARTERA_MINI_APHOLO_SET_SOBRE 
⚠ Placeholder detectado: 100576 - CARTERA_MINI_APHOLO_SET_SOBRE 
⚠ Placeholder detectado: 100577 - CARTERA_MINI_APHOLO_SET_SOBRE 
⚠ Placeholder detectado: 100578 - CARTERA_MINI_APHOLO_SET_SOBRE 
⚠ Placeholder detectado: 100579 - CARTERA_MINI_APHOLO_SET_SOBRE 
⚠ Placeholder detectado: 100580 - CARTERA_MINI_APHOLO_SET_SOBRE 
⚠ Placeholder detectado: 100581 - CARTERA_MINI_APHOLO_SET_SOBRE 
⚠ Placeholder detectado: 100582 - CARTERA_MINI_APHOLO_SET_SOBRE 
⚠ Placeholder detectado: 100583 - CARTERA_MINI_EMMA 
⚠ Placeholder detectado: 100584 - CARTERA_MINI_EMMA 
⚠ Placeholder detectado: 100585 - CARTERA_MINI_EMMA 
⚠ Placeholder detectado: 100586 - CARTERA_MINI_EMMA 
⚠ Placeholder detectado: 100587 - CARTERA_MINI_EMMA 
⚠ Placeholder detectado: 100588 - CARTERA_KALI 
⚠ Placeholder detectado: 100589 - CARTERA_VERA 
⚠ Placeholder detectado: 100590 - CARTERA_VERA 
⚠ Placeholder detectado: 100591 - CARTERA_YARA 
⚠ Placeholder detectado: 100592 - CARTERA_YARA 
⚠ Placeholder detectado: 100593 - CARTERA_YARA 
⚠ Placeholder detectado: 100594 - CARTERA_YARA 
⚠ Placeholder detectado: 100595 - CARTERA_YARA 
⚠ Placeholder detectado: 100596 - CARTERA_YARA 
⚠ Placeholder detectado: 100597 - CARTERA_YARA 
⚠ Placeholder detectado: 100598 - CARTERA_YARA 
⚠ Placeholder detectado: 100599 - CARTERA_YARA 
"
"1","Procesando lote desde offset:"
"1"," "
"1","600"
"1"," "
"1","
"
"1"," → válidos:"
"1"," "
"1","200"
"1"," "
"1","/"
"1"," "
"1","200"
"1"," "
"1","
"
"1","⚠ Placeholder detectado: 100600 - CARTUCHERA_MONT 
⚠ Placeholder detectado: 100601 - CARTUCHERA_MONT 
⚠ Placeholder detectado: 100602 - CARTUCHERA_MONT 
⚠ Placeholder detectado: 100603 - CARTUCHERA_MONT 
⚠ Placeholder detectado: 100604 - CARTUCHERA_MONT 
⚠ Placeholder detectado: 100605 - CARTUCHERA_MONT 
⚠ Placeholder detectado: 100606 - CARTUCHERA_MONT 
⚠ Placeholder detectado: 100607 - CARTUCHERA_MONT 
⚠ Placeholder detectado: 100608 - CARTUCHERA_MONT 
⚠ Placeholder detectado: 100609 - CARTUCHERA_MONT 
⚠ Placeholder detectado: 100610 - CARTUCHERA_MONT 
⚠ Placeholder detectado: 100611 - CARTUCHERA_MONT 
⚠ Placeholder detectado: 100612 - CARTUCHERA_MONT 
⚠ Placeholder detectado: 100613 - CARTUCHERA_MONT_FULL_BLACK 
⚠ Placeholder detectado: 100614 - CHALECO_PRATTO 
⚠ Placeholder detectado: 100615 - CHALECO_PRATTO 
⚠ Placeholder detectado: 100616 - CHALINA_EXEDRA 
⚠ Placeholder detectado: 100617 - CHALINA_EXEDRA 
⚠ Placeholder detectado: 100618 - CHALINA_EXEDRA 
⚠ Placeholder detectado: 100619 - CHALINA_EXEDRA 
⚠ Placeholder detectado: 100620 - CHALINA_EXEDRA 
⚠ Placeholder detectado: 100621 - CHALINA_EXEDRA 
⚠ Placeholder detectado: 100622 - CHOMBA_POLO_NAOS 
⚠ Placeholder detectado: 100623 - CHOMBA_POLO_NAOS 
⚠ Placeholder detectado: 100624 - CHOMBA_POLO_NAOS 
⚠ Placeholder detectado: 100625 - CHOMBA_POLO_NAOS 
⚠ Placeholder detectado: 100626 - CHOMBA_POLO_NAOS 
⚠ Placeholder detectado: 100627 - CHOMBA_POLO_NAOS 
⚠ Placeholder detectado: 100628 - CHOMBA_POLO_NAOS 
⚠ Placeholder detectado: 100629 - CHOMBA_POLO_NAOS 
⚠ Placeholder detectado: 100630 - CHOMBA_POLO_NAOS 
⚠ Placeholder detectado: 100631 - CHOMBA_POLO_NAOS 
⚠ Placeholder detectado: 100632 - CHOMBA_POLO_NAOS 
⚠ Placeholder detectado: 100633 - CHOMBA_POLO_NAOS 
⚠ Placeholder detectado: 100634 - CHOMBA_POLO_NAOS 
⚠ Placeholder detectado: 100635 - CHOMBA_POLO_NAOS 
⚠ Placeholder detectado: 100636 - CHOMBA_POLO_NAOS 
⚠ Placeholder detectado: 100637 - CHOMBA_POLO_NAOS 
⚠ Placeholder detectado: 100638 - CHOMBA_POLO_NAOS 
⚠ Placeholder detectado: 100639 - CHOMBA_POLO_NAOS 
⚠ Placeholder detectado: 100640 - CHOMBA_POLO_NAOS 
⚠ Placeholder detectado: 100641 - CHOMBA_POLO_NAOS 
⚠ Placeholder detectado: 100642 - CHOMBA_POLO_NAOS 
⚠ Placeholder detectado: 100643 - CHOMBA_POLO_NAOS 
⚠ Placeholder detectado: 100644 - CHOMBA_POLO_NAOS 
⚠ Placeholder detectado: 100645 - CHOMBA_POLO_NAOS 
⚠ Placeholder detectado: 100646 - CINTURON_ALFO 
⚠ Placeholder detectado: 100647 - CINTURON_ALFO 
⚠ Placeholder detectado: 100648 - CINTURON_ALFO 
⚠ Placeholder detectado: 100649 - CINTURON_ALFO 
"
"1","⚠ Placeholder detectado: 100650 - CINTURON_ALFO 
⚠ Placeholder detectado: 100651 - CINTURON_ALFO 
⚠ Placeholder detectado: 100652 - CINTURON_ESPIGA 
⚠ Placeholder detectado: 100653 - CINTURON_ESPIGA 
⚠ Placeholder detectado: 100654 - CINTURON_ESPIGA 
⚠ Placeholder detectado: 100655 - CINTURON_ESPIGA 
⚠ Placeholder detectado: 100656 - CINTURON_ESPIGA 
⚠ Placeholder detectado: 100657 - CINTURON_ESPIGA 
⚠ Placeholder detectado: 100658 - CINTURON_ESPIGA 
⚠ Placeholder detectado: 100659 - CINTURON_ESPIGA 
⚠ Placeholder detectado: 100660 - CINTURON_ESPIGA 
⚠ Placeholder detectado: 100661 - CINTURON_ESPIGA 
⚠ Placeholder detectado: 100662 - CINTURON_ESPIGA 
⚠ Placeholder detectado: 100663 - CINTURON_ESPIGA 
⚠ Placeholder detectado: 100664 - CINTURON_ESPIGA 
⚠ Placeholder detectado: 100665 - CINTURON_ESPIGA 
⚠ Placeholder detectado: 100666 - CINTURON_ESPIGA 
⚠ Placeholder detectado: 100667 - CINTURON_FLORA_1 
⚠ Placeholder detectado: 100668 - CINTURON_FLORA_1 
⚠ Placeholder detectado: 100669 - CINTURON_FLORA_1 
⚠ Placeholder detectado: 100670 - CINTURON_FLORA_1 
⚠ Placeholder detectado: 100671 - CINTURON_FLORA_1 
⚠ Placeholder detectado: 100672 - CINTURON_FLORA_1 
⚠ Placeholder detectado: 100673 - CINTURON_FLORA_1 
⚠ Placeholder detectado: 100674 - CINTURON_FLORA_1 
⚠ Placeholder detectado: 100675 - CINTURON_FLORA_1 
⚠ Placeholder detectado: 100676 - CINTURON_FLORA_1 
⚠ Placeholder detectado: 100677 - CINTURON_FLORA_2 
⚠ Placeholder detectado: 100678 - CINTURON_FLORA_2 
⚠ Placeholder detectado: 100679 - CINTURON_FLORA_2 
⚠ Placeholder detectado: 100680 - CINTURON_FLORA_2 
⚠ Placeholder detectado: 100681 - CINTURON_FLORA_2 
⚠ Placeholder detectado: 100682 - CINTURON_FLORA_2 
⚠ Placeholder detectado: 100683 - CINTURON_FLORA_2 
⚠ Placeholder detectado: 100684 - CINTURON_FLORA_2 
⚠ Placeholder detectado: 100685 - CINTURON_FLORA_2 
⚠ Placeholder detectado: 100686 - CINTURON_FLORA_2 
⚠ Placeholder detectado: 100687 - CINTURON_GUS 
⚠ Placeholder detectado: 100688 - CINTURON_GUS 
⚠ Placeholder detectado: 100689 - CINTURON_GUS 
⚠ Placeholder detectado: 100690 - CINTURON_GUS 
⚠ Placeholder detectado: 100691 - CINTURON_GUS 
⚠ Placeholder detectado: 100692 - CINTURON_GUS 
⚠ Placeholder detectado: 100693 - CINTURON_GUS 
⚠ Placeholder detectado: 100694 - CINTURON_GUS 
⚠ Placeholder detectado: 100695 - CINTURON_GUS 
⚠ Placeholder detectado: 100696 - CINTURON_GUS 
⚠ Placeholder detectado: 100697 - CINTURON_GUS 
⚠ Placeholder detectado: 100698 - CINTURON_GUS 
⚠ Placeholder detectado: 100699 - CINTURON_JAIRO 
"
"1","⚠ Placeholder detectado: 100700 - CINTURON_JAIRO 
⚠ Placeholder detectado: 100701 - CINTURON_JAIRO 
⚠ Placeholder detectado: 100702 - CINTURON_JAIRO 
⚠ Placeholder detectado: 100703 - CINTURON_JAIRO 
⚠ Placeholder detectado: 100704 - CINTURON_JAIRO 
⚠ Placeholder detectado: 100705 - CINTURON_JAIRO 
⚠ Placeholder detectado: 100706 - CINTURON_LOPA 
⚠ Placeholder detectado: 100707 - CINTURON_LOPA 
⚠ Placeholder detectado: 100708 - CINTURON_LOPA 
⚠ Placeholder detectado: 100709 - CINTURON_LOPA 
⚠ Placeholder detectado: 100710 - CINTURON_LOPA 
⚠ Placeholder detectado: 100711 - CINTURON_LOPA 
⚠ Placeholder detectado: 100712 - CINTURON_LOPA 
⚠ Placeholder detectado: 100713 - CINTURON_LOPA 
⚠ Placeholder detectado: 100714 - CINTURON_LOPA 
⚠ Placeholder detectado: 100715 - CINTURON_LOPA 
⚠ Placeholder detectado: 100716 - CINTURON_LOPA 
⚠ Placeholder detectado: 100717 - CINTURON_LOPA 
⚠ Placeholder detectado: 100718 - CINTURON_LOPA 
⚠ Placeholder detectado: 100719 - CINTURON_LOPA 
⚠ Placeholder detectado: 100720 - CINTURON_LOPA 
⚠ Placeholder detectado: 100721 - CINTURON_LOPA 
⚠ Placeholder detectado: 100722 - CINTURON_MIA 
⚠ Placeholder detectado: 100723 - CINTURON_MIA 
⚠ Placeholder detectado: 100724 - CINTURON_MIA 
⚠ Placeholder detectado: 100725 - CINTURON_MIA 
⚠ Placeholder detectado: 100726 - CINTURON_MIA 
⚠ Placeholder detectado: 100727 - CINTURON_MIA 
⚠ Placeholder detectado: 100728 - CINTURON_MIA 
⚠ Placeholder detectado: 100729 - CINTURON_MIA 
⚠ Placeholder detectado: 100730 - CINTURON_MIA 
⚠ Placeholder detectado: 100731 - CINTURON_MIA 
⚠ Placeholder detectado: 100732 - CINTURON_MIA 
⚠ Placeholder detectado: 100733 - CINTURON_MIA 
⚠ Placeholder detectado: 100734 - CINTURON_MIA 
⚠ Placeholder detectado: 100735 - CINTURON_MIA 
⚠ Placeholder detectado: 100736 - CINTURON_MIA 
⚠ Placeholder detectado: 100737 - CINTURON_MIA 
⚠ Placeholder detectado: 100738 - CINTURON_PANAMA 
⚠ Placeholder detectado: 100739 - CINTURON_PANAMA 
⚠ Placeholder detectado: 100740 - CINTURON_PANAMA 
⚠ Placeholder detectado: 100741 - CINTURON_PANAMA 
⚠ Placeholder detectado: 100742 - CINTURON_PANAMA 
⚠ Placeholder detectado: 100743 - CINTURON_PANAMA 
⚠ Placeholder detectado: 100744 - CINTURON_PANAMA 
⚠ Placeholder detectado: 100745 - CINTURON_PANAMA 
⚠ Placeholder detectado: 100746 - CINTURON_PANAMA 
⚠ Placeholder detectado: 100747 - CINTURON_PANAMA 
⚠ Placeholder detectado: 100748 - CINTURON_PANAMA 
⚠ Placeholder detectado: 100749 - CINTURON_PANAMA 
"
"1","⚠ Placeholder detectado: 100750 - CINTURON_PANAMA 
⚠ Placeholder detectado: 100751 - CINTURON_PANAMA 
⚠ Placeholder detectado: 100752 - CINTURON_PANAMA 
⚠ Placeholder detectado: 100753 - CINTURON_PANAMA 
⚠ Placeholder detectado: 100754 - CINTURON_PANAMA 
⚠ Placeholder detectado: 100755 - CINTURON_PANAMA 
⚠ Placeholder detectado: 100756 - CINTURON_PANAMA 
⚠ Placeholder detectado: 100757 - CINTURON_PANAMA 
⚠ Placeholder detectado: 100758 - CINTURON_PANAMA 
⚠ Placeholder detectado: 100759 - CINTURON_PAO 
⚠ Placeholder detectado: 100760 - CINTURON_PAO 
⚠ Placeholder detectado: 100761 - CINTURON_PAO_COMBINADO 
⚠ Placeholder detectado: 100762 - CINTURON_PAO_COMBINADO 
⚠ Placeholder detectado: 100763 - CINTURON_REX 
⚠ Placeholder detectado: 100764 - CINTURON_REX 
⚠ Placeholder detectado: 100765 - CINTURON_REX 
⚠ Placeholder detectado: 100766 - CINTURON_REX 
⚠ Placeholder detectado: 100767 - CINTURON_REX 
⚠ Placeholder detectado: 100768 - CINTURON_REX 
⚠ Placeholder detectado: 100769 - CINTURON_RUS 
⚠ Placeholder detectado: 100770 - CINTURON_RUS 
⚠ Placeholder detectado: 100771 - CINTURON_RUS 
⚠ Placeholder detectado: 100772 - CINTURON_RUS 
⚠ Placeholder detectado: 100773 - CINTURON_TINO 
⚠ Placeholder detectado: 100774 - CINTURON_TINO 
⚠ Placeholder detectado: 100775 - CINTURON_TINO 
⚠ Placeholder detectado: 100776 - CINTURON_TINO 
⚠ Placeholder detectado: 100777 - CINTURON_TINO 
⚠ Placeholder detectado: 100778 - CINTURON_TINO 
⚠ Placeholder detectado: 100779 - CINTURON_TINO 
⚠ Placeholder detectado: 100780 - CINTURON_TINO 
⚠ Placeholder detectado: 100781 - CINTURON_TINO 
⚠ Placeholder detectado: 100782 - CINTURON_TINO 
⚠ Placeholder detectado: 100783 - CINTURON_TINO 
⚠ Placeholder detectado: 100784 - CINTURON_TINO 
⚠ Placeholder detectado: 100785 - CINTURON_TINO 
⚠ Placeholder detectado: 100786 - CINTURON_TINO 
⚠ Placeholder detectado: 100787 - CINTURON_TINO 
⚠ Placeholder detectado: 100788 - CINTURON_TINO 
⚠ Placeholder detectado: 100789 - CINTURON_TINO 
⚠ Placeholder detectado: 100790 - CINTURON_TINO 
⚠ Placeholder detectado: 100791 - CINTURON_TINO 
⚠ Placeholder detectado: 100792 - CINTURON_TINO 
⚠ Placeholder detectado: 100793 - CINTURON_TINO 
⚠ Placeholder detectado: 100794 - CINTURON_TINO 
⚠ Placeholder detectado: 100795 - CINTURON_TINO 
⚠ Placeholder detectado: 100796 - CINTURON_TINO 
⚠ Placeholder detectado: 100797 - CINTURON_TOKIO 
⚠ Placeholder detectado: 100798 - CINTURON_TOKIO 
⚠ Placeholder detectado: 100799 - CINTURON_TRENZADO 
"
"1","Procesando lote desde offset:"
"1"," "
"1","800"
"1"," "
"1","
"
"1"," → válidos:"
"1"," "
"1","200"
"1"," "
"1","/"
"1"," "
"1","200"
"1"," "
"1","
"
"1","⚠ Placeholder detectado: 100800 - CINTURON_TRENZADO 
⚠ Placeholder detectado: 100801 - CINTURON_TRENZADO 
⚠ Placeholder detectado: 100802 - CINTURON_TRENZADO 
⚠ Placeholder detectado: 100803 - CINTURON_TRENZADO 
⚠ Placeholder detectado: 100804 - CINTURON_TRENZADO 
⚠ Placeholder detectado: 100805 - CINTURON_VAQUETA 
⚠ Placeholder detectado: 100806 - CINTURON_VAQUETA 
⚠ Placeholder detectado: 100807 - CINTURON_VAQUETA 
⚠ Placeholder detectado: 100808 - CINTURON_VAQUETA 
⚠ Placeholder detectado: 100809 - CINTURON_VAQUETA 
⚠ Placeholder detectado: 100810 - CINTURON_VAQUETA 
⚠ Placeholder detectado: 100811 - CINTURON_VAQUETA 
⚠ Placeholder detectado: 100812 - CINTURON_VAQUETA 
⚠ Placeholder detectado: 100813 - CINTURON_VAQUETA 
⚠ Placeholder detectado: 100814 - CINTURON_VAQUETA 
⚠ Placeholder detectado: 100815 - CINTURON_VAQUETA 
⚠ Placeholder detectado: 100816 - CINTURON_VAQUETA 
⚠ Placeholder detectado: 100817 - CINTURON_VAQUETA 
⚠ Placeholder detectado: 100818 - CORREA_LOLI 
⚠ Placeholder detectado: 100819 - CORREA_LOLI 
⚠ Placeholder detectado: 100820 - CORREA_LOLI 
⚠ Placeholder detectado: 100821 - CORREA_LOLI 
⚠ Placeholder detectado: 100822 - CORREA_LOLI 
⚠ Placeholder detectado: 100823 - CORREA_LOLI 
⚠ Placeholder detectado: 100824 - CORREA_LOLI 
⚠ Placeholder detectado: 100825 - CORREA_LORE 
⚠ Placeholder detectado: 100826 - CORREA_LORE 
⚠ Placeholder detectado: 100827 - DELANTAL_DENO 
⚠ Placeholder detectado: 100828 - ESPEJO_RECTANGULAR 
⚠ Placeholder detectado: 100829 - ESPEJO_RECTANGULAR 
⚠ Placeholder detectado: 100830 - ESPEJO_RECTANGULAR 
⚠ Placeholder detectado: 100831 - FUNDA_DE_CUADERNO_A4 
⚠ Placeholder detectado: 100832 - FUNDA_DE_CUADERNO_A4 
⚠ Placeholder detectado: 100833 - FUNDA_DE_CUADERNO_A5 
⚠ Placeholder detectado: 100834 - FUNDA_DE_CUADERNO_A5 
⚠ Placeholder detectado: 100835 - FUNDA_DE_CUADERNO_A6 
⚠ Placeholder detectado: 100836 - FUNDA_DE_CUADERNO_A6 
⚠ Placeholder detectado: 100837 - FUNDA_DE_CUADERNO_A6 
⚠ Placeholder detectado: 100838 - GORRO_ESPIGA 
⚠ Placeholder detectado: 100839 - GORRO_ESPIGA 
⚠ Placeholder detectado: 100840 - GORRO_ESPIGA 
⚠ Placeholder detectado: 100841 - GORRO_FLORA 
⚠ Placeholder detectado: 100842 - GORRO_FLORA 
⚠ Placeholder detectado: 100843 - GORRO_FRED 
⚠ Placeholder detectado: 100844 - GORRO_FRED 
⚠ Placeholder detectado: 100845 - GORRO_PAÑO 
⚠ Placeholder detectado: 100846 - GORRO_PAÑO 
⚠ Placeholder detectado: 100847 - GORRO_PAÑO 
⚠ Placeholder detectado: 100848 - GORRO_PAÑO 
⚠ Placeholder detectado: 100849 - GORRO_PAÑO 
"
"1","⚠ Placeholder detectado: 100850 - GORRO_PAÑO 
⚠ Placeholder detectado: 100851 - GORRO_PAÑO 
⚠ Placeholder detectado: 100852 - GORRO_PAÑO 
⚠ Placeholder detectado: 100853 - GORRO_PAÑO 
⚠ Placeholder detectado: 100854 - GORRO_PAÑO 
⚠ Placeholder detectado: 100855 - GORRO_PAÑO 
⚠ Placeholder detectado: 100856 - GORRO_PAÑO 
⚠ Placeholder detectado: 100857 - GORRO_SEA 
⚠ Placeholder detectado: 100858 - GORRO_SEA 
⚠ Placeholder detectado: 100859 - GORRO_SEA 
⚠ Placeholder detectado: 100860 - GORRO_SEA 
⚠ Placeholder detectado: 100861 - GORRO_SIRIUS 
⚠ Placeholder detectado: 100862 - GORRO_SIRIUS 
⚠ Placeholder detectado: 100863 - GORRO_SIRIUS 
⚠ Placeholder detectado: 100864 - GORRO_SIRIUS 
⚠ Placeholder detectado: 100865 - GORRO_VEGA 
⚠ Placeholder detectado: 100866 - GORRO_VEGA 
⚠ Placeholder detectado: 100867 - GORRO_VEGA 
⚠ Placeholder detectado: 100868 - GORRO_VEGA 
⚠ Placeholder detectado: 100869 - GORRO_VEGA 
⚠ Placeholder detectado: 100870 - GORRO_VEGA 
⚠ Placeholder detectado: 100871 - GORRO_VEGA 
⚠ Placeholder detectado: 100872 - GORRO_VENTO 
⚠ Placeholder detectado: 100873 - GORRO_VENTO 
⚠ Placeholder detectado: 100874 - GORRO_VENTO 
⚠ Placeholder detectado: 100875 - GORRO_VENTO 
⚠ Placeholder detectado: 100876 - GORRO_VENTO 
⚠ Placeholder detectado: 100877 - GORRO_VENTO 
⚠ Placeholder detectado: 100878 - GORRO_VENTO 
⚠ Placeholder detectado: 100879 - GORRO_VENTO 
⚠ Placeholder detectado: 100880 - GORRO_VENTO 
⚠ Placeholder detectado: 100881 - GORRO_VENTO 
⚠ Placeholder detectado: 100882 - GORRO_VENTO 
⚠ Placeholder detectado: 100883 - GORRO_VENTO 
⚠ Placeholder detectado: 100884 - GORRO_VENTO 
⚠ Placeholder detectado: 100885 - GUANTE_BASICO_DAMA 
⚠ Placeholder detectado: 100886 - GUANTE_BASICO_DAMA 
⚠ Placeholder detectado: 100887 - GUANTE_BASICO_DAMA 
⚠ Placeholder detectado: 100888 - GUANTE_BASICO_HOMBRE 
⚠ Placeholder detectado: 100889 - GUANTE_BASICO_HOMBRE 
⚠ Placeholder detectado: 100890 - GUANTE_BASICO_HOMBRE 
⚠ Placeholder detectado: 100891 - GUANTE_BASICO_HOMBRE 
⚠ Placeholder detectado: 100894 - CARTERA_VERA 
⚠ Placeholder detectado: 100895 - INDIVIDUAL_CURVO 
⚠ Placeholder detectado: 100896 - INDIVIDUAL_CURVO 
⚠ Placeholder detectado: 100897 - INDIVIDUAL_CURVO 
⚠ Placeholder detectado: 100898 - INDIVIDUAL_CURVO 
⚠ Placeholder detectado: 100899 - INDIVIDUAL_CURVO 
"
"1","⚠ Placeholder detectado: 100900 - INDIVIDUAL_CURVO 
⚠ Placeholder detectado: 100901 - INDIVIDUAL_CURVO 
⚠ Placeholder detectado: 100902 - INDIVIDUAL_MAEL 
⚠ Placeholder detectado: 100903 - INDIVIDUAL_MAEL 
⚠ Placeholder detectado: 100904 - INDIVIDUAL_RECTO 
⚠ Placeholder detectado: 100905 - INDIVIDUAL_RECTO 
⚠ Placeholder detectado: 100906 - INDIVIDUAL_RECTO 
⚠ Placeholder detectado: 100907 - INDIVIDUAL_RECTO 
⚠ Placeholder detectado: 100908 - INDIVIDUAL_RECTO 
⚠ Placeholder detectado: 100909 - INDIVIDUAL_RECTO 
⚠ Placeholder detectado: 100910 - INDIVIDUAL_RECTO 
⚠ Placeholder detectado: 100911 - INDIVIDUAL_RECTO 
⚠ Placeholder detectado: 100912 - LLAVERO_ABC 
⚠ Placeholder detectado: 100913 - LLAVERO_ABC 
⚠ Placeholder detectado: 100914 - LLAVERO_ABC 
⚠ Placeholder detectado: 100915 - LLAVERO_ABC 
⚠ Placeholder detectado: 100916 - LLAVERO_ABC 
⚠ Placeholder detectado: 100917 - LLAVERO_ABC 
⚠ Placeholder detectado: 100918 - LLAVERO_ABC 
⚠ Placeholder detectado: 100919 - LLAVERO_ABC 
⚠ Placeholder detectado: 100920 - LLAVERO_ABC 
⚠ Placeholder detectado: 100921 - LLAVERO_ABC 
⚠ Placeholder detectado: 100922 - LLAVERO_ABC 
⚠ Placeholder detectado: 100923 - LLAVERO_ABC 
⚠ Placeholder detectado: 100924 - LLAVERO_ABC 
⚠ Placeholder detectado: 100925 - LLAVERO_ABC 
⚠ Placeholder detectado: 100926 - LLAVERO_ABC 
⚠ Placeholder detectado: 100927 - LLAVERO_ABC 
⚠ Placeholder detectado: 100928 - LLAVERO_ABC 
⚠ Placeholder detectado: 100929 - LLAVERO_ABC 
⚠ Placeholder detectado: 100930 - LLAVERO_ABC 
⚠ Placeholder detectado: 100931 - LLAVERO_ABC 
⚠ Placeholder detectado: 100932 - LLAVERO_ABC 
⚠ Placeholder detectado: 100933 - LLAVERO_ABC 
⚠ Placeholder detectado: 100934 - LLAVERO_ABC 
⚠ Placeholder detectado: 100935 - LLAVERO_ABC 
⚠ Placeholder detectado: 100936 - LLAVERO_ABC 
⚠ Placeholder detectado: 100937 - LLAVERO_ABC 
⚠ Placeholder detectado: 100938 - LLAVERO_ABC 
⚠ Placeholder detectado: 100939 - LLAVERO_ABC 
⚠ Placeholder detectado: 100940 - LLAVERO_ABC 
⚠ Placeholder detectado: 100941 - LLAVERO_ABC 
⚠ Placeholder detectado: 100942 - LLAVERO_ABC 
⚠ Placeholder detectado: 100943 - LLAVERO_ABC 
⚠ Placeholder detectado: 100944 - LLAVERO_ABC 
⚠ Placeholder detectado: 100945 - LLAVERO_ABC 
⚠ Placeholder detectado: 100946 - LLAVERO_ABC 
⚠ Placeholder detectado: 100947 - LLAVERO_ABC 
⚠ Placeholder detectado: 100948 - LLAVERO_ABC 
⚠ Placeholder detectado: 100949 - LLAVERO_ABC 
"
"1","⚠ Placeholder detectado: 100950 - LLAVERO_ABC 
⚠ Placeholder detectado: 100951 - LLAVERO_ABC 
⚠ Placeholder detectado: 100952 - LLAVERO_ABC 
⚠ Placeholder detectado: 100953 - LLAVERO_ABC 
⚠ Placeholder detectado: 100954 - LLAVERO_ABC 
⚠ Placeholder detectado: 100955 - LLAVERO_ABC 
⚠ Placeholder detectado: 100956 - LLAVERO_ABC 
⚠ Placeholder detectado: 100957 - LLAVERO_ABC 
⚠ Placeholder detectado: 100958 - LLAVERO_ABC 
⚠ Placeholder detectado: 100959 - LLAVERO_CALADO_FRASE 
⚠ Placeholder detectado: 100960 - LLAVERO_CALADO_ZODIACO 
⚠ Placeholder detectado: 100961 - LLAVERO_CALADO_ZODIACO 
⚠ Placeholder detectado: 100962 - LLAVERO_CALADO_ZODIACO 
⚠ Placeholder detectado: 100963 - LLAVERO_CALADO_ZODIACO 
⚠ Placeholder detectado: 100964 - LLAVERO_CALADO_ZODIACO 
⚠ Placeholder detectado: 100965 - LLAVERO_CALE 
⚠ Placeholder detectado: 100966 - LLAVERO_COMBINADO 
⚠ Placeholder detectado: 100967 - LLAVERO_COMBINADO 
⚠ Placeholder detectado: 100968 - LLAVERO_INICIALES 
⚠ Placeholder detectado: 100969 - LLAVERO_INICIALES 
⚠ Placeholder detectado: 100970 - LLAVERO_INICIALES 
⚠ Placeholder detectado: 100971 - LLAVERO_INICIALES 
⚠ Placeholder detectado: 100972 - LLAVERO_INICIALES 
⚠ Placeholder detectado: 100973 - LLAVERO_INICIALES 
⚠ Placeholder detectado: 100974 - LLAVERO_INICIALES 
⚠ Placeholder detectado: 100975 - LLAVERO_INICIALES 
⚠ Placeholder detectado: 100976 - LLAVERO_JAIRO 
⚠ Placeholder detectado: 100977 - LLAVERO_JAIRO 
⚠ Placeholder detectado: 100978 - LLAVERO_KAREN 
⚠ Placeholder detectado: 100979 - LLAVERO_KAREN 
⚠ Placeholder detectado: 100980 - LLAVERO_KAREN 
⚠ Placeholder detectado: 100981 - LLAVERO_KAREN 
⚠ Placeholder detectado: 100982 - LLAVERO_KAREN 
⚠ Placeholder detectado: 100983 - LLAVERO_KAREN 
⚠ Placeholder detectado: 100984 - LLAVERO_KAREN 
⚠ Placeholder detectado: 100985 - LLAVERO_KAREN 
⚠ Placeholder detectado: 100986 - LLAVERO_KAREN 
⚠ Placeholder detectado: 100987 - LLAVERO_KAREN 
⚠ Placeholder detectado: 100988 - LLAVERO_KAREN 
⚠ Placeholder detectado: 100989 - LLAVERO_KAREN 
⚠ Placeholder detectado: 100990 - LLAVERO_KAREN 
⚠ Placeholder detectado: 100991 - LLAVERO_KAREN 
⚠ Placeholder detectado: 100992 - LLAVERO_KAREN 
⚠ Placeholder detectado: 100993 - LLAVERO_KAREN 
⚠ Placeholder detectado: 100994 - LLAVERO_KAREN 
⚠ Placeholder detectado: 100995 - LLAVERO_KAREN 
⚠ Placeholder detectado: 100996 - LLAVERO_KAREN 
⚠ Placeholder detectado: 100997 - LLAVERO_KAREN 
⚠ Placeholder detectado: 100998 - LLAVERO_KAREN 
⚠ Placeholder detectado: 100999 - LLAVERO_KAREN 
"
"1","Procesando lote desde offset:"
"1"," "
"1","1000"
"1"," "
"1","
"
"1"," → válidos:"
"1"," "
"1","200"
"1"," "
"1","/"
"1"," "
"1","200"
"1"," "
"1","
"
"1","⚠ Placeholder detectado: 101000 - LLAVERO_KAREN 
⚠ Placeholder detectado: 101001 - LLAVERO_KAREN 
⚠ Placeholder detectado: 101002 - LLAVERO_MIRLO 
⚠ Placeholder detectado: 101003 - LLAVERO_MIRLO 
⚠ Placeholder detectado: 101004 - LLAVERO_MIRLO 
⚠ Placeholder detectado: 101005 - LLAVERO_MIRLO 
⚠ Placeholder detectado: 101006 - LLAVERO_MIRLO 
⚠ Placeholder detectado: 101007 - LLAVERO_MIRLO 
⚠ Placeholder detectado: 101008 - LLAVERO_PANAMA 
⚠ Placeholder detectado: 101009 - LLAVERO_PANAMA 
⚠ Placeholder detectado: 101010 - LLAVERO_SIMPLE 
⚠ Placeholder detectado: 101011 - LLAVERO_SIMPLE 
⚠ Placeholder detectado: 101012 - MALETIN_BORIS 
⚠ Placeholder detectado: 101013 - MALETIN_BORIS 
⚠ Placeholder detectado: 101014 - MATERA_OLI 
⚠ Placeholder detectado: 101015 - MATERA_OLI 
⚠ Placeholder detectado: 101016 - MATERA_OLI 
⚠ Placeholder detectado: 101017 - MATERA_OLI 
⚠ Placeholder detectado: 101018 - MATERA_OLI 
⚠ Placeholder detectado: 101019 - MATERA_RENE_FULL_BLACK 
⚠ Placeholder detectado: 101020 - MEDIAS_DE_VESTIR_207 
⚠ Placeholder detectado: 101021 - MEDIAS_DE_VESTIR_207 
⚠ Placeholder detectado: 101022 - MEDIAS_DE_VESTIR_207 
⚠ Placeholder detectado: 101023 - MEDIAS_DE_VESTIR_472 
⚠ Placeholder detectado: 101024 - MEDIAS_DE_VESTIR_472 
⚠ Placeholder detectado: 101025 - MEDIAS_MEDIA_CAÑA 
⚠ Placeholder detectado: 101026 - MEDIAS_MEDIA_CAÑA 
⚠ Placeholder detectado: 101027 - MEDIAS_MEDIA_CAÑA 
⚠ Placeholder detectado: 101028 - MEDIAS_MEDIA_CAÑA 
⚠ Placeholder detectado: 101029 - MEDIAS_MEDIA_CAÑA 
⚠ Placeholder detectado: 101030 - MEDIAS_MEDIA_CAÑA_CORTAS 
⚠ Placeholder detectado: 101031 - MEDIAS_MEDIA_CAÑA_CORTAS 
⚠ Placeholder detectado: 101032 - MEDIAS_MEDIA_CAÑA_CORTAS 
⚠ Placeholder detectado: 101033 - MEDIAS_MEDIA_CAÑA_CORTAS 
⚠ Placeholder detectado: 101034 - MEDIAS_MEDIA_CAÑA_CORTAS 
⚠ Placeholder detectado: 101035 - MEDIAS_MEDIA_CAÑA_FANTASIA 
⚠ Placeholder detectado: 101036 - MEDIAS_MEDIA_CAÑA_FANTASIA 
⚠ Placeholder detectado: 101037 - MEDIAS_MEDIA_CAÑA_FANTASIA 
⚠ Placeholder detectado: 101038 - MEDIAS_MEDIA_CAÑA_FANTASIA 
⚠ Placeholder detectado: 101039 - MEDIAS_MEDIA_CAÑA_FANTASIA 
⚠ Placeholder detectado: 101040 - MEDIAS_MEDIA_CAÑA_FANTASIA 
⚠ Placeholder detectado: 101041 - MOCASIN_FANGIO 
⚠ Placeholder detectado: 101042 - MOCASIN_FANGIO 
⚠ Placeholder detectado: 101043 - MOCASIN_FANGIO 
⚠ Placeholder detectado: 101044 - MOCASIN_FANGIO 
⚠ Placeholder detectado: 101045 - MOCASIN_FANGIO 
⚠ Placeholder detectado: 101046 - MOCASIN_FANGIO 
⚠ Placeholder detectado: 101047 - MOCASIN_FANGIO 
⚠ Placeholder detectado: 101048 - MOCASIN_FANGIO 
⚠ Placeholder detectado: 101049 - MOCASIN_JULIA 
"
"1","⚠ Placeholder detectado: 101050 - MOCASIN_JULIA 
⚠ Placeholder detectado: 101051 - MOCASIN_JULIA 
⚠ Placeholder detectado: 101052 - MOCASIN_PAULA 
⚠ Placeholder detectado: 101053 - MOCASIN_PAULA 
⚠ Placeholder detectado: 101054 - MOCASIN_PAULA 
⚠ Placeholder detectado: 101055 - MOCHILA_ANA 
⚠ Placeholder detectado: 101056 - MOCHILA_ANA 
⚠ Placeholder detectado: 101057 - MOCHILA_ATLAS_FULL_BLACK_1 
⚠ Placeholder detectado: 101058 - MOCHILA_ATLAS_FULL_BLACK_2 
⚠ Placeholder detectado: 101059 - MOCHILA_CASPIO_FULL_BLACK 
⚠ Placeholder detectado: 101060 - MOCHILA_FRANCIS 
⚠ Placeholder detectado: 101061 - MOCHILA_FRANCIS 
⚠ Placeholder detectado: 101062 - MOCHILA_IKER 
⚠ Placeholder detectado: 101063 - MOCHILA_IKER 
⚠ Placeholder detectado: 101064 - MOCHILA_JUANA 
⚠ Placeholder detectado: 101065 - MOCHILA_JUANA 
⚠ Placeholder detectado: 101066 - MOCHILA_JUANA 
⚠ Placeholder detectado: 101067 - MOCHILA_JUANA 
⚠ Placeholder detectado: 101068 - MOCHILA_LIBRA 
⚠ Placeholder detectado: 101069 - MOCHILA_LIBRA 
⚠ Placeholder detectado: 101070 - MOCHILA_LIBRA 
⚠ Placeholder detectado: 101071 - MOCHILA_LIBRA 
⚠ Placeholder detectado: 101072 - MOCHILA_MARCOS 
⚠ Placeholder detectado: 101073 - MOCHILA_MARCOS 
⚠ Placeholder detectado: 101074 - MOCHILA_MARCOS 
⚠ Placeholder detectado: 101075 - MOCHILA_MARCOS 
⚠ Placeholder detectado: 101076 - MOCHILA_MARCOS 
⚠ Placeholder detectado: 101077 - MOCHILA_MARCOS 
⚠ Placeholder detectado: 101078 - MOCHILA_MARCOS 
⚠ Placeholder detectado: 101079 - MOCHILA_MARCOS_FULL_BLACK 
⚠ Placeholder detectado: 101080 - MOCHILA_MARCOS_FULL_BLACK 
⚠ Placeholder detectado: 101081 - MOCHILA_MARCOS_FULL_BLACK 
⚠ Placeholder detectado: 101082 - MOCHILA_MULITA 
⚠ Placeholder detectado: 101083 - MOCHILA_MULITA 
⚠ Placeholder detectado: 101084 - MOCHILA_MULITA 
⚠ Placeholder detectado: 101085 - MOCHILA_PACARI 
⚠ Placeholder detectado: 101086 - MOCHILA_PACARI 
⚠ Placeholder detectado: 101087 - MOCHILA_PACARI 
⚠ Placeholder detectado: 101088 - MOCHILA_PACARI 
⚠ Placeholder detectado: 101089 - MOCHILA_PACARI 
⚠ Placeholder detectado: 101090 - MOCHILA_PACARI 
⚠ Placeholder detectado: 101091 - MOCHILA_PACARI 
⚠ Placeholder detectado: 101092 - MOCHILA_PACARI 
⚠ Placeholder detectado: 101093 - MOCHILA_PACARI 
⚠ Placeholder detectado: 101094 - MOCHILA_PACARI 
⚠ Placeholder detectado: 101095 - MOCHILA_PACARI 
⚠ Placeholder detectado: 101096 - MOCHILA_PIETRO 
⚠ Placeholder detectado: 101097 - MOCHILA_PIETRO 
⚠ Placeholder detectado: 101098 - MOCHILA_PIETRO 
⚠ Placeholder detectado: 101099 - MOCHILA_PIETRO 
"
"1","⚠ Placeholder detectado: 101100 - MOCHILA_PIETRO 
⚠ Placeholder detectado: 101101 - MOCHILA_PIETRO_FULL_BLACK 
⚠ Placeholder detectado: 101102 - MOCHILA_PORTIA 
⚠ Placeholder detectado: 101103 - MOCHILA_PORTIA 
⚠ Placeholder detectado: 101104 - MOCHILA_PORTIA 
⚠ Placeholder detectado: 101105 - MOCHILA_PORTIA 
⚠ Placeholder detectado: 101106 - MOCHILA_PORTIA 
⚠ Placeholder detectado: 101107 - MOCHILA_PORTIA 
⚠ Placeholder detectado: 101108 - MOCHILA_PORTIA_FULL_BLACK 
⚠ Placeholder detectado: 101109 - MOCHILA_SIMON 
⚠ Placeholder detectado: 101110 - MOCHILA_TECH_210512 
⚠ Placeholder detectado: 101111 - MOCHILA_TECH_21066 
⚠ Placeholder detectado: 101112 - MOCHILA_TECH_21076 
⚠ Placeholder detectado: 101113 - MOCHILA_TECH_2551 
⚠ Placeholder detectado: 101114 - MOCHILA_TECH_2551 
⚠ Placeholder detectado: 101115 - MOCHILA_TECH_2551 
⚠ Placeholder detectado: 101116 - MOCHILA_TECH_40998 
⚠ Placeholder detectado: 101117 - MOCHILA_TOBIAS_FULL_BLACK 
⚠ Placeholder detectado: 101118 - MONEDERO_AMBAR 
⚠ Placeholder detectado: 101119 - MONEDERO_AMBAR 
⚠ Placeholder detectado: 101120 - MONEDERO_AMBAR 
⚠ Placeholder detectado: 101121 - MONEDERO_AMBAR 
⚠ Placeholder detectado: 101122 - MONEDERO_AMBAR 
⚠ Placeholder detectado: 101123 - MONEDERO_AMBAR 
⚠ Placeholder detectado: 101124 - MONEDERO_CIRCULAR 
⚠ Placeholder detectado: 101125 - MONEDERO_CIRCULAR 
⚠ Placeholder detectado: 101126 - MONEDERO_CIRCULAR 
⚠ Placeholder detectado: 101127 - MONEDERO_CORY 
⚠ Placeholder detectado: 101128 - MONEDERO_CORY 
⚠ Placeholder detectado: 101129 - MONEDERO_CORY 
⚠ Placeholder detectado: 101130 - MONEDERO_CORY 
⚠ Placeholder detectado: 101131 - MONEDERO_CORY 
⚠ Placeholder detectado: 101132 - MONEDERO_CORY 
⚠ Placeholder detectado: 101133 - MONEDERO_CORY 
⚠ Placeholder detectado: 101134 - MONEDERO_CORY 
⚠ Placeholder detectado: 101135 - MONEDERO_CORY 
⚠ Placeholder detectado: 101136 - MONEDERO_CORY 
⚠ Placeholder detectado: 101137 - MONEDERO_GRACE 
⚠ Placeholder detectado: 101138 - MONEDERO_GRACE 
⚠ Placeholder detectado: 101139 - MONEDERO_GRACE 
⚠ Placeholder detectado: 101140 - MONEDERO_GRACE 
⚠ Placeholder detectado: 101141 - MONEDERO_GRACE 
⚠ Placeholder detectado: 101142 - MONEDERO_GRACE 
⚠ Placeholder detectado: 101143 - MONEDERO_GRACE 
⚠ Placeholder detectado: 101144 - MONEDERO_GRACE 
⚠ Placeholder detectado: 101145 - MONEDERO_GRACE 
⚠ Placeholder detectado: 101146 - MONEDERO_GRACE 
⚠ Placeholder detectado: 101147 - MONEDERO_GRACE 
⚠ Placeholder detectado: 101148 - MONEDERO_GRACE 
⚠ Placeholder detectado: 101149 - MONEDERO_GRACE 
"
"1","⚠ Placeholder detectado: 101150 - MONEDERO_GRACE 
⚠ Placeholder detectado: 101151 - MONEDERO_GRACE 
⚠ Placeholder detectado: 101152 - MONEDERO_LUISA 
⚠ Placeholder detectado: 101153 - MONEDERO_LUISA 
⚠ Placeholder detectado: 101154 - MONEDERO_LUISA 
⚠ Placeholder detectado: 101155 - MONEDERO_LUISA 
⚠ Placeholder detectado: 101156 - MONEDERO_LUISA 
⚠ Placeholder detectado: 101157 - MONEDERO_LUISA 
⚠ Placeholder detectado: 101158 - MORRAL_ADI_VINTAGE 
⚠ Placeholder detectado: 101159 - MORRAL_ADI_VINTAGE 
⚠ Placeholder detectado: 101160 - MORRAL_ADI_VINTAGE 
⚠ Placeholder detectado: 101161 - MORRAL_ADI_VINTAGE 
⚠ Placeholder detectado: 101162 - MORRAL_ADI_VINTAGE 
⚠ Placeholder detectado: 101163 - MORRAL_ANGOSTO 
⚠ Placeholder detectado: 101164 - MORRAL_ANGOSTO 
⚠ Placeholder detectado: 101165 - MORRAL_ANGOSTO 
⚠ Placeholder detectado: 101166 - MORRAL_ANGOSTO 
⚠ Placeholder detectado: 101167 - MORRAL_ANGOSTO 
⚠ Placeholder detectado: 101168 - MORRAL_ANGOSTO 
⚠ Placeholder detectado: 101169 - MORRAL_ANGOSTO 
⚠ Placeholder detectado: 101170 - MORRAL_BERLIN 
⚠ Placeholder detectado: 101171 - MORRAL_BERLIN 
⚠ Placeholder detectado: 101172 - MORRAL_BERLIN 
⚠ Placeholder detectado: 101173 - MORRAL_BERLIN 
⚠ Placeholder detectado: 101174 - MORRAL_CARLOS 
⚠ Placeholder detectado: 101175 - MORRAL_CARLOS 
⚠ Placeholder detectado: 101176 - MORRAL_CARLOS 
⚠ Placeholder detectado: 101177 - MORRAL_CARLOS 
⚠ Placeholder detectado: 101178 - MORRAL_DRACO 
⚠ Placeholder detectado: 101179 - MORRAL_DRACO 
⚠ Placeholder detectado: 101180 - MORRAL_DRACO 
⚠ Placeholder detectado: 101181 - MORRAL_DRACO 
⚠ Placeholder detectado: 101182 - MORRAL_DRACO 
⚠ Placeholder detectado: 101183 - MORRAL_LUCAS 
⚠ Placeholder detectado: 101184 - MORRAL_LUCAS 
⚠ Placeholder detectado: 101185 - MORRAL_LUCAS 
⚠ Placeholder detectado: 101186 - MORRAL_OLDIE 
⚠ Placeholder detectado: 101187 - MORRAL_OLDIE 
⚠ Placeholder detectado: 101188 - MORRAL_OLDIE 
⚠ Placeholder detectado: 101189 - MORRAL_OLDIE 
⚠ Placeholder detectado: 101190 - MORRAL_OLDIE 
⚠ Placeholder detectado: 101191 - MORRAL_OLDIE 
⚠ Placeholder detectado: 101192 - MOUSEPAD 
⚠ Placeholder detectado: 101193 - MOUSEPAD 
⚠ Placeholder detectado: 101194 - MOUSEPAD 
⚠ Placeholder detectado: 101195 - MOUSEPAD 
⚠ Placeholder detectado: 101196 - MOUSEPAD 
⚠ Placeholder detectado: 101197 - MOUSEPAD 
⚠ Placeholder detectado: 101198 - MOUSEPAD 
⚠ Placeholder detectado: 101199 - MOUSEPAD 
"
"1","Procesando lote desde offset:"
"1"," "
"1","1200"
"1"," "
"1","
"
"1"," → válidos:"
"1"," "
"1","200"
"1"," "
"1","/"
"1"," "
"1","200"
"1"," "
"1","
"
"1","⚠ Placeholder detectado: 101200 - MOUSEPAD 
⚠ Placeholder detectado: 101201 - NECESSAIRE 
⚠ Placeholder detectado: 101202 - NECESSAIRE 
⚠ Placeholder detectado: 101203 - NECESSAIRE 
⚠ Placeholder detectado: 101204 - NECESSAIRE 
⚠ Placeholder detectado: 101205 - NECESSAIRE_FELI 
⚠ Placeholder detectado: 101206 - NECESSAIRE_FELI 
⚠ Placeholder detectado: 101207 - NECESSAIRE_FELI 
⚠ Placeholder detectado: 101208 - NECESSAIRE_FELI 
⚠ Placeholder detectado: 101209 - NECESSAIRE_FELI 
⚠ Placeholder detectado: 101210 - NECESSAIRE_FELI 
⚠ Placeholder detectado: 101211 - NECESSAIRE_FELI 
⚠ Placeholder detectado: 101212 - NECESSAIRE_LANIN 
⚠ Placeholder detectado: 101213 - NECESSAIRE_LANIN 
⚠ Placeholder detectado: 101214 - NECESSAIRE_LANIN 
⚠ Placeholder detectado: 101215 - NECESSAIRE_LANIN 
⚠ Placeholder detectado: 101216 - NECESSAIRE_LANIN_FULL_BLACK 
⚠ Placeholder detectado: 101217 - NECESSAIRE_LARA 
⚠ Placeholder detectado: 101218 - NECESSAIRE_LARA 
⚠ Placeholder detectado: 101219 - NECESSAIRE_LARA 
⚠ Placeholder detectado: 101220 - NECESSAIRE_LARA 
⚠ Placeholder detectado: 101221 - NECESSAIRE_LARA 
⚠ Placeholder detectado: 101222 - NECESSAIRE_LARA 
⚠ Placeholder detectado: 101223 - NECESSAIRE_LARA 
⚠ Placeholder detectado: 101224 - NECESSAIRE_MINI_MARCOS 
⚠ Placeholder detectado: 101225 - NECESSAIRE_MINI_MARCOS 
⚠ Placeholder detectado: 101226 - NECESSAIRE_MINI_MARCOS 
⚠ Placeholder detectado: 101227 - NECESSAIRE_MINI_MARCOS 
⚠ Placeholder detectado: 101228 - NECESSAIRE_MINI_MARCOS 
⚠ Placeholder detectado: 101229 - NECESSAIRE_MINI_MARCOS 
⚠ Placeholder detectado: 101230 - NECESSAIRE_MINI_MARCOS 
⚠ Placeholder detectado: 101231 - NECESSAIRE_MINI_MARCOS 
⚠ Placeholder detectado: 101232 - NECESSAIRE_MINI_MARCOS 
⚠ Placeholder detectado: 101233 - NECESSAIRE_MINI_MARCOS 
⚠ Placeholder detectado: 101234 - NECESSAIRE_MINI_MARCOS_FULL_BLACK 
⚠ Placeholder detectado: 101235 - NECESSAIRE_TOM 
⚠ Placeholder detectado: 101236 - NECESSAIRE_TOM 
⚠ Placeholder detectado: 101237 - NECESSAIRE_TOM 
⚠ Placeholder detectado: 101238 - NECESSAIRE_TOM 
⚠ Placeholder detectado: 101239 - NECESSAIRE_TOM 
⚠ Placeholder detectado: 101240 - NECESSAIRE_TOM 
⚠ Placeholder detectado: 101241 - PHONEBAG_TANIA 
⚠ Placeholder detectado: 101242 - PHONEBAG_TANIA 
⚠ Placeholder detectado: 101243 - PHONEBAG_TANIA 
⚠ Placeholder detectado: 101244 - PHONEBAG_TANIA 
⚠ Placeholder detectado: 101245 - PHONEBAG_TANIA 
⚠ Placeholder detectado: 101246 - PHONEBAG_TANIA 
⚠ Placeholder detectado: 101247 - PHONEBAG_TANIA 
⚠ Placeholder detectado: 101248 - PHONEBAG_TANIA 
⚠ Placeholder detectado: 101249 - PHONEBAG_TANIA 
"
"1","⚠ Placeholder detectado: 101250 - PHONEBAG_TANIA 
⚠ Placeholder detectado: 101251 - PHONEBAG_TANIA 
⚠ Placeholder detectado: 101252 - PHONEBAG_TANIA 
⚠ Placeholder detectado: 101253 - PHONEBAG_TAURUS 
⚠ Placeholder detectado: 101254 - PHONEBAG_TAURUS 
⚠ Placeholder detectado: 101255 - PHONEBAG_TAURUS 
⚠ Placeholder detectado: 101256 - PHONEBAG_TAURUS 
⚠ Placeholder detectado: 101257 - PHONEBAG_TAURUS 
⚠ Placeholder detectado: 101258 - PHONEBAG_TAURUS_FULL_BLACK 
⚠ Placeholder detectado: 101259 - PILUSO_DORA 
⚠ Placeholder detectado: 101260 - PILUSO_DORA 
⚠ Placeholder detectado: 101261 - PORTABILLETES_CORVUS 
⚠ Placeholder detectado: 101262 - PORTABILLETES_CORVUS 
⚠ Placeholder detectado: 101263 - PORTABILLETES_CORVUS 
⚠ Placeholder detectado: 101264 - PORTABILLETES_CORVUS 
⚠ Placeholder detectado: 101265 - PORTABILLETES_CORVUS 
⚠ Placeholder detectado: 101266 - PORTACABLES_1 
⚠ Placeholder detectado: 101267 - PORTACABLES_1 
⚠ Placeholder detectado: 101268 - PORTACABLES_1 
⚠ Placeholder detectado: 101269 - PORTACABLES_1 
⚠ Placeholder detectado: 101270 - PORTACABLES_1 
⚠ Placeholder detectado: 101271 - PORTACABLES_1 
⚠ Placeholder detectado: 101272 - PORTACABLES_2 
⚠ Placeholder detectado: 101273 - PORTACABLES_2 
⚠ Placeholder detectado: 101274 - PORTACABLES_2 
⚠ Placeholder detectado: 101275 - PORTACABLES_2 
⚠ Placeholder detectado: 101276 - PORTACABLES_2 
⚠ Placeholder detectado: 101277 - PORTACABLES_2 
⚠ Placeholder detectado: 101278 - PORTACABLES_2 
⚠ Placeholder detectado: 101279 - PORTACABLES_2 
⚠ Placeholder detectado: 101280 - PORTACABLES_2 
⚠ Placeholder detectado: 101281 - PORTACABLES_2 
⚠ Placeholder detectado: 101282 - PORTACABLES_3 
⚠ Placeholder detectado: 101283 - PORTACABLES_3 
⚠ Placeholder detectado: 101284 - PORTACABLES_3 
⚠ Placeholder detectado: 101285 - PORTACINTO_ELIAS 
⚠ Placeholder detectado: 101286 - PORTACINTO_ELIAS 
⚠ Placeholder detectado: 101287 - PORTACINTO_ELIAS 
⚠ Placeholder detectado: 101288 - PORTACINTO_ELIAS 
⚠ Placeholder detectado: 101289 - PORTACINTO_ELIAS 
⚠ Placeholder detectado: 101290 - PORTACINTO_LOU 
⚠ Placeholder detectado: 101291 - PORTACINTO_LOU 
⚠ Placeholder detectado: 101292 - PORTACINTO_LOU 
⚠ Placeholder detectado: 101293 - PORTACINTO_LOU 
⚠ Placeholder detectado: 101294 - PORTACINTO_LOU 
⚠ Placeholder detectado: 101295 - PORTAFOLIO_BIEL 
⚠ Placeholder detectado: 101296 - PORTAFOLIO_BIEL 
⚠ Placeholder detectado: 101297 - PORTAFOLIO_HUAPI 
⚠ Placeholder detectado: 101298 - PORTAFOLIO_HUAPI 
⚠ Placeholder detectado: 101299 - PORTAFOLIO_HUAPI 
"
"1","⚠ Placeholder detectado: 101300 - PORTAFOLIO_HUAPI 
⚠ Placeholder detectado: 101301 - PORTAFOLIO_HUAPI 
⚠ Placeholder detectado: 101302 - PORTAFOLIO_HUAPI 
⚠ Placeholder detectado: 101303 - PORTAFOLIO_OLDIE 
⚠ Placeholder detectado: 101304 - PORTAFOLIO_OLDIE 
⚠ Placeholder detectado: 101305 - PORTAFOLIO_OLDIE 
⚠ Placeholder detectado: 101306 - PORTAFOLIO_OLDIE 
⚠ Placeholder detectado: 101307 - PORTAFOLIO_OLDIE 
⚠ Placeholder detectado: 101308 - PORTAFOLIO_OLDIE 
⚠ Placeholder detectado: 101309 - PORTAFOLIO_RUBEN 
⚠ Placeholder detectado: 101310 - PORTAFOLIO_RUBEN 
⚠ Placeholder detectado: 101311 - PORTAFOLIO_RUBEN 
⚠ Placeholder detectado: 101312 - PORTAFOLIO_RUBEN 
⚠ Placeholder detectado: 101313 - PORTAFOLIO_VENUS_CHICO 
⚠ Placeholder detectado: 101314 - PORTAFOLIO_VENUS_CHICO 
⚠ Placeholder detectado: 101315 - PORTAFOLIO_VENUS_CHICO 
⚠ Placeholder detectado: 101316 - PORTAFOLIO_VENUS_CHICO 
⚠ Placeholder detectado: 101317 - PORTAFOLIO_VENUS_CHICO 
⚠ Placeholder detectado: 101318 - PORTAFOLIO_VENUS_CHICO 
⚠ Placeholder detectado: 101319 - PORTAFOLIO_VENUS_CHICO 
⚠ Placeholder detectado: 101320 - PORTAFOLIO_VENUS_CHICO 
⚠ Placeholder detectado: 101321 - PORTAFOLIO_VENUS_CHICO 
⚠ Placeholder detectado: 101322 - PORTAFOLIO_VENUS_GRANDE 
⚠ Placeholder detectado: 101323 - PORTAHIGIENE 
⚠ Placeholder detectado: 101324 - PORTAHIGIENE 
⚠ Placeholder detectado: 101325 - PORTAHIGIENE 
⚠ Placeholder detectado: 101326 - PORTAHIGIENE 
⚠ Placeholder detectado: 101327 - PORTAHIGIENE 
⚠ Placeholder detectado: 101328 - PORTAHIGIENE 
⚠ Placeholder detectado: 101329 - PORTAHIGIENE 
⚠ Placeholder detectado: 101330 - PORTAHIGIENE 
⚠ Placeholder detectado: 101331 - PORTALAPICERAS 
⚠ Placeholder detectado: 101332 - PORTALAPICERAS 
⚠ Placeholder detectado: 101333 - PORTALAPICERAS 
⚠ Placeholder detectado: 101334 - PORTALAPICERAS 
⚠ Placeholder detectado: 101335 - PORTALAPICERAS 
⚠ Placeholder detectado: 101336 - PORTALAPICERAS 
⚠ Placeholder detectado: 101337 - PORTALAPICERAS 
⚠ Placeholder detectado: 101338 - PORTALAPICERAS 
⚠ Placeholder detectado: 101339 - PORTALAPICERAS 
⚠ Placeholder detectado: 101340 - PORTALAPICERAS 
⚠ Placeholder detectado: 101341 - PORTALAPICERAS 
⚠ Placeholder detectado: 101342 - PORTALAPTOP_ELOY 
⚠ Placeholder detectado: 101343 - PORTALAPTOP_ELOY 
⚠ Placeholder detectado: 101344 - PORTALAPTOP_ELOY 
⚠ Placeholder detectado: 101345 - PORTALAPTOP_ELOY 
⚠ Placeholder detectado: 101346 - PORTALAPTOP_IVAN 
⚠ Placeholder detectado: 101347 - PORTALAPTOP_JOY 
⚠ Placeholder detectado: 101348 - PORTALAPTOP_JOY 
⚠ Placeholder detectado: 101349 - PORTALAPTOP_JOY 
"
"1","⚠ Placeholder detectado: 101350 - PORTALAPTOP_JOY 
⚠ Placeholder detectado: 101351 - PORTALAPTOP_LES 
⚠ Placeholder detectado: 101352 - PORTALAPTOP_LES 
⚠ Placeholder detectado: 101353 - PORTALAPTOP_LES 
⚠ Placeholder detectado: 101354 - PORTALAPTOP_LES 
⚠ Placeholder detectado: 101355 - PORTALAPTOP_LES 
⚠ Placeholder detectado: 101356 - PORTALAPTOP_LES 
⚠ Placeholder detectado: 101357 - PORTALAPTOP_LES 
⚠ Placeholder detectado: 101358 - PORTALAPTOP_LES_FULL_BLACK 
⚠ Placeholder detectado: 101359 - PORTALAPTOP_MILTON 
⚠ Placeholder detectado: 101360 - PORTALAPTOP_MILTON 
⚠ Placeholder detectado: 101361 - PORTALAPTOP_MILTON 
⚠ Placeholder detectado: 101362 - PORTALAPTOP_MILTON 
⚠ Placeholder detectado: 101363 - PORTALAPTOP_MILTON 
⚠ Placeholder detectado: 101364 - PORTALAPTOP_MILTON 
⚠ Placeholder detectado: 101365 - PORTALAPTOP_MILTON 
⚠ Placeholder detectado: 101366 - PORTALENTES_COLBY 
⚠ Placeholder detectado: 101367 - PORTALENTES_COLBY 
⚠ Placeholder detectado: 101368 - PORTALENTES_COLBY 
⚠ Placeholder detectado: 101369 - PORTALENTES_COLBY 
⚠ Placeholder detectado: 101370 - PORTALENTES_COLBY 
⚠ Placeholder detectado: 101371 - PORTALENTES_COLBY 
⚠ Placeholder detectado: 101372 - PORTALENTES_COLBY 
⚠ Placeholder detectado: 101373 - PORTALENTES_COLBY 
⚠ Placeholder detectado: 101374 - PORTALENTES_COLBY 
⚠ Placeholder detectado: 101375 - PORTALENTES_COLBY 
⚠ Placeholder detectado: 101376 - PORTALENTES_COLBY 
⚠ Placeholder detectado: 101377 - PORTALENTES_COLBY 
⚠ Placeholder detectado: 101378 - PORTALENTES_COLBY 
⚠ Placeholder detectado: 101379 - PORTALENTES_JANO 
⚠ Placeholder detectado: 101380 - PORTALENTES_JANO 
⚠ Placeholder detectado: 101381 - PORTALENTES_JANO 
⚠ Placeholder detectado: 101382 - PORTALENTES_JANO 
⚠ Placeholder detectado: 101383 - PORTALENTES_JANO 
⚠ Placeholder detectado: 101384 - PORTALENTES_LUZ 
⚠ Placeholder detectado: 101385 - PORTALENTES_LUZ 
⚠ Placeholder detectado: 101386 - PORTALENTES_LUZ 
⚠ Placeholder detectado: 101387 - PORTALENTES_LUZ 
⚠ Placeholder detectado: 101388 - PORTALENTES_LUZ 
⚠ Placeholder detectado: 101389 - PORTALENTES_LUZ 
⚠ Placeholder detectado: 101390 - PORTALENTES_LUZ 
⚠ Placeholder detectado: 101391 - PORTALENTES_LUZ 
⚠ Placeholder detectado: 101392 - PORTALENTES_LUZ 
⚠ Placeholder detectado: 101393 - PORTALENTES_LUZ 
⚠ Placeholder detectado: 101394 - PORTALENTES_LUZ 
⚠ Placeholder detectado: 101395 - PORTALENTES_LUZ 
⚠ Placeholder detectado: 101396 - PORTALENTES_LUZ 
⚠ Placeholder detectado: 101397 - PORTALENTES_LUZ 
⚠ Placeholder detectado: 101398 - PORTALENTES_LUZ 
⚠ Placeholder detectado: 101399 - PORTALENTES_LUZ 
"
"1","Procesando lote desde offset:"
"1"," "
"1","1400"
"1"," "
"1","
"
"1"," → válidos:"
"1"," "
"1","200"
"1"," "
"1","/"
"1"," "
"1","200"
"1"," "
"1","
"
"1","⚠ Placeholder detectado: 101400 - PORTALENTES_LUZ 
⚠ Placeholder detectado: 101401 - PORTALENTES_LUZ 
⚠ Placeholder detectado: 101402 - PORTALENTES_LUZ 
⚠ Placeholder detectado: 101403 - PORTALENTES_LUZ 
⚠ Placeholder detectado: 101404 - PORTALENTES_LUZ 
⚠ Placeholder detectado: 101405 - PORTALENTES_LUZ 
⚠ Placeholder detectado: 101406 - PORTALENTES_LUZ_BIFAZ 
⚠ Placeholder detectado: 101407 - PORTALENTES_LUZ_BIFAZ 
⚠ Placeholder detectado: 101408 - PORTALENTES_MANU 
⚠ Placeholder detectado: 101409 - PORTALENTES_MANU 
⚠ Placeholder detectado: 101410 - PORTALENTES_MANU 
⚠ Placeholder detectado: 101411 - PORTALENTES_MANU 
⚠ Placeholder detectado: 101412 - PORTALENTES_MANU 
⚠ Placeholder detectado: 101413 - PORTALENTES_MANU 
⚠ Placeholder detectado: 101414 - PORTALENTES_MANU 
⚠ Placeholder detectado: 101415 - PORTALENTES_MANU 
⚠ Placeholder detectado: 101416 - PORTALENTES_MANU 
⚠ Placeholder detectado: 101417 - PORTALENTES_MANU 
⚠ Placeholder detectado: 101418 - PORTALENTES_MANU 
⚠ Placeholder detectado: 101419 - PORTALENTES_MANU 
⚠ Placeholder detectado: 101420 - PORTALENTES_MANU 
⚠ Placeholder detectado: 101421 - PORTALENTES_ORION 
⚠ Placeholder detectado: 101422 - PORTALENTES_ORION 
⚠ Placeholder detectado: 101423 - PORTALENTES_ORION 
⚠ Placeholder detectado: 101424 - PORTALENTES_ORION 
⚠ Placeholder detectado: 101425 - PORTALENTES_ORION 
⚠ Placeholder detectado: 101426 - PORTALENTES_ORION 
⚠ Placeholder detectado: 101427 - PORTALENTES_ORION 
⚠ Placeholder detectado: 101428 - PORTALENTES_ORION 
⚠ Placeholder detectado: 101429 - PORTALENTES_ORION 
⚠ Placeholder detectado: 101430 - PORTALENTES_ORION 
⚠ Placeholder detectado: 101431 - PORTALENTES_ORION 
⚠ Placeholder detectado: 101432 - PORTALENTES_ORION 
⚠ Placeholder detectado: 101433 - PORTALENTES_ORION 
⚠ Placeholder detectado: 101434 - PORTALENTES_ORION 
⚠ Placeholder detectado: 101435 - PORTALLAVES_ALAN 
⚠ Placeholder detectado: 101436 - PORTALLAVES_ALAN 
⚠ Placeholder detectado: 101437 - PORTALLAVES_COLT 
⚠ Placeholder detectado: 101438 - PORTALLAVES_COLT 
⚠ Placeholder detectado: 101439 - PORTALLAVES_COLT 
⚠ Placeholder detectado: 101440 - PORTALLAVES_RONAN 
⚠ Placeholder detectado: 101441 - PORTALLAVES_RONAN 
⚠ Placeholder detectado: 101442 - PORTAPASAPORTE_CHESTER 
⚠ Placeholder detectado: 101443 - PORTAPASAPORTE_CHESTER 
⚠ Placeholder detectado: 101444 - PORTAPASAPORTE_CHESTER 
⚠ Placeholder detectado: 101445 - PORTAPASAPORTE_CHESTER 
⚠ Placeholder detectado: 101446 - PORTAPASAPORTE_CHESTER 
⚠ Placeholder detectado: 101447 - PORTAPASAPORTE_CHESTER 
⚠ Placeholder detectado: 101448 - PORTAPASAPORTE_CHESTER 
⚠ Placeholder detectado: 101449 - PORTAPASAPORTE_CHESTER 
"
"1","⚠ Placeholder detectado: 101450 - PORTAPASAPORTE_CHESTER 
⚠ Placeholder detectado: 101451 - PORTAPASAPORTE_CHESTER 
⚠ Placeholder detectado: 101452 - PORTAPASAPORTE_CHESTER 
⚠ Placeholder detectado: 101453 - PORTAPASAPORTE_CHESTER 
⚠ Placeholder detectado: 101454 - PORTAPASAPORTE_CHESTER 
⚠ Placeholder detectado: 101455 - PORTAPASAPORTE_CHESTER 
⚠ Placeholder detectado: 101456 - PORTAPASAPORTE_CHESTER 
⚠ Placeholder detectado: 101457 - PORTAPASAPORTE_CHESTER_BIFAZ 
⚠ Placeholder detectado: 101458 - PORTAPASAPORTE_CHESTER_BIFAZ 
⚠ Placeholder detectado: 101459 - PORTAPASAPORTE_CHESTER_BIFAZ 
⚠ Placeholder detectado: 101460 - PORTAPASAPORTE_KANTU 
⚠ Placeholder detectado: 101461 - PORTAPASAPORTE_RON 
⚠ Placeholder detectado: 101462 - PORTAPASAPORTE_RON 
⚠ Placeholder detectado: 101463 - PORTAPASAPORTE_RON 
⚠ Placeholder detectado: 101464 - PORTAPASAPORTE_RON 
⚠ Placeholder detectado: 101465 - PORTAPASAPORTE_RON 
⚠ Placeholder detectado: 101466 - PORTAPASAPORTE_RON 
⚠ Placeholder detectado: 101467 - PORTAPASAPORTE_RON 
⚠ Placeholder detectado: 101468 - PORTAPASAPORTE_RON 
⚠ Placeholder detectado: 101469 - PORTAPASAPORTE_RON 
⚠ Placeholder detectado: 101470 - PORTAPASAPORTE_RON 
⚠ Placeholder detectado: 101471 - PORTAPASAPORTE_RON 
⚠ Placeholder detectado: 101472 - PORTAPASAPORTE_RON 
⚠ Placeholder detectado: 101473 - PORTAPASAPORTE_RON 
⚠ Placeholder detectado: 101474 - PORTAPASAPORTE_WARA 
⚠ Placeholder detectado: 101475 - PORTAPASAPORTE_WARA 
⚠ Placeholder detectado: 101476 - PORTAPASAPORTE_WARA 
⚠ Placeholder detectado: 101477 - PORTAPASAPORTE_WARA 
⚠ Placeholder detectado: 101478 - PORTAPASAPORTE_WARA 
⚠ Placeholder detectado: 101479 - PORTAPASAPORTE_WARA 
⚠ Placeholder detectado: 101480 - PORTAPASAPORTE_WARA 
⚠ Placeholder detectado: 101481 - PORTAPASAPORTE_WARA 
⚠ Placeholder detectado: 101482 - PORTATABACO 
⚠ Placeholder detectado: 101483 - PORTATRAJE_FRANK 
⚠ Placeholder detectado: 101484 - PORTATRAJE_FRANK 
⚠ Placeholder detectado: 101485 - PORTAVINO_CAFAYATE 
⚠ Placeholder detectado: 101486 - PORTAVINO_CAFAYATE 
⚠ Placeholder detectado: 101487 - PORTAVINO_RIOJA 
⚠ Placeholder detectado: 101488 - PORTAVINO_RIOJA 
⚠ Placeholder detectado: 101489 - PORTAVINO_TANDIL 
⚠ Placeholder detectado: 101490 - PORTAVINO_TANDIL 
⚠ Placeholder detectado: 101491 - PORTAVINO_TANDIL 
⚠ Placeholder detectado: 101492 - PORTAVINO_TANDIL 
⚠ Placeholder detectado: 101493 - PORTAVINO_TANDIL 
⚠ Placeholder detectado: 101494 - PORTAVINO_TANDIL 
⚠ Placeholder detectado: 101495 - PORTAVINO_TUNUYAN 
⚠ Placeholder detectado: 101496 - PORTAVINO_TUNUYAN 
⚠ Placeholder detectado: 101497 - PORTAVINO_TUNUYAN 
⚠ Placeholder detectado: 101498 - PORTAVINO_UCO 
⚠ Placeholder detectado: 101499 - PORTAVINO_UCO 
"
"1","⚠ Placeholder detectado: 101500 - PORTAVINO_UCO 
⚠ Placeholder detectado: 101501 - PORTAVINO_UCO 
⚠ Placeholder detectado: 101502 - PORTAVINO_UCO 
⚠ Placeholder detectado: 101503 - PORTAVINO_UCO 
⚠ Placeholder detectado: 101504 - PORTAVINO_UCO 
⚠ Placeholder detectado: 101505 - POSAVASOS_MAEL 
⚠ Placeholder detectado: 101506 - POSAVASOS_MAEL 
⚠ Placeholder detectado: 101507 - REMERA_AMADEO 
⚠ Placeholder detectado: 101508 - REMERA_AMADEO 
⚠ Placeholder detectado: 101509 - REMERA_AMADEO 
⚠ Placeholder detectado: 101510 - REMERA_AMADEO 
⚠ Placeholder detectado: 101511 - REMERA_AMADEO 
⚠ Placeholder detectado: 101512 - REMERA_AMADEO 
⚠ Placeholder detectado: 101513 - REMERA_AMADEO 
⚠ Placeholder detectado: 101514 - REMERA_AMADEO 
⚠ Placeholder detectado: 101515 - REMERA_AMADEO 
⚠ Placeholder detectado: 101516 - REMERA_AMADEO 
⚠ Placeholder detectado: 101517 - REMERA_AMADEO 
⚠ Placeholder detectado: 101518 - REMERA_AMADEO 
⚠ Placeholder detectado: 101519 - REMERA_AMADEO 
⚠ Placeholder detectado: 101520 - REMERA_AMADEO 
⚠ Placeholder detectado: 101521 - REMERA_AMADEO 
⚠ Placeholder detectado: 101522 - REMERA_AMADEO 
⚠ Placeholder detectado: 101523 - REMERA_AMADEO 
⚠ Placeholder detectado: 101524 - REMERA_AMADEO 
⚠ Placeholder detectado: 101525 - REMERA_AMADEO 
⚠ Placeholder detectado: 101526 - REMERA_AMADEO 
⚠ Placeholder detectado: 101527 - REMERA_DANA 
⚠ Placeholder detectado: 101528 - REMERA_DANA 
⚠ Placeholder detectado: 101529 - REMERA_DANA 
⚠ Placeholder detectado: 101530 - REMERA_DANA 
⚠ Placeholder detectado: 101531 - REMERA_DANA 
⚠ Placeholder detectado: 101532 - REMERA_DANA 
⚠ Placeholder detectado: 101533 - REMERA_DANA 
⚠ Placeholder detectado: 101534 - REMERA_DANA 
⚠ Placeholder detectado: 101535 - REMERA_DANA 
⚠ Placeholder detectado: 101536 - REMERA_DANA 
⚠ Placeholder detectado: 101537 - REMERA_DANA 
⚠ Placeholder detectado: 101538 - REMERA_DANA 
⚠ Placeholder detectado: 101539 - REMERA_DANA 
⚠ Placeholder detectado: 101540 - REMERA_DANA 
⚠ Placeholder detectado: 101541 - REMERA_DANA 
⚠ Placeholder detectado: 101542 - REMERA_DANA 
⚠ Placeholder detectado: 101543 - REMERA_DANA 
⚠ Placeholder detectado: 101544 - REMERA_DANA 
⚠ Placeholder detectado: 101545 - REMERA_DANA 
⚠ Placeholder detectado: 101546 - REMERA_DANA 
⚠ Placeholder detectado: 101547 - REMERA_NOA 
⚠ Placeholder detectado: 101548 - REMERA_NOA 
⚠ Placeholder detectado: 101549 - REMERA_NOA 
"
"1","⚠ Placeholder detectado: 101550 - REMERA_NOA 
⚠ Placeholder detectado: 101551 - REMERA_NOA 
⚠ Placeholder detectado: 101552 - REMERA_NOA 
⚠ Placeholder detectado: 101553 - REMERA_NOA 
⚠ Placeholder detectado: 101554 - REMERA_NOA 
⚠ Placeholder detectado: 101555 - REMERA_NOA 
⚠ Placeholder detectado: 101556 - REMERA_NOA 
⚠ Placeholder detectado: 101557 - RIÑONERA_CRUZ_L 
⚠ Placeholder detectado: 101558 - RIÑONERA_CRUZ_L 
⚠ Placeholder detectado: 101559 - RIÑONERA_CRUZ_L 
⚠ Placeholder detectado: 101560 - RIÑONERA_CRUZ_L 
⚠ Placeholder detectado: 101561 - RIÑONERA_CRUZ_L 
⚠ Placeholder detectado: 101562 - RIÑONERA_CRUZ_S 
⚠ Placeholder detectado: 101563 - RIÑONERA_CRUZ_S 
⚠ Placeholder detectado: 101564 - RIÑONERA_CRUZ_S 
⚠ Placeholder detectado: 101565 - RIÑONERA_CRUZ_S 
⚠ Placeholder detectado: 101566 - RIÑONERA_CRUZ_S 
⚠ Placeholder detectado: 101567 - RIÑONERA_CRUZ_S 
⚠ Placeholder detectado: 101568 - RIÑONERA_CRUZ_S 
⚠ Placeholder detectado: 101569 - RIÑONERA_CRUZ_S 
⚠ Placeholder detectado: 101570 - RIÑONERA_CRUZ_S 
⚠ Placeholder detectado: 101571 - RIÑONERA_CRUZ_S 
⚠ Placeholder detectado: 101572 - RIÑONERA_EVAN_CHICA 
⚠ Placeholder detectado: 101573 - RIÑONERA_EVAN_CHICA 
⚠ Placeholder detectado: 101574 - RIÑONERA_EVAN_CHICA 
⚠ Placeholder detectado: 101575 - RIÑONERA_EVAN_CHICA 
⚠ Placeholder detectado: 101576 - RIÑONERA_EVAN_FULL_BLACK_CHICA 
⚠ Placeholder detectado: 101577 - RIÑONERA_EVAN_FULL_BLACK_GRANDE 
⚠ Placeholder detectado: 101578 - RIÑONERA_EVAN_GRANDE 
⚠ Placeholder detectado: 101579 - RIÑONERA_EVAN_GRANDE 
⚠ Placeholder detectado: 101580 - RIÑONERA_EVAN_GRANDE 
⚠ Placeholder detectado: 101581 - RIÑONERA_EVAN_GRANDE 
⚠ Placeholder detectado: 101582 - RIÑONERA_EVAN_GRANDE 
⚠ Placeholder detectado: 101583 - SANDALIA_LOLA 
⚠ Placeholder detectado: 101584 - SANDALIA_LOLA 
⚠ Placeholder detectado: 101585 - SANDALIA_LOLA 
⚠ Placeholder detectado: 101586 - SANDALIA_LOLA 
⚠ Placeholder detectado: 101587 - SANDALIA_LOLA 
⚠ Placeholder detectado: 101588 - SANDALIA_LOLA 
⚠ Placeholder detectado: 101589 - SANDALIA_LOLA 
⚠ Placeholder detectado: 101590 - SANDALIA_LOLA 
⚠ Placeholder detectado: 101591 - SANDALIA_LOLA 
⚠ Placeholder detectado: 101592 - SANDALIA_LOLA 
⚠ Placeholder detectado: 101593 - SANDALIA_LOLA_C_TACO 
⚠ Placeholder detectado: 101594 - SANDALIA_LOLA_C_TACO 
⚠ Placeholder detectado: 101595 - SANDALIA_LOLA_C_TACO 
⚠ Placeholder detectado: 101596 - SANDALIA_LOLA_C_TACO 
⚠ Placeholder detectado: 101597 - SANDALIA_LOLA_C_TACO 
⚠ Placeholder detectado: 101598 - SANDALIA_LOLA_C_TACO 
⚠ Placeholder detectado: 101599 - SANDALIA_LOLA_C_TACO 
"
"1","Procesando lote desde offset:"
"1"," "
"1","1600"
"1"," "
"1","
"
"1"," → válidos:"
"1"," "
"1","200"
"1"," "
"1","/"
"1"," "
"1","200"
"1"," "
"1","
"
"1","⚠ Placeholder detectado: 101600 - SANDALIA_LOLA_C_TACO 
⚠ Placeholder detectado: 101601 - SANDALIA_LOLA_C_TACO 
⚠ Placeholder detectado: 101602 - SANDALIA_LOLA_C_TACO 
⚠ Placeholder detectado: 101603 - SANDALIA_MAR 
⚠ Placeholder detectado: 101604 - SANDALIA_MAR 
⚠ Placeholder detectado: 101605 - SANDALIA_SOFIA 
⚠ Placeholder detectado: 101606 - SANDALIA_SOFIA 
⚠ Placeholder detectado: 101607 - SET_POSAVASOS_CIRCULAR_X4 
⚠ Placeholder detectado: 101608 - SET_POSAVASOS_CIRCULAR_X4 
⚠ Placeholder detectado: 101609 - SET_POSAVASOS_CIRCULAR_X4 
⚠ Placeholder detectado: 101610 - SET_POSAVASOS_CIRCULAR_X4 
⚠ Placeholder detectado: 101611 - SET_POSAVASOS_CIRCULAR_X4 
⚠ Placeholder detectado: 101612 - SET_POSAVASOS_CIRCULAR_X4 
⚠ Placeholder detectado: 101613 - SET_POSAVASOS_CIRCULAR_X4 
⚠ Placeholder detectado: 101614 - SET_POSAVASOS_CIRCULAR_X4 
⚠ Placeholder detectado: 101615 - SET_POSAVASOS_CIRCULAR_X4 
⚠ Placeholder detectado: 101616 - SET_POSAVASOS_CIRCULAR_X4 
⚠ Placeholder detectado: 101617 - SET_POSAVASOS_CIRCULAR_X4 
⚠ Placeholder detectado: 101618 - SET_POSAVASOS_CIRCULAR_X4 
⚠ Placeholder detectado: 101619 - SET_POSAVASOS_CIRCULAR_X4 
⚠ Placeholder detectado: 101620 - SET_POSAVASOS_CIRCULAR_X4 
⚠ Placeholder detectado: 101621 - SET_POSAVASOS_CUADRADO_X4 
⚠ Placeholder detectado: 101622 - SET_POSAVASOS_CUADRADO_X4 
⚠ Placeholder detectado: 101623 - SET_POSAVASOS_CUADRADO_X4 
⚠ Placeholder detectado: 101624 - SET_POSAVASOS_CUADRADO_X4 
⚠ Placeholder detectado: 101625 - SET_POSAVASOS_CUADRADO_X4 
⚠ Placeholder detectado: 101626 - SET_POSAVASOS_CUADRADO_X4 
⚠ Placeholder detectado: 101627 - SET_POSAVASOS_CUADRADO_X4 
⚠ Placeholder detectado: 101628 - SET_POSAVASOS_CUADRADO_X4 
⚠ Placeholder detectado: 101629 - SET_POSAVASOS_CUADRADO_X4 
⚠ Placeholder detectado: 101630 - SET_POSAVASOS_CUADRADO_X4 
⚠ Placeholder detectado: 101631 - SET_POSAVASOS_CUADRADO_X4 
⚠ Placeholder detectado: 101632 - SET_POSAVASOS_CUADRADO_X4 
⚠ Placeholder detectado: 101633 - SET_POSAVASOS_CUADRADO_X4 
⚠ Placeholder detectado: 101634 - SEÑALADOR 
⚠ Placeholder detectado: 101635 - SEÑALADOR 
⚠ Placeholder detectado: 101636 - SEÑALADOR 
⚠ Placeholder detectado: 101637 - SEÑALADOR 
⚠ Placeholder detectado: 101638 - SOBRE_GEMINI 
⚠ Placeholder detectado: 101639 - SOBRE_GEMINI 
⚠ Placeholder detectado: 101640 - SOBRE_GEMINI 
⚠ Placeholder detectado: 101641 - SOBRE_GEMINI 
⚠ Placeholder detectado: 101642 - SOBRE_GEMINI 
⚠ Placeholder detectado: 101643 - SOBRE_GEMINI 
⚠ Placeholder detectado: 101644 - SOBRE_GEMINI 
⚠ Placeholder detectado: 101645 - SOBRE_GEMINI 
⚠ Placeholder detectado: 101646 - SOBRE_MAJA 
⚠ Placeholder detectado: 101647 - SOBRE_MAJA 
⚠ Placeholder detectado: 101648 - SOBRE_OMEGA 
⚠ Placeholder detectado: 101649 - SOBRE_OMEGA 
"
"1","⚠ Placeholder detectado: 101650 - SOBRE_OMEGA 
⚠ Placeholder detectado: 101651 - SOBRE_OMEGA 
⚠ Placeholder detectado: 101652 - SOBRE_OMEGA 
⚠ Placeholder detectado: 101653 - SOBRE_OMEGA 
⚠ Placeholder detectado: 101654 - SOBRE_OMEGA 
⚠ Placeholder detectado: 101655 - SOBRE_OMEGA 
⚠ Placeholder detectado: 101656 - SOBRE_OMEGA 
⚠ Placeholder detectado: 101657 - SOBRE_OMEGA 
⚠ Placeholder detectado: 101658 - SOBRE_OMEGA 
⚠ Placeholder detectado: 101659 - SOMBRERO_FABIO 
⚠ Placeholder detectado: 101660 - SOMBRERO_FELA 
⚠ Placeholder detectado: 101661 - SOMBRERO_GIA 
⚠ Placeholder detectado: 101662 - SOMBRERO_HENY 
⚠ Placeholder detectado: 101663 - SOMBRERO_NINI 
⚠ Placeholder detectado: 101664 - SOMBRERO_YULA 
⚠ Placeholder detectado: 101665 - SWEATER_1_2_CIERRE 
⚠ Placeholder detectado: 101666 - TAG_AMAYA 
⚠ Placeholder detectado: 101667 - TAG_AMAYA 
⚠ Placeholder detectado: 101668 - TAG_AMAYA 
⚠ Placeholder detectado: 101669 - TAG_AMAYA 
⚠ Placeholder detectado: 101670 - TAG_AMAYA 
⚠ Placeholder detectado: 101671 - TAG_CALADO_INICIAL 
⚠ Placeholder detectado: 101672 - TAG_CALADO_INICIAL 
⚠ Placeholder detectado: 101673 - TAG_CALADO_INICIAL 
⚠ Placeholder detectado: 101674 - TAG_CALADO_INICIAL 
⚠ Placeholder detectado: 101675 - TAG_INICIALES 
⚠ Placeholder detectado: 101676 - TAG_INICIALES 
⚠ Placeholder detectado: 101677 - TAG_INICIALES 
⚠ Placeholder detectado: 101678 - TAG_INICIALES 
⚠ Placeholder detectado: 101679 - TAG_INICIALES 
⚠ Placeholder detectado: 101680 - TAG_INICIALES 
⚠ Placeholder detectado: 101681 - TAG_SIMPLE 
⚠ Placeholder detectado: 101682 - TAG_SIMPLE 
⚠ Placeholder detectado: 101683 - TAG_SIMPLE 
⚠ Placeholder detectado: 101684 - TAG_SIMPLE 
⚠ Placeholder detectado: 101685 - TAG_SIMPLE 
⚠ Placeholder detectado: 101686 - TAG_SIMPLE 
⚠ Placeholder detectado: 101687 - TARJETERO_ARIES 
⚠ Placeholder detectado: 101688 - TARJETERO_ARIES 
⚠ Placeholder detectado: 101689 - TARJETERO_ARIES 
⚠ Placeholder detectado: 101690 - TARJETERO_ARIES 
⚠ Placeholder detectado: 101691 - TARJETERO_ARIES 
⚠ Placeholder detectado: 101692 - TARJETERO_ARIES 
⚠ Placeholder detectado: 101693 - TARJETERO_ARIES 
⚠ Placeholder detectado: 101694 - TARJETERO_ARIES 
⚠ Placeholder detectado: 101695 - TARJETERO_ARIES 
⚠ Placeholder detectado: 101696 - TARJETERO_ARIES 
⚠ Placeholder detectado: 101697 - TARJETERO_ARIES 
⚠ Placeholder detectado: 101698 - TARJETERO_ARIES 
⚠ Placeholder detectado: 101699 - TARJETERO_ARIES 
"
"1","⚠ Placeholder detectado: 101700 - TARJETERO_ARIES 
⚠ Placeholder detectado: 101701 - TARJETERO_ARIES_BIFAZ 
⚠ Placeholder detectado: 101702 - TARJETERO_ARIES_BIFAZ 
⚠ Placeholder detectado: 101703 - TARJETERO_ARIES_BIFAZ 
⚠ Placeholder detectado: 101704 - TARJETERO_BILL 
⚠ Placeholder detectado: 101705 - TARJETERO_BILL 
⚠ Placeholder detectado: 101706 - TARJETERO_BILL 
⚠ Placeholder detectado: 101707 - TARJETERO_BILL 
⚠ Placeholder detectado: 101708 - TARJETERO_BILL 
⚠ Placeholder detectado: 101709 - TARJETERO_BILL 
⚠ Placeholder detectado: 101710 - TARJETERO_BILL 
⚠ Placeholder detectado: 101711 - TARJETERO_BILL 
⚠ Placeholder detectado: 101712 - TARJETERO_BILL 
⚠ Placeholder detectado: 101713 - TARJETERO_BILL 
⚠ Placeholder detectado: 101714 - TARJETERO_BILL 
⚠ Placeholder detectado: 101715 - TARJETERO_BILL 
⚠ Placeholder detectado: 101716 - TARJETERO_BILL 
⚠ Placeholder detectado: 101717 - TARJETERO_BILL 
⚠ Placeholder detectado: 101718 - TARJETERO_BILL 
⚠ Placeholder detectado: 101719 - TARJETERO_BILL 
⚠ Placeholder detectado: 101720 - TARJETERO_BILL 
⚠ Placeholder detectado: 101721 - TARJETERO_BILL 
⚠ Placeholder detectado: 101722 - TARJETERO_BILL 
⚠ Placeholder detectado: 101723 - TARJETERO_HARRY 
⚠ Placeholder detectado: 101724 - TARJETERO_HARRY 
⚠ Placeholder detectado: 101725 - TARJETERO_HARRY 
⚠ Placeholder detectado: 101726 - TARJETERO_HARRY 
⚠ Placeholder detectado: 101727 - TARJETERO_HARRY 
⚠ Placeholder detectado: 101728 - TARJETERO_HARRY 
⚠ Placeholder detectado: 101729 - TARJETERO_HARRY 
⚠ Placeholder detectado: 101730 - TARJETERO_HARRY 
⚠ Placeholder detectado: 101731 - TARJETERO_HARRY 
⚠ Placeholder detectado: 101732 - TARJETERO_HARRY 
⚠ Placeholder detectado: 101733 - TARJETERO_HARRY 
⚠ Placeholder detectado: 101734 - TARJETERO_HARRY 
⚠ Placeholder detectado: 101735 - TARJETERO_HARRY 
⚠ Placeholder detectado: 101736 - TARJETERO_JUAN 
⚠ Placeholder detectado: 101737 - TARJETERO_JUAN 
⚠ Placeholder detectado: 101738 - TARJETERO_JUAN 
⚠ Placeholder detectado: 101739 - TARJETERO_JUAN 
⚠ Placeholder detectado: 101740 - TARJETERO_JUAN 
⚠ Placeholder detectado: 101741 - TARJETERO_JUAN 
⚠ Placeholder detectado: 101742 - TARJETERO_JUAN 
⚠ Placeholder detectado: 101743 - TARJETERO_JUAN 
⚠ Placeholder detectado: 101744 - TARJETERO_JUAN 
⚠ Placeholder detectado: 101745 - TARJETERO_JUAN 
⚠ Placeholder detectado: 101746 - TARJETERO_JUAN 
⚠ Placeholder detectado: 101747 - TARJETERO_JUAN 
⚠ Placeholder detectado: 101748 - TARJETERO_JUAN 
⚠ Placeholder detectado: 101749 - TARJETERO_JUAN 
"
"1","⚠ Placeholder detectado: 101750 - TARJETERO_JUAN 
⚠ Placeholder detectado: 101751 - TARJETERO_JUAN 
⚠ Placeholder detectado: 101752 - TARJETERO_KENNY 
⚠ Placeholder detectado: 101753 - TARJETERO_KENNY 
⚠ Placeholder detectado: 101754 - TARJETERO_KENNY 
⚠ Placeholder detectado: 101755 - TARJETERO_KENNY 
⚠ Placeholder detectado: 101756 - TARJETERO_KENNY 
⚠ Placeholder detectado: 101757 - TARJETERO_KENNY 
⚠ Placeholder detectado: 101758 - TARJETERO_KENNY 
⚠ Placeholder detectado: 101759 - TARJETERO_KENNY 
⚠ Placeholder detectado: 101760 - TARJETERO_KENNY 
⚠ Placeholder detectado: 101761 - TARJETERO_KENNY 
⚠ Placeholder detectado: 101762 - TARJETERO_MULTI 
⚠ Placeholder detectado: 101763 - TARJETERO_MULTI 
⚠ Placeholder detectado: 101764 - TARJETERO_MULTI 
⚠ Placeholder detectado: 101765 - TARJETERO_MULTI 
⚠ Placeholder detectado: 101766 - TARJETERO_MULTI 
⚠ Placeholder detectado: 101767 - TARJETERO_MULTI 
⚠ Placeholder detectado: 101768 - TARJETERO_MULTI 
⚠ Placeholder detectado: 101769 - TARJETERO_MULTI 
⚠ Placeholder detectado: 101770 - TARJETERO_NEW_KENNY 
⚠ Placeholder detectado: 101771 - TARJETERO_NEW_KENNY 
⚠ Placeholder detectado: 101772 - TARJETERO_NEW_KENNY 
⚠ Placeholder detectado: 101773 - TARJETERO_NEW_KENNY 
⚠ Placeholder detectado: 101774 - TARJETERO_NEW_KENNY 
⚠ Placeholder detectado: 101775 - TARJETERO_NEW_KENNY 
⚠ Placeholder detectado: 101776 - TARJETERO_ROMA 
⚠ Placeholder detectado: 101777 - TARJETERO_ROMA 
⚠ Placeholder detectado: 101778 - TARJETERO_ROMA 
⚠ Placeholder detectado: 101779 - TARJETERO_ROMA 
⚠ Placeholder detectado: 101780 - TARJETERO_ROMA 
⚠ Placeholder detectado: 101781 - TARJETERO_ROMA 
⚠ Placeholder detectado: 101782 - TARJETERO_RUBI 
⚠ Placeholder detectado: 101783 - TARJETERO_RUBI 
⚠ Placeholder detectado: 101784 - TARJETERO_RUBI 
⚠ Placeholder detectado: 101785 - TARJETERO_RUBI 
⚠ Placeholder detectado: 101786 - TARJETERO_RUBI 
⚠ Placeholder detectado: 101787 - TARJETERO_RUBI 
⚠ Placeholder detectado: 101788 - TARJETERO_RUBI 
⚠ Placeholder detectado: 101789 - TARJETERO_RUBI 
⚠ Placeholder detectado: 101790 - TARJETERO_RUBI 
⚠ Placeholder detectado: 101791 - TARJETERO_RUBI 
⚠ Placeholder detectado: 101792 - TARJETERO_RUBI 
⚠ Placeholder detectado: 101793 - TARJETERO_RUBI 
⚠ Placeholder detectado: 101794 - TARJETERO_RUBI 
⚠ Placeholder detectado: 101795 - TARJETERO_RUBI 
⚠ Placeholder detectado: 101796 - TARJETERO_RUBI 
⚠ Placeholder detectado: 101797 - TARJETERO_RUBI 
⚠ Placeholder detectado: 101798 - TARJETERO_VINCENT 
⚠ Placeholder detectado: 101799 - TARJETERO_VINCENT 
"
"1","Procesando lote desde offset:"
"1"," "
"1","1800"
"1"," "
"1","
"
"1"," → válidos:"
"1"," "
"1","200"
"1"," "
"1","/"
"1"," "
"1","200"
"1"," "
"1","
"
"1","⚠ Placeholder detectado: 101800 - TARJETERO_VINCENT 
⚠ Placeholder detectado: 101801 - TARJETERO_VINCENT 
⚠ Placeholder detectado: 101802 - TARJETERO_VINCENT 
⚠ Placeholder detectado: 101803 - TARJETERO_VINCENT 
⚠ Placeholder detectado: 101804 - TOTE_CACHI 
⚠ Placeholder detectado: 101805 - TOTE_CACHI 
⚠ Placeholder detectado: 101806 - TOTE_CACHI 
⚠ Placeholder detectado: 101807 - TOTE_CACHI 
⚠ Placeholder detectado: 101808 - TOTE_CACHI 
⚠ Placeholder detectado: 101809 - TOTE_CACHI 
⚠ Placeholder detectado: 101810 - TOTE_CACHI 
⚠ Placeholder detectado: 101811 - TOTE_CACHI 
⚠ Placeholder detectado: 101812 - TOTE_IRUYA 
⚠ Placeholder detectado: 101813 - TOTE_IRUYA 
⚠ Placeholder detectado: 101814 - TOTE_IRUYA 
⚠ Placeholder detectado: 101815 - TOTE_IRUYA 
⚠ Placeholder detectado: 101816 - TOTE_IRUYA 
⚠ Placeholder detectado: 101817 - TOTE_IRUYA 
⚠ Placeholder detectado: 101818 - TOTE_IRUYA 
⚠ Placeholder detectado: 101819 - TOTE_MARGARITA_CHICA 
⚠ Placeholder detectado: 101820 - TOTE_MARGARITA_CHICA 
⚠ Placeholder detectado: 101821 - TOTE_MARGARITA_CHICA 
⚠ Placeholder detectado: 101822 - TOTE_MARGARITA_GRANDE 
⚠ Placeholder detectado: 101823 - TOTE_MARGARITA_GRANDE 
⚠ Placeholder detectado: 101824 - TOTE_MARGARITA_GRANDE 
⚠ Placeholder detectado: 101825 - TOTE_TILCARA 
⚠ Placeholder detectado: 101826 - TOTE_TILCARA 
⚠ Placeholder detectado: 101827 - ZAPATILLA_MATEO 
⚠ Placeholder detectado: 101828 - ZAPATILLA_MATEO 
⚠ Placeholder detectado: 101829 - ZAPATILLA_MATEO 
⚠ Placeholder detectado: 101830 - ZAPATILLA_MATEO 
⚠ Placeholder detectado: 101831 - ZAPATILLA_MATEO 
⚠ Placeholder detectado: 101832 - ZAPATILLA_MATEO 
⚠ Placeholder detectado: 101833 - ZAPATILLA_MATEO 
⚠ Placeholder detectado: 101834 - ZAPATILLA_MATEO 
⚠ Placeholder detectado: 101835 - ZAPATILLA_MATEO 
⚠ Placeholder detectado: 101836 - ZAPATILLA_MATEO 
⚠ Placeholder detectado: 101837 - ZAPATILLA_MATEO 
⚠ Placeholder detectado: 101838 - ZAPATILLA_MATEO 
⚠ Placeholder detectado: 101839 - ZAPATILLA_MATEO 
⚠ Placeholder detectado: 101840 - ZAPATILLA_MATEO 
⚠ Placeholder detectado: 101841 - ZAPATILLA_MATEO 
⚠ Placeholder detectado: 101842 - ZAPATILLA_MATEO 
⚠ Placeholder detectado: 101843 - ZAPATILLA_MATEO 
⚠ Placeholder detectado: 101844 - ZAPATILLA_MATEO 
⚠ Placeholder detectado: 101845 - ZAPATILLA_MATEO 
⚠ Placeholder detectado: 101846 - ZAPATILLA_URBANA 
⚠ Placeholder detectado: 101847 - ZAPATILLA_URBANA 
⚠ Placeholder detectado: 101848 - ZAPATILLA_URBANA 
⚠ Placeholder detectado: 101849 - ZAPATILLA_URBANA 
"
"1","⚠ Placeholder detectado: 101850 - ZAPATILLA_URBANA 
⚠ Placeholder detectado: 101851 - ZAPATILLA_URBANA 
⚠ Placeholder detectado: 101852 - ZAPATILLA_URBANA 
⚠ Placeholder detectado: 101853 - ZAPATILLA_URBANA 
⚠ Placeholder detectado: 101854 - ZAPATILLA_URBANA 
⚠ Placeholder detectado: 101855 - ZAPATILLA_URBANA 
⚠ Placeholder detectado: 101856 - ZAPATILLA_URBANA 
⚠ Placeholder detectado: 101857 - ZAPATILLA_URBANA 
⚠ Placeholder detectado: 101858 - ZAPATILLA_URBANA 
⚠ Placeholder detectado: 101859 - ZAPATILLA_URBANA 
⚠ Placeholder detectado: 101860 - ZAPATILLA_URBANA 
⚠ Placeholder detectado: 101861 - ZAPATILLA_URBANA 
⚠ Placeholder detectado: 101862 - ZAPATILLA_URBANA 
⚠ Placeholder detectado: 101863 - ZAPATILLA_URBANA 
⚠ Placeholder detectado: 101864 - ZAPATILLA_URBANA 
⚠ Placeholder detectado: 101865 - ZAPATILLA_URBANA 
⚠ Placeholder detectado: 101866 - ZAPATILLA_URBANA 
⚠ Placeholder detectado: 101867 - ZAPATILLA_URBANA 
⚠ Placeholder detectado: 101868 - ZAPATILLA_URBANA 
⚠ Placeholder detectado: 101869 - ZAPATILLA_URBANA 
⚠ Placeholder detectado: 101870 - ZAPATILLA_URBANA 
⚠ Placeholder detectado: 101871 - ZAPATILLA_URBANA 
⚠ Placeholder detectado: 101872 - ZAPATILLA_URBANA 
"
"1","Procesando lote desde offset:"
"1"," "
"1","2000"
"1"," "
"1","
"
"1"," → válidos:"
"1"," "
"1","200"
"1"," "
"1","/"
"1"," "
"1","200"
"1"," "
"1","
"
"1","⚠ Placeholder detectado: 102133 - PULSERA_GRUMET_PLANA_LAMINADA_1_5__2_ 
⚠ Placeholder detectado: 102134 - PULSERA_GRUMET_PLANA_LAMINADA_1_5__2_ 
"
"1","Procesando lote desde offset:"
"1"," "
"1","2200"
"1"," "
"1","
"
"1"," → válidos:"
"1"," "
"1","200"
"1"," "
"1","/"
"1"," "
"1","200"
"1"," "
"1","
"
"1","⚠ Placeholder detectado: 102208 - CADENA_FORCET_FACETADA_LARGA_0_8__copia_ 
⚠ Placeholder detectado: 102209 - CADENA_FORCET_FACETADA_LARGA_0_8__copia_ 
⚠ Placeholder detectado: 102210 - CADENA_FORCET_FACETADA_LARGA_0_8__copia_ 
"
"1","⚠ Placeholder detectado: 102301 - PULSERA_CARACOL 
⚠ Placeholder detectado: 102302 - PULSERA_CARACOL 
⚠ Placeholder detectado: 102311 - PULSERA_FORCET 
⚠ Placeholder detectado: 102312 - PULSERA_FORCET 
⚠ Placeholder detectado: 102313 - PULSERA_FORCET_FACETADA 
⚠ Placeholder detectado: 102323 - PULSERA_FORCET_PLANA_DOBLE 
⚠ Placeholder detectado: 102324 - PULSERA_FORCET_PLANA_DOBLE 
⚠ Placeholder detectado: 102336 - PULSERA_GRUMET_PLANA 
⚠ Placeholder detectado: 102337 - PULSERA_GRUMET_PLANA 
"
"1","⚠ Placeholder detectado: 102369 - PULSERA_ESCLAVA 
⚠ Placeholder detectado: 102370 - PULSERA_ESCLAVA 
"
"1","Procesando lote desde offset:"
"1"," "
"1","2400"
"1"," "
"1","
"
"1"," → válidos:"
"1"," "
"1","200"
"1"," "
"1","/"
"1"," "
"1","200"
"1"," "
"1","
"
"1","⚠ Placeholder detectado: 102514 - ARO_PASANTE_CADENA_PIEDRA 
⚠ Placeholder detectado: 102531 - PULSERA_RODOCROSITA_MINI 
⚠ Placeholder detectado: 102532 - PULSERA_RODOCROSITA_CHICA 
⚠ Placeholder detectado: 102533 - PULSERA_RODOCROSITA_MEDIANA 
⚠ Placeholder detectado: 102535 - PULSERA_PIEDRA_NATURAL_CHICA 
⚠ Placeholder detectado: 102536 - PULSERA_PIEDRA_NATURAL_MEDIANA 
⚠ Placeholder detectado: 102537 - PULSERA_PIEDRA_NATURAL_GRANDE 
⚠ Placeholder detectado: 102540 - PULSERA_INFLADA_GRUMET_ 
"
"1","⚠ Placeholder detectado: 102551 - DIJE_CIRCULAR_REPUJADO 
⚠ Placeholder detectado: 102555 - PULSERA_ESCLAVA_2 
⚠ Placeholder detectado: 102556 - PULSERA_ESCLAVA_2 
⚠ Placeholder detectado: 102558 - DIJE_MANO_DE_FATIMA 
⚠ Placeholder detectado: 102559 - PULSERA_INFLADA_GRUMET_PLANA_2 
"
"1","Procesando lote desde offset:"
"1"," "
"1","2600"
"1"," "
"1","
"
"1"," → válidos:"
"1"," "
"1","200"
"1"," "
"1","/"
"1"," "
"1","200"
"1"," "
"1","
"
"1","⚠ Placeholder detectado: 102650 - ANILLO_PIEDRA_CUBIC_MEDIO_SIN_FIN__3_ 
⚠ Placeholder detectado: 102651 - ANILLO_PIEDRA_CUBIC_MEDIO_SIN_FIN__3_ 
⚠ Placeholder detectado: 102652 - ANILLO_PIEDRA_CUBIC_MEDIO_SIN_FIN__3_ 
⚠ Placeholder detectado: 102653 - ANILLO_PIEDRA_CUBIC_MEDIO_SIN_FIN__3_ 
⚠ Placeholder detectado: 102654 - ANILLO_PIEDRA_CUBIC_MEDIO_SIN_FIN__4_ 
⚠ Placeholder detectado: 102655 - ANILLO_PIEDRA_CUBIC_MEDIO_SIN_FIN__4_ 
⚠ Placeholder detectado: 102656 - ANILLO_PIEDRA_CUBIC_MEDIO_SIN_FIN__4_ 
⚠ Placeholder detectado: 102657 - ANILLO_PIEDRA_CUBIC_MEDIO_SIN_FIN__4_ 
⚠ Placeholder detectado: 102662 - ANILLO_PIEDRA_CUBIC_INFINITO__1_ 
⚠ Placeholder detectado: 102663 - ANILLO_PIEDRA_CUBIC_INFINITO__1_ 
⚠ Placeholder detectado: 102664 - ANILLO_PIEDRA_CUBIC_INFINITO__1_ 
⚠ Placeholder detectado: 102665 - ANILLO_PIEDRA_CUBIC_INFINITO__1_ 
⚠ Placeholder detectado: 102666 - ANILLO_GEOMETRICO__5_ 
⚠ Placeholder detectado: 102667 - ANILLO_GEOMETRICO__5_ 
⚠ Placeholder detectado: 102668 - PILUSO_NARI 
⚠ Placeholder detectado: 102669 - ANILLO_GEOMETRICO__6_ 
⚠ Placeholder detectado: 102670 - ANILLO_GEOMETRICO__6_ 
⚠ Placeholder detectado: 102671 - ANILLO_GEOMETRICO__6_ 
⚠ Placeholder detectado: 102672 - ANILLO_BOMBE__5_ 
⚠ Placeholder detectado: 102673 - ANILLO_BOMBE__5_ 
⚠ Placeholder detectado: 102674 - ANILLO_BOMBE__5_ 
⚠ Placeholder detectado: 102675 - ANILLO_BANDA 
⚠ Placeholder detectado: 102676 - ANILLO_BANDA 
⚠ Placeholder detectado: 102677 - ANILLO_BANDA 
⚠ Placeholder detectado: 102678 - ANILLO_DOBLE_CINTA 
⚠ Placeholder detectado: 102679 - ANILLO_DOBLE_CINTA 
⚠ Placeholder detectado: 102680 - ANILLO_DOBLE_CINTA 
⚠ Placeholder detectado: 102681 - ANILLO_PIEDRA_CUBIC_SOLITARIO__5_ 
⚠ Placeholder detectado: 102682 - ANILLO_PIEDRA_CUBIC_SOLITARIO__5_ 
⚠ Placeholder detectado: 102683 - ANILLO_PIEDRA_CUBIC_SOLITARIO__5_ 
⚠ Placeholder detectado: 102684 - ANILLO_PIEDRA_CUBIC_SOLITARIO__5_ 
⚠ Placeholder detectado: 102685 - ANILLO_PIEDRA_CUBIC_CINTILLO__2_ 
⚠ Placeholder detectado: 102686 - ANILLO_PIEDRA_CUBIC_CINTILLO__2_ 
⚠ Placeholder detectado: 102687 - ANILLO_PIEDRA_CUBIC_CINTILLO__2_ 
⚠ Placeholder detectado: 102688 - ANILLO_HOJAS 
⚠ Placeholder detectado: 102689 - ANILLO_HOJAS 
⚠ Placeholder detectado: 102690 - ANILLO_HOJAS 
⚠ Placeholder detectado: 102691 - ANILLO_HOJAS 
⚠ Placeholder detectado: 102692 - ANILLO_TRIPLE_CINTA 
⚠ Placeholder detectado: 102693 - ANILLO_TRIPLE_CINTA 
⚠ Placeholder detectado: 102694 - ANILLO_TRIPLE_CINTA 
⚠ Placeholder detectado: 102695 - ANILLO_TRIPLE_CINTA 
⚠ Placeholder detectado: 102696 - ANILLO_BOMBE__6_ 
⚠ Placeholder detectado: 102697 - ANILLO_BOMBE__6_ 
⚠ Placeholder detectado: 102698 - ANILLO_BOMBE__6_ 
⚠ Placeholder detectado: 102699 - ANILLO_BOMBE__6_ 
"
"1","⚠ Placeholder detectado: 102700 - ANILLO_GRABADO_PAZ 
⚠ Placeholder detectado: 102701 - ANILLO_GRABADO_PAZ 
⚠ Placeholder detectado: 102702 - ANILLO_GRABADO_PAZ 
⚠ Placeholder detectado: 102703 - ANILLO_GRABADO_PAZ 
⚠ Placeholder detectado: 102704 - ANILLO_GRABADO_GOOD_VIBES 
⚠ Placeholder detectado: 102705 - ANILLO_GRABADO_GOOD_VIBES 
⚠ Placeholder detectado: 102706 - ANILLO_GRABADO_GOOD_VIBES 
⚠ Placeholder detectado: 102714 - ANILLO_PIEDRA_CUBIC_MEDIO_SIN_FIN__6_ 
⚠ Placeholder detectado: 102715 - ANILLO_PIEDRA_CUBIC_MEDIO_SIN_FIN__6_ 
⚠ Placeholder detectado: 102716 - ANILLO_PIEDRA_CUBIC_MEDIO_SIN_FIN__6_ 
⚠ Placeholder detectado: 102717 - ANILLO_PIEDRA_CUBIC_MEDIO_SIN_FIN__6_ 
⚠ Placeholder detectado: 102718 - ANILLO_CRUZ__2_ 
⚠ Placeholder detectado: 102719 - ANILLO_CRUZ__2_ 
⚠ Placeholder detectado: 102720 - ANILLO_CRUZ__2_ 
⚠ Placeholder detectado: 102721 - ANILLO_PIEDRA_CUBIC_MEDIO_SIN_FIN__7_ 
⚠ Placeholder detectado: 102722 - ANILLO_PIEDRA_CUBIC_MEDIO_SIN_FIN__7_ 
⚠ Placeholder detectado: 102723 - ANILLO_PIEDRA_CUBIC_MEDIO_SIN_FIN__7_ 
⚠ Placeholder detectado: 102724 - ANILLO_BOMBE__7_ 
⚠ Placeholder detectado: 102725 - ANILLO_BOMBE__7_ 
⚠ Placeholder detectado: 102726 - ANILLO_BOMBE__7_ 
⚠ Placeholder detectado: 102727 - ANILLO_GEOMETRICO__7_ 
⚠ Placeholder detectado: 102728 - ANILLO_GEOMETRICO__7_ 
⚠ Placeholder detectado: 102729 - ANILLO_GEOMETRICO__7_ 
⚠ Placeholder detectado: 102730 - ANILLO_PERSONALIZABLE 
⚠ Placeholder detectado: 102731 - ANILLO_PERSONALIZABLE 
⚠ Placeholder detectado: 102732 - ANILLO_PERSONALIZABLE 
⚠ Placeholder detectado: 102741 - ANILLO_GEOMETRICO__8_ 
⚠ Placeholder detectado: 102742 - ANILLO_GEOMETRICO__8_ 
⚠ Placeholder detectado: 102743 - ANILLO_GEOMETRICO__8_ 
⚠ Placeholder detectado: 102744 - ANILLO_GEOMETRICO__9_ 
⚠ Placeholder detectado: 102745 - ANILLO_GEOMETRICO__9_ 
⚠ Placeholder detectado: 102746 - ANILLO_GEOMETRICO__9_ 
⚠ Placeholder detectado: 102747 - ANILLO_PIEDRA_CUBIC_CRUZ 
⚠ Placeholder detectado: 102748 - ANILLO_PIEDRA_CUBIC_CRUZ 
⚠ Placeholder detectado: 102749 - ANILLO_PIEDRA_CUBIC_CRUZ 
"
"1","⚠ Placeholder detectado: 102750 - ANILLO_PIEDRA_CUBIC_CRUZ 
⚠ Placeholder detectado: 102751 - ARO_PASANTE_PIEDRA_CUBIC_GEOMETRICO__13___UN_ 
⚠ Placeholder detectado: 102752 - ARO_PASANTE_PIEDRA_CUBIC_CUBO__UN_ 
⚠ Placeholder detectado: 102753 - ARO_PASANTE_PIEDRA_CUBIC_CORAZONES__2___UN_ 
⚠ Placeholder detectado: 102755 - ARO_ARGOLLA_PIEDRA_CUBIC__1___UN_ 
⚠ Placeholder detectado: 102756 - ARO_PASANTE_PIEDRA_CUBIC_CRUZ__5___UN_ 
⚠ Placeholder detectado: 102757 - ARO_PASANTE_PIEDRA_CUBIC_CIRCULAR__3___UN_ 
⚠ Placeholder detectado: 102759 - ARO_PASANTE_PIEDRA_CUBIC_ALAS__UN_ 
⚠ Placeholder detectado: 102760 - ARO_PASANTE_PIEDRA_CUBIC_GOTA__3___PAR_ 
⚠ Placeholder detectado: 102761 - ARO_PASANTE_PIEDRA_CUBIC_FLOR__5___UN_ 
⚠ Placeholder detectado: 102762 - ARO_PASANTE_FLOR__3___UN_ 
⚠ Placeholder detectado: 102763 - ARO_PASANTE_PIEDRA_CUBIC_MARIPOSA__UN_ 
⚠ Placeholder detectado: 102765 - ARO_ARGOLLA_PIEDRA_CUBIC__2___PAR_ 
⚠ Placeholder detectado: 102766 - ARO_ARGOLLA_PIEDRA_CUBIC__3___PAR_ 
⚠ Placeholder detectado: 102767 - ARO_ARGOLLA_PIEDRA_CUBIC__4___PAR_ 
⚠ Placeholder detectado: 102768 - ARO_PASANTE_PIEDRA_CUBIC_INICIAL__UN_ 
⚠ Placeholder detectado: 102769 - ARO_PASANTE_PIEDRA_CUBIC_INICIAL__UN_ 
⚠ Placeholder detectado: 102770 - ARO_PASANTE_PIEDRA_CUBIC_INICIAL__UN_ 
⚠ Placeholder detectado: 102771 - ARO_PASANTE_PIEDRA_CUBIC_INICIAL__UN_ 
⚠ Placeholder detectado: 102772 - ARO_PASANTE_HOJA__UN_ 
⚠ Placeholder detectado: 102773 - ARO_PASANTE_CACTUS__UN_ 
⚠ Placeholder detectado: 102774 - ARO_PASANTE_MEDIA_LUNA__UN_ 
⚠ Placeholder detectado: 102775 - ARO_PASANTE_ESTRELLA_DE_MAR__UN_ 
⚠ Placeholder detectado: 102777 - ARO_ARGOLLA_PIEDRA_CUBIC_CON_COLGANTE__UN_ 
⚠ Placeholder detectado: 102778 - ARO_PASANTE_PIEDRA_CUBIC_ESTRELLA_DAVID__1___UN_ 
⚠ Placeholder detectado: 102779 - ARO_PASANTE_PIEDRA_CUBIC_LUNA_CON_COLGANTE__UN_ 
⚠ Placeholder detectado: 102780 - ARO_PASANTE_PIEDRA_CUBIC_ESTRELLA_DAVID__2___UN_ 
⚠ Placeholder detectado: 102782 - ARO_PASANTE_ESTRELLAS__UN_ 
⚠ Placeholder detectado: 102783 - ARO_PASANTE_PIEDRA_CUBIC_DIJE_OJO__UN_ 
⚠ Placeholder detectado: 102784 - ARO_ARGOLLA__4___PAR_ 
⚠ Placeholder detectado: 102785 - ARO_ARGOLLA__5___PAR_ 
⚠ Placeholder detectado: 102786 - ARO_ARGOLLA__6___UN_ 
⚠ Placeholder detectado: 102788 - ARO_PASANTE_PIEDRA_CUBIC_DIJE_CRUZ__UN_ 
⚠ Placeholder detectado: 102789 - ARO_PASANTE_PIEDRA_CUBIC_DIJE_LUNA__UN_ 
⚠ Placeholder detectado: 102790 - ARO_PASANTE_ELEFANTE__UN_ 
⚠ Placeholder detectado: 102791 - ARO_PASANTE_PIEDRA_CUBIC_OJO__UN_ 
⚠ Placeholder detectado: 102792 - ARO_PASANTE_OLA__UN_ 
⚠ Placeholder detectado: 102794 - ARO_PASANTE_NUDO__UN_ 
⚠ Placeholder detectado: 102796 - ARO_ARGOLLA__7___UN_ 
⚠ Placeholder detectado: 102798 - ARO_ARGOLLA__9___PAR_ 
⚠ Placeholder detectado: 102799 - ARO_PASANTE_ESLABONES__1___PAR_ 
"
"1","Procesando lote desde offset:"
"1"," "
"1","2800"
"1"," "
"1","
"
"1"," → válidos:"
"1"," "
"1","200"
"1"," "
"1","/"
"1"," "
"1","200"
"1"," "
"1","
"
"1","⚠ Placeholder detectado: 102800 - ARO_ARGOLLA__10___PAR_ 
⚠ Placeholder detectado: 102802 - ARO_PASANTE_PIEDRA_CUBIC_ESLABONES__1___PAR_ 
⚠ Placeholder detectado: 102804 - ARO_ARGOLLA_PIEDRA_CUBIC__6___UN_ 
⚠ Placeholder detectado: 102805 - ARO_ARGOLLA_PIEDRA_CUBIC__7___UN_ 
⚠ Placeholder detectado: 102806 - ARO_ARGOLLA_PIEDRA_CUBIC__8___UN_ 
⚠ Placeholder detectado: 102807 - ARO_PASANTE_HOJAS__UN_ 
⚠ Placeholder detectado: 102808 - ARO_ARGOLLA_CON_DIJE_CRUZ__UN_ 
⚠ Placeholder detectado: 102809 - ARO_PASANTE_PIEDRA_CUBIC_CRUZ__2___UN_ 
⚠ Placeholder detectado: 102811 - ARO_ARGOLLA_PIEDRA_CUBIC__9___UN_ 
⚠ Placeholder detectado: 102812 - ARO_PASANTE_PIEDRA_CUBIC_HUESO_DE_LA_SUERTE__UN_ 
⚠ Placeholder detectado: 102815 - ARO_PASANTE_PIEDRA_CUBIC_GEOMETRICO__1___UN_ 
⚠ Placeholder detectado: 102816 - ARO_PASANTE_PIEDRA_CUBIC_GEOMETRICO__2___UN_ 
⚠ Placeholder detectado: 102818 - ARO_PASANTE_PIEDRA_CUBIC_GEOMETRICO__3___UN_ 
⚠ Placeholder detectado: 102819 - ARO_PASANTE_PIEDRA_CUBIC_MULTI__1___UN_ 
⚠ Placeholder detectado: 102820 - ARO_PASANTE_PIEDRA_CUBIC_MULTI__2___UN_ 
⚠ Placeholder detectado: 102821 - ARO_PASANTE_PIEDRA_CUBIC_PLANETA__UN_ 
⚠ Placeholder detectado: 102823 - ARO_PASANTE_PIEDRA_CUBIC_MULTI__3___UN_ 
⚠ Placeholder detectado: 102826 - ARO_PASANTE_PIEDRA_CUBIC_SOLITARIO__1___UN_ 
⚠ Placeholder detectado: 102827 - ARO_PASANTE_PIEDRA_CUBIC_SOLITARIO__2___UN_ 
⚠ Placeholder detectado: 102829 - ARO_PASANTE_PIEDRA_CUBIC_SOLITARIO__4___UN_ 
⚠ Placeholder detectado: 102830 - ARO_PASANTE_PIEDRA_CUBIC_SOLITARIO__5___UN_ 
⚠ Placeholder detectado: 102831 - ARO_PASANTE_PIEDRA_CUBIC_SOLITARIO__6___UN_ 
⚠ Placeholder detectado: 102833 - ARO_EARCUFF_CADENA__UN_ 
⚠ Placeholder detectado: 102834 - ARO_ARGOLLA__11___PAR_ 
⚠ Placeholder detectado: 102835 - ARO_EARCUFF_PIEDRA_CUBIC_CADENA__UN_ 
⚠ Placeholder detectado: 102837 - ARO_ARGOLLA_PIEDRA_CUBIC__11___UN_ 
⚠ Placeholder detectado: 102838 - ARO_PASANTE_PIEDRA_CUBIC_GEOMETRICO__4___UN_ 
⚠ Placeholder detectado: 102839 - ARO_PASANTE_PIEDRA_CUBIC_ONDAS__1___UN_ 
⚠ Placeholder detectado: 102840 - ARO_PASANTE_PIEDRA_CUBIC_FLOR__2___UN_ 
⚠ Placeholder detectado: 102843 - ARO_ARGOLLA_PIEDRA_CUBIC__12___UN_ 
⚠ Placeholder detectado: 102847 - ARO_ARGOLLA_PIEDRA_CUBIC__13___UN_ 
⚠ Placeholder detectado: 102848 - ARO_ARGOLLA_PIEDRA_CUBIC__14___UN_ 
⚠ Placeholder detectado: 102849 - ARO_ARGOLLA_PIEDRA_CUBIC__15___UN_ 
"
"1","⚠ Placeholder detectado: 102850 - ARO_ARGOLLA_PIEDRA_CUBIC__16___UN_ 
⚠ Placeholder detectado: 102851 - ARO_ARGOLLA__12___UN_ 
⚠ Placeholder detectado: 102852 - ARO_PASANTE_OVAL__1___PAR_ 
⚠ Placeholder detectado: 102853 - ARO_PASANTE_OVAL__2___PAR_ 
⚠ Placeholder detectado: 102854 - ARO_ARGOLLA__13___PAR_ 
⚠ Placeholder detectado: 102855 - ARO_PASANTE_ONDAS__2___PAR_ 
⚠ Placeholder detectado: 102856 - ARO_PASANTE_CIRCULAR__3___PAR_ 
⚠ Placeholder detectado: 102857 - ARO_PASANTE_ONDAS__3___PAR_ 
⚠ Placeholder detectado: 102858 - ARO_PASANTE_CIRCULAR__4___PAR_ 
⚠ Placeholder detectado: 102859 - ARO_PASANTE_ESLABONES__2___PAR_ 
⚠ Placeholder detectado: 102862 - ARO_ARGOLLA_PIEDRA_CUBIC_CRUZ__UN_ 
⚠ Placeholder detectado: 102866 - ARO_ARGOLLA_PIEDRA_CUBIC__17___UN_ 
⚠ Placeholder detectado: 102867 - ARO_PASANTE_MULTI__1___UN_ 
⚠ Placeholder detectado: 102868 - ARO_COLGANTE_OVAL__PAR_ 
⚠ Placeholder detectado: 102869 - ARO_PASANTE_GEOMETRICO__PAR_ 
⚠ Placeholder detectado: 102870 - ARO_PASANTE_GEOMETRICO__5___PAR_ 
⚠ Placeholder detectado: 102871 - ARO_PASANTE_GEOMETRICO__6___PAR_ 
⚠ Placeholder detectado: 102872 - ARO_ARGOLLA__14___PAR_ 
⚠ Placeholder detectado: 102873 - ARO_PASANTE_GEOMETRICO__7___PAR_ 
⚠ Placeholder detectado: 102874 - ARO_PASANTE_GEOMETRICO__8___PAR_ 
⚠ Placeholder detectado: 102875 - ARO_COLGANTE_PIEDRA_CUBIC_ESTRELLA__UN_ 
⚠ Placeholder detectado: 102876 - ARO_PASANTE_PIEDRA_CUBIC_ESLABONES__2___PAR_ 
⚠ Placeholder detectado: 102877 - ARO_ARGOLLA_PIEDRA_CUBIC_CON_DIJE_GEOMETRICO__UN_ 
⚠ Placeholder detectado: 102878 - ARO_ARGOLLA_PIEDRA_CUBIC_CON_DIJE_ESTRELLA__UN_ 
⚠ Placeholder detectado: 102879 - ARO_ARGOLLA_PIEDRA_CUBIC_ESLABONES__PAR_ 
⚠ Placeholder detectado: 102880 - ARO_PASANTE_PIEDRA_CUBIC_GOTA__2___UN_ 
⚠ Placeholder detectado: 102881 - ARO_PASANTE_GEOMETRICO__9___PAR_ 
⚠ Placeholder detectado: 102882 - ARO_PASANTE_GEOMETRICO__10___PAR_ 
⚠ Placeholder detectado: 102883 - ARO_ARGOLLA__15___PAR_ 
⚠ Placeholder detectado: 102884 - ARO_PASANTE_MULTI__2___UN_ 
⚠ Placeholder detectado: 102885 - ARO_PASANTE_PIEDRA_CUBIC_GEOMETRICO__5___PAR_ 
⚠ Placeholder detectado: 102886 - ARO_PASANTE_ONDAS__4___PAR_ 
⚠ Placeholder detectado: 102887 - ARO_PASANTE_PIEDRA_CUBIC_ESLABONES__3___PAR_ 
⚠ Placeholder detectado: 102888 - ARO_PASANTE_PIEDRA_CUBIC_GEOMETRICO__6___UN_ 
⚠ Placeholder detectado: 102889 - ARO_PASANTE_PIEDRA_CUBIC_GEOMETRICO__7___UN_ 
⚠ Placeholder detectado: 102890 - ARO_PASANTE_PIEDRA_CUBIC_GEOMETRICO__8___UN_ 
⚠ Placeholder detectado: 102891 - ARO_PASANTE_PIEDRA_CUBIC_CIRCULAR__1___UN_ 
⚠ Placeholder detectado: 102892 - ARO_PASANTE_PIEDRA_CUBIC_ESLABONES__4___UN_ 
⚠ Placeholder detectado: 102893 - ARO_PASANTE_PIEDRA_CUBIC_GEOMETRICO__9___UN_ 
⚠ Placeholder detectado: 102894 - ARO_PASANTE_PIEDRA_CUBIC_GEOMETRICO__10___UN_ 
⚠ Placeholder detectado: 102895 - ARO_PASANTE_PIEDRA_CUBIC_GEOMETRICO__11___UN_ 
⚠ Placeholder detectado: 102896 - ARO_PASANTE_ONDAS__5___PAR_ 
⚠ Placeholder detectado: 102897 - ARO_PASANTE_ONDAS__6___PAR_ 
⚠ Placeholder detectado: 102898 - ARO_PASANTE_ESLABONES__3___PAR_ 
⚠ Placeholder detectado: 102899 - ARO_PASANTE_PIEDRA_CUBIC_SOLITARIO__7___UN_ 
"
"1","⚠ Placeholder detectado: 102900 - ARO_PASANTE_PIEDRA_CUBIC_GEOMETRICO__12___PAR_ 
⚠ Placeholder detectado: 102901 - ARO_PASANTE_PIEDRA_CUBIC_ONDAS__2___PAR_ 
⚠ Placeholder detectado: 102902 - ARO_PASANTE_PIEDRA_CUBIC_ESLABONES__5___PAR_ 
⚠ Placeholder detectado: 102903 - ARO_PASANTE_HOJAS__1___UN_ 
⚠ Placeholder detectado: 102904 - ARO_PASANTE_OVAL__3___UN_ 
⚠ Placeholder detectado: 102906 - ARO_PASANTE_PALMERAS__UN_ 
⚠ Placeholder detectado: 102907 - ARO_APRETADOR_ONDAS__UN_ 
⚠ Placeholder detectado: 102908 - ARO_PASANTE_HOJAS__2___UN_ 
⚠ Placeholder detectado: 102909 - ARO_APRETADOR_PIEDRA_CUBIC__1___UN_ 
⚠ Placeholder detectado: 102910 - ARO_ARGOLLA__16___PAR_ 
⚠ Placeholder detectado: 102911 - ARO_APRETADOR_PIEDRA_CUBIC__2___UN_ 
⚠ Placeholder detectado: 102912 - ARO_PASANTE_TREBOL__UN_ 
⚠ Placeholder detectado: 102913 - ARO_PASANTE_GOTA__1___UN_ 
⚠ Placeholder detectado: 102914 - ARO_PASANTE_PIEDRA_CUBIC_BARRITA__3___UN_ 
⚠ Placeholder detectado: 102915 - ARO_APRETADOR__1___UN_ 
⚠ Placeholder detectado: 102916 - ARO_APRETADOR__2___UN_ 
⚠ Placeholder detectado: 102917 - ARO_APRETADOR__3___UN_ 
⚠ Placeholder detectado: 102918 - ARO_ARGOLLA_PIEDRA_CUBIC_CON_DIJE_GOTA__PAR_ 
⚠ Placeholder detectado: 102919 - ARO_PASANTE_HERRADURA__UN_ 
⚠ Placeholder detectado: 102920 - ARO_PASANTE_PIEDRA_CUBIC_LUNA__2___UN_ 
⚠ Placeholder detectado: 102921 - ARO_PASANTE_GEOMETRICO__11___UN_ 
⚠ Placeholder detectado: 102924 - ARO_PASANTE_PIEDRA_CUBIC_MANO_HAMBSA__UN_ 
⚠ Placeholder detectado: 102926 - ARO_PASANTE_PIEDRA_CUBIC_CRUZ__3___UN_ 
⚠ Placeholder detectado: 102927 - ARO_PASANTE_PIEDRA_CUBIC_CRUZ__4___UN_ 
⚠ Placeholder detectado: 102929 - ARO_PASANTE_GOTA__2___UN_ 
⚠ Placeholder detectado: 102930 - ARO_PASANTE_GOTA__3___UN_ 
⚠ Placeholder detectado: 102931 - ARO_PASANTE_PIEDRA_CUBIC_CIRCULAR__2___UN_ 
⚠ Placeholder detectado: 102933 - ARO_PASANTE_GOTA__4___UN_ 
⚠ Placeholder detectado: 102934 - ARO_PASANTE_PIEDRA_CUBIC_HOJAS__UN_ 
⚠ Placeholder detectado: 102935 - COLLAR_HILO_SILICONA_DIJE_PIEDRA_CUBIC_CRUZ 
⚠ Placeholder detectado: 102936 - COLLAR_HILO_SILICONA_DIJE_PIEDRA_CUBIC_GOTA 
⚠ Placeholder detectado: 102937 - COLLAR_HILO_SILICONA_DIJE_PIEDRA_CUBIC_SOLITARIO 
⚠ Placeholder detectado: 102938 - COLLAR_CADENA_VENECIANA_CON_DIJES_PIEDRA_CUBIC 
⚠ Placeholder detectado: 102939 - COLLAR_CADENA_VENECIANA_CON_DIJES_PIEDRA_CUBIC 
⚠ Placeholder detectado: 102940 - COLLAR_CADENA_VENECIANA_CON_DIJE_PIEDRA_CUBIC 
⚠ Placeholder detectado: 102941 - COLLAR_CADENA_VENECIANA_CON_DIJE_PIEDRA_CUBIC__UN_ 
⚠ Placeholder detectado: 102942 - COLLAR_CADENA_VENECIANA_CON_DIJES_PIEDRA_CUBIC__UN_ 
⚠ Placeholder detectado: 102943 - COLLAR_CADENA_VENECIANA_CON_DIJES_PIEDRA_CUBIC__UN_ 
⚠ Placeholder detectado: 102944 - DIJE_CRUZ__10_ 
⚠ Placeholder detectado: 102945 - DIJE_CRUCIFIJO__1_ 
⚠ Placeholder detectado: 102946 - DIJE_CRUZ__11_ 
⚠ Placeholder detectado: 102947 - DIJE_CRUZ__12_ 
⚠ Placeholder detectado: 102948 - DIJE_CRUCIFIJO__2_ 
⚠ Placeholder detectado: 102949 - DIJE_PIEDRA_CUBIC_HIJO_NIÑA__1_ 
"
"1","⚠ Placeholder detectado: 102950 - DIJE_PIEDRA_CUBIC_HIJO_NIÑO__1_ 
⚠ Placeholder detectado: 102951 - DIJE_PIEDRA_CUBIC_MARIPOSA 
⚠ Placeholder detectado: 102952 - DIJE_PIEDRA_CUBIC_SERPIENTE 
⚠ Placeholder detectado: 102953 - DIJE_PIEDRA_CUBIC_BICILETA 
⚠ Placeholder detectado: 102954 - DIJE_CRUZ__13_ 
⚠ Placeholder detectado: 102955 - DIJE_PIEDRA_CUBIC_AVE 
⚠ Placeholder detectado: 102956 - DIJE_PIEDRA_CUBIC_CRUZ__3_ 
⚠ Placeholder detectado: 102957 - DIJE_PIEDRA_CUBIC_HIJO_NIÑO__2_ 
⚠ Placeholder detectado: 102958 - DIJE_PIEDRA_CUBIC_HIJO_NIÑA__2_ 
⚠ Placeholder detectado: 102959 - DIJE_PIEDRA_CUBIC_HIJO_NIÑO__3_ 
⚠ Placeholder detectado: 102960 - DIJE_PIEDRA_CUBIC_HIJO_NIÑA__3_ 
⚠ Placeholder detectado: 102962 - DIJE_PIEDRA_CUBIC_HIJO_NIÑA__4_ 
⚠ Placeholder detectado: 102963 - DIJE_PIEDRA_CUBIC_HIJO_NIÑO__4_ 
⚠ Placeholder detectado: 102964 - DIJE_HERRADURA 
⚠ Placeholder detectado: 102965 - DIJE_PIEDRA_CUBIC_LUNA 
⚠ Placeholder detectado: 102966 - DIJE_PIEDRA_CUBIC_GEOMETRICO 
⚠ Placeholder detectado: 102967 - DIJE_PIEDRA_CUBIC_SOLITARIO 
⚠ Placeholder detectado: 102969 - DIJE_LUNA__1_ 
⚠ Placeholder detectado: 102970 - DIJE_PIEDRA_CUBIC_MANO_HAMSA 
⚠ Placeholder detectado: 102971 - DIJE_LUNA__2_ 
⚠ Placeholder detectado: 102972 - DIJE_PIEDRA_CUBIC_CRUZ__4_ 
⚠ Placeholder detectado: 102973 - DIJE_PIEDRA_CUBIC_CRUZ__5_ 
⚠ Placeholder detectado: 102974 - DIJE_PIEDRA_CUBIC_CRUZ__6_ 
⚠ Placeholder detectado: 102976 - DIJE_PIEDRA_CUBIC_CIRCULAR 
⚠ Placeholder detectado: 102977 - DIJE_CRUZ__14_ 
⚠ Placeholder detectado: 102979 - DIJE_PIEDRA_CUBIC_CORAZON__2___UN_ 
⚠ Placeholder detectado: 102981 - CARTUCHERA_LUNA 
⚠ Placeholder detectado: 102982 - CARTUCHERA_LUNA 
⚠ Placeholder detectado: 102983 - CARTUCHERA_PU 
⚠ Placeholder detectado: 102984 - SOBRE_ANALIA_CHICO 
⚠ Placeholder detectado: 102985 - CHALECO_TRINIDAD 
⚠ Placeholder detectado: 102986 - CHALECO_TRINIDAD 
⚠ Placeholder detectado: 102987 - CHALECO_TRINIDAD 
⚠ Placeholder detectado: 102988 - CHALECO_TRINIDAD 
⚠ Placeholder detectado: 102989 - CHALECO_INDIGO 
⚠ Placeholder detectado: 102990 - CHALECO_INDIGO 
⚠ Placeholder detectado: 102991 - CHALECO_INDIGO 
⚠ Placeholder detectado: 102992 - CHALECO_INDIGO 
⚠ Placeholder detectado: 102993 - CINTURON_FLORA_1 
⚠ Placeholder detectado: 102994 - CINTURON_FLORA_1 
⚠ Placeholder detectado: 102995 - CINTURON_FLORA_2 
⚠ Placeholder detectado: 102996 - CINTURON_FLORA_2 
⚠ Placeholder detectado: 102997 - BOMBACHA_NIÑA 
⚠ Placeholder detectado: 102998 - BOMBACHA_NIÑA 
⚠ Placeholder detectado: 102999 - BOMBACHA_NIÑA 
"
"1","Procesando lote desde offset:"
"1"," "
"1","3000"
"1"," "
"1","
"
"1"," → válidos:"
"1"," "
"1","200"
"1"," "
"1","/"
"1"," "
"1","200"
"1"," "
"1","
"
"1","⚠ Placeholder detectado: 103000 - BOMBACHA_NIÑA 
⚠ Placeholder detectado: 103001 - BOMBACHA_NIÑA 
⚠ Placeholder detectado: 103002 - BOMBACHA_NIÑA 
⚠ Placeholder detectado: 103003 - BOMBACHA_NIÑA 
⚠ Placeholder detectado: 103004 - COLALESS 
⚠ Placeholder detectado: 103005 - COLALESS 
⚠ Placeholder detectado: 103006 - COLALESS 
⚠ Placeholder detectado: 103007 - COLALESS 
⚠ Placeholder detectado: 103008 - VEDETINA 
⚠ Placeholder detectado: 103009 - VEDETINA 
⚠ Placeholder detectado: 103010 - VEDETINA 
⚠ Placeholder detectado: 103011 - VEDETINA 
⚠ Placeholder detectado: 103012 - CULOTTE 
⚠ Placeholder detectado: 103013 - CULOTTE 
⚠ Placeholder detectado: 103014 - CULOTTE 
⚠ Placeholder detectado: 103015 - CULOTTE 
⚠ Placeholder detectado: 103016 - SOBRE_ANALIA_GRANDE 
⚠ Placeholder detectado: 103017 - MEDIAS_ADULTO_X_1 
⚠ Placeholder detectado: 103018 - MEDIAS_ADULTO_X_2 
⚠ Placeholder detectado: 103019 - MEDIAS_INFANTILES 
⚠ Placeholder detectado: 103020 - PORTAVINO_CROCHET__1_ 
⚠ Placeholder detectado: 103021 - PORTAVINO_CROCHET__1_ 
⚠ Placeholder detectado: 103022 - PORTAVINO_CROCHET__1_ 
⚠ Placeholder detectado: 103023 - ANILLO_PIEDRA_CUBIC__1_ 
⚠ Placeholder detectado: 103024 - ANILLO_PIEDRA_CUBIC__1_ 
⚠ Placeholder detectado: 103025 - ANILLO_PIEDRA_CUBIC__1_ 
⚠ Placeholder detectado: 103026 - ANILLO_PIEDRA_CUBIC__1_ 
⚠ Placeholder detectado: 103027 - ANILLO_PIEDRA_CUBIC__1_ 
⚠ Placeholder detectado: 103028 - ANILLO_PIEDRA_CUBIC__1_ 
⚠ Placeholder detectado: 103029 - ANILLO_PIEDRA_CUBIC__1_ 
⚠ Placeholder detectado: 103030 - ANILLO_PIEDRA_CUBIC__1_ 
⚠ Placeholder detectado: 103031 - ANILLO_PIEDRA_CUBIC__10_ 
⚠ Placeholder detectado: 103032 - ANILLO_PIEDRA_CUBIC__10_ 
⚠ Placeholder detectado: 103033 - ANILLO_PIEDRA_CUBIC__10_ 
⚠ Placeholder detectado: 103034 - ANILLO_PIEDRA_CUBIC__10_ 
⚠ Placeholder detectado: 103035 - ANILLO_PIEDRA_CUBIC__10_ 
⚠ Placeholder detectado: 103036 - ANILLO_PIEDRA_CUBIC__10_ 
⚠ Placeholder detectado: 103037 - ANILLO_PIEDRA_CUBIC__2_ 
⚠ Placeholder detectado: 103038 - ANILLO_PIEDRA_CUBIC__2_ 
⚠ Placeholder detectado: 103039 - ANILLO_PIEDRA_CUBIC__2_ 
⚠ Placeholder detectado: 103040 - ANILLO_PIEDRA_CUBIC__2_ 
⚠ Placeholder detectado: 103041 - ANILLO_PIEDRA_CUBIC__2_ 
⚠ Placeholder detectado: 103042 - ANILLO_PIEDRA_CUBIC__3_ 
⚠ Placeholder detectado: 103043 - ANILLO_PIEDRA_CUBIC__3_ 
⚠ Placeholder detectado: 103044 - ANILLO_PIEDRA_CUBIC__3_ 
⚠ Placeholder detectado: 103045 - ANILLO_PIEDRA_CUBIC__3_ 
⚠ Placeholder detectado: 103046 - ANILLO_PIEDRA_CUBIC__3_ 
⚠ Placeholder detectado: 103047 - ANILLO_PIEDRA_CUBIC__3_ 
⚠ Placeholder detectado: 103048 - ANILLO_PIEDRA_CUBIC__3_ 
⚠ Placeholder detectado: 103049 - ANILLO_PIEDRA_CUBIC__3_ 
"
"1","⚠ Placeholder detectado: 103050 - ANILLO_PIEDRA_CUBIC__4_ 
⚠ Placeholder detectado: 103051 - ANILLO_PIEDRA_CUBIC__4_ 
⚠ Placeholder detectado: 103052 - ANILLO_PIEDRA_CUBIC__4_ 
⚠ Placeholder detectado: 103053 - ANILLO_PIEDRA_CUBIC__4_ 
⚠ Placeholder detectado: 103054 - ANILLO_PIEDRA_CUBIC__4_ 
⚠ Placeholder detectado: 103055 - ANILLO_PIEDRA_CUBIC__4_ 
⚠ Placeholder detectado: 103056 - ANILLO_PIEDRA_CUBIC__5_ 
⚠ Placeholder detectado: 103057 - ANILLO_PIEDRA_CUBIC__5_ 
⚠ Placeholder detectado: 103058 - ANILLO_PIEDRA_CUBIC__5_ 
⚠ Placeholder detectado: 103059 - ANILLO_PIEDRA_CUBIC__5_ 
⚠ Placeholder detectado: 103060 - ANILLO_PIEDRA_CUBIC__5_ 
⚠ Placeholder detectado: 103061 - ANILLO_PIEDRA_CUBIC__6_ 
⚠ Placeholder detectado: 103062 - ANILLO_PIEDRA_CUBIC__6_ 
⚠ Placeholder detectado: 103063 - ANILLO_PIEDRA_CUBIC__6_ 
⚠ Placeholder detectado: 103064 - ANILLO_PIEDRA_CUBIC__6_ 
⚠ Placeholder detectado: 103065 - ANILLO_PIEDRA_CUBIC__6_ 
⚠ Placeholder detectado: 103066 - ANILLO_PIEDRA_CUBIC__6_ 
⚠ Placeholder detectado: 103067 - ANILLO_PIEDRA_CUBIC__6_ 
⚠ Placeholder detectado: 103068 - ANILLO_PIEDRA_CUBIC__7_ 
⚠ Placeholder detectado: 103069 - ANILLO_PIEDRA_CUBIC__7_ 
⚠ Placeholder detectado: 103098 - SOMBRERO_ALGODON 
⚠ Placeholder detectado: 103099 - SOMBRERO_ALGODON 
⚠ Placeholder detectado: 103100 - SOMBRERO_ALGODON 
⚠ Placeholder detectado: 103101 - SOMBRERO_ALGODON 
⚠ Placeholder detectado: 103102 - SOMBRERO_ALGODON 
⚠ Placeholder detectado: 103103 - SOMBRERO_ALGODON 
⚠ Placeholder detectado: 103104 - SOMBRERO_ALGODON 
⚠ Placeholder detectado: 103105 - SOMBRERO_ALGODON 
⚠ Placeholder detectado: 103106 - SOMBRERO_ALGODON 
⚠ Placeholder detectado: 103107 - SOMBRERO_ALGODON 
⚠ Placeholder detectado: 103108 - SOMBRERO_ALGODON 
⚠ Placeholder detectado: 103109 - SOMBRERO_ALGODON 
⚠ Placeholder detectado: 103110 - SOMBRERO_ALGODON 
"
"1","⚠ Placeholder detectado: 103111 - SOMBRERO_ALGODON 
⚠ Placeholder detectado: 103112 - SOMBRERO_ALGODON 
⚠ Placeholder detectado: 103113 - SOMBRERO_ALGODON 
⚠ Placeholder detectado: 103114 - SOMBRERO_ALGODON 
⚠ Placeholder detectado: 103115 - SOMBRERO_RAFIA 
⚠ Placeholder detectado: 103116 - SOMBRERO_RAFIA 
⚠ Placeholder detectado: 103117 - SOMBRERO_RAFIA 
⚠ Placeholder detectado: 103118 - SOMBRERO_RAFIA 
⚠ Placeholder detectado: 103119 - SOMBRERO_RAFIA 
⚠ Placeholder detectado: 103120 - SOMBRERO_RAFIA 
⚠ Placeholder detectado: 103121 - SOMBRERO_RAFIA 
⚠ Placeholder detectado: 103122 - SOMBRERO_RAFIA 
⚠ Placeholder detectado: 103123 - SOMBRERO_RAFIA 
⚠ Placeholder detectado: 103124 - SOMBRERO_RAFIA 
⚠ Placeholder detectado: 103125 - SOMBRERO_RAFIA 
⚠ Placeholder detectado: 103126 - SOMBRERO_RAFIA 
⚠ Placeholder detectado: 103127 - SOMBRERO_RAFIA 
⚠ Placeholder detectado: 103128 - SOMBRERO_RAFIA 
⚠ Placeholder detectado: 103129 - SOMBRERO_RAFIA 
⚠ Placeholder detectado: 103130 - ZAPATILLA_MATEO 
⚠ Placeholder detectado: 103131 - PILUSO_DORA 
⚠ Placeholder detectado: 103132 - PILUSO_HILDA 
⚠ Placeholder detectado: 103133 - PILUSO_HILDA 
⚠ Placeholder detectado: 103134 - CARTERA_MANA_FLECOS__LINEA_PESPUNTES_ 
⚠ Placeholder detectado: 103135 - CARTERA_MANA_FLECOS__LINEA_PESPUNTES_ 
⚠ Placeholder detectado: 103136 - CARTERA_MANA_FLECOS__LINEA_PESPUNTES_ 
⚠ Placeholder detectado: 103137 - MATERA_RENATA 
⚠ Placeholder detectado: 103138 - MATERA_RENATA 
⚠ Placeholder detectado: 103139 - MATERA_AVA__LINEA_PESPUNTES_ 
⚠ Placeholder detectado: 103140 - MATERA_AVA__LINEA_PESPUNTES_ 
⚠ Placeholder detectado: 103141 - TOTE_MALVA 
⚠ Placeholder detectado: 103142 - PILUSO_DORA 
⚠ Placeholder detectado: 103143 - PORTALENTES_MUSAI 
⚠ Placeholder detectado: 103144 - PORTALENTES_MUSAI 
⚠ Placeholder detectado: 103145 - PORTALENTES_NOLE__LINEA_FRUNCES_ 
⚠ Placeholder detectado: 103146 - PORTALENTES_NOLE__LINEA_FRUNCES_ 
⚠ Placeholder detectado: 103147 - PORTALENTES_NOLE__LINEA_FRUNCES_ 
⚠ Placeholder detectado: 103148 - PORTALENTES_NOLE__LINEA_FRUNCES_ 
⚠ Placeholder detectado: 103149 - PORTACABLES_1 
⚠ Placeholder detectado: 103150 - NECESSAIRE_FELI 
⚠ Placeholder detectado: 103151 - SEÑALADOR 
⚠ Placeholder detectado: 103152 - SEÑALADOR 
⚠ Placeholder detectado: 103153 - CINTURON_RUS 
⚠ Placeholder detectado: 103154 - CINTURON_RUS 
⚠ Placeholder detectado: 103155 - BOLSO_TUBO_GRANDE 
⚠ Placeholder detectado: 103156 - ZAPATILLA_MATEO 
⚠ Placeholder detectado: 103157 - ZAPATILLA_URBANA 
⚠ Placeholder detectado: 103158 - BUFANDA_CAPELLA 
⚠ Placeholder detectado: 103159 - BUFANDA_ACRUX 
⚠ Placeholder detectado: 103160 - GORRO_SIRIUS 
"
"1","⚠ Placeholder detectado: 103161 - MOCHILA_PACARI 
⚠ Placeholder detectado: 103162 - MOCHILA_ALAI__ 
⚠ Placeholder detectado: 103163 - MOCHILA_ALAI__ 
⚠ Placeholder detectado: 103164 - MOCHILA_ALAI__ 
⚠ Placeholder detectado: 103165 - MOCHILA_LIBRA 
⚠ Placeholder detectado: 103166 - TOTE_IRUYA 
⚠ Placeholder detectado: 103167 - TOTE_CACHI 
⚠ Placeholder detectado: 103168 - CARTERA_VERA 
⚠ Placeholder detectado: 103169 - BANDOLERA_JADE__LINEA_FRUNCES_ 
⚠ Placeholder detectado: 103170 - BANDOLERA_JADE__LINEA_FRUNCES_ 
⚠ Placeholder detectado: 103171 - BANDOLERA_JADE__LINEA_FRUNCES_ 
⚠ Placeholder detectado: 103172 - BANDOLERA_JADE__LINEA_FRUNCES_ 
⚠ Placeholder detectado: 103173 - BANDOLERA_JADE__LINEA_FRUNCES_ 
⚠ Placeholder detectado: 103174 - BANDOLERA_JADE__LINEA_FRUNCES_ 
⚠ Placeholder detectado: 103175 - BANDOLERA_JADE__LINEA_FRUNCES_ 
⚠ Placeholder detectado: 103176 - BANDOLERA_LENA 
⚠ Placeholder detectado: 103178 - BILLETERA_PENY 
⚠ Placeholder detectado: 103179 - BOLSO_TUBO_GRANDE 
⚠ Placeholder detectado: 103180 - BOLSO_TUBO_GRANDE 
⚠ Placeholder detectado: 103181 - CARTERA_AMARILLA_SET_SOBRE 
⚠ Placeholder detectado: 103182 - CARTERA_HARPER 
⚠ Placeholder detectado: 103183 - CARTERA_HARPER 
⚠ Placeholder detectado: 103184 - CARTERA_INES 
⚠ Placeholder detectado: 103185 - CARTERA_LONDRES 
⚠ Placeholder detectado: 103186 - CARTERA_MINI_EMMA 
⚠ Placeholder detectado: 103187 - CARTERA_VERA 
⚠ Placeholder detectado: 103188 - CARTERA_VERA 
⚠ Placeholder detectado: 103189 - GORRO_PAÑO 
⚠ Placeholder detectado: 103190 - GORRO_VENTO 
⚠ Placeholder detectado: 103191 - LLAVERO_ABC 
⚠ Placeholder detectado: 103192 - LLAVERO_ABC 
⚠ Placeholder detectado: 103193 - LLAVERO_ABC 
⚠ Placeholder detectado: 103194 - LLAVERO_ABC 
⚠ Placeholder detectado: 103195 - LLAVERO_ABC 
⚠ Placeholder detectado: 103196 - LLAVERO_ABC 
⚠ Placeholder detectado: 103197 - LLAVERO_ABC 
⚠ Placeholder detectado: 103198 - LLAVERO_ABC 
⚠ Placeholder detectado: 103199 - LLAVERO_ABC 
⚠ Placeholder detectado: 103200 - MOCHILA_PACARI 
⚠ Placeholder detectado: 103201 - MOCHILA_PACARI 
⚠ Placeholder detectado: 103202 - MOCHILA_PORTIA 
⚠ Placeholder detectado: 103203 - PORTACABLES_3 
⚠ Placeholder detectado: 103204 - PORTACABLES_3 
⚠ Placeholder detectado: 103205 - PORTACABLES_3 
⚠ Placeholder detectado: 103206 - PORTACABLES_3 
⚠ Placeholder detectado: 103207 - PORTAFOLIO_HUAPI 
⚠ Placeholder detectado: 103208 - PORTALENTES_LUZ 
⚠ Placeholder detectado: 103209 - PORTAPASAPORTE_CHESTER 
⚠ Placeholder detectado: 103210 - PORTAPASAPORTE_WARA_FULL_BLACK 
"
"1","Procesando lote desde offset:"
"1"," "
"1","3200"
"1"," "
"1","
"
"1"," → válidos:"
"1"," "
"1","200"
"1"," "
"1","/"
"1"," "
"1","200"
"1"," "
"1","
"
"1","⚠ Placeholder detectado: 103211 - PORTAVINO_CAFAYATE 
⚠ Placeholder detectado: 103212 - PORTAVINO_RIOJA 
⚠ Placeholder detectado: 103213 - SOMBRERO_ALGODON 
⚠ Placeholder detectado: 103214 - TARJETERO_ARIES 
⚠ Placeholder detectado: 103215 - TARJETERO_RUBI 
⚠ Placeholder detectado: 103216 - TOTE_IRUYA 
⚠ Placeholder detectado: 103217 - ZAPATILLA_MATEO 
⚠ Placeholder detectado: 103218 - ZAPATILLA_MATEO 
⚠ Placeholder detectado: 103219 - ZAPATILLA_MATEO 
⚠ Placeholder detectado: 103220 - ZAPATILLA_MATEO 
⚠ Placeholder detectado: 103221 - SOMBRERO_RAFIA 
⚠ Placeholder detectado: 103222 - SOMBRERO_RAFIA 
⚠ Placeholder detectado: 103223 - SOMBRERO_RAFIA 
⚠ Placeholder detectado: 103224 - SOMBRERO_RAFIA 
⚠ Placeholder detectado: 103225 - SOMBRERO_RAFIA 
⚠ Placeholder detectado: 103226 - SOMBRERO_RAFIA 
⚠ Placeholder detectado: 103227 - SOMBRERO_RAFIA 
⚠ Placeholder detectado: 103228 - SOMBRERO_RAFIA 
⚠ Placeholder detectado: 103229 - SOMBRERO_RAFIA 
⚠ Placeholder detectado: 103230 - SOMBRERO_RAFIA 
⚠ Placeholder detectado: 103231 - SOMBRERO_RAFIA 
⚠ Placeholder detectado: 103232 - SOMBRERO_RAFIA 
⚠ Placeholder detectado: 103233 - SOMBRERO_RAFIA 
⚠ Placeholder detectado: 103234 - PRODUCTO_OUTLET_990 
⚠ Placeholder detectado: 103235 - PRODUCTO_OUTLET_1990 
⚠ Placeholder detectado: 103236 - PRODUCTO_OUTLET_2990 
⚠ Placeholder detectado: 103237 - PRODUCTO_OUTLET_3990 
⚠ Placeholder detectado: 103238 - PRODUCTO_OUTLET_4990 
⚠ Placeholder detectado: 103239 - PRODUCTO_OUTLET_5990 
⚠ Placeholder detectado: 103240 - PRODUCTO_OUTLET_6990 
⚠ Placeholder detectado: 103241 - PRODUCTO_OUTLET_7990 
⚠ Placeholder detectado: 103242 - PRODUCTO_OUTLET_8990 
⚠ Placeholder detectado: 103243 - PRODUCTO_OUTLET_9990 
⚠ Placeholder detectado: 103244 - PRODUCTO_OUTLET_14990 
⚠ Placeholder detectado: 103245 - PRODUCTO_OUTLET_19990 
⚠ Placeholder detectado: 103246 - PRODUCTO_OUTLET_24990 
⚠ Placeholder detectado: 103247 - PRODUCTO_OUTLET_29990 
⚠ Placeholder detectado: 103248 - PRODUCTO_OUTLET_34990 
⚠ Placeholder detectado: 103249 - PRODUCTO_OUTLET_39990 
⚠ Placeholder detectado: 103250 - PRODUCTO_OUTLET_44990 
⚠ Placeholder detectado: 103251 - PRODUCTO_OUTLET_49990 
⚠ Placeholder detectado: 103252 - PRODUCTO_OUTLET_54990 
⚠ Placeholder detectado: 103253 - PRODUCTO_OUTLET_59990 
⚠ Placeholder detectado: 103254 - PRODUCTO_OUTLET_64990 
⚠ Placeholder detectado: 103255 - PRODUCTO_OUTLET_69990 
⚠ Placeholder detectado: 103256 - PRODUCTO_OUTLET_79990 
⚠ Placeholder detectado: 103257 - PRODUCTO_OUTLET_89990 
⚠ Placeholder detectado: 103258 - PRODUCTO_OUTLET_99990 
⚠ Placeholder detectado: 103259 - PRODUCTO_OUTLET_129990 
⚠ Placeholder detectado: 103260 - PRODUCTO_OUTLET_159990 
"
"1","⚠ Placeholder detectado: 103261 - PRODUCTO_OUTLET_199990 
⚠ Placeholder detectado: 103262 - PRODUCTO_OUTLET_249990 
⚠ Placeholder detectado: 103263 - PRODUCTO_OUTLET_299990 
⚠ Placeholder detectado: 103264 - PRODUCTO_OUTLET_349990 
"
"1","Procesando lote desde offset:"
"1"," "
"1","3400"
"1"," "
"1","
"
"1"," → válidos:"
"1"," "
"1","200"
"1"," "
"1","/"
"1"," "
"1","200"
"1"," "
"1","
"
"1","⚠ Placeholder detectado: 103447 - BANDOLERA_FRIDA 
⚠ Placeholder detectado: 103448 - BANDOLERA_FRIDA 
⚠ Placeholder detectado: 103449 - BANDOLERA_FRIDA 
⚠ Placeholder detectado: 103450 - BANDOLERA_FRIDA 
⚠ Placeholder detectado: 103451 - BANDOLERA_FRIDA 
⚠ Placeholder detectado: 103452 - BANDOLERA_FRIDA 
⚠ Placeholder detectado: 103453 - BANDOLERA_FRIDA 
⚠ Placeholder detectado: 103454 - BANDOLERA_LUCIANA 
⚠ Placeholder detectado: 103455 - BANDOLERA_LUCIANA 
⚠ Placeholder detectado: 103456 - BANDOLERA_LUCIANA 
⚠ Placeholder detectado: 103457 - BANDOLERA_LUCIANA 
⚠ Placeholder detectado: 103458 - BANDOLERA_LUCIANA 
⚠ Placeholder detectado: 103459 - BILLETERA_AS 
⚠ Placeholder detectado: 103460 - BILLETERA_AS 
"
"1","⚠ Placeholder detectado: 103461 - BOLSA_DE_COMPRAS 
⚠ Placeholder detectado: 103462 - BOLSO_PATRICIA 
⚠ Placeholder detectado: 103475 - CADENA_CRUZ_BRILLOS_RECTA_PLATEADO 
⚠ Placeholder detectado: 103476 - CADENA_CRUZ_BRILLOS_REDONDOS_PLATEADO 
⚠ Placeholder detectado: 103477 - CADENA_LETRA 
⚠ Placeholder detectado: 103478 - CADENA_LETRA 
⚠ Placeholder detectado: 103479 - CADENA_LETRA 
⚠ Placeholder detectado: 103480 - CADENA_LETRA 
⚠ Placeholder detectado: 103481 - CADENA_LETRA 
⚠ Placeholder detectado: 103482 - CADENA_LETRA 
⚠ Placeholder detectado: 103483 - CADENA_LETRA 
⚠ Placeholder detectado: 103484 - CADENA_LETRA 
⚠ Placeholder detectado: 103485 - CADENA_LETRA 
⚠ Placeholder detectado: 103486 - CADENA_LETRA 
⚠ Placeholder detectado: 103487 - CADENA_LETRA 
⚠ Placeholder detectado: 103488 - CADENA_LETRA 
⚠ Placeholder detectado: 103489 - CADENA_LETRA 
⚠ Placeholder detectado: 103490 - CADENA_LETRA 
⚠ Placeholder detectado: 103491 - CADENA_LETRA 
⚠ Placeholder detectado: 103492 - CADENA_LETRA 
⚠ Placeholder detectado: 103493 - CADENA_LETRA 
⚠ Placeholder detectado: 103494 - CADENA_LETRA 
⚠ Placeholder detectado: 103495 - CADENA_LETRA 
⚠ Placeholder detectado: 103496 - CADENA_LETRA 
⚠ Placeholder detectado: 103497 - CADENA_LETRA 
⚠ Placeholder detectado: 103498 - CADENA_LETRA 
⚠ Placeholder detectado: 103499 - CADENA_LETRA 
⚠ Placeholder detectado: 103500 - CADENA_LETRA 
⚠ Placeholder detectado: 103501 - CADENA_LETRA 
⚠ Placeholder detectado: 103502 - CADENA_LETRA 
⚠ Placeholder detectado: 103503 - CADENA_LETRA 
⚠ Placeholder detectado: 103504 - CADENA_LETRA 
⚠ Placeholder detectado: 103505 - CADENA_LETRA 
⚠ Placeholder detectado: 103506 - CADENA_LETRA 
⚠ Placeholder detectado: 103507 - CADENA_LETRA 
⚠ Placeholder detectado: 103508 - CADENA_LETRA 
⚠ Placeholder detectado: 103509 - CARTUCHERA_CILINDRO 
⚠ Placeholder detectado: 103510 - CARTUCHERA_CILINDRO 
"
"1","⚠ Placeholder detectado: 103511 - CARTUCHERA_CILINDRO 
⚠ Placeholder detectado: 103512 - CARTUCHERA_CILINDRO 
⚠ Placeholder detectado: 103513 - CARTUCHERA_CILINDRO 
⚠ Placeholder detectado: 103514 - CARTUCHERA_CILINDRO 
⚠ Placeholder detectado: 103515 - CARTUCHERA_CILINDRO 
⚠ Placeholder detectado: 103516 - CARTUCHERA_CILINDRO 
⚠ Placeholder detectado: 103517 - CARTUCHERA_CILINDRO 
⚠ Placeholder detectado: 103518 - CARTUCHERA_CILINDRO 
⚠ Placeholder detectado: 103519 - CARTUCHERA_CILINDRO 
⚠ Placeholder detectado: 103520 - CARTUCHERA_JANA 
⚠ Placeholder detectado: 103521 - CARTUCHERA_JANA 
⚠ Placeholder detectado: 103522 - CARTUCHERA_JANA 
⚠ Placeholder detectado: 103523 - CARTUCHERA_JANA 
⚠ Placeholder detectado: 103524 - CARTUCHERA_JANA 
⚠ Placeholder detectado: 103525 - CARTUCHERA_JANA 
⚠ Placeholder detectado: 103526 - CARTUCHERA_JANA 
⚠ Placeholder detectado: 103527 - CARTUCHERA_JANA 
⚠ Placeholder detectado: 103528 - CARTUCHERA_LUNA 
⚠ Placeholder detectado: 103529 - CARTUCHERA_LUNA 
⚠ Placeholder detectado: 103530 - CARTUCHERA_LUNA 
⚠ Placeholder detectado: 103531 - CARTUCHERA_LUNA 
⚠ Placeholder detectado: 103532 - CARTUCHERA_LUNA 
⚠ Placeholder detectado: 103533 - CARTUCHERA_LUNA 
⚠ Placeholder detectado: 103534 - CARTUCHERA_LUNA 
⚠ Placeholder detectado: 103535 - CARTUCHERA_LUNA 
⚠ Placeholder detectado: 103536 - CARTUCHERA_LUNA 
⚠ Placeholder detectado: 103537 - CARTUCHERA_LUNA 
⚠ Placeholder detectado: 103538 - CARTUCHERA_LUNA 
⚠ Placeholder detectado: 103539 - CARTUCHERA_LUNA 
⚠ Placeholder detectado: 103540 - CARTUCHERA_LUNA 
⚠ Placeholder detectado: 103541 - CARTUCHERA_LUNA 
⚠ Placeholder detectado: 103542 - CARTUCHERA_MONI 
⚠ Placeholder detectado: 103543 - CARTUCHERA_MONI 
⚠ Placeholder detectado: 103544 - CARTUCHERA_MONI 
⚠ Placeholder detectado: 103545 - CARTUCHERA_MONI 
⚠ Placeholder detectado: 103546 - CARTUCHERA_MONI 
⚠ Placeholder detectado: 103547 - CARTUCHERA_MONI 
⚠ Placeholder detectado: 103548 - CARTUCHERA_PU 
⚠ Placeholder detectado: 103549 - CARTUCHERA_PU 
⚠ Placeholder detectado: 103550 - CARTUCHERA_PU 
⚠ Placeholder detectado: 103551 - CARTUCHERA_PU 
⚠ Placeholder detectado: 103552 - CARTUCHERA_PU 
⚠ Placeholder detectado: 103553 - CARTUCHERA_PU 
⚠ Placeholder detectado: 103554 - CARTUCHERA_PU 
⚠ Placeholder detectado: 103555 - CARTUCHERA_PU 
⚠ Placeholder detectado: 103556 - CARTUCHERA_PU 
⚠ Placeholder detectado: 103557 - CARTUCHERA_PU 
⚠ Placeholder detectado: 103558 - CHALINA_OPORTUNIDAD 
⚠ Placeholder detectado: 103559 - CHALINA_SELECCION 
"
"1","⚠ Placeholder detectado: 103573 - MOCHILA_EMMA 
⚠ Placeholder detectado: 103574 - MOCHILA_LOLA 
⚠ Placeholder detectado: 103575 - MOCHILA_LOLA 
⚠ Placeholder detectado: 103576 - MOCHILA_LOLA 
⚠ Placeholder detectado: 103577 - MOCHILA_LOLA 
⚠ Placeholder detectado: 103578 - MOCHILA_LOLA 
⚠ Placeholder detectado: 103579 - MOCHILA_LOLA 
⚠ Placeholder detectado: 103580 - MOCHILA_LOLA 
⚠ Placeholder detectado: 103581 - MOCHILA_LOLA 
⚠ Placeholder detectado: 103582 - MOCHILA_MARINERA 
⚠ Placeholder detectado: 103583 - MOCHILA_MARINERA 
⚠ Placeholder detectado: 103584 - MOCHILA_MARINERA 
⚠ Placeholder detectado: 103585 - MOCHILA_SANDRA_SET 
⚠ Placeholder detectado: 103586 - MONEDERO_EVA 
⚠ Placeholder detectado: 103587 - MONEDERO_JANE 
⚠ Placeholder detectado: 103588 - MONEDERO_MAIA 
⚠ Placeholder detectado: 103589 - MONEDERO_RITA 
⚠ Placeholder detectado: 103590 - NECESSAIRE_ROCIO_SET 
⚠ Placeholder detectado: 103591 - NECESSAIRE_TOM 
⚠ Placeholder detectado: 103592 - PHONEBAG_01 
⚠ Placeholder detectado: 103593 - PHONEBAG_01 
⚠ Placeholder detectado: 103594 - PHONEBAG_01 
⚠ Placeholder detectado: 103595 - PHONEBAG_01 
⚠ Placeholder detectado: 103596 - PHONEBAG_01 
⚠ Placeholder detectado: 103597 - PHONEBAG_01 
⚠ Placeholder detectado: 103598 - PHONEBAG_01 
⚠ Placeholder detectado: 103599 - PHONEBAG_01 
⚠ Placeholder detectado: 103600 - PHONEBAG_SOFIA 
⚠ Placeholder detectado: 103601 - PHONEBAG_SOFIA 
⚠ Placeholder detectado: 103602 - PHONEBAG_SOFIA 
⚠ Placeholder detectado: 103603 - PHONEBAG_SOFIA 
⚠ Placeholder detectado: 103604 - PHONEBAG_SOFIA 
⚠ Placeholder detectado: 103605 - PORTACOSMETICOS_LAURA 
⚠ Placeholder detectado: 103606 - PORTACOSMETICOS_LAURA 
⚠ Placeholder detectado: 103607 - PORTACOSMETICOS_LAURA 
⚠ Placeholder detectado: 103608 - PORTACOSMETICOS_LAURA 
⚠ Placeholder detectado: 103609 - PORTACOSMETICOS_LAURA 
⚠ Placeholder detectado: 103610 - PORTACOSMETICOS_LAURA 
"
"1","Procesando lote desde offset:"
"1"," "
"1","3600"
"1"," "
"1","
"
"1"," → válidos:"
"1"," "
"1","200"
"1"," "
"1","/"
"1"," "
"1","200"
"1"," "
"1","
"
"1","⚠ Placeholder detectado: 103611 - PORTACOSMETICOS_LAURA 
⚠ Placeholder detectado: 103612 - PORTACOSMETICOS_LAURA 
⚠ Placeholder detectado: 103613 - PORTACOSMETICOS_LAURA 
⚠ Placeholder detectado: 103614 - PORTACOSMETICOS_LAURA 
⚠ Placeholder detectado: 103615 - PORTACOSMETICOS_LAURA 
⚠ Placeholder detectado: 103616 - PORTACOSMETICOS_LAURA 
⚠ Placeholder detectado: 103617 - PORTACOSMETICOS_UMA 
⚠ Placeholder detectado: 103618 - PORTACOSMETICOS_UMA 
⚠ Placeholder detectado: 103619 - PORTACOSMETICOS_UMA 
⚠ Placeholder detectado: 103620 - PORTACOSMETICOS_UMA 
⚠ Placeholder detectado: 103621 - PORTACOSMETICOS_UMA 
⚠ Placeholder detectado: 103622 - PORTACOSMETICOS_UMA 
⚠ Placeholder detectado: 103623 - PORTACOSMETICOS_UMA 
⚠ Placeholder detectado: 103624 - PORTACOSMETICOS_UMA 
⚠ Placeholder detectado: 103625 - PORTACOSMETICOS_UMA 
⚠ Placeholder detectado: 103626 - PORTACOSMETICOS_UMA 
⚠ Placeholder detectado: 103627 - PORTACOSMETICOS_UMA 
⚠ Placeholder detectado: 103628 - PORTACOSMETICOS_UMA 
⚠ Placeholder detectado: 103629 - PORTACOSMETICOS_UMA 
⚠ Placeholder detectado: 103630 - PORTACOSMETICOS_UMA 
⚠ Placeholder detectado: 103631 - PORTALENTES_LUZ 
⚠ Placeholder detectado: 103632 - PORTALENTES_LUZ 
⚠ Placeholder detectado: 103642 - PULSERA_CRISTAL_ROMBO_AZUL 
⚠ Placeholder detectado: 103643 - PULSERA_CRISTAL_ROMBO_BEIGE 
⚠ Placeholder detectado: 103644 - PULSERA_CRISTAL_ROMBO_BLANCO 
⚠ Placeholder detectado: 103645 - PULSERA_CRISTAL_ROMBO_CELESTE 
⚠ Placeholder detectado: 103646 - PULSERA_CRISTAL_ROMBO_GRIS 
⚠ Placeholder detectado: 103647 - PULSERA_CRISTAL_ROMBO_ROJO 
⚠ Placeholder detectado: 103648 - PULSERA_CRISTAL_ROMBO_ROSA 
⚠ Placeholder detectado: 103649 - PULSERA_CRISTAL_ROMBO_VIOLETA 
"
"1","⚠ Placeholder detectado: 103717 - RIÑONERA_BRUNA 
⚠ Placeholder detectado: 103718 - RIÑONERA_CARLA 
⚠ Placeholder detectado: 103719 - RIÑONERA_CARLA 
⚠ Placeholder detectado: 103720 - RIÑONERA_CARLA 
⚠ Placeholder detectado: 103721 - RIÑONERA_CARLA 
⚠ Placeholder detectado: 103722 - RIÑONERA_CARLA 
⚠ Placeholder detectado: 103723 - RIÑONERA_CARLA 
⚠ Placeholder detectado: 103724 - RIÑONERA_CARLA 
⚠ Placeholder detectado: 103725 - RIÑONERA_CARLA 
⚠ Placeholder detectado: 103726 - RIÑONERA_FLAT 
⚠ Placeholder detectado: 103727 - RIÑONERA_FLAT 
⚠ Placeholder detectado: 103728 - RIÑONERA_FLAT 
⚠ Placeholder detectado: 103729 - RIÑONERA_FLAT 
⚠ Placeholder detectado: 103730 - RIÑONERA_FLAT 
⚠ Placeholder detectado: 103731 - RIÑONERA_FLAT 
⚠ Placeholder detectado: 103733 - SCRAP_BEAUTY_3990 
⚠ Placeholder detectado: 103734 - SCRAP_BEAUTY_4990 
⚠ Placeholder detectado: 103735 - SCRAP_BEAUTY_5990 
⚠ Placeholder detectado: 103736 - SCRAP_BEAUTY_6990 
⚠ Placeholder detectado: 103737 - SCRAP_BEAUTY_7990 
⚠ Placeholder detectado: 103738 - SCRAP_BEAUTY_8990 
⚠ Placeholder detectado: 103739 - SCRAP_BEAUTY_9990 
⚠ Placeholder detectado: 103740 - SCRAP_BIJOU_1990 
⚠ Placeholder detectado: 103741 - SCRAP_BIJOU_2990 
⚠ Placeholder detectado: 103742 - SCRAP_BIJOU_3990 
⚠ Placeholder detectado: 103743 - SCRAP_BIJOU_4990 
⚠ Placeholder detectado: 103744 - SCRAP_BIJOU_5990 
⚠ Placeholder detectado: 103745 - SCRAP_BIJOU_6990 
⚠ Placeholder detectado: 103746 - SCRAP_HOME_14990 
⚠ Placeholder detectado: 103747 - SCRAP_HOME_1990 
⚠ Placeholder detectado: 103748 - SCRAP_HOME_19990 
⚠ Placeholder detectado: 103749 - SCRAP_HOME_2990 
⚠ Placeholder detectado: 103750 - SCRAP_HOME_29990 
⚠ Placeholder detectado: 103751 - SCRAP_HOME_3990 
⚠ Placeholder detectado: 103752 - SCRAP_HOME_4990 
⚠ Placeholder detectado: 103753 - SCRAP_HOME_5990 
⚠ Placeholder detectado: 103754 - SCRAP_HOME_6990 
⚠ Placeholder detectado: 103755 - SCRAP_HOME_7990 
⚠ Placeholder detectado: 103756 - SCRAP_HOME_8990 
⚠ Placeholder detectado: 103757 - SCRAP_HOME_9990 
⚠ Placeholder detectado: 103758 - SCRAP_MARRO_CHICA_14990 
⚠ Placeholder detectado: 103759 - SCRAP_MARRO_CHICA_3990 
⚠ Placeholder detectado: 103760 - SCRAP_MARRO_CHICA_4990 
"
"1","⚠ Placeholder detectado: 103761 - SCRAP_MARRO_CHICA_5990 
⚠ Placeholder detectado: 103762 - SCRAP_MARRO_CHICA_6990 
⚠ Placeholder detectado: 103763 - SCRAP_MARRO_CHICA_7990 
⚠ Placeholder detectado: 103764 - SCRAP_MARRO_CHICA_8990 
⚠ Placeholder detectado: 103765 - SCRAP_MARRO_CHICA_9990 
⚠ Placeholder detectado: 103766 - SCRAP_MARRO_GRANDE_14990 
⚠ Placeholder detectado: 103767 - SCRAP_MARRO_GRANDE_19990 
⚠ Placeholder detectado: 103768 - SCRAP_MARRO_GRANDE_24990 
⚠ Placeholder detectado: 103769 - SCRAP_MARRO_GRANDE_29990 
⚠ Placeholder detectado: 103770 - SCRAP_MARRO_GRANDE_34990 
⚠ Placeholder detectado: 103771 - SCRAP_MARRO_GRANDE_39990 
⚠ Placeholder detectado: 103772 - SCRAP_MARRO_GRANDE_44990 
⚠ Placeholder detectado: 103773 - SCRAP_PELO_1490 
⚠ Placeholder detectado: 103774 - SCRAP_PELO_1990 
⚠ Placeholder detectado: 103775 - SCRAP_PELO_2990 
⚠ Placeholder detectado: 103776 - SCRAP_PELO_3990 
⚠ Placeholder detectado: 103777 - SCRAP_PELO_6990 
⚠ Placeholder detectado: 103778 - SCRAP_TEXTIL_14990 
⚠ Placeholder detectado: 103779 - SCRAP_TEXTIL_19990 
⚠ Placeholder detectado: 103780 - SCRAP_TEXTIL_24990 
⚠ Placeholder detectado: 103781 - SCRAP_TEXTIL_29990 
⚠ Placeholder detectado: 103782 - SCRAP_TEXTIL_34990 
⚠ Placeholder detectado: 103783 - SCRAP_TEXTIL_39990 
⚠ Placeholder detectado: 103784 - SCRAP_TEXTIL_44990 
⚠ Placeholder detectado: 103785 - SCRAP_TEXTIL_7990 
⚠ Placeholder detectado: 103786 - SCRAP_TEXTIL_8990 
⚠ Placeholder detectado: 103787 - SCRAP_TEXTIL_9990 
"
"1","Procesando lote desde offset:"
"1"," "
"1","3800"
"1"," "
"1","
"
"1"," → válidos:"
"1"," "
"1","200"
"1"," "
"1","/"
"1"," "
"1","200"
"1"," "
"1","
"
"1","⚠ Placeholder detectado: 103856 - SET_X2_PULSERAS_CRISTAL_ROMBO_BLANCO_BEIGE 
⚠ Placeholder detectado: 103857 - SET_X2_PULSERAS_CRISTAL_ROMBO_CELESTE_AZUL 
⚠ Placeholder detectado: 103858 - SET_X2_PULSERAS_CRISTAL_ROMBO_ROSA_ROJO 
⚠ Placeholder detectado: 103859 - SET_X2_PULSERAS_CRISTAL_ROMBO_VIOLETA_GRIS 
"
"1","⚠ Placeholder detectado: 103935 - SHOPPER_CORA 
⚠ Placeholder detectado: 103936 - SHOPPER_CORA 
⚠ Placeholder detectado: 103937 - SHOPPER_CORA 
⚠ Placeholder detectado: 103938 - SHOPPER_FLORES 
⚠ Placeholder detectado: 103939 - SHOPPER_MARU 
⚠ Placeholder detectado: 103940 - SHOPPER_MARU 
⚠ Placeholder detectado: 103941 - SHOPPER_MARU 
⚠ Placeholder detectado: 103942 - SHOPPER_MARU 
⚠ Placeholder detectado: 103943 - SHOPPER_MARU 
⚠ Placeholder detectado: 103944 - SHOPPER_MARU 
⚠ Placeholder detectado: 103945 - SHOPPER_MARU 
⚠ Placeholder detectado: 103946 - SHOPPER_MARU 
⚠ Placeholder detectado: 103947 - SHOPPER_MARU 
⚠ Placeholder detectado: 103948 - SHOPPER_MARU 
⚠ Placeholder detectado: 103949 - SHOPPER_MARU 
⚠ Placeholder detectado: 103950 - SOBRE_ANALIA_CHICO 
⚠ Placeholder detectado: 103951 - SOBRE_ANALIA_CHICO 
⚠ Placeholder detectado: 103952 - SOBRE_ANALIA_CHICO 
⚠ Placeholder detectado: 103953 - SOBRE_ANALIA_CHICO 
⚠ Placeholder detectado: 103954 - SOBRE_ANALIA_CHICO 
⚠ Placeholder detectado: 103955 - SOBRE_ANALIA_CHICO 
⚠ Placeholder detectado: 103956 - SOBRE_ANALIA_CHICO 
⚠ Placeholder detectado: 103957 - SOBRE_ANALIA_CHICO 
⚠ Placeholder detectado: 103958 - SOBRE_ANALIA_CHICO 
⚠ Placeholder detectado: 103959 - SOBRE_ANALIA_CHICO 
⚠ Placeholder detectado: 103960 - SOBRE_ANALIA_CHICO 
"
"1","⚠ Placeholder detectado: 103961 - SOBRE_ANALIA_GRANDE 
⚠ Placeholder detectado: 103962 - SOBRE_ANALIA_GRANDE 
⚠ Placeholder detectado: 103963 - SOBRE_ANALIA_GRANDE 
⚠ Placeholder detectado: 103964 - SOBRE_ANALIA_GRANDE 
⚠ Placeholder detectado: 103965 - SOBRE_ANALIA_GRANDE 
⚠ Placeholder detectado: 103966 - SOBRE_ANALIA_GRANDE 
⚠ Placeholder detectado: 103967 - SOBRE_ANALIA_GRANDE 
⚠ Placeholder detectado: 103968 - SOBRE_ANALIA_GRANDE 
⚠ Placeholder detectado: 103969 - SOBRE_ANALIA_GRANDE 
⚠ Placeholder detectado: 103970 - SOBRE_ANALIA_GRANDE 
⚠ Placeholder detectado: 103971 - SOBRE_ANALIA_GRANDE 
⚠ Placeholder detectado: 103972 - SOBRE_PAMPA_CHICO 
⚠ Placeholder detectado: 103973 - SOBRE_PAMPA_CHICO 
⚠ Placeholder detectado: 103974 - SOBRE_PAMPA_CHICO 
⚠ Placeholder detectado: 103975 - SOBRE_PAMPA_CHICO 
⚠ Placeholder detectado: 103976 - SOBRE_PAMPA_GRANDE 
⚠ Placeholder detectado: 103977 - SOBRE_PRAGA 
⚠ Placeholder detectado: 103978 - SOBRE_PRAGA 
⚠ Placeholder detectado: 103979 - SOBRE_PRAGA 
⚠ Placeholder detectado: 103980 - SOBRE_PRAGA_TACHAS 
⚠ Placeholder detectado: 103981 - TOTE_LILY 
⚠ Placeholder detectado: 103982 - TOTE_TATI 
⚠ Placeholder detectado: 103983 - TOTE_TATI 
⚠ Placeholder detectado: 103984 - TOTE_TATI 
⚠ Placeholder detectado: 103985 - TOTE_TATI 
⚠ Placeholder detectado: 103986 - ANILLO_INFANTIL 
⚠ Placeholder detectado: 103987 - ANILLO_INFANTIL 
⚠ Placeholder detectado: 103988 - ANILLO_INFANTIL 
⚠ Placeholder detectado: 103989 - ANILLO_INFANTIL 
⚠ Placeholder detectado: 103990 - ANILLO_INFANTIL 
⚠ Placeholder detectado: 103991 - ANILLO_INFANTIL 
⚠ Placeholder detectado: 103992 - ANILLO_INFANTIL 
⚠ Placeholder detectado: 103993 - ANILLO_INFANTIL 
⚠ Placeholder detectado: 103994 - ANILLO_INFANTIL 
⚠ Placeholder detectado: 103995 - ANILLO_INFANTIL 
⚠ Placeholder detectado: 103997 - CARTERA_VERA 
⚠ Placeholder detectado: 103998 - CARTERA_LONDRES 
⚠ Placeholder detectado: 103999 - LLAVERO_ABC 
⚠ Placeholder detectado: 104000 - CARTERA_LONDRES 
⚠ Placeholder detectado: 104049 - PILUSO_NARI 
⚠ Placeholder detectado: 104050 - PILUSO_NARI 
⚠ Placeholder detectado: 104051 - SOMBRERO_LOLI 
⚠ Placeholder detectado: 104060 - PULSERA_ROLO_OVAL_0_6 
⚠ Placeholder detectado: 104061 - CADENA_TOURBILLON 
⚠ Placeholder detectado: 104062 - CADENA_FORCET_FACETADA 
⚠ Placeholder detectado: 104063 - CADENA_FORCET_FACETADA_LARGA_1_0 
⚠ Placeholder detectado: 104064 - TIRITA_GAMUZA_ 
⚠ Placeholder detectado: 104065 - TIRITA_GAMUZA_ 
"
"1","Procesando lote desde offset:"
"1"," "
"1","4000"
"1"," "
"1","
"
"1"," → válidos:"
"1"," "
"1","200"
"1"," "
"1","/"
"1"," "
"1","200"
"1"," "
"1","
"
"1","⚠ Placeholder detectado: 104066 - TIRITA_GAMUZA_ 
⚠ Placeholder detectado: 104067 - TIRITA_GAMUZA_ 
⚠ Placeholder detectado: 104068 - TIRITA_GAMUZA_ 
⚠ Placeholder detectado: 104069 - TIRITA_GAMUZA_ 
⚠ Placeholder detectado: 104070 - TIRITA_GAMUZA_ 
⚠ Placeholder detectado: 104071 - TIRITA_GAMUZA_ 
⚠ Placeholder detectado: 104072 - TIRITA_GAMUZA_ 
⚠ Placeholder detectado: 104073 - TIRITA_GAMUZA_ 
⚠ Placeholder detectado: 104074 - TIRITA_GAMUZA_ 
⚠ Placeholder detectado: 104075 - TIRITA_GAMUZA_ 
⚠ Placeholder detectado: 104076 - TIRITA_GAMUZA_ 
⚠ Placeholder detectado: 104077 - TIRITA_GAMUZA_ 
⚠ Placeholder detectado: 104078 - TIRITA_GAMUZA_ 
⚠ Placeholder detectado: 104079 - TIRITA_GAMUZA_ 
⚠ Placeholder detectado: 104080 - TIRITA_GAMUZA_ 
⚠ Placeholder detectado: 104081 - TIRITA_GAMUZA_ 
⚠ Placeholder detectado: 104082 - TIRITA_GAMUZA_ 
⚠ Placeholder detectado: 104083 - TIRITA_GAMUZA_ 
⚠ Placeholder detectado: 104084 - TIRITA_GAMUZA_ 
⚠ Placeholder detectado: 104085 - TIRITA_GAMUZA_ 
⚠ Placeholder detectado: 104086 - TIRITA_GAMUZA_ 
⚠ Placeholder detectado: 104087 - TIRITA_GAMUZA_ 
⚠ Placeholder detectado: 104088 - TIRITA_GAMUZA_ 
⚠ Placeholder detectado: 104089 - TIRITA_GAMUZA_ 
⚠ Placeholder detectado: 104090 - TIRITA_GAMUZA_ 
⚠ Placeholder detectado: 104091 - TIRITA_GAMUZA_ 
⚠ Placeholder detectado: 104092 - TIRITA_GAMUZA_ 
⚠ Placeholder detectado: 104093 - TIRITA_GAMUZA_ 
⚠ Placeholder detectado: 104094 - TIRITA_GAMUZA_ 
⚠ Placeholder detectado: 104095 - TIRITA_GAMUZA_ 
⚠ Placeholder detectado: 104096 - PORTAPASAPORTE_WARA 
⚠ Placeholder detectado: 104097 - TIRITA_GAMUZA_ 
⚠ Placeholder detectado: 104126 - TARJETERO_RUBI 
⚠ Placeholder detectado: 104127 - PORTAPASAPORTE_CHESTER 
"
"1","⚠ Placeholder detectado: 104151 - ARO_PASANTE_SIMIL_STRASS_NIQUEL_ 
"
"1","⚠ Placeholder detectado: 104180 - TIRITA_GAMUZA_ 
⚠ Placeholder detectado: 104181 - TIRITA_GAMUZA_ 
⚠ Placeholder detectado: 104182 - TOTE_TILCARA 
⚠ Placeholder detectado: 104183 - PORTAPASAPORTE_WARA 
⚠ Placeholder detectado: 104184 - TOTE_TILCARA 
⚠ Placeholder detectado: 104185 - BILLETERA_ARLO 
⚠ Placeholder detectado: 104186 - FUNDA_DE_CUADERNO_A4 
⚠ Placeholder detectado: 104187 - FUNDA_DE_CUADERNO_A4 
⚠ Placeholder detectado: 104188 - FUNDA_DE_CUADERNO_A5 
⚠ Placeholder detectado: 104189 - FUNDA_DE_CUADERNO_A5 
⚠ Placeholder detectado: 104190 - FUNDA_DE_CUADERNO_A6 
⚠ Placeholder detectado: 104191 - FUNDA_DE_CUADERNO_A6 
⚠ Placeholder detectado: 104196 - TOTE_MALVA 
⚠ Placeholder detectado: 104197 - SOBRE_ANALIA_GRANDE 
⚠ Placeholder detectado: 104198 - CARTUCHERA_JANA 
⚠ Placeholder detectado: 104199 - PORTAPASAPORTE_CHESTER 
⚠ Placeholder detectado: 104200 - BANDOLERA_ANTONIETA 
⚠ Placeholder detectado: 104201 - PORTALENTES_NOLE__LINEA_FRUNCES_ 
⚠ Placeholder detectado: 104202 - PULSERA_ROMA 
⚠ Placeholder detectado: 104203 - PULSERA_ROMA 
⚠ Placeholder detectado: 104204 - PULSERA_ROMA 
⚠ Placeholder detectado: 104205 - PULSERA_ROMA 
⚠ Placeholder detectado: 104206 - PULSERA_ROMA 
⚠ Placeholder detectado: 104207 - PULSERA_ROMA 
⚠ Placeholder detectado: 104208 - PULSERA_ROMA 
⚠ Placeholder detectado: 104209 - PULSERA_ROMA 
⚠ Placeholder detectado: 104210 - PULSERA_ROMA 
⚠ Placeholder detectado: 104211 - PULSERA_ROMA 
⚠ Placeholder detectado: 104212 - PULSERA_ROMA 
⚠ Placeholder detectado: 104213 - PULSERA_ROMA 
⚠ Placeholder detectado: 104214 - PULSERA_ROMA 
⚠ Placeholder detectado: 104215 - PULSERA_ROMA 
⚠ Placeholder detectado: 104216 - PULSERA_ROMA 
⚠ Placeholder detectado: 104217 - PULSERA_ROMA 
⚠ Placeholder detectado: 104218 - PULSERA_ROMA 
⚠ Placeholder detectado: 104219 - PULSERA_ROMA 
⚠ Placeholder detectado: 104220 - PULSERA_TRENZADA 
⚠ Placeholder detectado: 104221 - PULSERA_TRENZADA 
⚠ Placeholder detectado: 104222 - PULSERA_TRENZADA 
⚠ Placeholder detectado: 104223 - PULSERA_TRENZADA 
⚠ Placeholder detectado: 104224 - PULSERA_TRENZADA 
⚠ Placeholder detectado: 104225 - PULSERA_TRENZADA 
⚠ Placeholder detectado: 104226 - PULSERA_TRENZADA 
⚠ Placeholder detectado: 104227 - PULSERA_TRENZADA 
⚠ Placeholder detectado: 104228 - PULSERA_TRENZADA 
"
"1","⚠ Placeholder detectado: 104229 - PULSERA_TRENZADA 
⚠ Placeholder detectado: 104230 - PULSERA_TRENZADA 
⚠ Placeholder detectado: 104231 - PULSERA_TRENZADA 
⚠ Placeholder detectado: 104232 - PULSERA_TRENZADA 
⚠ Placeholder detectado: 104233 - PULSERA_TRENZADA 
⚠ Placeholder detectado: 104234 - PULSERA_TRENZADA 
⚠ Placeholder detectado: 104235 - PULSERA_TRENZADA 
⚠ Placeholder detectado: 104236 - PULSERA_TRENZADA 
⚠ Placeholder detectado: 104237 - PULSERA_TRENZADA 
⚠ Placeholder detectado: 104238 - BRAZALETE__1_ 
⚠ Placeholder detectado: 104239 - BRAZALETE__1_ 
⚠ Placeholder detectado: 104240 - BRAZALETE__1_ 
⚠ Placeholder detectado: 104241 - BRAZALETE__1_ 
⚠ Placeholder detectado: 104242 - BRAZALETE__1_ 
⚠ Placeholder detectado: 104243 - BRAZALETE__1_ 
⚠ Placeholder detectado: 104244 - BRAZALETE__1_ 
⚠ Placeholder detectado: 104245 - BRAZALETE__1_ 
⚠ Placeholder detectado: 104246 - BRAZALETE__1_ 
⚠ Placeholder detectado: 104247 - BRAZALETE__1_ 
⚠ Placeholder detectado: 104248 - BRAZALETE__1_ 
⚠ Placeholder detectado: 104249 - BRAZALETE__1_ 
⚠ Placeholder detectado: 104250 - BRAZALETE__2_ 
⚠ Placeholder detectado: 104251 - BRAZALETE__2_ 
⚠ Placeholder detectado: 104252 - BRAZALETE__2_ 
⚠ Placeholder detectado: 104253 - BRAZALETE__2_ 
⚠ Placeholder detectado: 104254 - BRAZALETE__2_ 
⚠ Placeholder detectado: 104255 - BRAZALETE__2_ 
⚠ Placeholder detectado: 104256 - BRAZALETE__2_ 
⚠ Placeholder detectado: 104257 - BRAZALETE__2_ 
⚠ Placeholder detectado: 104258 - BRAZALETE__2_ 
⚠ Placeholder detectado: 104259 - BRAZALETE__2_ 
⚠ Placeholder detectado: 104260 - BRAZALETE__2_ 
⚠ Placeholder detectado: 104261 - BRAZALETE__2_ 
⚠ Placeholder detectado: 104262 - BRAZALETE__3_ 
⚠ Placeholder detectado: 104263 - BRAZALETE__3_ 
⚠ Placeholder detectado: 104264 - BRAZALETE__3_ 
⚠ Placeholder detectado: 104265 - BRAZALETE__3_ 
⚠ Placeholder detectado: 104266 - BRAZALETE__3_ 
⚠ Placeholder detectado: 104267 - BRAZALETE__3_ 
⚠ Placeholder detectado: 104268 - BRAZALETE__3_ 
⚠ Placeholder detectado: 104269 - BRAZALETE__3_ 
⚠ Placeholder detectado: 104270 - BRAZALETE__3_ 
⚠ Placeholder detectado: 104271 - BRAZALETE__3_ 
⚠ Placeholder detectado: 104272 - BRAZALETE__3_ 
⚠ Placeholder detectado: 104273 - BRAZALETE__3_ 
⚠ Placeholder detectado: 104274 - TIRITA_GAMUZA_ 
⚠ Placeholder detectado: 104275 - TIRITA_GAMUZA_ 
⚠ Placeholder detectado: 104276 - TIRITA_GAMUZA_ 
⚠ Placeholder detectado: 104277 - TIRITA_GAMUZA_ 
"
"1","Procesando lote desde offset:"
"1"," "
"1","4200"
"1"," "
"1","
"
"1"," → válidos:"
"1"," "
"1","200"
"1"," "
"1","/"
"1"," "
"1","200"
"1"," "
"1","
"
"1","⚠ Placeholder detectado: 104279 - CARTERA_MINI_EMMA 
⚠ Placeholder detectado: 104280 - BILLETERA_LUCA 
⚠ Placeholder detectado: 104281 - SANDALIA_LOLA_C_TACO 
⚠ Placeholder detectado: 104282 - SANDALIA_LOLA_C_TACO 
⚠ Placeholder detectado: 104283 - SANDALIA_LOLA_C_TACO 
⚠ Placeholder detectado: 104284 - SANDALIA_LOLA_C_TACO 
⚠ Placeholder detectado: 104285 - SANDALIA_LOLA_C_TACO 
⚠ Placeholder detectado: 104286 - SANDALIA_LOLA 
⚠ Placeholder detectado: 104287 - SANDALIA_LOLA 
⚠ Placeholder detectado: 104288 - SANDALIA_LOLA 
⚠ Placeholder detectado: 104289 - SANDALIA_LOLA 
⚠ Placeholder detectado: 104290 - SANDALIA_LOLA 
⚠ Placeholder detectado: 104308 - DRIVER_BRUNO 
⚠ Placeholder detectado: 104309 - DRIVER_BRUNO 
⚠ Placeholder detectado: 104310 - DRIVER_BRUNO 
⚠ Placeholder detectado: 104311 - DRIVER_BRUNO 
⚠ Placeholder detectado: 104312 - DRIVER_BRUNO 
⚠ Placeholder detectado: 104313 - DRIVER_BRUNO 
⚠ Placeholder detectado: 104314 - DRIVER_BRUNO 
⚠ Placeholder detectado: 104315 - DRIVER_BRUNO 
⚠ Placeholder detectado: 104316 - DRIVER_BRUNO 
⚠ Placeholder detectado: 104317 - DRIVER_BRUNO 
⚠ Placeholder detectado: 104318 - DRIVER_BRUNO 
⚠ Placeholder detectado: 104319 - DRIVER_BRUNO 
⚠ Placeholder detectado: 104320 - DRIVER_BRUNO 
⚠ Placeholder detectado: 104321 - DRIVER_BRUNO 
⚠ Placeholder detectado: 104322 - DRIVER_BRUNO 
⚠ Placeholder detectado: 104323 - DRIVER_BRUNO 
⚠ Placeholder detectado: 104324 - DRIVER_BRUNO 
⚠ Placeholder detectado: 104325 - DRIVER_BRUNO 
⚠ Placeholder detectado: 104326 - DRIVER_BRUNO 
⚠ Placeholder detectado: 104327 - DRIVER_BRUNO 
⚠ Placeholder detectado: 104328 - DRIVER_BRUNO 
"
"1","⚠ Placeholder detectado: 104329 - DRIVER_BRUNO 
⚠ Placeholder detectado: 104330 - DRIVER_BRUNO 
⚠ Placeholder detectado: 104331 - DRIVER_BRUNO 
⚠ Placeholder detectado: 104332 - DRIVER_BRUNO 
⚠ Placeholder detectado: 104333 - DRIVER_BRUNO 
⚠ Placeholder detectado: 104334 - DRIVER_BRUNO 
⚠ Placeholder detectado: 104335 - DRIVER_BRUNO 
⚠ Placeholder detectado: 104336 - DRIVER_ERIC 
⚠ Placeholder detectado: 104337 - DRIVER_ERIC 
⚠ Placeholder detectado: 104338 - DRIVER_ERIC 
⚠ Placeholder detectado: 104339 - DRIVER_ERIC 
⚠ Placeholder detectado: 104340 - DRIVER_ERIC 
⚠ Placeholder detectado: 104341 - DRIVER_ERIC 
⚠ Placeholder detectado: 104342 - DRIVER_ERIC 
⚠ Placeholder detectado: 104343 - MOCASIN_MOÑO_BEL 
⚠ Placeholder detectado: 104344 - MOCASIN_MOÑO_BEL 
⚠ Placeholder detectado: 104345 - MOCASIN_MOÑO_BEL 
⚠ Placeholder detectado: 104346 - MOCASIN_MOÑO_BEL 
⚠ Placeholder detectado: 104347 - MOCASIN_MOÑO_BEL 
⚠ Placeholder detectado: 104348 - MOCASIN_MOÑO_BEL 
⚠ Placeholder detectado: 104349 - MOCASIN_MOÑO_BEL 
⚠ Placeholder detectado: 104350 - DRIVER_VICTOR_ 
⚠ Placeholder detectado: 104351 - DRIVER_VICTOR_ 
⚠ Placeholder detectado: 104352 - DRIVER_VICTOR_ 
⚠ Placeholder detectado: 104353 - DRIVER_VICTOR_ 
⚠ Placeholder detectado: 104354 - DRIVER_VICTOR_ 
⚠ Placeholder detectado: 104355 - DRIVER_VICTOR_ 
⚠ Placeholder detectado: 104356 - DRIVER_VICTOR_ 
⚠ Placeholder detectado: 104357 - MOCASIN_AXEL 
⚠ Placeholder detectado: 104358 - MOCASIN_AXEL 
⚠ Placeholder detectado: 104359 - MOCASIN_AXEL 
⚠ Placeholder detectado: 104360 - MOCASIN_AXEL 
⚠ Placeholder detectado: 104361 - MOCASIN_AXEL 
⚠ Placeholder detectado: 104362 - MOCASIN_AXEL 
⚠ Placeholder detectado: 104363 - MOCASIN_AXEL 
⚠ Placeholder detectado: 104364 - MOCASIN_DESI 
⚠ Placeholder detectado: 104365 - MOCASIN_DESI 
⚠ Placeholder detectado: 104366 - MOCASIN_DESI 
⚠ Placeholder detectado: 104367 - MOCASIN_DESI 
⚠ Placeholder detectado: 104368 - MOCASIN_DESI 
⚠ Placeholder detectado: 104369 - MOCASIN_DESI 
⚠ Placeholder detectado: 104370 - MOCASIN_DESI 
⚠ Placeholder detectado: 104371 - MOCASIN_DESI 
⚠ Placeholder detectado: 104372 - MOCASIN_DESI 
⚠ Placeholder detectado: 104373 - MOCASIN_DESI 
⚠ Placeholder detectado: 104374 - MOCASIN_DESI 
⚠ Placeholder detectado: 104375 - MOCASIN_DESI 
⚠ Placeholder detectado: 104376 - MOCASIN_DESI 
⚠ Placeholder detectado: 104377 - MOCASIN_DESI 
⚠ Placeholder detectado: 104378 - MOCASIN_DESI 
"
"1","⚠ Placeholder detectado: 104379 - MOCASIN_HECTOR 
⚠ Placeholder detectado: 104380 - MOCASIN_HECTOR 
⚠ Placeholder detectado: 104381 - MOCASIN_HECTOR 
⚠ Placeholder detectado: 104382 - MOCASIN_HECTOR 
⚠ Placeholder detectado: 104383 - MOCASIN_HECTOR 
⚠ Placeholder detectado: 104384 - MOCASIN_HECTOR 
⚠ Placeholder detectado: 104385 - MOCASIN_HECTOR 
⚠ Placeholder detectado: 104386 - MOCASIN_HERRAJE_SOLEIL 
⚠ Placeholder detectado: 104387 - MOCASIN_HERRAJE_SOLEIL 
⚠ Placeholder detectado: 104388 - MOCASIN_HERRAJE_SOLEIL 
⚠ Placeholder detectado: 104389 - MOCASIN_HERRAJE_SOLEIL 
⚠ Placeholder detectado: 104390 - MOCASIN_HERRAJE_SOLEIL 
⚠ Placeholder detectado: 104391 - MOCASIN_HERRAJE_SOLEIL 
⚠ Placeholder detectado: 104392 - MOCASIN_HERRAJE_SOLEIL 
⚠ Placeholder detectado: 104393 - MOCASIN_HERRAJE_SOLEIL 
⚠ Placeholder detectado: 104394 - MOCASIN_HERRAJE_SOLEIL 
⚠ Placeholder detectado: 104395 - MOCASIN_HERRAJE_SOLEIL 
⚠ Placeholder detectado: 104396 - MOCASIN_ISA 
⚠ Placeholder detectado: 104397 - MOCASIN_ISA 
⚠ Placeholder detectado: 104398 - MOCASIN_ISA 
⚠ Placeholder detectado: 104399 - MOCASIN_ISA 
⚠ Placeholder detectado: 104400 - MOCASIN_ISA 
⚠ Placeholder detectado: 104401 - MOCASIN_ISA 
⚠ Placeholder detectado: 104402 - MOCASIN_ISA 
⚠ Placeholder detectado: 104403 - MOCASIN_ISA 
⚠ Placeholder detectado: 104404 - MOCASIN_ISA 
⚠ Placeholder detectado: 104405 - MOCASIN_ISA 
⚠ Placeholder detectado: 104406 - MOCASIN_MOÑO_BEL 
⚠ Placeholder detectado: 104407 - MOCASIN_MOÑO_BEL 
⚠ Placeholder detectado: 104408 - DRIVER_ 
⚠ Placeholder detectado: 104409 - DRIVER_ 
⚠ Placeholder detectado: 104410 - DRIVER_ 
⚠ Placeholder detectado: 104411 - DRIVER_ 
⚠ Placeholder detectado: 104412 - DRIVER_ 
⚠ Placeholder detectado: 104413 - DRIVER_ 
⚠ Placeholder detectado: 104414 - DRIVER_ 
⚠ Placeholder detectado: 104415 - DRIVER_ 
⚠ Placeholder detectado: 104416 - DRIVER_ 
⚠ Placeholder detectado: 104417 - DRIVER_ 
⚠ Placeholder detectado: 104418 - DRIVER_ 
⚠ Placeholder detectado: 104419 - DRIVER_ 
⚠ Placeholder detectado: 104420 - DRIVER_ 
⚠ Placeholder detectado: 104421 - DRIVER_ 
⚠ Placeholder detectado: 104422 - DRIVER_ 
⚠ Placeholder detectado: 104423 - DRIVER_ 
⚠ Placeholder detectado: 104424 - DRIVER_ 
⚠ Placeholder detectado: 104425 - DRIVER_ 
⚠ Placeholder detectado: 104426 - DRIVER_ 
⚠ Placeholder detectado: 104427 - DRIVER_ 
⚠ Placeholder detectado: 104428 - DRIVER_AIDA 
"
"1","⚠ Placeholder detectado: 104429 - DRIVER_AIDA 
⚠ Placeholder detectado: 104430 - DRIVER_AIDA 
⚠ Placeholder detectado: 104431 - DRIVER_AIDA 
⚠ Placeholder detectado: 104432 - DRIVER_AIDA 
⚠ Placeholder detectado: 104433 - DRIVER_AIDA 
⚠ Placeholder detectado: 104434 - DRIVER_AIDA 
⚠ Placeholder detectado: 104435 - DRIVER_AIDA 
⚠ Placeholder detectado: 104436 - DRIVER_AIDA 
⚠ Placeholder detectado: 104437 - DRIVER_AIDA 
⚠ Placeholder detectado: 104438 - DRIVER_AIDA 
⚠ Placeholder detectado: 104439 - DRIVER_AIDA 
⚠ Placeholder detectado: 104440 - DRIVER_AIDA 
⚠ Placeholder detectado: 104441 - DRIVER_AIDA 
⚠ Placeholder detectado: 104442 - DRIVER_AIDA 
⚠ Placeholder detectado: 104443 - MOCASIN_MOÑO_BEL 
⚠ Placeholder detectado: 104444 - MOCASIN_MOÑO_BEL 
⚠ Placeholder detectado: 104445 - MOCASIN_MOÑO_BEL 
⚠ Placeholder detectado: 104446 - MOCASIN_MOÑO_BEL 
⚠ Placeholder detectado: 104447 - MOCASIN_MOÑO_BEL 
⚠ Placeholder detectado: 104448 - MOCASIN_MOÑO_BEL 
⚠ Placeholder detectado: 104449 - MOCASIN_MOÑO_BEL 
⚠ Placeholder detectado: 104450 - MOCASIN_MOÑO_BEL 
⚠ Placeholder detectado: 104451 - MOCASIN_MOÑO_BEL 
⚠ Placeholder detectado: 104452 - MOCASIN_MOÑO_BEL 
⚠ Placeholder detectado: 104453 - MOCASIN_MOÑO_BEL 
⚠ Placeholder detectado: 104454 - MOCASIN_MOÑO_BEL 
⚠ Placeholder detectado: 104455 - MOCASIN_MOÑO_BEL 
⚠ Placeholder detectado: 104456 - MOCASIN_PENNY_JULIA 
⚠ Placeholder detectado: 104457 - MOCASIN_PENNY_JULIA 
⚠ Placeholder detectado: 104458 - MOCASIN_PENNY_JULIA 
⚠ Placeholder detectado: 104459 - MOCASIN_PENNY_JULIA 
⚠ Placeholder detectado: 104460 - MOCASIN_PENNY_JULIA 
⚠ Placeholder detectado: 104461 - MOCASIN_PENNY_JULIA 
⚠ Placeholder detectado: 104462 - MOCASIN_PENNY_JULIA 
⚠ Placeholder detectado: 104463 - MOCASIN_PENNY_JULIA 
⚠ Placeholder detectado: 104464 - MOCASIN_PENNY_JULIA 
⚠ Placeholder detectado: 104465 - MOCASIN_PENNY_JULIA 
⚠ Placeholder detectado: 104466 - MOCASIN_PENNY_JULIA 
⚠ Placeholder detectado: 104467 - MOCASIN_PENNY_JULIA 
⚠ Placeholder detectado: 104468 - MOCASIN_PENNY_JULIA 
⚠ Placeholder detectado: 104469 - MOCASIN_PENNY_JULIA 
⚠ Placeholder detectado: 104470 - MOCASIN_PENNY_JULIA 
⚠ Placeholder detectado: 104471 - MOCASIN_PENNY_JULIA 
⚠ Placeholder detectado: 104472 - MOCASIN_PENNY_JULIA 
⚠ Placeholder detectado: 104473 - MOCASIN_PENNY_JULIA 
⚠ Placeholder detectado: 104474 - MOCASIN_PENNY_JULIA 
⚠ Placeholder detectado: 104475 - MOCASIN_PENNY_JULIA 
⚠ Placeholder detectado: 104476 - MOCASIN_PENNY_LALO 
⚠ Placeholder detectado: 104477 - MOCASIN_PENNY_LALO 
⚠ Placeholder detectado: 104478 - MOCASIN_PENNY_LALO 
"
"1","Procesando lote desde offset:"
"1"," "
"1","4400"
"1"," "
"1","
"
"1"," → válidos:"
"1"," "
"1","200"
"1"," "
"1","/"
"1"," "
"1","200"
"1"," "
"1","
"
"1","⚠ Placeholder detectado: 104479 - MOCASIN_PENNY_LALO 
⚠ Placeholder detectado: 104480 - MOCASIN_PENNY_LALO 
⚠ Placeholder detectado: 104481 - MOCASIN_PENNY_LALO 
⚠ Placeholder detectado: 104482 - MOCASIN_PENNY_LALO 
⚠ Placeholder detectado: 104483 - MOCASIN_PENNY_PABLO 
⚠ Placeholder detectado: 104484 - MOCASIN_PENNY_PABLO 
⚠ Placeholder detectado: 104485 - MOCASIN_PENNY_PABLO 
⚠ Placeholder detectado: 104486 - MOCASIN_PENNY_PABLO 
⚠ Placeholder detectado: 104487 - MOCASIN_PENNY_PABLO 
⚠ Placeholder detectado: 104488 - MOCASIN_PENNY_PABLO 
⚠ Placeholder detectado: 104489 - MOCASIN_PENNY_PABLO 
⚠ Placeholder detectado: 104490 - MOCASIN_PENNY_PABLO 
⚠ Placeholder detectado: 104491 - MOCASIN_PENNY_PABLO 
⚠ Placeholder detectado: 104492 - MOCASIN_PENNY_PABLO 
⚠ Placeholder detectado: 104493 - MOCASIN_PENNY_PABLO 
⚠ Placeholder detectado: 104494 - MOCASIN_PENNY_PABLO 
⚠ Placeholder detectado: 104495 - MOCASIN_PENNY_PABLO 
⚠ Placeholder detectado: 104496 - MOCASIN_PENNY_PABLO 
⚠ Placeholder detectado: 104497 - MOCASIN_PENNY_PABLO 
⚠ Placeholder detectado: 104498 - MOCASIN_PENNY_PABLO 
⚠ Placeholder detectado: 104499 - MOCASIN_PENNY_PABLO 
⚠ Placeholder detectado: 104500 - MOCASIN_PENNY_PABLO 
⚠ Placeholder detectado: 104501 - MOCASIN_PENNY_PABLO 
⚠ Placeholder detectado: 104502 - MOCASIN_PENNY_PABLO 
⚠ Placeholder detectado: 104503 - MOCASIN_PENNY_PABLO 
⚠ Placeholder detectado: 104504 - MOCASIN_PENNY_PABLO 
⚠ Placeholder detectado: 104505 - MOCASIN_PENNY_PABLO 
⚠ Placeholder detectado: 104506 - MOCASIN_PENNY_PABLO 
⚠ Placeholder detectado: 104507 - MOCASIN_PENNY_PABLO 
⚠ Placeholder detectado: 104508 - MOCASIN_PENNY_PABLO 
⚠ Placeholder detectado: 104509 - MOCASIN_PENNY_PABLO 
⚠ Placeholder detectado: 104510 - MOCASIN_PENNY_PABLO 
⚠ Placeholder detectado: 104511 - MOCASIN_RODO 
⚠ Placeholder detectado: 104512 - MOCASIN_RODO 
⚠ Placeholder detectado: 104513 - MOCASIN_RODO 
⚠ Placeholder detectado: 104514 - MOCASIN_RODO 
⚠ Placeholder detectado: 104515 - MOCASIN_RODO 
⚠ Placeholder detectado: 104516 - MOCASIN_RODO 
⚠ Placeholder detectado: 104517 - MOCASIN_RODO 
⚠ Placeholder detectado: 104518 - MOCASIN_SAMUEL 
⚠ Placeholder detectado: 104519 - MOCASIN_SAMUEL 
⚠ Placeholder detectado: 104520 - MOCASIN_SAMUEL 
⚠ Placeholder detectado: 104521 - MOCASIN_SAMUEL 
⚠ Placeholder detectado: 104522 - MOCASIN_SAMUEL 
⚠ Placeholder detectado: 104523 - MOCASIN_SAMUEL 
⚠ Placeholder detectado: 104524 - MOCASIN_SAMUEL 
⚠ Placeholder detectado: 104525 - NAUTICO_ARIEL_ 
⚠ Placeholder detectado: 104526 - NAUTICO_ARIEL_ 
⚠ Placeholder detectado: 104527 - NAUTICO_ARIEL_ 
⚠ Placeholder detectado: 104528 - NAUTICO_ARIEL_ 
"
"1","⚠ Placeholder detectado: 104529 - NAUTICO_ARIEL_ 
⚠ Placeholder detectado: 104530 - NAUTICO_ARIEL_ 
⚠ Placeholder detectado: 104531 - NAUTICO_ARIEL_ 
⚠ Placeholder detectado: 104532 - NAUTICO_ARIEL_ 
⚠ Placeholder detectado: 104533 - NAUTICO_ARIEL_ 
⚠ Placeholder detectado: 104534 - NAUTICO_ARIEL_ 
⚠ Placeholder detectado: 104535 - NAUTICO_ARIEL_ 
⚠ Placeholder detectado: 104536 - NAUTICO_ARIEL_ 
⚠ Placeholder detectado: 104537 - NAUTICO_ARIEL_ 
⚠ Placeholder detectado: 104538 - NAUTICO_ARIEL_ 
⚠ Placeholder detectado: 104539 - NAUTICO_MIGUE 
⚠ Placeholder detectado: 104540 - NAUTICO_MIGUE 
⚠ Placeholder detectado: 104541 - NAUTICO_MIGUE 
⚠ Placeholder detectado: 104542 - NAUTICO_MIGUE 
⚠ Placeholder detectado: 104543 - NAUTICO_MIGUE 
⚠ Placeholder detectado: 104544 - NAUTICO_MIGUE 
⚠ Placeholder detectado: 104545 - NAUTICO_MIGUE 
⚠ Placeholder detectado: 104546 - NAUTICO_MOÑO_MARTINA 
⚠ Placeholder detectado: 104547 - NAUTICO_MOÑO_MARTINA 
⚠ Placeholder detectado: 104548 - NAUTICO_MOÑO_MARTINA 
⚠ Placeholder detectado: 104549 - NAUTICO_MOÑO_MARTINA 
⚠ Placeholder detectado: 104550 - NAUTICO_MOÑO_MARTINA 
⚠ Placeholder detectado: 104551 - NAUTICO_MOÑO_MARTINA 
⚠ Placeholder detectado: 104552 - NAUTICO_MOÑO_MARTINA 
⚠ Placeholder detectado: 104553 - NAUTICO_MOÑO_MARTINA 
⚠ Placeholder detectado: 104554 - NAUTICO_MOÑO_MARTINA 
⚠ Placeholder detectado: 104555 - NAUTICO_MOÑO_MARTINA 
⚠ Placeholder detectado: 104556 - NAUTICO_MOÑO_MARTINA 
⚠ Placeholder detectado: 104557 - NAUTICO_MOÑO_MARTINA 
⚠ Placeholder detectado: 104558 - NAUTICO_MOÑO_MARTINA 
⚠ Placeholder detectado: 104559 - NAUTICO_MOÑO_MARTINA 
⚠ Placeholder detectado: 104560 - NAUTICO_MOÑO_MARTINA 
⚠ Placeholder detectado: 104561 - ZAPATILLA_ANISA 
⚠ Placeholder detectado: 104562 - ZAPATILLA_ANISA 
⚠ Placeholder detectado: 104563 - ZAPATILLA_ANISA 
⚠ Placeholder detectado: 104564 - ZAPATILLA_ANISA 
⚠ Placeholder detectado: 104565 - ZAPATILLA_ANISA 
⚠ Placeholder detectado: 104566 - ZAPATILLA_ANISA 
⚠ Placeholder detectado: 104567 - ZAPATILLA_ANISA 
⚠ Placeholder detectado: 104568 - ZAPATILLA_ANISA 
⚠ Placeholder detectado: 104569 - ZAPATILLA_ANISA 
⚠ Placeholder detectado: 104570 - ZAPATILLA_ANISA 
⚠ Placeholder detectado: 104571 - ZAPATILLA_ANISA 
⚠ Placeholder detectado: 104572 - ZAPATILLA_ANISA 
⚠ Placeholder detectado: 104573 - ZAPATILLA_ANISA 
⚠ Placeholder detectado: 104574 - ZAPATILLA_ANISA 
⚠ Placeholder detectado: 104575 - ZAPATILLA_ANISA 
⚠ Placeholder detectado: 104576 - NAUTICO_MANUEL 
⚠ Placeholder detectado: 104577 - NAUTICO_MANUEL 
⚠ Placeholder detectado: 104578 - NAUTICO_MANUEL 
"
"1","⚠ Placeholder detectado: 104579 - NAUTICO_MANUEL 
⚠ Placeholder detectado: 104580 - NAUTICO_MANUEL 
⚠ Placeholder detectado: 104581 - NAUTICO_MANUEL 
⚠ Placeholder detectado: 104582 - NAUTICO_MANUEL 
⚠ Placeholder detectado: 104583 - SANDALIA_ERIC 
⚠ Placeholder detectado: 104584 - SANDALIA_ERIC 
⚠ Placeholder detectado: 104585 - SANDALIA_ERIC 
⚠ Placeholder detectado: 104586 - SANDALIA_ERIC 
⚠ Placeholder detectado: 104587 - SANDALIA_ERIC 
⚠ Placeholder detectado: 104588 - SANDALIA_ERIC 
⚠ Placeholder detectado: 104589 - SANDALIA_ERIC 
⚠ Placeholder detectado: 104590 - SANDALIA_ERIC 
⚠ Placeholder detectado: 104591 - SANDALIA_ERIC 
⚠ Placeholder detectado: 104592 - SANDALIA_ERIC 
⚠ Placeholder detectado: 104593 - SANDALIA_ERIC 
⚠ Placeholder detectado: 104594 - SANDALIA_ERIC 
⚠ Placeholder detectado: 104595 - SANDALIA_ERIC 
⚠ Placeholder detectado: 104596 - SANDALIA_ERIC 
⚠ Placeholder detectado: 104597 - SANDALIA_ERIC 
⚠ Placeholder detectado: 104598 - SANDALIA_ERIC 
⚠ Placeholder detectado: 104599 - SANDALIA_ERIC 
⚠ Placeholder detectado: 104600 - SANDALIA_ERIC 
⚠ Placeholder detectado: 104601 - SANDALIA_ERIC 
⚠ Placeholder detectado: 104602 - SANDALIA_ERIC 
⚠ Placeholder detectado: 104603 - SANDALIA_ERIC 
⚠ Placeholder detectado: 104604 - SANDALIA_ERIC 
⚠ Placeholder detectado: 104605 - SANDALIA_ERIC 
⚠ Placeholder detectado: 104606 - SANDALIA_ERIC 
⚠ Placeholder detectado: 104607 - SANDALIA_ERIC 
⚠ Placeholder detectado: 104608 - SANDALIA_ERIC 
⚠ Placeholder detectado: 104609 - SANDALIA_ERIC 
⚠ Placeholder detectado: 104610 - SANDALIA_ERIC 
⚠ Placeholder detectado: 104611 - SANDALIA_SAUL 
⚠ Placeholder detectado: 104612 - SANDALIA_SAUL 
⚠ Placeholder detectado: 104613 - SANDALIA_SAUL 
⚠ Placeholder detectado: 104614 - SANDALIA_SAUL 
⚠ Placeholder detectado: 104615 - SANDALIA_SAUL 
⚠ Placeholder detectado: 104616 - SANDALIA_SAUL 
⚠ Placeholder detectado: 104617 - SANDALIA_SAUL 
⚠ Placeholder detectado: 104618 - MULE_IVAN 
⚠ Placeholder detectado: 104619 - MULE_IVAN 
⚠ Placeholder detectado: 104620 - MULE_IVAN 
⚠ Placeholder detectado: 104621 - MULE_IVAN 
⚠ Placeholder detectado: 104622 - MULE_IVAN 
⚠ Placeholder detectado: 104623 - MULE_IVAN 
⚠ Placeholder detectado: 104624 - MULE_IVAN 
⚠ Placeholder detectado: 104625 - NAUTICO_MANUEL 
⚠ Placeholder detectado: 104626 - NAUTICO_MANUEL 
⚠ Placeholder detectado: 104627 - NAUTICO_MANUEL 
⚠ Placeholder detectado: 104628 - NAUTICO_MANUEL 
"
"1","⚠ Placeholder detectado: 104629 - NAUTICO_MANUEL 
⚠ Placeholder detectado: 104630 - NAUTICO_MANUEL 
⚠ Placeholder detectado: 104631 - NAUTICO_MANUEL 
⚠ Placeholder detectado: 104632 - SANDALIA_AROA 
⚠ Placeholder detectado: 104633 - SANDALIA_AROA 
⚠ Placeholder detectado: 104634 - SANDALIA_AROA 
⚠ Placeholder detectado: 104635 - SANDALIA_AROA 
⚠ Placeholder detectado: 104636 - SANDALIA_AROA 
⚠ Placeholder detectado: 104637 - SANDALIA_AROA 
⚠ Placeholder detectado: 104638 - SANDALIA_AROA 
⚠ Placeholder detectado: 104639 - SANDALIA_AROA 
⚠ Placeholder detectado: 104640 - SANDALIA_AROA 
⚠ Placeholder detectado: 104641 - SANDALIA_AROA 
⚠ Placeholder detectado: 104642 - ANILLO_PIEDRA_CUBIC__7_ 
⚠ Placeholder detectado: 104643 - ANILLO_PIEDRA_CUBIC__7_ 
⚠ Placeholder detectado: 104644 - ANILLO_PIEDRA_CUBIC__7_ 
⚠ Placeholder detectado: 104645 - ANILLO_PIEDRA_CUBIC__7_ 
⚠ Placeholder detectado: 104646 - ANILLO_PIEDRA_CUBIC__7_ 
⚠ Placeholder detectado: 104647 - ANILLO_PIEDRA_CUBIC__7_ 
⚠ Placeholder detectado: 104648 - ANILLO_PIEDRA_CUBIC__7_ 
⚠ Placeholder detectado: 104649 - ANILLO_PIEDRA_CUBIC__8_ 
⚠ Placeholder detectado: 104650 - ANILLO_PIEDRA_CUBIC__8_ 
⚠ Placeholder detectado: 104651 - ANILLO_PIEDRA_CUBIC__8_ 
⚠ Placeholder detectado: 104652 - ANILLO_PIEDRA_CUBIC__8_ 
⚠ Placeholder detectado: 104653 - ANILLO_PIEDRA_CUBIC__8_ 
⚠ Placeholder detectado: 104654 - ANILLO_PIEDRA_CUBIC__8_ 
⚠ Placeholder detectado: 104655 - ANILLO_PIEDRA_CUBIC__8_ 
⚠ Placeholder detectado: 104656 - ANILLO_PIEDRA_CUBIC__8_ 
⚠ Placeholder detectado: 104657 - ANILLO_PIEDRA_CUBIC__9_ 
⚠ Placeholder detectado: 104658 - ANILLO_PIEDRA_CUBIC__9_ 
⚠ Placeholder detectado: 104659 - ANILLO_PIEDRA_CUBIC__9_ 
⚠ Placeholder detectado: 104660 - ANILLO_PIEDRA_CUBIC__9_ 
⚠ Placeholder detectado: 104661 - ANILLO_PIEDRA_CUBIC__9_ 
⚠ Placeholder detectado: 104662 - ANILLO_PIEDRA_CUBIC__9_ 
⚠ Placeholder detectado: 104663 - ANILLO_PIEDRA_CUBIC__9_ 
⚠ Placeholder detectado: 104664 - ANILLO_PIEDRA_CUBIC_MEDIO_SIN_FIN__10_ 
⚠ Placeholder detectado: 104665 - ANILLO_PIEDRA_CUBIC_MEDIO_SIN_FIN__10_ 
⚠ Placeholder detectado: 104666 - ANILLO_PIEDRA_CUBIC_MEDIO_SIN_FIN__10_ 
⚠ Placeholder detectado: 104667 - ANILLO_PIEDRA_CUBIC_MEDIO_SIN_FIN__10_ 
⚠ Placeholder detectado: 104668 - ANILLO_PIEDRA_CUBIC_MEDIO_SIN_FIN__10_ 
⚠ Placeholder detectado: 104669 - ANILLO_PIEDRA_CUBIC_MEDIO_SIN_FIN__11_ 
⚠ Placeholder detectado: 104670 - ANILLO_PIEDRA_CUBIC_MEDIO_SIN_FIN__11_ 
⚠ Placeholder detectado: 104671 - ANILLO_PIEDRA_CUBIC_MEDIO_SIN_FIN__11_ 
⚠ Placeholder detectado: 104672 - ANILLO_PIEDRA_CUBIC_MEDIO_SIN_FIN__11_ 
⚠ Placeholder detectado: 104673 - ANILLO_PIEDRA_CUBIC_MEDIO_SIN_FIN__12_ 
⚠ Placeholder detectado: 104674 - ANILLO_PIEDRA_CUBIC_MEDIO_SIN_FIN__12_ 
⚠ Placeholder detectado: 104675 - ANILLO_PIEDRA_CUBIC_MEDIO_SIN_FIN__12_ 
⚠ Placeholder detectado: 104676 - ANILLO_PIEDRA_CUBIC_MEDIO_SIN_FIN__12_ 
⚠ Placeholder detectado: 104677 - ANILLO_PIEDRA_CUBIC_MEDIO_SIN_FIN__12_ 
⚠ Placeholder detectado: 104678 - ANILLO_PIEDRA_CUBIC_MEDIO_SIN_FIN__12_ 
"
"1","Procesando lote desde offset:"
"1"," "
"1","4600"
"1"," "
"1","
"
"1"," → válidos:"
"1"," "
"1","200"
"1"," "
"1","/"
"1"," "
"1","200"
"1"," "
"1","
"
"1","⚠ Placeholder detectado: 104679 - ANILLO_PIEDRA_CUBIC_MEDIO_SIN_FIN__12_ 
⚠ Placeholder detectado: 104680 - ANILLO_PIEDRA_CUBIC_MEDIO_SIN_FIN__12_ 
⚠ Placeholder detectado: 104681 - ANILLO_PIEDRA_CUBIC_MEDIO_SIN_FIN__12_ 
⚠ Placeholder detectado: 104682 - ANILLO_PIEDRA_CUBIC_MEDIO_SIN_FIN__12_ 
⚠ Placeholder detectado: 104683 - ANILLO_PIEDRA_CUBIC_MEDIO_SIN_FIN__8_ 
⚠ Placeholder detectado: 104684 - ANILLO_PIEDRA_CUBIC_MEDIO_SIN_FIN__8_ 
⚠ Placeholder detectado: 104685 - ANILLO_PIEDRA_CUBIC_MEDIO_SIN_FIN__8_ 
⚠ Placeholder detectado: 104686 - ANILLO_PIEDRA_CUBIC_MEDIO_SIN_FIN__8_ 
⚠ Placeholder detectado: 104687 - ANILLO_PIEDRA_CUBIC_MEDIO_SIN_FIN__8_ 
⚠ Placeholder detectado: 104688 - ANILLO_PIEDRA_CUBIC_MEDIO_SIN_FIN__9_ 
⚠ Placeholder detectado: 104689 - ANILLO_PIEDRA_CUBIC_MEDIO_SIN_FIN__9_ 
⚠ Placeholder detectado: 104690 - ANILLO_PIEDRA_CUBIC_MEDIO_SIN_FIN__9_ 
⚠ Placeholder detectado: 104691 - ANILLO_PIEDRA_CUBIC_MEDIO_SIN_FIN__9_ 
⚠ Placeholder detectado: 104692 - ANILLO_PIEDRA_CUBIC_MEDIO_SIN_FIN__9_ 
⚠ Placeholder detectado: 104693 - ANILLO_PIEDRA_CUBIC_MULTI__10_ 
⚠ Placeholder detectado: 104694 - ANILLO_PIEDRA_CUBIC_MULTI__10_ 
⚠ Placeholder detectado: 104695 - ANILLO_PIEDRA_CUBIC_MULTI__10_ 
⚠ Placeholder detectado: 104696 - ANILLO_PIEDRA_CUBIC_MULTI__10_ 
⚠ Placeholder detectado: 104697 - ANILLO_PIEDRA_CUBIC_MULTI__10_ 
⚠ Placeholder detectado: 104698 - ANILLO_PIEDRA_CUBIC_MULTI__9_ 
⚠ Placeholder detectado: 104699 - ANILLO_PIEDRA_CUBIC_MULTI__9_ 
⚠ Placeholder detectado: 104700 - ANILLO_PIEDRA_CUBIC_MULTI__9_ 
⚠ Placeholder detectado: 104701 - ANILLO_PIEDRA_CUBIC_MULTI__9_ 
⚠ Placeholder detectado: 104702 - ANILLO_PIEDRA_CUBIC_MULTI__9_ 
⚠ Placeholder detectado: 104703 - ANILLO_PIEDRA_CUBIC_MULTI__9_ 
⚠ Placeholder detectado: 104704 - ANILLO_PIEDRA_CUBIC_MULTI__9_ 
⚠ Placeholder detectado: 104705 - ANILLO_PIEDRA_CUBIC_MULTI__9_ 
⚠ Placeholder detectado: 104706 - ANILLO_PIEDRA_CUBIC_MULTI__9_ 
⚠ Placeholder detectado: 104707 - ANILLO_PIEDRA_CUBIC_REPUJADO__1_ 
⚠ Placeholder detectado: 104708 - ANILLO_PIEDRA_CUBIC_REPUJADO__1_ 
⚠ Placeholder detectado: 104709 - ANILLO_PIEDRA_CUBIC_REPUJADO__1_ 
⚠ Placeholder detectado: 104710 - ANILLO_PIEDRA_CUBIC_REPUJADO__1_ 
⚠ Placeholder detectado: 104711 - ANILLO_PIEDRA_CUBIC_REPUJADO__1_ 
⚠ Placeholder detectado: 104712 - ANILLO_PIEDRA_CUBIC_REPUJADO__1_ 
⚠ Placeholder detectado: 104713 - ANILLO_SELLO_PIEDRA_CUBIC__1_ 
⚠ Placeholder detectado: 104714 - ANILLO_SELLO_PIEDRA_CUBIC__1_ 
⚠ Placeholder detectado: 104715 - ANILLO_SELLO_PIEDRA_CUBIC__1_ 
⚠ Placeholder detectado: 104716 - ANILLO_SELLO_PIEDRA_CUBIC__1_ 
⚠ Placeholder detectado: 104717 - ANILLO_SELLO_PIEDRA_CUBIC__1_ 
⚠ Placeholder detectado: 104718 - ANILLO_SELLO_PIEDRA_CUBIC__1_ 
⚠ Placeholder detectado: 104719 - ANILLO_PIEDRA_CUBIC__11_ 
⚠ Placeholder detectado: 104720 - ANILLO_PIEDRA_CUBIC__11_ 
⚠ Placeholder detectado: 104721 - ANILLO_PIEDRA_CUBIC__11_ 
⚠ Placeholder detectado: 104722 - ANILLO_PIEDRA_CUBIC__11_ 
⚠ Placeholder detectado: 104723 - ANILLO_PIEDRA_CUBIC__11_ 
⚠ Placeholder detectado: 104724 - ANILLO_PIEDRA_CUBIC__11_ 
⚠ Placeholder detectado: 104725 - ANILLO_PIEDRA_CUBIC__11_ 
⚠ Placeholder detectado: 104726 - ANILLO_PIEDRA_CUBIC__11_ 
⚠ Placeholder detectado: 104727 - ANILLO_PIEDRA_CUBIC__12_ 
⚠ Placeholder detectado: 104728 - ANILLO_PIEDRA_CUBIC__12_ 
"
"1","⚠ Placeholder detectado: 104729 - ANILLO_PIEDRA_CUBIC__12_ 
⚠ Placeholder detectado: 104730 - ANILLO_PIEDRA_CUBIC__12_ 
⚠ Placeholder detectado: 104731 - ANILLO_PIEDRA_CUBIC__12_ 
⚠ Placeholder detectado: 104732 - ANILLO_PIEDRA_CUBIC__13_ 
⚠ Placeholder detectado: 104733 - ANILLO_PIEDRA_CUBIC__13_ 
⚠ Placeholder detectado: 104734 - ANILLO_PIEDRA_CUBIC__13_ 
⚠ Placeholder detectado: 104735 - ANILLO_PIEDRA_CUBIC__13_ 
⚠ Placeholder detectado: 104736 - ANILLO_PIEDRA_CUBIC__13_ 
⚠ Placeholder detectado: 104737 - ANILLO_PIEDRA_CUBIC__14_ 
⚠ Placeholder detectado: 104738 - ANILLO_PIEDRA_CUBIC__14_ 
⚠ Placeholder detectado: 104739 - ANILLO_PIEDRA_CUBIC__14_ 
⚠ Placeholder detectado: 104740 - ANILLO_PIEDRA_CUBIC__14_ 
⚠ Placeholder detectado: 104741 - ANILLO_PIEDRA_CUBIC__14_ 
⚠ Placeholder detectado: 104742 - ANILLO_PIEDRA_CUBIC__14_ 
⚠ Placeholder detectado: 104743 - ANILLO_PIEDRA_CUBIC__14_ 
⚠ Placeholder detectado: 104744 - ANILLO_PIEDRA_CUBIC__14_ 
⚠ Placeholder detectado: 104745 - ANILLO_PIEDRA_CUBIC__14_ 
⚠ Placeholder detectado: 104746 - ANILLO_PIEDRA_CUBIC__14_ 
⚠ Placeholder detectado: 104747 - ANILLO_PIEDRA_CUBIC__15_ 
⚠ Placeholder detectado: 104748 - ANILLO_PIEDRA_CUBIC__15_ 
⚠ Placeholder detectado: 104749 - ANILLO_PIEDRA_CUBIC__15_ 
⚠ Placeholder detectado: 104750 - ANILLO_PIEDRA_CUBIC__15_ 
⚠ Placeholder detectado: 104751 - ANILLO_PIEDRA_CUBIC__15_ 
⚠ Placeholder detectado: 104752 - ANILLO_PIEDRA_CUBIC__15_ 
⚠ Placeholder detectado: 104753 - ANILLO_PIEDRA_CUBIC__16_ 
⚠ Placeholder detectado: 104754 - ANILLO_PIEDRA_CUBIC__16_ 
⚠ Placeholder detectado: 104755 - ANILLO_PIEDRA_CUBIC__16_ 
⚠ Placeholder detectado: 104756 - ANILLO_PIEDRA_CUBIC__16_ 
⚠ Placeholder detectado: 104757 - ANILLO_PIEDRA_CUBIC__16_ 
⚠ Placeholder detectado: 104758 - ANILLO_PIEDRA_CUBIC__17_ 
⚠ Placeholder detectado: 104759 - ANILLO_PIEDRA_CUBIC__17_ 
⚠ Placeholder detectado: 104760 - ANILLO_PIEDRA_CUBIC__17_ 
⚠ Placeholder detectado: 104761 - ANILLO_PIEDRA_CUBIC__17_ 
⚠ Placeholder detectado: 104762 - ANILLO_PIEDRA_CUBIC__17_ 
⚠ Placeholder detectado: 104763 - ANILLO_PIEDRA_CUBIC__17_ 
⚠ Placeholder detectado: 104764 - ANILLO_PIEDRA_CUBIC__18_ 
⚠ Placeholder detectado: 104765 - ANILLO_PIEDRA_CUBIC__18_ 
⚠ Placeholder detectado: 104766 - ANILLO_PIEDRA_CUBIC__18_ 
⚠ Placeholder detectado: 104767 - ANILLO_PIEDRA_CUBIC__18_ 
⚠ Placeholder detectado: 104768 - ANILLO_PIEDRA_CUBIC__18_ 
⚠ Placeholder detectado: 104769 - ANILLO_PIEDRA_CUBIC__19_ 
⚠ Placeholder detectado: 104770 - ANILLO_PIEDRA_CUBIC__19_ 
⚠ Placeholder detectado: 104771 - ANILLO_PIEDRA_CUBIC__19_ 
⚠ Placeholder detectado: 104772 - ANILLO_PIEDRA_CUBIC__19_ 
⚠ Placeholder detectado: 104773 - ANILLO_PIEDRA_CUBIC__19_ 
⚠ Placeholder detectado: 104774 - ANILLO_PIEDRA_CUBIC__19_ 
⚠ Placeholder detectado: 104775 - ANILLO_PIEDRA_CUBIC__20___ 
⚠ Placeholder detectado: 104776 - ANILLO_PIEDRA_CUBIC__20___ 
⚠ Placeholder detectado: 104777 - ANILLO_PIEDRA_CUBIC__20___ 
⚠ Placeholder detectado: 104778 - ANILLO_PIEDRA_CUBIC__20___ 
"
"1","⚠ Placeholder detectado: 104779 - ANILLO_PIEDRA_CUBIC__20___ 
⚠ Placeholder detectado: 104780 - ANILLO_PIEDRA_CUBIC__21_ 
⚠ Placeholder detectado: 104781 - ANILLO_PIEDRA_CUBIC__21_ 
⚠ Placeholder detectado: 104782 - ANILLO_PIEDRA_CUBIC__21_ 
⚠ Placeholder detectado: 104783 - ANILLO_PIEDRA_CUBIC__21_ 
⚠ Placeholder detectado: 104784 - ANILLO_PIEDRA_CUBIC__21_ 
⚠ Placeholder detectado: 104785 - ANILLO_PIEDRA_CUBIC__22_ 
⚠ Placeholder detectado: 104786 - ANILLO_PIEDRA_CUBIC__22_ 
⚠ Placeholder detectado: 104787 - ANILLO_PIEDRA_CUBIC__22_ 
⚠ Placeholder detectado: 104788 - ANILLO_PIEDRA_CUBIC__22_ 
⚠ Placeholder detectado: 104789 - ANILLO_PIEDRA_CUBIC__22_ 
⚠ Placeholder detectado: 104790 - ANILLO_PIEDRA_CUBIC__22_ 
⚠ Placeholder detectado: 104791 - ANILLO_PIEDRA_CUBIC__23_ 
⚠ Placeholder detectado: 104792 - ANILLO_PIEDRA_CUBIC__23_ 
⚠ Placeholder detectado: 104793 - ANILLO_PIEDRA_CUBIC__23_ 
⚠ Placeholder detectado: 104794 - ANILLO_PIEDRA_CUBIC__23_ 
⚠ Placeholder detectado: 104795 - ANILLO_PIEDRA_CUBIC__23_ 
⚠ Placeholder detectado: 104796 - ANILLO_PIEDRA_CUBIC__23_ 
⚠ Placeholder detectado: 104797 - ANILLO_PIEDRA_CUBIC__24_ 
⚠ Placeholder detectado: 104798 - ANILLO_PIEDRA_CUBIC__24_ 
⚠ Placeholder detectado: 104799 - ANILLO_PIEDRA_CUBIC__24_ 
⚠ Placeholder detectado: 104800 - ANILLO_PIEDRA_CUBIC__24_ 
⚠ Placeholder detectado: 104801 - ANILLO_PIEDRA_CUBIC__24_ 
⚠ Placeholder detectado: 104802 - ANILLO_PIEDRA_CUBIC__25_ 
⚠ Placeholder detectado: 104803 - ANILLO_PIEDRA_CUBIC__25_ 
⚠ Placeholder detectado: 104804 - ANILLO_PIEDRA_CUBIC__25_ 
⚠ Placeholder detectado: 104805 - ANILLO_PIEDRA_CUBIC__25_ 
⚠ Placeholder detectado: 104806 - ANILLO_PIEDRA_CUBIC__25_ 
⚠ Placeholder detectado: 104807 - ANILLO_PIEDRA_CUBIC__25_ 
⚠ Placeholder detectado: 104808 - ANILLO_PIEDRA_CUBIC__25_ 
⚠ Placeholder detectado: 104809 - ANILLO_PIEDRA_CUBIC__25_ 
⚠ Placeholder detectado: 104810 - ANILLO_PIEDRA_CUBIC__26_ 
⚠ Placeholder detectado: 104811 - ANILLO_PIEDRA_CUBIC__26_ 
⚠ Placeholder detectado: 104812 - ANILLO_PIEDRA_CUBIC__26_ 
⚠ Placeholder detectado: 104813 - ANILLO_PIEDRA_CUBIC__26_ 
⚠ Placeholder detectado: 104814 - ANILLO_PIEDRA_CUBIC__26_ 
⚠ Placeholder detectado: 104815 - ANILLO_PIEDRA_CUBIC__26_ 
⚠ Placeholder detectado: 104816 - ANILLO_PIEDRA_CUBIC__26_ 
⚠ Placeholder detectado: 104817 - ANILLO_PIEDRA_CUBIC__26_ 
⚠ Placeholder detectado: 104818 - ANILLO_PIEDRA_CUBIC__26_ 
⚠ Placeholder detectado: 104819 - ANILLO_PIEDRA_CUBIC__27_ 
⚠ Placeholder detectado: 104820 - ANILLO_PIEDRA_CUBIC__27_ 
⚠ Placeholder detectado: 104821 - ANILLO_PIEDRA_CUBIC__27_ 
⚠ Placeholder detectado: 104822 - ANILLO_PIEDRA_CUBIC__27_ 
⚠ Placeholder detectado: 104823 - ANILLO_PIEDRA_CUBIC__27_ 
⚠ Placeholder detectado: 104824 - ANILLO_PIEDRA_CUBIC__27_ 
⚠ Placeholder detectado: 104825 - ANILLO_PIEDRA_CUBIC__27_ 
⚠ Placeholder detectado: 104826 - ANILLO_PIEDRA_CUBIC__27_ 
⚠ Placeholder detectado: 104827 - ANILLO_PIEDRA_CUBIC__27_ 
⚠ Placeholder detectado: 104828 - ANILLO_PIEDRA_CUBIC__28_ 
"
"1","⚠ Placeholder detectado: 104829 - ANILLO_PIEDRA_CUBIC__28_ 
⚠ Placeholder detectado: 104830 - ANILLO_PIEDRA_CUBIC__28_ 
⚠ Placeholder detectado: 104831 - ANILLO_PIEDRA_CUBIC__28_ 
⚠ Placeholder detectado: 104832 - ANILLO_PIEDRA_CUBIC__28_ 
⚠ Placeholder detectado: 104833 - ANILLO_PIEDRA_CUBIC__29_ 
⚠ Placeholder detectado: 104834 - ANILLO_PIEDRA_CUBIC__29_ 
⚠ Placeholder detectado: 104835 - ANILLO_PIEDRA_CUBIC__29_ 
⚠ Placeholder detectado: 104836 - ANILLO_PIEDRA_CUBIC__29_ 
⚠ Placeholder detectado: 104837 - ANILLO_PIEDRA_CUBIC__29_ 
⚠ Placeholder detectado: 104838 - ANILLO_PIEDRA_CUBIC__30_ 
⚠ Placeholder detectado: 104839 - ANILLO_PIEDRA_CUBIC__30_ 
⚠ Placeholder detectado: 104840 - ANILLO_PIEDRA_CUBIC__30_ 
⚠ Placeholder detectado: 104841 - ANILLO_PIEDRA_CUBIC__30_ 
⚠ Placeholder detectado: 104842 - ANILLO_PIEDRA_CUBIC__30_ 
⚠ Placeholder detectado: 104843 - ANILLO_PIEDRA_CUBIC_MEDIO_SIN_FIN__13_ 
⚠ Placeholder detectado: 104844 - ANILLO_PIEDRA_CUBIC_MEDIO_SIN_FIN__13_ 
⚠ Placeholder detectado: 104845 - ANILLO_PIEDRA_CUBIC_MEDIO_SIN_FIN__13_ 
⚠ Placeholder detectado: 104846 - ANILLO_PIEDRA_CUBIC_MEDIO_SIN_FIN__13_ 
⚠ Placeholder detectado: 104847 - ANILLO_PIEDRA_CUBIC_MEDIO_SIN_FIN__13_ 
⚠ Placeholder detectado: 104848 - ANILLO_PIEDRA_CUBIC_MEDIO_SIN_FIN__13_ 
⚠ Placeholder detectado: 104849 - ANILLO_PIEDRA_CUBIC_MEDIO_SIN_FIN__13_ 
⚠ Placeholder detectado: 104850 - ANILLO_PIEDRA_CUBIC_MEDIO_SIN_FIN__13_ 
⚠ Placeholder detectado: 104851 - ANILLO_PIEDRA_CUBIC_MEDIO_SIN_FIN__14_ 
⚠ Placeholder detectado: 104852 - ANILLO_PIEDRA_CUBIC_MEDIO_SIN_FIN__14_ 
⚠ Placeholder detectado: 104853 - ANILLO_PIEDRA_CUBIC_MEDIO_SIN_FIN__14_ 
⚠ Placeholder detectado: 104854 - ANILLO_PIEDRA_CUBIC_MEDIO_SIN_FIN__14_ 
⚠ Placeholder detectado: 104855 - ANILLO_PIEDRA_CUBIC_MEDIO_SIN_FIN__14_ 
⚠ Placeholder detectado: 104856 - ANILLO_PIEDRA_CUBIC_MEDIO_SIN_FIN__14_ 
⚠ Placeholder detectado: 104857 - ANILLO_PIEDRA_CUBIC_MEDIO_SIN_FIN__15_ 
⚠ Placeholder detectado: 104858 - ANILLO_PIEDRA_CUBIC_MEDIO_SIN_FIN__15_ 
⚠ Placeholder detectado: 104859 - ANILLO_PIEDRA_CUBIC_MEDIO_SIN_FIN__15_ 
⚠ Placeholder detectado: 104860 - ANILLO_PIEDRA_CUBIC_MEDIO_SIN_FIN__15_ 
⚠ Placeholder detectado: 104861 - ANILLO_PIEDRA_CUBIC_MEDIO_SIN_FIN__15_ 
⚠ Placeholder detectado: 104862 - ANILLO_PIEDRA_CUBIC_MEDIO_SIN_FIN__16_ 
⚠ Placeholder detectado: 104863 - ANILLO_PIEDRA_CUBIC_MEDIO_SIN_FIN__16_ 
⚠ Placeholder detectado: 104864 - ANILLO_PIEDRA_CUBIC_MEDIO_SIN_FIN__16_ 
⚠ Placeholder detectado: 104865 - ANILLO_PIEDRA_CUBIC_MEDIO_SIN_FIN__16_ 
⚠ Placeholder detectado: 104866 - ANILLO_PIEDRA_CUBIC_MEDIO_SIN_FIN__16_ 
⚠ Placeholder detectado: 104867 - ANILLO_SELLO__1_ 
⚠ Placeholder detectado: 104868 - ANILLO_SELLO__1_ 
⚠ Placeholder detectado: 104869 - ANILLO_SELLO__1_ 
⚠ Placeholder detectado: 104870 - ANILLO_SELLO__1_ 
⚠ Placeholder detectado: 104871 - ANILLO_SELLO__1_ 
⚠ Placeholder detectado: 104872 - ARO_COLGANTE_PIEDRA_CUBIC_OVAL 
⚠ Placeholder detectado: 104873 - ARO_COLGANTE_PIEDRA_CUBIC_OVAL 
⚠ Placeholder detectado: 104874 - DIJE_BARRITA 
⚠ Placeholder detectado: 104875 - DIJE_BARRITA 
⚠ Placeholder detectado: 104876 - DIJE_BARRITA 
⚠ Placeholder detectado: 104877 - DIJE_BARRITA 
⚠ Placeholder detectado: 104878 - DIJE_CORONA 
"
"1","Procesando lote desde offset:"
"1"," "
"1","4800"
"1"," "
"1","
"
"1"," → válidos:"
"1"," "
"1","200"
"1"," "
"1","/"
"1"," "
"1","200"
"1"," "
"1","
"
"1","⚠ Placeholder detectado: 104879 - DIJE_CORONA 
⚠ Placeholder detectado: 104880 - DIJE_CORONA 
⚠ Placeholder detectado: 104881 - DIJE_PIEDRA_CUBIC_OVAL__2_ 
⚠ Placeholder detectado: 104882 - DIJE_PIEDRA_CUBIC_OVAL__2_ 
⚠ Placeholder detectado: 104883 - DIJE_PIEDRA_CUBIC_OVAL__2_ 
⚠ Placeholder detectado: 104884 - DIJE_PIEDRA_CUBIC_OVAL__2_ 
⚠ Placeholder detectado: 104896 - ANILLO_BANDA 
⚠ Placeholder detectado: 104897 - ANILLO_BANDA 
⚠ Placeholder detectado: 104898 - ANILLO_BANDA 
⚠ Placeholder detectado: 104899 - ANILLO_BOMBE__5_ 
⚠ Placeholder detectado: 104900 - ANILLO_BOMBE__5_ 
⚠ Placeholder detectado: 104901 - ANILLO_BOMBE__5_ 
⚠ Placeholder detectado: 104902 - ANILLO_BOMBE__6_ 
⚠ Placeholder detectado: 104903 - ANILLO_BOMBE__6_ 
⚠ Placeholder detectado: 104904 - ANILLO_BOMBE__7_ 
⚠ Placeholder detectado: 104905 - ANILLO_BOMBE__7_ 
⚠ Placeholder detectado: 104906 - ANILLO_CRUZ__2_ 
⚠ Placeholder detectado: 104907 - ANILLO_CRUZ__2_ 
⚠ Placeholder detectado: 104908 - ANILLO_CRUZ__2_ 
⚠ Placeholder detectado: 104909 - ANILLO_CRUZ__2_ 
⚠ Placeholder detectado: 104910 - ANILLO_GEOMETRICO__5_ 
⚠ Placeholder detectado: 104911 - ANILLO_GEOMETRICO__5_ 
⚠ Placeholder detectado: 104912 - ANILLO_GEOMETRICO__6_ 
⚠ Placeholder detectado: 104913 - ANILLO_GEOMETRICO__6_ 
⚠ Placeholder detectado: 104914 - ANILLO_GEOMETRICO__7_ 
⚠ Placeholder detectado: 104915 - ANILLO_GEOMETRICO__7_ 
⚠ Placeholder detectado: 104916 - ANILLO_GEOMETRICO__8_ 
⚠ Placeholder detectado: 104917 - ANILLO_GEOMETRICO__8_ 
⚠ Placeholder detectado: 104918 - ANILLO_GEOMETRICO__8_ 
⚠ Placeholder detectado: 104919 - ANILLO_GEOMETRICO__9_ 
⚠ Placeholder detectado: 104920 - ANILLO_GEOMETRICO__9_ 
⚠ Placeholder detectado: 104921 - ANILLO_GEOMETRICO__9_ 
⚠ Placeholder detectado: 104924 - ANILLO_GRABADO_GOOD_VIBES 
⚠ Placeholder detectado: 104925 - ANILLO_GRABADO_PAZ 
⚠ Placeholder detectado: 104926 - ANILLO_HOJAS 
⚠ Placeholder detectado: 104927 - ANILLO_HOJAS 
⚠ Placeholder detectado: 104928 - ANILLO_HOJAS 
"
"1","⚠ Placeholder detectado: 104929 - ANILLO_PERSONALIZABLE 
⚠ Placeholder detectado: 104930 - ANILLO_PERSONALIZABLE 
⚠ Placeholder detectado: 104935 - ANILLO_PIEDRA_CUBIC_CINTILLO__2_ 
⚠ Placeholder detectado: 104936 - ANILLO_PIEDRA_CUBIC_CINTILLO__2_ 
⚠ Placeholder detectado: 104937 - ANILLO_PIEDRA_CUBIC_CRUZ 
⚠ Placeholder detectado: 104938 - ANILLO_PIEDRA_CUBIC_CRUZ 
⚠ Placeholder detectado: 104939 - ANILLO_PIEDRA_CUBIC_CRUZ 
⚠ Placeholder detectado: 104940 - ANILLO_PIEDRA_CUBIC_INFINITO__1_ 
⚠ Placeholder detectado: 104941 - ANILLO_PIEDRA_CUBIC_INFINITO__1_ 
⚠ Placeholder detectado: 104942 - ANILLO_PIEDRA_CUBIC_INFINITO__1_ 
⚠ Placeholder detectado: 104943 - ANILLO_PIEDRA_CUBIC_INFINITO__1_ 
⚠ Placeholder detectado: 104947 - ANILLO_PIEDRA_CUBIC_MEDIO_SIN_FIN__3_ 
⚠ Placeholder detectado: 104948 - ANILLO_PIEDRA_CUBIC_MEDIO_SIN_FIN__3_ 
⚠ Placeholder detectado: 104949 - ANILLO_PIEDRA_CUBIC_MEDIO_SIN_FIN__4_ 
⚠ Placeholder detectado: 104950 - ANILLO_PIEDRA_CUBIC_MEDIO_SIN_FIN__4_ 
⚠ Placeholder detectado: 104951 - ANILLO_PIEDRA_CUBIC_MEDIO_SIN_FIN__4_ 
⚠ Placeholder detectado: 104954 - ANILLO_PIEDRA_CUBIC_MEDIO_SIN_FIN__6_ 
⚠ Placeholder detectado: 104955 - ANILLO_PIEDRA_CUBIC_MEDIO_SIN_FIN__6_ 
⚠ Placeholder detectado: 104956 - ANILLO_PIEDRA_CUBIC_MEDIO_SIN_FIN__6_ 
⚠ Placeholder detectado: 104957 - ANILLO_PIEDRA_CUBIC_MEDIO_SIN_FIN__7_ 
⚠ Placeholder detectado: 104958 - ANILLO_PIEDRA_CUBIC_MEDIO_SIN_FIN__7_ 
⚠ Placeholder detectado: 104959 - ANILLO_PIEDRA_CUBIC_MEDIO_SIN_FIN__7_ 
⚠ Placeholder detectado: 104963 - ANILLO_PIEDRA_CUBIC_SOLITARIO__5_ 
⚠ Placeholder detectado: 104964 - ANILLO_PIEDRA_CUBIC_SOLITARIO__5_ 
⚠ Placeholder detectado: 104965 - ANILLO_TRIPLE_CINTA 
⚠ Placeholder detectado: 104966 - ANILLO_TRIPLE_CINTA 
⚠ Placeholder detectado: 104967 - ANILLO_GRABADO_PAZ 
⚠ Placeholder detectado: 104968 - ANILLO_GRABADO_PAZ 
⚠ Placeholder detectado: 104969 - ANILLO_CRUZ__2_ 
⚠ Placeholder detectado: 104970 - ANILLO_GRABADO_GOOD_VIBES 
⚠ Placeholder detectado: 104972 - ANILLO_PIEDRA_CUBIC_CINTILLO__2_ 
⚠ Placeholder detectado: 104973 - ANILLO_PIEDRA_CUBIC_CRUZ 
⚠ Placeholder detectado: 104974 - ANILLO_PIEDRA_CUBIC_MEDIO_SIN_FIN__3_ 
⚠ Placeholder detectado: 104975 - ANILLO_PIEDRA_CUBIC_MEDIO_SIN_FIN__3_ 
⚠ Placeholder detectado: 104976 - ANILLO_PIEDRA_CUBIC_MEDIO_SIN_FIN__4_ 
⚠ Placeholder detectado: 104977 - ANILLO_PIEDRA_CUBIC_MEDIO_SIN_FIN__4_ 
"
"1","⚠ Placeholder detectado: 104980 - ANILLO_TRIPLE_CINTA 
⚠ Placeholder detectado: 104981 - ANILLO_DOBLE_CINTA 
⚠ Placeholder detectado: 104982 - ANILLO_DOBLE_CINTA 
⚠ Placeholder detectado: 104983 - CARTERA_MANA_FLECOS__LINEA_PESPUNTES_ 
⚠ Placeholder detectado: 104988 - PULSERA_GRUMET_PLANA 
⚠ Placeholder detectado: 104989 - PULSERA_GRUMET_PLANA 
⚠ Placeholder detectado: 105016 - LLAVERO_PAMPA 
⚠ Placeholder detectado: 105017 - MEDALLA_VIRGEN_MILAGROSA__3_ 
⚠ Placeholder detectado: 105022 - SANDALIA_ALAN 
⚠ Placeholder detectado: 105023 - SANDALIA_ALAN 
⚠ Placeholder detectado: 105024 - SANDALIA_ALAN 
⚠ Placeholder detectado: 105025 - SANDALIA_ALAN 
⚠ Placeholder detectado: 105026 - SANDALIA_ALAN 
⚠ Placeholder detectado: 105027 - SANDALIA_ALAN 
⚠ Placeholder detectado: 105028 - SANDALIA_ALAN 
"
"1","⚠ Placeholder detectado: 105029 - SANDALIA_ALAN 
⚠ Placeholder detectado: 105030 - SANDALIA_ALAN 
⚠ Placeholder detectado: 105031 - SANDALIA_ALAN 
⚠ Placeholder detectado: 105032 - SANDALIA_ALAN 
⚠ Placeholder detectado: 105033 - SANDALIA_ALAN 
⚠ Placeholder detectado: 105034 - SANDALIA_ALAN 
⚠ Placeholder detectado: 105035 - SANDALIA_ALAN 
⚠ Placeholder detectado: 105036 - SANDALIA_FABIAN 
⚠ Placeholder detectado: 105037 - SANDALIA_FABIAN 
⚠ Placeholder detectado: 105038 - SANDALIA_FABIAN 
⚠ Placeholder detectado: 105039 - SANDALIA_FABIAN 
⚠ Placeholder detectado: 105040 - SANDALIA_FABIAN 
⚠ Placeholder detectado: 105041 - SANDALIA_FABIAN 
⚠ Placeholder detectado: 105042 - SANDALIA_FABIAN 
⚠ Placeholder detectado: 105043 - SANDALIA_OSCAR 
⚠ Placeholder detectado: 105044 - SANDALIA_OSCAR 
⚠ Placeholder detectado: 105045 - SANDALIA_OSCAR 
⚠ Placeholder detectado: 105046 - SANDALIA_OSCAR 
⚠ Placeholder detectado: 105047 - SANDALIA_OSCAR 
⚠ Placeholder detectado: 105048 - SANDALIA_OSCAR 
⚠ Placeholder detectado: 105049 - SANDALIA_OSCAR 
⚠ Placeholder detectado: 105050 - SANDALIA_TEO 
⚠ Placeholder detectado: 105051 - SANDALIA_TEO 
⚠ Placeholder detectado: 105052 - SANDALIA_TEO 
⚠ Placeholder detectado: 105053 - SANDALIA_TEO 
⚠ Placeholder detectado: 105054 - SANDALIA_TEO 
⚠ Placeholder detectado: 105055 - SANDALIA_TEO 
⚠ Placeholder detectado: 105056 - SANDALIA_TEO 
⚠ Placeholder detectado: 105057 - BANDOLERA_FREDA 
⚠ Placeholder detectado: 105058 - BANDOLERA_FREDA 
⚠ Placeholder detectado: 105059 - BANDOLERA_FREDA 
⚠ Placeholder detectado: 105060 - BILLETERA_GAEL 
⚠ Placeholder detectado: 105061 - BILLETERA_GAEL 
⚠ Placeholder detectado: 105062 - BILLETERA_GAEL 
⚠ Placeholder detectado: 105063 - CARTERA_NINA_CHICA 
⚠ Placeholder detectado: 105064 - CARTERA_NINA_CHICA 
⚠ Placeholder detectado: 105065 - CARTERA_NINA_CHICA 
⚠ Placeholder detectado: 105066 - CARTERA_NINA_GRANDE 
⚠ Placeholder detectado: 105067 - CARTERA_NINA_GRANDE 
⚠ Placeholder detectado: 105068 - CARTERA_NINA_GRANDE 
⚠ Placeholder detectado: 105069 - BRAZALETE__4_ 
⚠ Placeholder detectado: 105070 - BRAZALETE__4_ 
⚠ Placeholder detectado: 105071 - BRAZALETE__4_ 
"
"1","Procesando lote desde offset:"
"1"," "
"1","5000"
"1"," "
"1","
"
"1"," → válidos:"
"1"," "
"1","200"
"1"," "
"1","/"
"1"," "
"1","200"
"1"," "
"1","
"
"1","⚠ Placeholder detectado: 105079 - SCRAP_MARRO_CHICA_990 
⚠ Placeholder detectado: 105081 - MONEDERO_GRACE 
⚠ Placeholder detectado: 105082 - LLAVERO_ABC 
⚠ Placeholder detectado: 105083 - MATERA_AVA__LINEA_PESPUNTES_ 
⚠ Placeholder detectado: 105084 - MATERA_AVA__LINEA_PESPUNTES_ 
⚠ Placeholder detectado: 105085 - CARTERA_VERA 
⚠ Placeholder detectado: 105086 - CINTURON_GUS 
⚠ Placeholder detectado: 105087 - CINTURON_GUS 
⚠ Placeholder detectado: 105088 - CINTURON_GUS 
⚠ Placeholder detectado: 105089 - CINTURON_GUS 
⚠ Placeholder detectado: 105090 - CINTURON_JAIRO 
⚠ Placeholder detectado: 105091 - CINTURON_JAIRO 
⚠ Placeholder detectado: 105092 - CINTURON_JAIRO 
⚠ Placeholder detectado: 105093 - CINTURON_JAIRO 
⚠ Placeholder detectado: 105094 - CINTURON_JAIRO 
⚠ Placeholder detectado: 105095 - CINTURON_JAIRO 
⚠ Placeholder detectado: 105096 - CINTURON_JAIRO 
⚠ Placeholder detectado: 105097 - CINTURON_JAIRO 
⚠ Placeholder detectado: 105098 - CINTURON_JAIRO 
⚠ Placeholder detectado: 105099 - CINTURON_REX 
⚠ Placeholder detectado: 105100 - CINTURON_REX 
⚠ Placeholder detectado: 105101 - CINTURON_ALFO 
⚠ Placeholder detectado: 105102 - CINTURON_ALFO 
⚠ Placeholder detectado: 105103 - CINTURON_MIA 
⚠ Placeholder detectado: 105104 - CINTURON_MIA 
⚠ Placeholder detectado: 105105 - CINTURON_MIA 
⚠ Placeholder detectado: 105106 - CINTURON_MIA 
⚠ Placeholder detectado: 105107 - CINTURON_MIA 
⚠ Placeholder detectado: 105108 - CINTURON_MIA 
⚠ Placeholder detectado: 105109 - CINTURON_MIA 
⚠ Placeholder detectado: 105110 - CINTURON_MIA 
⚠ Placeholder detectado: 105111 - ANILLO_HOJAS 
⚠ Placeholder detectado: 105113 - COLLAR_TIRA_CUERO 
⚠ Placeholder detectado: 105114 - COLLAR_TIRA_CUERO 
⚠ Placeholder detectado: 105115 - PULSERA_HILO_NUDOS_CORAZON 
⚠ Placeholder detectado: 105116 - PULSERA_HILO_NUDOS_CORAZON 
⚠ Placeholder detectado: 105117 - PULSERA_HILO_NUDOS_CORAZON 
⚠ Placeholder detectado: 105118 - PULSERA_HILO_NUDOS_CORAZON 
⚠ Placeholder detectado: 105119 - PULSERA_HILO_NUDOS_INICIAL 
⚠ Placeholder detectado: 105120 - PULSERA_HILO_NUDOS_INICIAL 
⚠ Placeholder detectado: 105121 - PULSERA_HILO_NUDOS_INICIAL 
⚠ Placeholder detectado: 105122 - PULSERA_HILO_NUDOS_INICIAL 
⚠ Placeholder detectado: 105123 - PULSERA_HILO_NUDOS_INICIAL 
⚠ Placeholder detectado: 105124 - PULSERA_HILO_NUDOS_INICIAL 
⚠ Placeholder detectado: 105125 - PULSERA_HILO_NUDOS_INICIAL 
⚠ Placeholder detectado: 105126 - PULSERA_HILO_NUDOS_INICIAL 
⚠ Placeholder detectado: 105127 - PULSERA_HILO_NUDOS_INICIAL 
⚠ Placeholder detectado: 105128 - PULSERA_HILO_NUDOS_INICIAL 
"
"1","⚠ Placeholder detectado: 105129 - PULSERA_HILO_NUDOS_INICIAL 
⚠ Placeholder detectado: 105130 - PULSERA_HILO_NUDOS_INICIAL 
⚠ Placeholder detectado: 105131 - PULSERA_HILO_NUDOS_INICIAL 
⚠ Placeholder detectado: 105132 - PULSERA_HILO_NUDOS_INICIAL 
⚠ Placeholder detectado: 105133 - PULSERA_HILO_NUDOS_INICIAL 
⚠ Placeholder detectado: 105134 - PULSERA_HILO_NUDOS_INICIAL 
⚠ Placeholder detectado: 105135 - PULSERA_HILO_NUDOS_INICIAL 
⚠ Placeholder detectado: 105136 - PULSERA_HILO_NUDOS_INICIAL 
⚠ Placeholder detectado: 105137 - PULSERA_HILO_NUDOS_INICIAL 
⚠ Placeholder detectado: 105138 - PULSERA_HILO_NUDOS_INICIAL 
⚠ Placeholder detectado: 105139 - PULSERA_HILO_NUDOS_INICIAL 
⚠ Placeholder detectado: 105140 - PULSERA_HILO_NUDOS_INICIAL 
⚠ Placeholder detectado: 105141 - PULSERA_HILO_NUDOS_INICIAL 
⚠ Placeholder detectado: 105142 - PULSERA_HILO_NUDOS_INICIAL 
⚠ Placeholder detectado: 105143 - PULSERA_HILO_NUDOS_INICIAL 
⚠ Placeholder detectado: 105144 - PULSERA_HILO_NUDOS_INICIAL 
⚠ Placeholder detectado: 105145 - PULSERA_HILO_NUDOS_INICIAL 
⚠ Placeholder detectado: 105146 - PULSERA_HILO_NUDOS_INICIAL 
⚠ Placeholder detectado: 105147 - PULSERA_HILO_NUDOS_INICIAL 
⚠ Placeholder detectado: 105148 - PULSERA_HILO_NUDOS_INICIAL 
⚠ Placeholder detectado: 105149 - PULSERA_HILO_NUDOS_INICIAL 
⚠ Placeholder detectado: 105150 - PULSERA_HILO_NUDOS_INICIAL 
⚠ Placeholder detectado: 105151 - PULSERA_HILO_NUDOS_INICIAL 
⚠ Placeholder detectado: 105152 - PULSERA_HILO_NUDOS_INICIAL 
⚠ Placeholder detectado: 105153 - PULSERA_HILO_NUDOS_INICIAL 
⚠ Placeholder detectado: 105154 - PULSERA_HILO_NUDOS_INICIAL 
⚠ Placeholder detectado: 105155 - PULSERA_HILO_NUDOS_INICIAL 
⚠ Placeholder detectado: 105156 - PULSERA_HILO_NUDOS_INICIAL 
⚠ Placeholder detectado: 105157 - PULSERA_HILO_NUDOS_INICIAL 
⚠ Placeholder detectado: 105158 - PULSERA_HILO_NUDOS_INICIAL 
⚠ Placeholder detectado: 105159 - PULSERA_HILO_NUDOS_INICIAL 
⚠ Placeholder detectado: 105160 - PULSERA_HILO_NUDOS_INICIAL 
⚠ Placeholder detectado: 105161 - PULSERA_HILO_NUDOS_INICIAL 
⚠ Placeholder detectado: 105162 - PULSERA_HILO_NUDOS_INICIAL 
⚠ Placeholder detectado: 105163 - PULSERA_HILO_NUDOS_INICIAL 
⚠ Placeholder detectado: 105164 - PULSERA_HILO_NUDOS_INICIAL 
⚠ Placeholder detectado: 105165 - PULSERA_HILO_NUDOS_INICIAL 
⚠ Placeholder detectado: 105166 - PULSERA_HILO_NUDOS_INICIAL 
⚠ Placeholder detectado: 105167 - PULSERA_HILO_NUDOS_INICIAL 
⚠ Placeholder detectado: 105168 - PULSERA_HILO_NUDOS_INICIAL 
⚠ Placeholder detectado: 105169 - PULSERA_HILO_NUDOS_INICIAL 
⚠ Placeholder detectado: 105170 - PULSERA_HILO_NUDOS_INICIAL 
⚠ Placeholder detectado: 105171 - PULSERA_HILO_NUDOS_INICIAL 
⚠ Placeholder detectado: 105172 - PULSERA_HILO_NUDOS_INICIAL 
⚠ Placeholder detectado: 105173 - PULSERA_HILO_NUDOS_INICIAL 
⚠ Placeholder detectado: 105174 - PULSERA_HILO_NUDOS_INICIAL 
⚠ Placeholder detectado: 105175 - PULSERA_HILO_NUDOS_INICIAL 
⚠ Placeholder detectado: 105176 - PULSERA_HILO_NUDOS_INICIAL 
⚠ Placeholder detectado: 105177 - PULSERA_HILO_NUDOS_INICIAL 
⚠ Placeholder detectado: 105178 - PULSERA_HILO_NUDOS_INICIAL 
"
"1","⚠ Placeholder detectado: 105179 - PULSERA_HILO_NUDOS_INICIAL 
⚠ Placeholder detectado: 105180 - PULSERA_HILO_NUDOS_INICIAL 
⚠ Placeholder detectado: 105181 - PULSERA_HILO_NUDOS_INICIAL 
⚠ Placeholder detectado: 105182 - PULSERA_HILO_NUDOS_INICIAL 
⚠ Placeholder detectado: 105183 - PULSERA_HILO_NUDOS_INICIAL 
⚠ Placeholder detectado: 105184 - PULSERA_HILO_NUDOS_INICIAL 
⚠ Placeholder detectado: 105185 - PULSERA_HILO_NUDOS_INICIAL 
⚠ Placeholder detectado: 105186 - PULSERA_HILO_NUDOS_INICIAL 
⚠ Placeholder detectado: 105187 - PULSERA_HILO_NUDOS_INICIAL 
⚠ Placeholder detectado: 105188 - PULSERA_HILO_NUDOS_INICIAL 
⚠ Placeholder detectado: 105189 - PULSERA_HILO_NUDOS_INICIAL 
⚠ Placeholder detectado: 105190 - PULSERA_HILO_NUDOS_INICIAL 
⚠ Placeholder detectado: 105191 - PULSERA_HILO_NUDOS_INICIAL 
⚠ Placeholder detectado: 105192 - PULSERA_HILO_NUDOS_INICIAL 
⚠ Placeholder detectado: 105193 - PULSERA_HILO_NUDOS_INICIAL 
⚠ Placeholder detectado: 105194 - PULSERA_HILO_NUDOS_INICIAL 
⚠ Placeholder detectado: 105195 - PULSERA_HILO_NUDOS_INICIAL 
⚠ Placeholder detectado: 105196 - PULSERA_HILO_NUDOS_INICIAL 
⚠ Placeholder detectado: 105197 - PULSERA_HILO_NUDOS_INICIAL 
⚠ Placeholder detectado: 105198 - PULSERA_HILO_NUDOS_INICIAL 
⚠ Placeholder detectado: 105199 - PULSERA_HILO_NUDOS_INICIAL 
⚠ Placeholder detectado: 105200 - PULSERA_HILO_NUDOS_INICIAL 
⚠ Placeholder detectado: 105201 - PULSERA_HILO_NUDOS_INICIAL 
⚠ Placeholder detectado: 105202 - PULSERA_HILO_NUDOS_INICIAL 
⚠ Placeholder detectado: 105203 - PULSERA_HILO_NUDOS_INICIAL 
⚠ Placeholder detectado: 105204 - PULSERA_HILO_NUDOS_INICIAL 
⚠ Placeholder detectado: 105205 - PULSERA_HILO_NUDOS_INICIAL 
⚠ Placeholder detectado: 105206 - PULSERA_HILO_NUDOS_INICIAL 
⚠ Placeholder detectado: 105207 - PULSERA_HILO_NUDOS_INICIAL 
⚠ Placeholder detectado: 105208 - PULSERA_HILO_NUDOS_INICIAL 
⚠ Placeholder detectado: 105209 - PULSERA_HILO_NUDOS_INICIAL 
⚠ Placeholder detectado: 105210 - PULSERA_HILO_NUDOS_INICIAL 
⚠ Placeholder detectado: 105211 - PULSERA_HILO_NUDOS_INICIAL 
⚠ Placeholder detectado: 105212 - PULSERA_HILO_NUDOS_INICIAL 
⚠ Placeholder detectado: 105213 - PULSERA_HILO_NUDOS_INICIAL 
⚠ Placeholder detectado: 105214 - PULSERA_HILO_NUDOS_INICIAL 
⚠ Placeholder detectado: 105215 - PULSERA_HILO_NUDOS_INICIAL 
⚠ Placeholder detectado: 105216 - PULSERA_HILO_NUDOS_INICIAL 
⚠ Placeholder detectado: 105217 - PULSERA_HILO_NUDOS_INICIAL 
⚠ Placeholder detectado: 105218 - PULSERA_HILO_NUDOS_INICIAL 
⚠ Placeholder detectado: 105219 - PULSERA_NUDO_CHINO_CON_TUBO 
⚠ Placeholder detectado: 105220 - PULSERA_TIRAS_CUERO_CHINO_CUBO_CORAZON 
⚠ Placeholder detectado: 105221 - PULSERA_TIRAS_CUERO_CHINO_CUBO_CORAZON 
⚠ Placeholder detectado: 105222 - PULSERA_TIRAS_CUERO_CHINO_BOLITAS_CUADRADAS 
⚠ Placeholder detectado: 105223 - PULSERA_TIRAS_CUERO_CHINO_BOLITAS_CUADRADAS 
⚠ Placeholder detectado: 105224 - PULSERA_TIRAS_CUERO_CHINO_TUBOS 
⚠ Placeholder detectado: 105225 - PULSERA_TIRAS_CUERO_CHINO_TUBOS 
⚠ Placeholder detectado: 105226 - PULSERA_TUBO_SIMPLE_BOLITA 
⚠ Placeholder detectado: 105227 - PULSERA_TUBO_SIMPLE_BOLITA 
⚠ Placeholder detectado: 105228 - PULSERA_TUBO_SIMPLE_BOLITA 
"
"1","⚠ Placeholder detectado: 105229 - PULSERA_7_NUDOS_CON_BOLITA 
⚠ Placeholder detectado: 105230 - TOTE_TATI 
⚠ Placeholder detectado: 105231 - TOTE_TATI 
⚠ Placeholder detectado: 105232 - LLAVERO_ABC 
⚠ Placeholder detectado: 105233 - LLAVERO_ABC 
⚠ Placeholder detectado: 105234 - LLAVERO_ABC 
⚠ Placeholder detectado: 105235 - FUNDA_DE_CUADERNO_A4 
⚠ Placeholder detectado: 105236 - FUNDA_DE_CUADERNO_A4 
⚠ Placeholder detectado: 105237 - PORTALENTES_LUZ 
⚠ Placeholder detectado: 105238 - BRAZALETE__4_ 
⚠ Placeholder detectado: 105239 - BRAZALETE__4_ 
⚠ Placeholder detectado: 105240 - BRAZALETE__4_ 
⚠ Placeholder detectado: 105241 - BRAZALETE__4_ 
⚠ Placeholder detectado: 105242 - BRAZALETE__4_ 
⚠ Placeholder detectado: 105243 - BRAZALETE__4_ 
⚠ Placeholder detectado: 105244 - ANILLO__2_ 
⚠ Placeholder detectado: 105245 - ANILLO__2_ 
⚠ Placeholder detectado: 105246 - ANILLO__2_ 
⚠ Placeholder detectado: 105247 - ANILLO__2_ 
⚠ Placeholder detectado: 105248 - ANILLO__3_ 
⚠ Placeholder detectado: 105249 - ANILLO__3_ 
⚠ Placeholder detectado: 105250 - ANILLO__3_ 
⚠ Placeholder detectado: 105251 - MONEDERO_BEIJING_MINI 
⚠ Placeholder detectado: 105252 - MONEDERO_BEIJING_MINI 
⚠ Placeholder detectado: 105253 - MONEDERO_BEIJING_MINI 
⚠ Placeholder detectado: 105254 - MONEDERO_BEIJING_MINI 
⚠ Placeholder detectado: 105255 - MONEDERO_BEIJING_MINI 
⚠ Placeholder detectado: 105256 - BOTA_DESSERT_RAVAN 
⚠ Placeholder detectado: 105257 - BOTA_DESSERT_RAVAN 
⚠ Placeholder detectado: 105258 - BOTA_DESSERT_RAVAN 
⚠ Placeholder detectado: 105259 - BOTA_DESSERT_RAVAN 
⚠ Placeholder detectado: 105260 - BOTA_DESSERT_RAVAN 
⚠ Placeholder detectado: 105261 - BOTA_DESSERT_RAVAN 
⚠ Placeholder detectado: 105262 - BOTA_DESSERT_RAVAN 
⚠ Placeholder detectado: 105263 - BOTA_CHELSEA_ARM_ 
⚠ Placeholder detectado: 105264 - BOTA_CHELSEA_ARM_ 
⚠ Placeholder detectado: 105265 - BOTA_CHELSEA_ARM_ 
⚠ Placeholder detectado: 105266 - BOTA_CHELSEA_ARM_ 
⚠ Placeholder detectado: 105267 - BOTA_CHELSEA_ARM_ 
⚠ Placeholder detectado: 105268 - BOTA_CHELSEA_ARM_ 
⚠ Placeholder detectado: 105269 - BOTA_CHELSEA_ARM_ 
⚠ Placeholder detectado: 105270 - BOTA_CHELSEA_CESAR 
⚠ Placeholder detectado: 105271 - BOTA_CHELSEA_CESAR 
⚠ Placeholder detectado: 105272 - BOTA_CHELSEA_CESAR 
⚠ Placeholder detectado: 105273 - BOTA_CHELSEA_CESAR 
⚠ Placeholder detectado: 105274 - BOTA_CHELSEA_CESAR 
⚠ Placeholder detectado: 105275 - BOTA_CHELSEA_CESAR 
⚠ Placeholder detectado: 105276 - BOTA_CHELSEA_CESAR 
⚠ Placeholder detectado: 105277 - BOTA_CHELSEA_CESAR 
⚠ Placeholder detectado: 105278 - BOTA_CHELSEA_CESAR 
"
"1","Procesando lote desde offset:"
"1"," "
"1","5200"
"1"," "
"1","
"
"1"," → válidos:"
"1"," "
"1","200"
"1"," "
"1","/"
"1"," "
"1","200"
"1"," "
"1","
"
"1","⚠ Placeholder detectado: 105279 - BOTA_CHELSEA_CESAR 
⚠ Placeholder detectado: 105280 - BOTA_CHELSEA_CESAR 
⚠ Placeholder detectado: 105281 - BOTA_CHELSEA_CESAR 
⚠ Placeholder detectado: 105282 - BOTA_CHELSEA_CESAR 
⚠ Placeholder detectado: 105283 - BOTA_CHELSEA_CESAR 
⚠ Placeholder detectado: 105284 - BOTA_CHELSEA_EMILIO 
⚠ Placeholder detectado: 105285 - BOTA_CHELSEA_EMILIO 
⚠ Placeholder detectado: 105286 - BOTA_CHELSEA_EMILIO 
⚠ Placeholder detectado: 105287 - BOTA_CHELSEA_EMILIO 
⚠ Placeholder detectado: 105288 - BOTA_CHELSEA_EMILIO 
⚠ Placeholder detectado: 105289 - BOTA_CHELSEA_EMILIO 
⚠ Placeholder detectado: 105290 - BOTA_CHELSEA_EMILIO 
⚠ Placeholder detectado: 105291 - BOTA_CHELSEA_NIL 
⚠ Placeholder detectado: 105292 - BOTA_CHELSEA_NIL 
⚠ Placeholder detectado: 105293 - BOTA_CHELSEA_NIL 
⚠ Placeholder detectado: 105294 - BOTA_CHELSEA_NIL 
⚠ Placeholder detectado: 105295 - BOTA_CHELSEA_NIL 
⚠ Placeholder detectado: 105296 - BOTA_CHELSEA_NIL 
⚠ Placeholder detectado: 105297 - BOTA_CHELSEA_NIL 
⚠ Placeholder detectado: 105298 - BOTA_DESSERT_RAVAN 
⚠ Placeholder detectado: 105299 - BOTA_DESSERT_RAVAN 
⚠ Placeholder detectado: 105300 - BOTA_DESSERT_RAVAN 
⚠ Placeholder detectado: 105301 - BOTA_DESSERT_RAVAN 
⚠ Placeholder detectado: 105302 - BOTA_DESSERT_RAVAN 
⚠ Placeholder detectado: 105303 - BOTA_DESSERT_RAVAN 
⚠ Placeholder detectado: 105304 - BOTA_DESSERT_RAVAN 
⚠ Placeholder detectado: 105305 - MOCASIN_HERRAJE_POL 
⚠ Placeholder detectado: 105306 - MOCASIN_HERRAJE_POL 
⚠ Placeholder detectado: 105307 - MOCASIN_HERRAJE_POL 
⚠ Placeholder detectado: 105308 - MOCASIN_HERRAJE_POL 
⚠ Placeholder detectado: 105309 - MOCASIN_HERRAJE_POL 
⚠ Placeholder detectado: 105310 - MOCASIN_HERRAJE_POL 
⚠ Placeholder detectado: 105311 - MOCASIN_HERRAJE_POL 
⚠ Placeholder detectado: 105312 - MOCASIN_IVAN 
⚠ Placeholder detectado: 105313 - MOCASIN_IVAN 
⚠ Placeholder detectado: 105314 - MOCASIN_IVAN 
⚠ Placeholder detectado: 105315 - MOCASIN_IVAN 
⚠ Placeholder detectado: 105316 - MOCASIN_IVAN 
⚠ Placeholder detectado: 105317 - MOCASIN_IVAN 
⚠ Placeholder detectado: 105318 - MOCASIN_IVAN 
⚠ Placeholder detectado: 105319 - MOCASIN_PENNY_JAIME 
⚠ Placeholder detectado: 105320 - MOCASIN_PENNY_JAIME 
⚠ Placeholder detectado: 105321 - MOCASIN_PENNY_JAIME 
⚠ Placeholder detectado: 105322 - MOCASIN_PENNY_JAIME 
⚠ Placeholder detectado: 105323 - MOCASIN_PENNY_JAIME 
⚠ Placeholder detectado: 105324 - MOCASIN_PENNY_JAIME 
⚠ Placeholder detectado: 105325 - MOCASIN_PENNY_JAIME 
⚠ Placeholder detectado: 105326 - MOCASIN_PENNY_JAIME 
⚠ Placeholder detectado: 105327 - MOCASIN_PENNY_JAIME 
⚠ Placeholder detectado: 105328 - MOCASIN_PENNY_JAIME 
"
"1","⚠ Placeholder detectado: 105329 - MOCASIN_PENNY_JAIME 
⚠ Placeholder detectado: 105330 - MOCASIN_PENNY_JAIME 
⚠ Placeholder detectado: 105331 - MOCASIN_PENNY_JAIME 
⚠ Placeholder detectado: 105332 - MOCASIN_PENNY_JAIME 
⚠ Placeholder detectado: 105333 - MOCASIN_PENNY_JAN 
⚠ Placeholder detectado: 105334 - MOCASIN_PENNY_JAN 
⚠ Placeholder detectado: 105335 - MOCASIN_PENNY_JAN 
⚠ Placeholder detectado: 105336 - MOCASIN_PENNY_JAN 
⚠ Placeholder detectado: 105337 - MOCASIN_PENNY_JAN 
⚠ Placeholder detectado: 105338 - MOCASIN_PENNY_JAN 
⚠ Placeholder detectado: 105339 - MOCASIN_PENNY_JAN 
⚠ Placeholder detectado: 105340 - MOCASIN_PENNY_TRISTAN 
⚠ Placeholder detectado: 105341 - MOCASIN_PENNY_TRISTAN 
⚠ Placeholder detectado: 105342 - MOCASIN_PENNY_TRISTAN 
⚠ Placeholder detectado: 105343 - MOCASIN_PENNY_TRISTAN 
⚠ Placeholder detectado: 105344 - MOCASIN_PENNY_TRISTAN 
⚠ Placeholder detectado: 105345 - MOCASIN_PENNY_TRISTAN 
⚠ Placeholder detectado: 105346 - MOCASIN_PENNY_TRISTAN 
⚠ Placeholder detectado: 105347 - MOCASIN_PENNY_TRISTAN 
⚠ Placeholder detectado: 105348 - MOCASIN_PENNY_TRISTAN 
⚠ Placeholder detectado: 105349 - MOCASIN_PENNY_TRISTAN 
⚠ Placeholder detectado: 105350 - MOCASIN_PENNY_TRISTAN 
⚠ Placeholder detectado: 105351 - MOCASIN_PENNY_TRISTAN 
⚠ Placeholder detectado: 105352 - MOCASIN_PENNY_TRISTAN 
⚠ Placeholder detectado: 105353 - MOCASIN_PENNY_TRISTAN 
⚠ Placeholder detectado: 105354 - ZAPATO_DERBY_ABEL 
⚠ Placeholder detectado: 105355 - ZAPATO_DERBY_ABEL 
⚠ Placeholder detectado: 105356 - ZAPATO_DERBY_ABEL 
⚠ Placeholder detectado: 105357 - ZAPATO_DERBY_ABEL 
⚠ Placeholder detectado: 105358 - ZAPATO_DERBY_ABEL 
⚠ Placeholder detectado: 105359 - ZAPATO_DERBY_ABEL 
⚠ Placeholder detectado: 105360 - ZAPATO_DERBY_ABEL 
⚠ Placeholder detectado: 105361 - ZAPATO_DERBY_AMIR 
⚠ Placeholder detectado: 105362 - ZAPATO_DERBY_AMIR 
⚠ Placeholder detectado: 105363 - ZAPATO_DERBY_AMIR 
⚠ Placeholder detectado: 105364 - ZAPATO_DERBY_AMIR 
⚠ Placeholder detectado: 105365 - ZAPATO_DERBY_AMIR 
⚠ Placeholder detectado: 105366 - ZAPATO_DERBY_AMIR 
⚠ Placeholder detectado: 105367 - ZAPATO_DERBY_AMIR 
⚠ Placeholder detectado: 105368 - ZAPATO_DERBY_BIEL 
⚠ Placeholder detectado: 105369 - ZAPATO_DERBY_BIEL 
⚠ Placeholder detectado: 105370 - ZAPATO_DERBY_BIEL 
⚠ Placeholder detectado: 105371 - ZAPATO_DERBY_BIEL 
⚠ Placeholder detectado: 105372 - ZAPATO_DERBY_BIEL 
⚠ Placeholder detectado: 105373 - ZAPATO_DERBY_BIEL 
⚠ Placeholder detectado: 105374 - ZAPATO_DERBY_BIEL 
⚠ Placeholder detectado: 105375 - ZAPATO_DERBY_BIEL 
⚠ Placeholder detectado: 105376 - ZAPATO_DERBY_BIEL 
⚠ Placeholder detectado: 105377 - ZAPATO_DERBY_BIEL 
⚠ Placeholder detectado: 105378 - ZAPATO_DERBY_BIEL 
"
"1","⚠ Placeholder detectado: 105379 - ZAPATO_DERBY_BIEL 
⚠ Placeholder detectado: 105380 - ZAPATO_DERBY_BIEL 
⚠ Placeholder detectado: 105381 - ZAPATO_DERBY_BIEL 
⚠ Placeholder detectado: 105382 - ZAPATO_DERBY_DARIO 
⚠ Placeholder detectado: 105383 - ZAPATO_DERBY_DARIO 
⚠ Placeholder detectado: 105384 - ZAPATO_DERBY_DARIO 
⚠ Placeholder detectado: 105385 - ZAPATO_DERBY_DARIO 
⚠ Placeholder detectado: 105386 - ZAPATO_DERBY_DARIO 
⚠ Placeholder detectado: 105387 - ZAPATO_DERBY_DARIO 
⚠ Placeholder detectado: 105388 - ZAPATO_DERBY_DARIO 
⚠ Placeholder detectado: 105389 - ZAPATO_DERBY_GEORGE 
⚠ Placeholder detectado: 105390 - ZAPATO_DERBY_GEORGE 
⚠ Placeholder detectado: 105391 - ZAPATO_DERBY_GEORGE 
⚠ Placeholder detectado: 105392 - ZAPATO_DERBY_GEORGE 
⚠ Placeholder detectado: 105393 - ZAPATO_DERBY_GEORGE 
⚠ Placeholder detectado: 105394 - ZAPATO_DERBY_GEORGE 
⚠ Placeholder detectado: 105395 - ZAPATO_DERBY_GEORGE 
⚠ Placeholder detectado: 105396 - ZAPATO_DERBY_ISMAEL 
⚠ Placeholder detectado: 105397 - ZAPATO_DERBY_ISMAEL 
⚠ Placeholder detectado: 105398 - ZAPATO_DERBY_ISMAEL 
⚠ Placeholder detectado: 105399 - ZAPATO_DERBY_ISMAEL 
⚠ Placeholder detectado: 105400 - ZAPATO_DERBY_ISMAEL 
⚠ Placeholder detectado: 105401 - ZAPATO_DERBY_ISMAEL 
⚠ Placeholder detectado: 105402 - ZAPATO_DERBY_ISMAEL 
⚠ Placeholder detectado: 105403 - ZAPATO_DERBY_JOEL 
⚠ Placeholder detectado: 105404 - ZAPATO_DERBY_JOEL 
⚠ Placeholder detectado: 105405 - ZAPATO_DERBY_JOEL 
⚠ Placeholder detectado: 105406 - ZAPATO_DERBY_JOEL 
⚠ Placeholder detectado: 105407 - ZAPATO_DERBY_JOEL 
⚠ Placeholder detectado: 105408 - ZAPATO_DERBY_JOEL 
⚠ Placeholder detectado: 105409 - ZAPATO_DERBY_JOEL 
⚠ Placeholder detectado: 105410 - ZAPATO_DERBY_ULISES 
⚠ Placeholder detectado: 105411 - ZAPATO_DERBY_ULISES 
⚠ Placeholder detectado: 105412 - ZAPATO_DERBY_ULISES 
⚠ Placeholder detectado: 105413 - ZAPATO_DERBY_ULISES 
⚠ Placeholder detectado: 105414 - ZAPATO_DERBY_ULISES 
⚠ Placeholder detectado: 105415 - ZAPATO_DERBY_ULISES 
⚠ Placeholder detectado: 105416 - ZAPATO_DERBY_ULISES 
⚠ Placeholder detectado: 105417 - ZAPATO_OXFORD_AXEL 
⚠ Placeholder detectado: 105418 - ZAPATO_OXFORD_AXEL 
⚠ Placeholder detectado: 105419 - ZAPATO_OXFORD_AXEL 
⚠ Placeholder detectado: 105420 - ZAPATO_OXFORD_AXEL 
⚠ Placeholder detectado: 105421 - ZAPATO_OXFORD_AXEL 
⚠ Placeholder detectado: 105422 - ZAPATO_OXFORD_AXEL 
⚠ Placeholder detectado: 105423 - ZAPATO_OXFORD_AXEL 
⚠ Placeholder detectado: 105424 - ZAPATO_OXFORD_HUMMER 
⚠ Placeholder detectado: 105425 - ZAPATO_OXFORD_HUMMER 
⚠ Placeholder detectado: 105426 - ZAPATO_OXFORD_HUMMER 
⚠ Placeholder detectado: 105427 - ZAPATO_OXFORD_HUMMER 
⚠ Placeholder detectado: 105428 - ZAPATO_OXFORD_HUMMER 
"
"1","⚠ Placeholder detectado: 105429 - ZAPATO_OXFORD_HUMMER 
⚠ Placeholder detectado: 105430 - ZAPATO_OXFORD_HUMMER 
⚠ Placeholder detectado: 105431 - MOCASIN_PENNY_BAIA 
⚠ Placeholder detectado: 105432 - MOCASIN_PENNY_BAIA 
⚠ Placeholder detectado: 105433 - MOCASIN_PENNY_BAIA 
⚠ Placeholder detectado: 105434 - MOCASIN_PENNY_BAIA 
⚠ Placeholder detectado: 105435 - MOCASIN_PENNY_BAIA 
⚠ Placeholder detectado: 105436 - MOCASIN_PENNY_BAIA 
⚠ Placeholder detectado: 105437 - MOCASIN_PENNY_BAIA 
⚠ Placeholder detectado: 105438 - MOCASIN_PENNY_BAIA 
⚠ Placeholder detectado: 105439 - MOCASIN_PENNY_BAIA 
⚠ Placeholder detectado: 105440 - MOCASIN_PENNY_BAIA 
⚠ Placeholder detectado: 105441 - MOCASIN_PENNY_BAIA 
⚠ Placeholder detectado: 105442 - MOCASIN_PENNY_BAIA 
⚠ Placeholder detectado: 105443 - MOCASIN_PENNY_BAIA 
⚠ Placeholder detectado: 105444 - MOCASIN_PENNY_BAIA 
⚠ Placeholder detectado: 105445 - MOCASIN_PENNY_BAIA 
⚠ Placeholder detectado: 105446 - LLAVERO_PAMPA 
"
"1","Procesando lote desde offset:"
"1"," "
"1","5400"
"1"," "
"1","
"
"1"," → válidos:"
"1"," "
"1","200"
"1"," "
"1","/"
"1"," "
"1","200"
"1"," "
"1","
"
"1","⚠ Placeholder detectado: 105588 - TIRITA_GAMUZA_ 
⚠ Placeholder detectado: 105589 - TIRITA_GAMUZA_ 
⚠ Placeholder detectado: 105590 - TIRITA_GAMUZA_ 
⚠ Placeholder detectado: 105591 - TIRITA_GAMUZA_ 
⚠ Placeholder detectado: 105592 - MONEDERO_MARIA 
⚠ Placeholder detectado: 105593 - MONEDERO_MARIA 
⚠ Placeholder detectado: DISC - Discount 
⚠ Placeholder detectado: FALSE - ABL 
⚠ Placeholder detectado: FALSE - ABL 
⚠ Placeholder detectado: FALSE - AGUA 
⚠ Placeholder detectado: FALSE - AGUA 
⚠ Placeholder detectado: FALSE - ALQUILER_LOCALES 
⚠ Placeholder detectado: FALSE - Anticipo_del_cliente 
⚠ Placeholder detectado: FALSE - Artículos_de_librería 
⚠ Placeholder detectado: FALSE - CADETERIA_Y_FRANQUEO 
⚠ Placeholder detectado: FALSE - CAJA 
⚠ Placeholder detectado: FALSE - CIERRE_MONOFILAMENTO_NRO_5_RRO_NEGRO 
⚠ Placeholder detectado: FALSE - COMPRAS_MERCADERIA_SCRAP 
⚠ Placeholder detectado: FALSE - CONTRIBUCIONES_PATRONALES 
⚠ Placeholder detectado: FALSE - CUERO__BIANCO_MODENA_TABACO 
⚠ Placeholder detectado: FALSE - CUERO_ANAN_NAPOLE_CAOBA 
⚠ Placeholder detectado: FALSE - CUERO_ANAN_NAPOLE_MUSGO 
⚠ Placeholder detectado: FALSE - CUERO_ANAN_NAPOLE_TABACO 
⚠ Placeholder detectado: FALSE - CUERO_ARENA_BRIDGE_AZUL 
⚠ Placeholder detectado: FALSE - CUERO_ARENA_BRIDGE_CAMEL 
⚠ Placeholder detectado: FALSE - CUERO_ARENA_BRIDGE_CARAMELO 
⚠ Placeholder detectado: FALSE - CUERO_ARENA_BRIDGE_CHOCOLATE 
⚠ Placeholder detectado: FALSE - CUERO_ARENA_BRIDGE_IGUANA_AZUL 
⚠ Placeholder detectado: FALSE - CUERO_ARENA_BRIDGE_IGUANA_CARAMELO 
⚠ Placeholder detectado: FALSE - CUERO_ARENA_BRIDGE_IGUANA_LONDON 
⚠ Placeholder detectado: FALSE - CUERO_ARENA_BRIDGE_IGUANA_NEGRO 
⚠ Placeholder detectado: FALSE - CUERO_ARENA_BRIDGE_IGUANA_ROJO 
⚠ Placeholder detectado: FALSE - CUERO_ARENA_BRIDGE_LONDON 
⚠ Placeholder detectado: FALSE - CUERO_ARENA_BRIDGE_MALBEC 
⚠ Placeholder detectado: FALSE - CUERO_ARENA_BRIDGE_NEGRO 
⚠ Placeholder detectado: FALSE - CUERO_ARENA_BRIDGE_ROJO 
⚠ Placeholder detectado: FALSE - CUERO_ARENA_BRIDGE_SUELA 
⚠ Placeholder detectado: FALSE - CUERO_ARENA_BRIDGE_TABACO 
⚠ Placeholder detectado: FALSE - CUERO_ARENA_BRIDGE_VERDE 
⚠ Placeholder detectado: FALSE - CUERO_ARENA_NAPADO_AZUL 
⚠ Placeholder detectado: FALSE - CUERO_ARENA_NAPADO_CARAMELO 
"
"1","⚠ Placeholder detectado: FALSE - CUERO_ARENA_NAPADO_CHOCOLATE 
⚠ Placeholder detectado: FALSE - CUERO_ARENA_NAPADO_LONDON 
⚠ Placeholder detectado: FALSE - CUERO_ARENA_NAPADO_MALBEC 
⚠ Placeholder detectado: FALSE - CUERO_ARENA_NAPADO_NEGRO 
⚠ Placeholder detectado: FALSE - CUERO_ARENA_NAPADO_ROJO 
⚠ Placeholder detectado: FALSE - CUERO_ARENA_NAPADO_SUELA 
⚠ Placeholder detectado: FALSE - CUERO_ARENA_NAPADO_TABACO 
⚠ Placeholder detectado: FALSE - CUERO_ARENA_NAPADO_VERDE 
⚠ Placeholder detectado: FALSE - CUERO_ARENA_TAMPONATO_NEGRO 
⚠ Placeholder detectado: FALSE - CUERO_ARENA_TAMPONATO_SUELA 
⚠ Placeholder detectado: FALSE - CUERO_BIANCO_FIORENTINO_CEDRO 
⚠ Placeholder detectado: FALSE - CUERO_BIANCO_FIORENTINO_NEGRO 
⚠ Placeholder detectado: FALSE - CUERO_BIANCO_MODENA__AZUL_CONTRATONO_SUELA 
⚠ Placeholder detectado: FALSE - CUERO_BIANCO_MODENA_AZUL_REVEZ_AZUL 
⚠ Placeholder detectado: FALSE - CUERO_BIANCO_MODENA_NEGRO_CONTRATONO_SUELA 
⚠ Placeholder detectado: FALSE - CUERO_BIANCO_MODENA_VERDE_CONTRATONO_SUELA 
⚠ Placeholder detectado: FALSE - CUERO_BIANCO_MODENA_VERDE_REVEZ_VERDE 
⚠ Placeholder detectado: FALSE - CUERO_LA_HERMIDA_VAQUETA_CHOCOLATE 
⚠ Placeholder detectado: FALSE - CUERO_LA_HERMIDA_VAQUETA_DULCE_DE_LECHE 
⚠ Placeholder detectado: FALSE - CUERO_LA_HERMIDA_VAQUETA_NATURAL 
⚠ Placeholder detectado: FALSE - CUERO_LA_HERMIDA_VAQUETA_NEGRO 
⚠ Placeholder detectado: FALSE - CUERO_LA_HERMIDA_VAQUETA_SUELA 
⚠ Placeholder detectado: FALSE - CUERO_LA_HISPANO_MACEIO_NEGRO 
⚠ Placeholder detectado: FALSE - CUERO_LA_HISPANO_PONT_WHISKY 
⚠ Placeholder detectado: FALSE - CUERO_LA_HISPANO_SALLY_CARAMELO 
⚠ Placeholder detectado: FALSE - CUERO_LA_HISPANO_SALLY_NEGRO 
⚠ Placeholder detectado: FALSE - CUERO_LA_HISPANO_SALLY_SUELA 
⚠ Placeholder detectado: FALSE - CUERO_LA_HISPANO_SALLY_WHISKY 
⚠ Placeholder detectado: FALSE - CUERO_LEDER_CRUSH_HABANO 
⚠ Placeholder detectado: FALSE - CUERO_LEDER_CRUSH_MALBORO 
⚠ Placeholder detectado: FALSE - CUERO_LEDER_CRUSH_SUELA 
⚠ Placeholder detectado: FALSE - CUERO_LEDER_GAMUZA_BEIGE 
⚠ Placeholder detectado: FALSE - CUERO_LEDER_PELO_BEIGE 
⚠ Placeholder detectado: FALSE - CUERO_LEDER_PELO_HEREFORD 
⚠ Placeholder detectado: FALSE - CUERO_LEDER_PELO_HOLANDO_ 
⚠ Placeholder detectado: FALSE - CUERO_LEDER_PELO_MARRON 
⚠ Placeholder detectado: FALSE - CUERO_LEDER_PELO_MARRON_ROJIZO 
⚠ Placeholder detectado: FALSE - CUERO_LEDER_PELO_NEGRO 
⚠ Placeholder detectado: FALSE - CUERO_LEDER_VINTAGE_DARK 
⚠ Placeholder detectado: FALSE - CUERO_LEDER_VINTAGE_LIGHT 
⚠ Placeholder detectado: FALSE - CUERO_LEDER_VINTAGE_MEDIO 
⚠ Placeholder detectado: FALSE - CUERO_MA_GAMUZA_AZUL_NOCHE 
⚠ Placeholder detectado: FALSE - CUERO_MA_GAMUZA_CAFE 
⚠ Placeholder detectado: FALSE - CUERO_MA_GAMUZA_CHOCOLATE 
⚠ Placeholder detectado: FALSE - CUERO_MA_GAMUZA_OXIDO 
⚠ Placeholder detectado: FALSE - CUERO_MA_GAMUZA_SUELA 
⚠ Placeholder detectado: FALSE - CUERO_MA_GAMUZA_VERDE_MILITAR 
⚠ Placeholder detectado: FALSE - CUERO_NAPOLITANA_GAMUZA_AVELLANA_MIEL 
⚠ Placeholder detectado: FALSE - CUERO_NAPOLITANA_GAMUZA_AZUL 
⚠ Placeholder detectado: FALSE - CUERO_NAPOLITANA_GAMUZA_CHOCOLATE 
"
"1","Procesando lote desde offset:"
"1"," "
"1","5600"
"1"," "
"1","
"
"1"," → válidos:"
"1"," "
"1","70"
"1"," "
"1","/"
"1"," "
"1","70"
"1"," "
"1","
"
"1","⚠ Placeholder detectado: FALSE - CUERO_NAPOLITANA_GAMUZA_GRIS_MEDIO 
⚠ Placeholder detectado: FALSE - CUERO_NAPOLITANA_GAMUZA_GRIS_OSCURO 
⚠ Placeholder detectado: FALSE - CUERO_NAPOLITANA_GAMUZA_MARRON_TOOL_CAFE 
⚠ Placeholder detectado: FALSE - CUERO_NAPOLITANA_GAMUZA_MARZALA 
⚠ Placeholder detectado: FALSE - CUERO_NAPOLITANA_GAMUZA_MOSTAZA 
⚠ Placeholder detectado: FALSE - CUERO_NAPOLITANA_GAMUZA_NEGRO 
⚠ Placeholder detectado: FALSE - CUERO_NAPOLITANA_GAMUZA_NOBUK_CAFE 
⚠ Placeholder detectado: FALSE - CUERO_NAPOLITANA_GAMUZA_NOBUK_CHOCOLATE 
⚠ Placeholder detectado: FALSE - CUERO_NAPOLITANA_GAMUZA_NOBUK_CUOIO 
⚠ Placeholder detectado: FALSE - CUERO_NAPOLITANA_GAMUZA_NOBUK_OXIDO 
⚠ Placeholder detectado: FALSE - CUERO_NAPOLITANA_GAMUZA_NOBUK_VISON 
⚠ Placeholder detectado: FALSE - CUERO_NAPOLITANA_GAMUZA_OLIVA 
⚠ Placeholder detectado: FALSE - CUERO_NAPOLITANA_GAMUZA_OXIDO 
⚠ Placeholder detectado: FALSE - CUERO_NAPOLITANA_GAMUZA_SUELA 
⚠ Placeholder detectado: FALSE - CUERO_NAPOLITANA_GAMUZA_TABACO 
⚠ Placeholder detectado: FALSE - CUERO_NAPOLITANA_GAMUZA_VESUBIO_TAUPE 
⚠ Placeholder detectado: FALSE - CUERO_NAPOLITANA_GAMUZA_VISON 
⚠ Placeholder detectado: FALSE - CUERO_NAPOLITANA_WAX_CHOCOLATE 
"
"1","⚠ Placeholder detectado: FALSE - CUERO_NATUREZA_GAMUZA_CHOCOLOTE 
⚠ Placeholder detectado: FALSE - CUERO_NATUREZA_GAMUZA_NOBUK_CHOCOLATE 
⚠ Placeholder detectado: FALSE - CUERO_NATUREZA_GAMUZA_NOBUK_HABANO 
⚠ Placeholder detectado: FALSE - CUERO_NATUREZA_GAMUZA_NOBUK_SUELA 
⚠ Placeholder detectado: FALSE - CUERO_NATUREZA_GAMUZA_SUELA 
⚠ Placeholder detectado: FALSE - CUERO_NATUREZA_GAMUZA_VERDE_MILITAR 
⚠ Placeholder detectado: FALSE - CUERO_VANESKA_DUNA_NEGRO 
⚠ Placeholder detectado: FALSE - Comisiones_Pagadas 
⚠ Placeholder detectado: FALSE - DESLIZADOR_CON_TIRACIERRE_MONOFILAMENTO_NRO_5_YKK 
⚠ Placeholder detectado: FALSE - DESLIZADOR_CON_TIRACIERRE_MONOFILAMENTO_NRO_5_YKK 
⚠ Placeholder detectado: FALSE - Diferencia_de_cambio 
⚠ Placeholder detectado: FALSE - Down_Payment__POS_ 
⚠ Placeholder detectado: FALSE - EQUIPOS_DE_COMPUTACION 
⚠ Placeholder detectado: FALSE - EXPENSAS 
⚠ Placeholder detectado: FALSE - Envío_gratuito 
⚠ Placeholder detectado: FALSE - FAECYS 
⚠ Placeholder detectado: FALSE - FAECYS_A_PAGAR 
"
"1","⚠ Placeholder detectado: FALSE - GASTOS_BANCARIOS 
⚠ Placeholder detectado: FALSE - GASTOS_DE_MANTENIMIENTO_Y_REPARACIONES 
⚠ Placeholder detectado: FALSE - GASTOS_MEDICOS 
⚠ Placeholder detectado: FALSE - HONORARIOS 
⚠ Placeholder detectado: FALSE - Higiene_y_Seguridad 
⚠ Placeholder detectado: FALSE - INACAP 
⚠ Placeholder detectado: FALSE - INMOBILIARIO 
⚠ Placeholder detectado: FALSE - Impuesto_Inmobiliario 
⚠ Placeholder detectado: FALSE - Interes_por_financiacion_ 
⚠ Placeholder detectado: FALSE - LICENCIA_DE_SOFTWARE 
⚠ Placeholder detectado: FALSE - LIMPIEZA 
⚠ Placeholder detectado: FALSE - LUZ 
⚠ Placeholder detectado: FALSE - MAQUINARIAS 
⚠ Placeholder detectado: FALSE - MOVILIDAD_Y_VIATICOS 
⚠ Placeholder detectado: FALSE - MUNI 
⚠ Placeholder detectado: FALSE - MUNICIPAL 
"
"1","⚠ Placeholder detectado: FALSE - Mantenimiento_y_Reparaciones 
⚠ Placeholder detectado: FALSE - Obras_y_remodelaciones 
⚠ Placeholder detectado: FALSE - PATENTES 
⚠ Placeholder detectado: FALSE - PRODUCTO_TERMINADO 
⚠ Placeholder detectado: FALSE - PUBLICIDAD 
⚠ Placeholder detectado: FALSE - Plata_fina_999__en_granalla 
⚠ Placeholder detectado: FALSE - REFRIGERIO 
⚠ Placeholder detectado: FALSE - SEC 
⚠ Placeholder detectado: FALSE - SEC_A_PAGAR 
⚠ Placeholder detectado: FALSE - SEGUROS 
⚠ Placeholder detectado: FALSE - Sellados_y_Certificaciones 
⚠ Placeholder detectado: FALSE - Servicio_Eléctrico 
⚠ Placeholder detectado: FALSE - Servicio_de_Agua 
⚠ Placeholder detectado: FALSE - Servicio_de_Gas 
⚠ Placeholder detectado: FALSE - Servicio_de_Internet 
⚠ Placeholder detectado: FALSE - Sueldos_y_SAC 
⚠ Placeholder detectado: FALSE - Tarjeta_de_regalo 
⚠ Placeholder detectado: FALSE - Top_up_eWallet 
"
"1","Procesando lote desde offset:"
"1"," "
"1","5800"
"1"," "
"1","
"
"1","✔ Fin de datos
"
