"Producto,""Creado el"",""Valor unitario"""
"ANILLO BOMBE (1) (17),""2025-10-23 15:34:53"",""0.0"""
"ANILLO BOMBE (1) (17),""2025-10-23 15:41:18"",""0.0"""
"Prueba,""2025-10-30 12:39:34"",""0.0"""
"[101389] PORTALENTES LUZ (BRIDGE, ROJO),""2025-12-05 18:47:34"",""0.0"""
"[101292] PORTACINTO LOU (FIORENTINO, CEDRO),""2025-12-05 18:47:34"",""0.0"""
"[101293] PORTACINTO LOU (MODENA, NEGRO),""2025-12-05 18:47:34"",""0.0"""
"[101294] PORTACINTO LOU (MODENA, TABACO),""2025-12-05 18:47:34"",""0.0"""
"[100782] CINTURON TINO (90, NEGRO),""2025-12-05 18:47:34"",""0.0"""
"[101184] MORRAL LUCAS (NEGRO),""2025-12-05 18:47:34"",""0.0"""
"[101077] MOCHILA MARCOS (NAPADO, SUELA),""2025-12-05 18:47:34"",""0.0"""
"[101076] MOCHILA MARCOS (NAPADO, NEGRO),""2025-12-05 18:47:34"",""0.0"""
"[101642] SOBRE GEMINI (NAPADO, NEGRO),""2025-12-05 18:47:34"",""0.0"""
"[101644] SOBRE GEMINI (NAPADO, SUELA),""2025-12-05 18:47:34"",""0.0"""
"[100069] BANDOLERA NATY SIMPLE (GAMUZA, VESUBIO/TABACO),""2025-12-05 18:47:34"",""0.0"""
"[101801] TARJETERO VINCENT (NEGRO),""2025-12-05 18:47:34"",""0.0"""
"[101778] TARJETERO ROMA (BRIDGE, NEGRO),""2025-12-05 18:47:34"",""0.0"""
"[101779] TARJETERO ROMA (BRIDGE, TABACO),""2025-12-05 18:47:34"",""0.0"""
"[100603] CARTUCHERA MONT (BRIDGE, NEGRO),""2025-12-05 18:47:34"",""0.0"""
"[100577] CARTERA MINI APHOLO SET SOBRE (GAMUZA, AVELLANA/TABACO),""2025-12-05 18:47:34"",""0.0"""
"[101640] SOBRE GEMINI (NAPADO, CARAMELO),""2025-12-05 18:47:34"",""0.0"""
"[100502] CARTERA DOS HEBILLAS NEW (BRIDGE, CARAMELO),""2025-12-05 18:47:34"",""0.0"""
"[101643] SOBRE GEMINI (NAPADO, ROJO),""2025-12-05 18:47:34"",""0.0"""
"[101692] TARJETERO ARIES (BRIDGE, TABACO),""2025-12-05 18:47:34"",""0.0"""
"[101421] PORTALENTES ORION (BRIDGE, CARAMELO),""2025-12-05 18:47:34"",""0.0"""
"[101425] PORTALENTES ORION (BRIDGE, TABACO),""2025-12-05 18:47:34"",""0.0"""
"[101430] PORTALENTES ORION (NAPADO, SUELA),""2025-12-05 18:47:34"",""0.0"""
"[101443] PORTAPASAPORTE CHESTER (BRIDGE, CARAMELO),""2025-12-05 18:47:34"",""0.0"""
"[101447] PORTAPASAPORTE CHESTER (BRIDGE, TABACO),""2025-12-05 18:47:34"",""0.0"""
"[101446] PORTAPASAPORTE CHESTER (BRIDGE, ROJO),""2025-12-05 18:47:34"",""0.0"""
"[101445] PORTAPASAPORTE CHESTER (BRIDGE, NEGRO),""2025-12-05 18:47:34"",""0.0"""
"[101463] PORTAPASAPORTE RON (BRIDGE, NEGRO),""2025-12-05 18:47:34"",""0.0"""
"[101726] TARJETERO HARRY (BRIDGE, ROJO),""2025-12-05 18:47:34"",""0.0"""
"[100187] BILLETERA LUCA (BRIDGE, CARAMELO),""2025-12-05 18:47:34"",""0.0"""
"[100190] BILLETERA LUCA (BRIDGE, TABACO),""2025-12-05 18:47:34"",""0.0"""
"[100202] BILLETERA LUCA (NAPADO, SUELA),""2025-12-05 18:47:34"",""0.0"""
"[100198] BILLETERA LUCA (NAPADO, CARAMELO),""2025-12-05 18:47:34"",""0.0"""
"[100200] BILLETERA LUCA (NAPADO, NEGRO),""2025-12-05 18:47:34"",""0.0"""
"[100224] BILLETERA OSADIA (NAPADO, SUELA),""2025-12-05 18:47:34"",""0.0"""
"[100222] BILLETERA OSADIA (NAPADO, NEGRO),""2025-12-05 18:47:34"",""0.0"""
"[100217] BILLETERA OSADIA (BRIDGE, ROJO),""2025-12-05 18:47:34"",""0.0"""
"[100010] BANDOLERA ANTONIETA (GAMUZA, AVELLANA),""2025-12-05 18:47:34"",""0.0"""
"[100013] BANDOLERA ANTONIETA (GAMUZA, VESUBIO),""2025-12-05 18:47:34"",""0.0"""
"[100017] BANDOLERA ANTONIETA (NAPADO, NEGRO),""2025-12-05 18:47:34"",""0.0"""
"[100148] BILLETERA BEIJING (IGUANA, NEGRO),""2025-12-05 18:47:34"",""0.0"""
"[101001] LLAVERO KAREN (VERDE/OXIDO),""2025-12-05 18:47:34"",""0.0"""
"[101786] TARJETERO RUBI (BRIDGE, ROJO),""2025-12-05 18:47:34"",""0.0"""
"[100981] LLAVERO KAREN (AZUL/OXIDO),""2025-12-05 18:47:34"",""0.0"""
"[101783] TARJETERO RUBI (BRIDGE, CARAMELO),""2025-12-05 18:47:34"",""0.0"""
"[101755] TARJETERO KENNY (BRIDGE, NEGRO),""2025-12-05 18:47:34"",""0.0"""
"[101141] MONEDERO GRACE (BRIDGE, ROJO),""2025-12-05 18:47:34"",""0.0"""
"[101255] PHONEBAG TAURUS (NEGRO),""2025-12-05 18:47:34"",""0.0"""
"[100442] CARTERA AMARILLA SET SOBRE (BRIDGE, ROJO),""2025-12-05 18:47:34"",""0.0"""
"[100216] BILLETERA OSADIA (BRIDGE, NEGRO),""2025-12-05 18:47:34"",""0.0"""
"[101104] MOCHILA PORTIA (BRIDGE, NEGRO),""2025-12-05 18:47:34"",""0.0"""
"[100811] CINTURON VAQUETA (85, SUELA),""2025-12-05 18:47:34"",""0.0"""
"[100074] BANDOLERA NATY SIMPLE (NAPADO, ROJO),""2025-12-05 18:47:34"",""0.0"""
"[100055] BANDOLERA NATY (ROJO),""2025-12-05 18:47:34"",""0.0"""
"[100052] BANDOLERA NATY (AZUL),""2025-12-05 18:47:34"",""0.0"""
"[100053] BANDOLERA NATY (CARAMELO),""2025-12-05 18:47:34"",""0.0"""
"[100479] CARTERA BAULITO (BRIDGE, NEGRO),""2025-12-05 18:47:34"",""0.0"""
"[101183] MORRAL LUCAS (CARAMELO),""2025-12-05 18:47:34"",""0.0"""
"[100054] BANDOLERA NATY (NEGRO),""2025-12-05 18:47:34"",""0.0"""
"[100546] CARTERA LISBOA (IGUANA, CARAMELO),""2025-12-05 18:47:34"",""0.0"""
"[100274] BOLSO URBANO (BRIDGE, NEGRO),""2025-12-05 18:47:34"",""0.0"""
"[100427] CARTERA ACONCAGUA (BRIDGE, NEGRO),""2025-12-05 18:47:34"",""0.0"""
"[100425] CARTERA ACONCAGUA (BRIDGE, CARAMELO),""2025-12-05 18:47:34"",""0.0"""
"[100424] CARTERA ACONCAGUA (BRIDGE, AZUL),""2025-12-05 18:47:34"",""0.0"""
"[101305] PORTAFOLIO OLDIE (BRIDGE, NEGRO),""2025-12-05 18:47:34"",""0.0"""
"[101170] MORRAL BERLIN (CARAMELO),""2025-12-05 18:47:34"",""0.0"""
"[101628] SET POSAVASOS CUADRADO X4 (NAPADO, SUELA),""2025-12-05 18:47:34"",""0.0"""
"[100144] BILLETERA BEIJING (BRIDGE, NEGRO),""2025-12-05 18:47:34"",""0.0"""
"[100804] CINTURON TRENZADO (120),""2025-12-05 18:47:34"",""0.0"""
"[101707] TARJETERO BILL (BRIDGE, ROJO),""2025-12-05 18:47:34"",""0.0"""
"[101176] MORRAL CARLOS (NEGRO),""2025-12-05 18:47:34"",""0.0"""
"[101706] TARJETERO BILL (BRIDGE, NEGRO),""2025-12-05 18:47:34"",""0.0"""
"[100059] BANDOLERA NATY SIMPLE (BRIDGE, CARAMELO),""2025-12-05 18:47:34"",""0.0"""
"[101315] PORTAFOLIO VENUS CHICO (BRIDGE, NEGRO),""2025-12-05 18:47:34"",""0.0"""
"[100494] CARTERA CHALTEN (BRIDGE, CARAMELO),""2025-12-05 18:47:34"",""0.0"""
"[100658] CINTURON ESPIGA (115, NEGRO),""2025-12-05 18:47:34"",""0.0"""
"[100572] CARTERA MINI APHOLO SET SOBRE (BRIDGE, NEGRO),""2025-12-05 18:47:34"",""0.0"""
"[100570] CARTERA MINI APHOLO SET SOBRE (BRIDGE, CARAMELO),""2025-12-05 18:47:34"",""0.0"""
"[100665] CINTURON ESPIGA (115, SUELA),""2025-12-05 18:47:34"",""0.0"""
"[100163] BILLETERA FICHERO (NAPADO, NEGRO),""2025-12-05 18:47:34"",""0.0"""
"[100455] CARTERA AMARILLA SET SOBRE (IGUANA, ROJO),""2025-12-05 18:47:34"",""0.0"""
"[100547] CARTERA LISBOA (IGUANA, NEGRO),""2025-12-05 18:47:34"",""0.0"""
"[100548] CARTERA LISBOA (IGUANA, ROJO),""2025-12-05 18:47:34"",""0.0"""
"[100553] CARTERA LISBOA (NAPADO, NEGRO),""2025-12-05 18:47:34"",""0.0"""
"[100551] CARTERA LISBOA (NAPADO, CARAMELO),""2025-12-05 18:47:34"",""0.0"""
"[101395] PORTALENTES LUZ (IGUANA, NEGRO),""2025-12-05 18:47:34"",""0.0"""
"[101470] PORTAPASAPORTE RON (IGUANA, NEGRO),""2025-12-05 18:47:34"",""0.0"""
"[100544] CARTERA LISBOA (GAMUZA, VESUBIO/TABACO),""2025-12-05 18:47:34"",""0.0"""
"[101712] TARJETERO BILL (IGUANA, CARAMELO),""2025-12-05 18:47:34"",""0.0"""
"[100731] CINTURON MIA (L, ROJO),""2025-12-05 18:47:34"",""0.0"""
"[101469] PORTAPASAPORTE RON (IGUANA, CARAMELO),""2025-12-05 18:47:34"",""0.0"""
"[100164] BILLETERA FICHERO (NAPADO, ROJO),""2025-12-05 18:47:34"",""0.0"""
"[101144] MONEDERO GRACE (IGUANA, NEGRO),""2025-12-05 18:47:34"",""0.0"""
"[101303] PORTAFOLIO OLDIE (BRIDGE, CARAMELO),""2025-12-05 18:47:34"",""0.0"""
"[100743] CINTURON PANAMA (85, TOSTADO),""2025-12-05 18:47:34"",""0.0"""
"[100448] CARTERA AMARILLA SET SOBRE (GAMUZA, AVELLANA/TABACO),""2025-12-05 18:47:34"",""0.0"""
"[101227] NECESSAIRE MINI MARCOS (BRIDGE, NEGRO),""2025-12-05 18:47:34"",""0.0"""
"[100749] CINTURON PANAMA (115, TOSTADO),""2025-12-05 18:47:34"",""0.0"""
"[100123] BANDOLERA VICENTA (NAPADO, ROJO),""2025-12-05 18:47:34"",""0.0"""
"[100011] BANDOLERA ANTONIETA (GAMUZA, CAFE),""2025-12-05 18:47:34"",""0.0"""
"[100554] CARTERA LISBOA (NAPADO, ROJO),""2025-12-05 18:47:34"",""0.0"""
"[100041] BANDOLERA LENA (NAPADO, AZUL),""2025-12-05 18:47:34"",""0.0"""
"[100565] CARTERA MINI APHOLO C/CIERRE (BRIDGE, NEGRO),""2025-12-05 18:47:34"",""0.0"""
"[101158] MORRAL ADI VINTAGE (BRIDGE, CARAMELO),""2025-12-05 18:47:34"",""0.0"""
"[100594] CARTERA YARA (BRIDGE, NEGRO),""2025-12-05 18:47:34"",""0.0"""
"[100613] CARTUCHERA MONT FULL BLACK,""2025-12-05 18:47:34"",""0.0"""
"[101577] RIÑONERA EVAN FULL BLACK GRANDE,""2025-12-05 18:47:34"",""0.0"""
"[100188] BILLETERA LUCA (BRIDGE, CHOCOLATE),""2025-12-05 18:47:34"",""0.0"""
"[101159] MORRAL ADI VINTAGE (BRIDGE, NEGRO),""2025-12-05 18:47:34"",""0.0"""
"[101386] PORTALENTES LUZ (BRIDGE, CHOCOLATE),""2025-12-05 18:47:34"",""0.0"""
"[101790] TARJETERO RUBI (FIORENTINO, CEDRO),""2025-12-05 18:47:34"",""0.0"""
"[100336] CAMISA LISA ALGODON (40, AMARILLO),""2025-12-05 18:47:34"",""0.0"""
"[100330] CAMISA CUADRITOS (40),""2025-12-05 18:47:34"",""0.0"""
"[100598] CARTERA YARA (IGUANA, NEGRO),""2025-12-05 18:47:34"",""0.0"""
"[101654] SOBRE OMEGA (GAMUZA, AZUL),""2025-12-05 18:47:34"",""0.0"""
"SOBRE OMEGA (GAMUZA, GRIS MEDIO),""2025-12-05 18:47:34"",""0.0"""
"[101088] MOCHILA PACARI (BRIDGE, NEGRO),""2025-12-05 18:47:34"",""0.0"""
"[100114] BANDOLERA VICENTA (GAMUZA, GRIS OSCURO),""2025-12-05 18:47:34"",""0.0"""
"[101853] ZAPATILLA URBANA (39, NEGRO),""2025-12-05 18:47:34"",""0.0"""
"[101859] ZAPATILLA URBANA (45, NEGRO),""2025-12-05 18:47:34"",""0.0"""
"[101860] ZAPATILLA URBANA (39, SUELA),""2025-12-05 18:47:34"",""0.0"""
"[101861] ZAPATILLA URBANA (40, SUELA),""2025-12-05 18:47:34"",""0.0"""
"[101865] ZAPATILLA URBANA (44, SUELA),""2025-12-05 18:47:34"",""0.0"""
"[101866] ZAPATILLA URBANA (45, SUELA),""2025-12-05 18:47:34"",""0.0"""
"[100243] BOLSO LIHUEN (BRIDGE, CARAMELO),""2025-12-05 18:47:34"",""0.0"""
"[100282] BOTA MORRIS (40),""2025-12-05 18:47:34"",""0.0"""
"[101299] PORTAFOLIO HUAPI (BRIDGE, MALBEC),""2025-12-05 18:47:34"",""0.0"""
"[101366] PORTALENTES COLBY (BRIDGE, CARAMELO),""2025-12-05 18:47:34"",""0.0"""
"[101374] PORTALENTES COLBY (IGUANA, NEGRO),""2025-12-05 18:47:34"",""0.0"""
"[101375] PORTALENTES COLBY (IGUANA, ROJO),""2025-12-05 18:47:34"",""0.0"""
"[101345] PORTALAPTOP ELOY (MODENA, TABACO),""2025-12-05 18:47:34"",""0.0"""
"[103098] SOMBRERO ALGODON (XS, TOSTADO/NEGRO),""2025-12-05 18:47:34"",""0.0"""
"[101273] PORTACABLES (2) (MODENA, NEGRO),""2025-12-05 18:47:34"",""0.0"""
"[101276] PORTACABLES (2) (VAQUETA, NATURAL),""2025-12-05 18:47:34"",""0.0"""
"[101274] PORTACABLES (2) (VAQUETA, CHOCOLATE),""2025-12-05 18:47:34"",""0.0"""
"[103099] SOMBRERO ALGODON (S, TOSTADO/NEGRO),""2025-12-05 18:47:34"",""0.0"""
"[101275] PORTACABLES (2) (VAQUETA, DULCE DE LECHE),""2025-12-05 18:47:34"",""0.0"""
"[101277] PORTACABLES (2) (VAQUETA, NEGRO),""2025-12-05 18:47:34"",""0.0"""
"[101759] TARJETERO KENNY (NAPADO, NEGRO),""2025-12-05 18:47:34"",""0.0"""
"[103100] SOMBRERO ALGODON (M, TOSTADO/NEGRO),""2025-12-05 18:47:34"",""0.0"""
"[101557] RIÑONERA CRUZ L (BRIDGE, CARAMELO),""2025-12-05 18:47:34"",""0.0"""
"[103101] SOMBRERO ALGODON (L, TOSTADO/NEGRO),""2025-12-05 18:47:34"",""0.0"""
"[100821] CORREA LOLI (NEGRO),""2025-12-05 18:47:34"",""0.0"""
"[100819] CORREA LOLI (CARAMELO),""2025-12-05 18:47:34"",""0.0"""
"[103102] SOMBRERO ALGODON (XL, TOSTADO/NEGRO),""2025-12-05 18:47:34"",""0.0"""
"[100823] CORREA LOLI (TABACO),""2025-12-05 18:47:34"",""0.0"""
"[100822] CORREA LOLI (ROJO),""2025-12-05 18:47:34"",""0.0"""
"[100820] CORREA LOLI (MALBEC),""2025-12-05 18:47:34"",""0.0"""
"[100824] CORREA LOLI (VERDE),""2025-12-05 18:47:34"",""0.0"""
"[103103] SOMBRERO ALGODON (2XL, TOSTADO/NEGRO),""2025-12-05 18:47:34"",""0.0"""
"[100818] CORREA LOLI (AZUL),""2025-12-05 18:47:34"",""0.0"""
"[100826] CORREA LORE (NEGRO),""2025-12-05 18:47:34"",""0.0"""
"[103104] SOMBRERO ALGODON (XS, NATURAL/NEGRO),""2025-12-05 18:47:34"",""0.0"""
"[100825] CORREA LORE (CARAMELO),""2025-12-05 18:47:34"",""0.0"""
"[103105] SOMBRERO ALGODON (S, NATURAL/NEGRO),""2025-12-05 18:47:34"",""0.0"""
"[103106] SOMBRERO ALGODON (M, NATURAL/NEGRO),""2025-12-05 18:47:34"",""0.0"""
"[103107] SOMBRERO ALGODON (L, NATURAL/NEGRO),""2025-12-05 18:47:34"",""0.0"""
"[103108] SOMBRERO ALGODON (XL, NATURAL/NEGRO),""2025-12-05 18:47:34"",""0.0"""
"[103109] SOMBRERO ALGODON (2XL, NATURAL/NEGRO),""2025-12-05 18:47:34"",""0.0"""
"[103115] SOMBRERO RAFIA (S, TOSTADO/BLANCO),""2025-12-05 18:47:34"",""0.0"""
"[103116] SOMBRERO RAFIA (L, TOSTADO/BLANCO),""2025-12-05 18:47:34"",""0.0"""
"[103117] SOMBRERO RAFIA (XL, TOSTADO/BLANCO),""2025-12-05 18:47:34"",""0.0"""
"[103118] SOMBRERO RAFIA (S, NATURAL/AZUL),""2025-12-05 18:47:34"",""0.0"""
"[101371] PORTALENTES COLBY (FIORENTINO, CEDRO),""2025-12-05 18:47:34"",""0.0"""
"[101368] PORTALENTES COLBY (BRIDGE, NEGRO),""2025-12-05 18:47:34"",""0.0"""
"[101683] TAG SIMPLE (NEGRO),""2025-12-05 18:47:34"",""0.0"""
"[101677] TAG INICIALES (VAQUETA, NATURAL),""2025-12-05 18:47:34"",""0.0"""
"[101680] TAG INICIALES (VAQUETA, VISON),""2025-12-05 18:47:34"",""0.0"""
"[101678] TAG INICIALES (VAQUETA, NEGRO),""2025-12-05 18:47:34"",""0.0"""
"[101679] TAG INICIALES (VAQUETA, SUELA),""2025-12-05 18:47:34"",""0.0"""
"[101676] TAG INICIALES (VAQUETA, CHOCOLATE),""2025-12-05 18:47:34"",""0.0"""
"[100969] LLAVERO INICIALES (NAPADO, AZUL),""2025-12-05 18:47:34"",""0.0"""
"[101670] TAG AMAYA (VISON),""2025-12-05 18:47:34"",""0.0"""
"[101079] MOCHILA MARCOS FULL BLACK (BRIDGE),""2025-12-05 18:47:34"",""0.0"""
"[100341] CAMISA LISA ALGODON (40, BEIGE),""2025-12-05 18:47:34"",""0.0"""
"[100342] CAMISA LISA ALGODON (42, BEIGE),""2025-12-05 18:47:34"",""0.0"""
"[101282] PORTACABLES (3) (FIORENTINO, CEDRO),""2025-12-05 18:47:34"",""0.0"""
"[101288] PORTACINTO ELIAS (MODENA, NEGRO),""2025-12-05 18:47:34"",""0.0"""
"[101289] PORTACINTO ELIAS (MODENA, TABACO),""2025-12-05 18:47:34"",""0.0"""
"[101287] PORTACINTO ELIAS (FIORENTINO, CEDRO),""2025-12-05 18:47:34"",""0.0"""
"[100057] BANDOLERA NATY (VERDE),""2025-12-05 18:47:34"",""0.0"""
"[103119] SOMBRERO RAFIA (XS, TOSTADO/NEGRO),""2025-12-05 18:47:34"",""0.0"""
"[103120] SOMBRERO RAFIA (S, TOSTADO/NEGRO),""2025-12-05 18:47:34"",""0.0"""
"[103121] SOMBRERO RAFIA (M, TOSTADO/NEGRO),""2025-12-05 18:47:34"",""0.0"""
"[103122] SOMBRERO RAFIA (L, TOSTADO/NEGRO),""2025-12-05 18:47:34"",""0.0"""
"[103123] SOMBRERO RAFIA (XL, TOSTADO/NEGRO),""2025-12-05 18:47:34"",""0.0"""
"[103124] SOMBRERO RAFIA (XS, TOSTADO/CHOCOLATE),""2025-12-05 18:47:34"",""0.0"""
"[103125] SOMBRERO RAFIA (XS, NATURAL/NEGRO),""2025-12-05 18:47:34"",""0.0"""
"[103126] SOMBRERO RAFIA (S, NATURAL/NEGRO),""2025-12-05 18:47:34"",""0.0"""
"[103127] SOMBRERO RAFIA (M, NATURAL/NEGRO),""2025-12-05 18:47:34"",""0.0"""
"[103128] SOMBRERO RAFIA (L, NATURAL/NEGRO),""2025-12-05 18:47:34"",""0.0"""
"[103129] SOMBRERO RAFIA (XL, NATURAL/NEGRO),""2025-12-05 18:47:34"",""0.0"""
"[103110] SOMBRERO ALGODON (XS, TOSTADO/CHOCOLATE),""2025-12-05 18:47:34"",""0.0"""
"[103111] SOMBRERO ALGODON (S, TOSTADO/CHOCOLATE),""2025-12-05 18:47:34"",""0.0"""
"[103112] SOMBRERO ALGODON (M, TOSTADO/CHOCOLATE),""2025-12-05 18:47:34"",""0.0"""
"[103113] SOMBRERO ALGODON (L, TOSTADO/CHOCOLATE),""2025-12-05 18:47:34"",""0.0"""
"[103114] SOMBRERO ALGODON (XL, TOSTADO/CHOCOLATE),""2025-12-05 18:47:34"",""0.0"""
"[101666] TAG AMAYA (CHOCOLATE),""2025-12-05 18:47:34"",""0.0"""
"[101667] TAG AMAYA (NATURAL),""2025-12-05 18:47:34"",""0.0"""
"[101847] ZAPATILLA URBANA (40, BORGOÑA),""2025-12-05 18:47:34"",""0.0"""
"[101850] ZAPATILLA URBANA (43, BORGOÑA),""2025-12-05 18:47:34"",""0.0"""
"[101851] ZAPATILLA URBANA (44, BORGOÑA),""2025-12-05 18:47:34"",""0.0"""
"[101096] MOCHILA PIETRO (BRIDGE, CARAMELO),""2025-12-05 18:47:34"",""0.0"""
"[100980] LLAVERO KAREN (AZUL/MARSALA),""2025-12-05 18:47:34"",""0.0"""
"[100996] LLAVERO KAREN (NEGRO/OXIDO),""2025-12-05 18:47:34"",""0.0"""
"[100997] LLAVERO KAREN (NEGRO/VESUBIO),""2025-12-05 18:47:34"",""0.0"""
"[100993] LLAVERO KAREN (NEGRO/GRIS MEDIO),""2025-12-05 18:47:34"",""0.0"""
"[101789] TARJETERO RUBI (DUNA, NEGRO),""2025-12-05 18:47:34"",""0.0"""
"[100988] LLAVERO KAREN (CARAMELO/OLIVE),""2025-12-05 18:47:34"",""0.0"""
"[101872] ZAPATILLA URBANA (44, TABACO),""2025-12-05 18:47:34"",""0.0"""
"[103130] ZAPATILLA MATEO (43, NEGRO),""2025-12-05 18:47:34"",""0.0"""
"[101839] ZAPATILLA MATEO (39, TABACO),""2025-12-05 18:47:34"",""0.0"""
"[101842] ZAPATILLA MATEO (45, TABACO),""2025-12-05 18:47:34"",""0.0"""
"[101832] ZAPATILLA MATEO (39, BORGOÑA),""2025-12-05 18:47:34"",""0.0"""
"[101835] ZAPATILLA MATEO (45, BORGOÑA),""2025-12-05 18:47:34"",""0.0"""
"[101829] ZAPATILLA MATEO (44, AZUL),""2025-12-05 18:47:34"",""0.0"""
"[100397] CAMPERA CHANDRA (L, NEGRO),""2025-12-05 18:47:34"",""0.0"""
"[101838] ZAPATILLA MATEO (45, NEGRO),""2025-12-05 18:47:34"",""0.0"""
"[101843] ZAPATILLA MATEO (39, VERDE),""2025-12-05 18:47:34"",""0.0"""
"[101636] SEÑALADOR (SUELA),""2025-12-05 18:47:34"",""0.0"""
"[101635] SEÑALADOR (NATURAL),""2025-12-05 18:47:34"",""0.0"""
"[101634] SEÑALADOR (CHOCOLATE),""2025-12-05 18:47:34"",""0.0"""
"[101341] PORTALAPICERAS (VAQUETA, VISON),""2025-12-05 18:47:34"",""0.0"""
"[101121] MONEDERO AMBAR (NAPADO, NEGRO),""2025-12-05 18:47:34"",""0.0"""
"[101119] MONEDERO AMBAR (NAPADO, AZUL),""2025-12-05 18:47:34"",""0.0"""
"[100215] BILLETERA OSADIA (BRIDGE, MALBEC),""2025-12-05 18:47:34"",""0.0"""
"[101207] NECESSAIRE FELI (BRIDGE, ROJO),""2025-12-05 18:47:34"",""0.0"""
"[101222] NECESSAIRE LARA (IGUANA, NEGRO),""2025-12-05 18:47:34"",""0.0"""
"[101217] NECESSAIRE LARA (BRIDGE, CARAMELO),""2025-12-05 18:47:34"",""0.0"""
"[101219] NECESSAIRE LARA (BRIDGE, NEGRO),""2025-12-05 18:47:34"",""0.0"""
"[101220] NECESSAIRE LARA (FIORENTINO, CEDRO),""2025-12-05 18:47:34"",""0.0"""
"[101266] PORTACABLES  (1) (FIORENTINO, CEDRO),""2025-12-05 18:47:34"",""0.0"""
"[101268] PORTACABLES  (1) (VAQUETA, CHOCOLATE),""2025-12-05 18:47:34"",""0.0"""
"[101271] PORTACABLES  (1) (VAQUETA, SUELA),""2025-12-05 18:47:34"",""0.0"""
"[101269] PORTACABLES  (1) (VAQUETA, DULCE DE LECHE),""2025-12-05 18:47:34"",""0.0"""
"[101267] PORTACABLES  (1) (MODENA, NEGRO),""2025-12-05 18:47:34"",""0.0"""
"[101270] PORTACABLES  (1) (VAQUETA, NATURAL),""2025-12-05 18:47:34"",""0.0"""
"[101291] PORTACINTO LOU (BRIDGE, TABACO),""2025-12-05 18:47:34"",""0.0"""
"[101285] PORTACINTO ELIAS (BRIDGE, NEGRO),""2025-12-05 18:47:34"",""0.0"""
"[101286] PORTACINTO ELIAS (BRIDGE, TABACO),""2025-12-05 18:47:34"",""0.0"""
"[101684] TAG SIMPLE (ROJO),""2025-12-05 18:47:34"",""0.0"""
"[100132] BILLETERA ADAM (NAPADO, NEGRO),""2025-12-05 18:47:34"",""0.0"""
"[100133] BILLETERA ADAM (NAPADO, SUELA),""2025-12-05 18:47:34"",""0.0"""
"[101130] MONEDERO CORY (IGUANA, NEGRO),""2025-12-05 18:47:34"",""0.0"""
"[101773] TARJETERO NEW KENNY (BRIDGE, ROJO),""2025-12-05 18:47:34"",""0.0"""
"[100535] CARTERA LISBOA (DUNA, NEGRO),""2025-12-05 18:47:34"",""0.0"""
"[101324] PORTAHIGIENE (BRIDGE, CARAMELO),""2025-12-05 18:47:34"",""0.0"""
"[100994] LLAVERO KAREN (NEGRO/GRIS OSCURO),""2025-12-05 18:47:34"",""0.0"""
"[101419] PORTALENTES MANU (VAQUETA, NATURAL),""2025-12-05 18:47:34"",""0.0"""
"[101325] PORTAHIGIENE (BRIDGE, NEGRO),""2025-12-05 18:47:34"",""0.0"""
"[101326] PORTAHIGIENE (BRIDGE, TABACO),""2025-12-05 18:47:34"",""0.0"""
"[101128] MONEDERO CORY (DUNA, NEGRO),""2025-12-05 18:47:34"",""0.0"""
"[101132] MONEDERO CORY (NAPADO, CARAMELO),""2025-12-05 18:47:34"",""0.0"""
"[101206] NECESSAIRE FELI (BRIDGE, NEGRO),""2025-12-05 18:47:34"",""0.0"""
"[101208] NECESSAIRE FELI (BRIDGE, TABACO),""2025-12-05 18:47:34"",""0.0"""
"[101434] PORTALENTES ORION (VINTAGE, MEDIO),""2025-12-05 18:47:34"",""0.0"""
"[101151] MONEDERO GRACE (VINTAGE, MEDIO),""2025-12-05 18:47:34"",""0.0"""
"[101762] TARJETERO MULTI (DUNA, NEGRO),""2025-12-05 18:47:34"",""0.0"""
"[101769] TARJETERO MULTI (NAPADO, SUELA),""2025-12-05 18:47:34"",""0.0"""
"[100642] CHOMBA POLO NAOS (L, NEGRO),""2025-12-05 18:47:34"",""0.0"""
"[100199] BILLETERA LUCA (NAPADO, MALBEC),""2025-12-05 18:47:34"",""0.0"""
"[100201] BILLETERA LUCA (NAPADO, ROJO),""2025-12-05 18:47:34"",""0.0"""
"[100971] LLAVERO INICIALES (NAPADO, NEGRO),""2025-12-05 18:47:34"",""0.0"""
"[100192] BILLETERA LUCA (DUNA, NEGRO),""2025-12-05 18:47:34"",""0.0"""
"[101197] MOUSEPAD (NAPADO, NEGRO),""2025-12-05 18:47:34"",""0.0"""
"[100895] INDIVIDUAL CURVO (BRIDGE, NEGRO),""2025-12-05 18:47:34"",""0.0"""
"[100897] INDIVIDUAL CURVO (BRIDGE, TABACO),""2025-12-05 18:47:34"",""0.0"""
"[100899] INDIVIDUAL CURVO (NAPADO, NEGRO),""2025-12-05 18:47:34"",""0.0"""
"[100898] INDIVIDUAL CURVO (NAPADO, CARAMELO),""2025-12-05 18:47:34"",""0.0"""
"[100905] INDIVIDUAL RECTO (BRIDGE, NEGRO),""2025-12-05 18:47:34"",""0.0"""
"[100907] INDIVIDUAL RECTO (BRIDGE, TABACO),""2025-12-05 18:47:34"",""0.0"""
"[100906] INDIVIDUAL RECTO (BRIDGE, ROJO),""2025-12-05 18:47:34"",""0.0"""
"[100909] INDIVIDUAL RECTO (NAPADO, NEGRO),""2025-12-05 18:47:34"",""0.0"""
"[100908] INDIVIDUAL RECTO (NAPADO, CARAMELO),""2025-12-05 18:47:34"",""0.0"""
"[100910] INDIVIDUAL RECTO (NAPADO, SUELA),""2025-12-05 18:47:34"",""0.0"""
"[101235] NECESSAIRE TOM (BRIDGE, CARAMELO),""2025-12-05 18:47:34"",""0.0"""
"[101156] MONEDERO LUISA (BRIDGE, TABACO),""2025-12-05 18:47:34"",""0.0"""
"[101057] MOCHILA ATLAS FULL BLACK (1),""2025-12-05 18:47:34"",""0.0"""
"[101058] MOCHILA ATLAS FULL BLACK (2),""2025-12-05 18:47:34"",""0.0"""
"[101623] SET POSAVASOS CUADRADO X4 (BRIDGE, NEGRO),""2025-12-05 18:47:34"",""0.0"""
"[101625] SET POSAVASOS CUADRADO X4 (BRIDGE, TABACO),""2025-12-05 18:47:34"",""0.0"""
"[101627] SET POSAVASOS CUADRADO X4 (NAPADO, NEGRO),""2025-12-05 18:47:34"",""0.0"""
"[101626] SET POSAVASOS CUADRADO X4 (NAPADO, CARAMELO),""2025-12-05 18:47:34"",""0.0"""
"[101629] SET POSAVASOS CUADRADO X4 (NAPADO, TABACO),""2025-12-05 18:47:34"",""0.0"""
"[101334] PORTALAPICERAS (BRIDGE, NEGRO),""2025-12-05 18:47:34"",""0.0"""
"[101332] PORTALAPICERAS (BRIDGE, CHOCOLATE),""2025-12-05 18:47:34"",""0.0"""
"[100511] CARTERA EMILIA (CRASH, NEGRO),""2025-12-05 18:47:34"",""0.0"""
"[101122] MONEDERO AMBAR (NAPADO, ROJO),""2025-12-05 18:47:34"",""0.0"""
"[100075] BANDOLERA NATY SIMPLE (NAPADO, SUELA),""2025-12-05 18:47:34"",""0.0"""
"[101609] SET POSAVASOS CIRCULAR X4 (BRIDGE, NEGRO),""2025-12-05 18:47:34"",""0.0"""
"[101611] SET POSAVASOS CIRCULAR X4 (BRIDGE, TABACO),""2025-12-05 18:47:34"",""0.0"""
"[101610] SET POSAVASOS CIRCULAR X4 (BRIDGE, ROJO),""2025-12-05 18:47:34"",""0.0"""
"[101614] SET POSAVASOS CIRCULAR X4 (NAPADO, NEGRO),""2025-12-05 18:47:34"",""0.0"""
"[101612] SET POSAVASOS CIRCULAR X4 (NAPADO, CARAMELO),""2025-12-05 18:47:34"",""0.0"""
"[101615] SET POSAVASOS CIRCULAR X4 (NAPADO, SUELA),""2025-12-05 18:47:34"",""0.0"""
"[101613] SET POSAVASOS CIRCULAR X4 (NAPADO, MALBEC),""2025-12-05 18:47:34"",""0.0"""
"[101118] MONEDERO AMBAR (DUNA, NEGRO),""2025-12-05 18:47:34"",""0.0"""
"[100179] BILLETERA LIAM (DUNA, NEGRO),""2025-12-05 18:47:34"",""0.0"""
"[101519] REMERA AMADEO (L, NEGRO),""2025-12-05 18:47:34"",""0.0"""
"[101521] REMERA AMADEO (2XL, NEGRO),""2025-12-05 18:47:34"",""0.0"""
"[101513] REMERA AMADEO (M, CHARCOAL),""2025-12-05 18:47:34"",""0.0"""
"[101550] REMERA NOA (L, BLANCO),""2025-12-05 18:47:34"",""0.0"""
"[101551] REMERA NOA (XL, BLANCO),""2025-12-05 18:47:34"",""0.0"""
"[101547] REMERA NOA (XS, BLANCO),""2025-12-05 18:47:34"",""0.0"""
"[101552] REMERA NOA (XS, NEGRO),""2025-12-05 18:47:34"",""0.0"""
"[101553] REMERA NOA (S, NEGRO),""2025-12-05 18:47:34"",""0.0"""
"[101554] REMERA NOA (M, NEGRO),""2025-12-05 18:47:34"",""0.0"""
"[101555] REMERA NOA (L, NEGRO),""2025-12-05 18:47:34"",""0.0"""
"[101528] REMERA DANA (S, BLANCO),""2025-12-05 18:47:34"",""0.0"""
"[100915] LLAVERO ABC (B, CARAMELO/OXIDO),""2025-12-05 18:47:34"",""0.0"""
"[100375] CAMISA RENZO (XL),""2025-12-05 18:47:34"",""0.0"""
"[100620] CHALINA EXEDRA (OFF WHITE),""2025-12-05 18:47:34"",""0.0"""
"[100616] CHALINA EXEDRA (BEIGE),""2025-12-05 18:47:34"",""0.0"""
"[100618] CHALINA EXEDRA (GRIS),""2025-12-05 18:47:34"",""0.0"""
"[100617] CHALINA EXEDRA (CELESTE),""2025-12-05 18:47:34"",""0.0"""
"[100621] CHALINA EXEDRA (ROSA),""2025-12-05 18:47:34"",""0.0"""
"[100619] CHALINA EXEDRA (NEGRO),""2025-12-05 18:47:34"",""0.0"""
"[101026] MEDIAS MEDIA CAÑA (BLANCO),""2025-12-05 18:47:34"",""0.0"""
"[101027] MEDIAS MEDIA CAÑA (GRIS),""2025-12-05 18:47:34"",""0.0"""
"[101029] MEDIAS MEDIA CAÑA (VISON),""2025-12-05 18:47:34"",""0.0"""
"[101021] MEDIAS DE VESTIR 207 (CHOCOLATE),""2025-12-05 18:47:34"",""0.0"""
"[100904] INDIVIDUAL RECTO (BRIDGE, CARAMELO),""2025-12-05 18:47:34"",""0.0"""
"[100926] LLAVERO ABC (F, NEGRO/OXIDO),""2025-12-05 18:47:34"",""0.0"""
"[101259] PILUSO DORA (CRUDO),""2025-12-05 18:47:34"",""0.0"""
"[100841] GORRO FLORA (CRUDO),""2025-12-05 18:47:34"",""0.0"""
"[100581] CARTERA MINI APHOLO SET SOBRE (MODENA, AZUL),""2025-12-05 18:47:34"",""0.0"""
"[100421] CARRY ON FRED,""2025-12-05 18:47:34"",""0.0"""
"[100842] GORRO FLORA (NEGRO),""2025-12-05 18:47:34"",""0.0"""
"[101531] REMERA DANA (XL, BLANCO),""2025-12-05 18:47:34"",""0.0"""
"[101542] REMERA DANA (XS, NEGRO),""2025-12-05 18:47:34"",""0.0"""
"[101543] REMERA DANA (S, NEGRO),""2025-12-05 18:47:34"",""0.0"""
"[101544] REMERA DANA (M, NEGRO),""2025-12-05 18:47:34"",""0.0"""
"[101545] REMERA DANA (L, NEGRO),""2025-12-05 18:47:34"",""0.0"""
"[101546] REMERA DANA (XL, NEGRO),""2025-12-05 18:47:34"",""0.0"""
"[101537] REMERA DANA (XS, HUESO),""2025-12-05 18:47:34"",""0.0"""
"[101538] REMERA DANA (S, HUESO),""2025-12-05 18:47:34"",""0.0"""
"[101539] REMERA DANA (M, HUESO),""2025-12-05 18:47:34"",""0.0"""
"[101540] REMERA DANA (L, HUESO),""2025-12-05 18:47:34"",""0.0"""
"[101532] REMERA DANA (XS, CHARCOAL),""2025-12-05 18:47:34"",""0.0"""
"[101533] REMERA DANA (S, CHARCOAL),""2025-12-05 18:47:34"",""0.0"""
"[101535] REMERA DANA (L, CHARCOAL),""2025-12-05 18:47:34"",""0.0"""
"[101260] PILUSO DORA (NEGRO),""2025-12-05 18:47:34"",""0.0"""
"[100829] ESPEJO RECTANGULAR (NEGRO),""2025-12-05 18:47:34"",""0.0"""
"[100830] ESPEJO RECTANGULAR (ROJO),""2025-12-05 18:47:34"",""0.0"""
"[100828] ESPEJO RECTANGULAR (CARAMELO),""2025-12-05 18:47:34"",""0.0"""
"[101675] TAG INICIALES (FIORENTINO, CEDRO),""2025-12-05 18:47:34"",""0.0"""
"[101109] MOCHILA SIMON,""2025-12-05 18:47:34"",""0.0"""
"[100916] LLAVERO ABC (B, MALBEC/AZUL),""2025-12-05 18:47:34"",""0.0"""
"[100922] LLAVERO ABC (D, MALBEC/AZUL),""2025-12-05 18:47:34"",""0.0"""
"[100958] LLAVERO ABC (L, NEGRO/OXIDO),""2025-12-05 18:47:34"",""0.0"""
"[100947] LLAVERO ABC (V, NEGRO/OXIDO),""2025-12-05 18:47:34"",""0.0"""
"[100925] LLAVERO ABC (F, MALBEC/AZUL),""2025-12-05 18:47:34"",""0.0"""
"[100935] LLAVERO ABC (K, NEGRO/OXIDO),""2025-12-05 18:47:34"",""0.0"""
"[100949] LLAVERO ABC (Y, MALBEC/AZUL),""2025-12-05 18:47:34"",""0.0"""
"[101031] MEDIAS MEDIA CAÑA CORTAS (BLANCO),""2025-12-05 18:47:34"",""0.0"""
"[101032] MEDIAS MEDIA CAÑA CORTAS (GRIS MELANGE 25),""2025-12-05 18:47:34"",""0.0"""
"[101622] SET POSAVASOS CUADRADO X4 (BRIDGE, MALBEC),""2025-12-05 18:47:34"",""0.0"""
"[101621] SET POSAVASOS CUADRADO X4 (BRIDGE, CHOCOLATE),""2025-12-05 18:47:34"",""0.0"""
"[101607] SET POSAVASOS CIRCULAR X4 (BRIDGE, CHOCOLATE),""2025-12-05 18:47:34"",""0.0"""
"[100967] LLAVERO COMBINADO (TABACO),""2025-12-05 18:47:34"",""0.0"""
"[100859] GORRO SEA (M, GRIS OSCURO),""2025-12-05 18:47:34"",""0.0"""
"[100860] GORRO SEA (L, GRIS OSCURO),""2025-12-05 18:47:34"",""0.0"""
"[100858] GORRO SEA (L, BEIGE),""2025-12-05 18:47:34"",""0.0"""
"[100843] GORRO FRED (M),""2025-12-05 18:47:34"",""0.0"""
"[100844] GORRO FRED (L),""2025-12-05 18:47:34"",""0.0"""
"[101152] MONEDERO LUISA (BRIDGE, CARAMELO),""2025-12-05 18:47:34"",""0.0"""
"[100761] CINTURON PAO COMBINADO (NEGRO),""2025-12-05 18:47:34"",""0.0"""
"[100762] CINTURON PAO COMBINADO (SUELA),""2025-12-05 18:47:34"",""0.0"""
"[101821] TOTE MARGARITA CHICA (NEGRO),""2025-12-05 18:47:34"",""0.0"""
"[101822] TOTE MARGARITA GRANDE (BEIGE),""2025-12-05 18:47:34"",""0.0"""
"[101059] MOCHILA CASPIO FULL BLACK,""2025-12-05 18:47:34"",""0.0"""
"[101061] MOCHILA FRANCIS (NEGRO),""2025-12-05 18:47:34"",""0.0"""
"[100902] INDIVIDUAL MAEL (HEREFORD),""2025-12-05 18:47:34"",""0.0"""
"[103131] PILUSO DORA (BEIGE),""2025-12-05 18:47:34"",""0.0"""
"[100683] CINTURON FLORA (2) (S-M, TABACO),""2025-12-05 18:47:34"",""0.0"""
"[100677] CINTURON FLORA (2) (S-M, CHOCOLATE),""2025-12-05 18:47:34"",""0.0"""
"[100679] CINTURON FLORA (2) (S-M, GRIS OSCURO),""2025-12-05 18:47:34"",""0.0"""
"[100678] CINTURON FLORA (2) (M-L, CHOCOLATE),""2025-12-05 18:47:34"",""0.0"""
"[100674] CINTURON FLORA (1) (M-L, TABACO),""2025-12-05 18:47:34"",""0.0"""
"[100670] CINTURON FLORA (1) (M-L, GRIS OSCURO),""2025-12-05 18:47:34"",""0.0"""
"[103132] PILUSO HILDA (HEREFORD),""2025-12-05 18:47:34"",""0.0"""
"[103134] CARTERA MANA FLECOS (LINEA PESPUNTES) (NAPOLE, CAOBA),""2025-12-05 18:47:34"",""0.0"""
"[103135] CARTERA MANA FLECOS (LINEA PESPUNTES) (NAPOLE, TABACO),""2025-12-05 18:47:34"",""0.0"""
"[103137] MATERA RENATA (LINEA PESPUNTES) (OXIDO),""2025-12-05 18:47:34"",""0.0"""
"[103139] MATERA AVA (LINEA PESPUNTES) (GAMUZA, OXIDO),""2025-12-05 18:47:34"",""0.0"""
"[103141] TOTE MALVA (LINEA PESPUNTES) (OXIDO),""2025-12-05 18:47:34"",""0.0"""
"[103144] PORTALENTES MUSAI (LINEA PESPUNTES) (TABACO),""2025-12-05 18:47:34"",""0.0"""
"[103143] PORTALENTES MUSAI (LINEA PESPUNTES) (CAOBA),""2025-12-05 18:47:34"",""0.0"""
"[103145] PORTALENTES NOLE (LINEA FRUNCES) (NAPADO, ROJO),""2025-12-05 18:47:34"",""0.0"""
"[103146] PORTALENTES NOLE (LINEA FRUNCES) (NAPADO, NEGRO),""2025-12-05 18:47:34"",""0.0"""
"[103142] PILUSO DORA (CHOCOLATE),""2025-12-05 18:47:34"",""0.0"""
"[103138] MATERA RENATA (LINEA PESPUNTES) (OLIVE),""2025-12-05 18:47:34"",""0.0"""
"[103140] MATERA AVA (LINEA PESPUNTES) (GAMUZA, OLIVE),""2025-12-05 18:47:34"",""0.0"""
"[103149] PORTACABLES  (1) (VAQUETA, NEGRO),""2025-12-05 18:47:34"",""0.0"""
"[103150] NECESSAIRE FELI (BRIDGE, MALBEC),""2025-12-05 18:47:34"",""0.0"""
"[103151] SEÑALADOR (NEGRO),""2025-12-05 18:47:34"",""0.0"""
"[103152] SEÑALADOR (DULCE DE LECHE),""2025-12-05 18:47:34"",""0.0"""
"[103153] CINTURON RUS (S-M, HOLANDO),""2025-12-05 18:47:34"",""0.0"""
"[103154] CINTURON RUS (M-L, HOLANDO),""2025-12-05 18:47:34"",""0.0"""
"[100278] BOLSO URBANO (NAPADO, SUELA),""2025-12-05 19:56:46"",""0.0"""
"[100054] BANDOLERA NATY (NEGRO),""2025-12-05 19:56:46"",""0.0"""
"[100056] BANDOLERA NATY (SUELA),""2025-12-05 19:56:46"",""0.0"""
"[100274] BOLSO URBANO (BRIDGE, NEGRO),""2025-12-05 19:56:46"",""0.0"""
"[100144] BILLETERA BEIJING (BRIDGE, NEGRO),""2025-12-05 19:56:46"",""0.0"""
"[101184] MORRAL LUCAS (NEGRO),""2025-12-05 19:56:46"",""0.0"""
"[101077] MOCHILA MARCOS (NAPADO, SUELA),""2025-12-05 19:56:46"",""0.0"""
"[101076] MOCHILA MARCOS (NAPADO, NEGRO),""2025-12-05 19:56:46"",""0.0"""
"[100069] BANDOLERA NATY SIMPLE (GAMUZA, VESUBIO/TABACO),""2025-12-05 19:56:46"",""0.0"""
"[101311] PORTAFOLIO RUBEN (NEGRO),""2025-12-05 19:56:46"",""0.0"""
"[101778] TARJETERO ROMA (BRIDGE, NEGRO),""2025-12-05 19:56:46"",""0.0"""
"[101463] PORTAPASAPORTE RON (BRIDGE, NEGRO),""2025-12-05 19:56:46"",""0.0"""
"[100187] BILLETERA LUCA (BRIDGE, CARAMELO),""2025-12-05 19:56:46"",""0.0"""
"[100198] BILLETERA LUCA (NAPADO, CARAMELO),""2025-12-05 19:56:46"",""0.0"""
"[100441] CARTERA AMARILLA SET SOBRE (BRIDGE, NEGRO),""2025-12-05 19:56:46"",""0.0"""
"[101228] NECESSAIRE MINI MARCOS (BRIDGE, ROJO),""2025-12-05 19:56:46"",""0.0"""
"[100811] CINTURON VAQUETA (85, SUELA),""2025-12-05 19:56:46"",""0.0"""
"[100812] CINTURON VAQUETA (90, SUELA),""2025-12-05 19:56:46"",""0.0"""
"[100814] CINTURON VAQUETA (100, SUELA),""2025-12-05 19:56:46"",""0.0"""
"[100438] CARTERA AMARILLA SET SOBRE (BRIDGE, CARAMELO),""2025-12-05 19:56:46"",""0.0"""
"[100476] CARTERA APHOLO SET SOBRE (ROJO),""2025-12-05 19:56:46"",""0.0"""
"[100781] CINTURON TINO (85, NEGRO),""2025-12-05 19:56:46"",""0.0"""
"[100782] CINTURON TINO (90, NEGRO),""2025-12-05 19:56:46"",""0.0"""
"[100783] CINTURON TINO (95, NEGRO),""2025-12-05 19:56:46"",""0.0"""
"[101315] PORTAFOLIO VENUS CHICO (BRIDGE, NEGRO),""2025-12-05 19:56:46"",""0.0"""
"[100572] CARTERA MINI APHOLO SET SOBRE (BRIDGE, NEGRO),""2025-12-05 19:56:46"",""0.0"""
"[100570] CARTERA MINI APHOLO SET SOBRE (BRIDGE, CARAMELO),""2025-12-05 19:56:46"",""0.0"""
"[101075] MOCHILA MARCOS (BRIDGE, TABACO),""2025-12-05 19:56:46"",""0.0"""
"[100574] CARTERA MINI APHOLO SET SOBRE (BRIDGE, TABACO),""2025-12-05 19:56:46"",""0.0"""
"[100573] CARTERA MINI APHOLO SET SOBRE (BRIDGE, ROJO),""2025-12-05 19:56:46"",""0.0"""
"[100577] CARTERA MINI APHOLO SET SOBRE (GAMUZA, AVELLANA/TABACO),""2025-12-05 19:56:46"",""0.0"""
"[100503] CARTERA DOS HEBILLAS NEW (BRIDGE, NEGRO),""2025-12-05 19:56:46"",""0.0"""
"[101181] MORRAL DRACO (NEGRO),""2025-12-05 19:56:46"",""0.0"""
"[101182] MORRAL DRACO (TABACO),""2025-12-05 19:56:46"",""0.0"""
"[100510] CARTERA DOS HEBILLAS NEW (GAMUZA, VESUBIO/TABACO),""2025-12-05 19:56:46"",""0.0"""
"[100010] BANDOLERA ANTONIETA (GAMUZA, AVELLANA),""2025-12-05 19:56:46"",""0.0"""
"[100012] BANDOLERA ANTONIETA (GAMUZA, OXIDO),""2025-12-05 19:56:46"",""0.0"""
"[101001] LLAVERO KAREN (VERDE/OXIDO),""2025-12-05 19:56:46"",""0.0"""
"[100981] LLAVERO KAREN (AZUL/OXIDO),""2025-12-05 19:56:46"",""0.0"""
"[101106] MOCHILA PORTIA (NAPADO, NEGRO),""2025-12-05 19:56:46"",""0.0"""
"[101107] MOCHILA PORTIA (NAPADO, SUELA),""2025-12-05 19:56:46"",""0.0"""
"[101105] MOCHILA PORTIA (BRIDGE, TABACO),""2025-12-05 19:56:46"",""0.0"""
"[101104] MOCHILA PORTIA (BRIDGE, NEGRO),""2025-12-05 19:56:46"",""0.0"""
"[100071] BANDOLERA NATY SIMPLE (NAPADO, CARAMELO),""2025-12-05 19:56:46"",""0.0"""
"[100074] BANDOLERA NATY SIMPLE (NAPADO, ROJO),""2025-12-05 19:56:46"",""0.0"""
"[100070] BANDOLERA NATY SIMPLE (NAPADO, AZUL),""2025-12-05 19:56:46"",""0.0"""
"[100055] BANDOLERA NATY (ROJO),""2025-12-05 19:56:46"",""0.0"""
"[100053] BANDOLERA NATY (CARAMELO),""2025-12-05 19:56:46"",""0.0"""
"[100714] CINTURON LOPA (85, SUELA),""2025-12-05 19:56:46"",""0.0"""
"[100720] CINTURON LOPA (115, SUELA),""2025-12-05 19:56:46"",""0.0"""
"[100039] BANDOLERA CASIOPEA (NAPADO, ROJO),""2025-12-05 19:56:46"",""0.0"""
"[101642] SOBRE GEMINI (NAPADO, NEGRO),""2025-12-05 19:56:46"",""0.0"""
"[100721] CINTURON LOPA (120, SUELA),""2025-12-05 19:56:46"",""0.0"""
"[100253] BOLSO TUBO GRANDE (BRIDGE, NEGRO),""2025-12-05 19:56:46"",""0.0"""
"[100251] BOLSO TUBO GRANDE (BRIDGE, CARAMELO),""2025-12-05 19:56:46"",""0.0"""
"[100266] BOLSO TUBO GRANDE (GAMUZA, VESUBIO/TABACO),""2025-12-05 19:56:46"",""0.0"""
"[101644] SOBRE GEMINI (NAPADO, SUELA),""2025-12-05 19:56:46"",""0.0"""
"[101640] SOBRE GEMINI (NAPADO, CARAMELO),""2025-12-05 19:56:46"",""0.0"""
"[101643] SOBRE GEMINI (NAPADO, ROJO),""2025-12-05 19:56:46"",""0.0"""
"[101202] NECESSAIRE (NEGRO),""2025-12-05 19:56:46"",""0.0"""
"[101229] NECESSAIRE MINI MARCOS (BRIDGE, TABACO),""2025-12-05 19:56:46"",""0.0"""
"[100815] CINTURON VAQUETA (105, SUELA),""2025-12-05 19:56:46"",""0.0"""
"[100816] CINTURON VAQUETA (110, SUELA),""2025-12-05 19:56:46"",""0.0"""
"[100805] CINTURON VAQUETA (85, NEGRO),""2025-12-05 19:56:46"",""0.0"""
"[100474] CARTERA APHOLO SET SOBRE (CARAMELO),""2025-12-05 19:56:46"",""0.0"""
"[100789] CINTURON TINO (85, SUELA),""2025-12-05 19:56:46"",""0.0"""
"[101568] RIÑONERA CRUZ S (BRIDGE, TABACO),""2025-12-05 19:56:46"",""0.0"""
"[101176] MORRAL CARLOS (NEGRO),""2025-12-05 19:56:46"",""0.0"""
"[101354] PORTALAPTOP LES (BRIDGE, ROJO),""2025-12-05 19:56:46"",""0.0"""
"[101074] MOCHILA MARCOS (BRIDGE, NEGRO),""2025-12-05 19:56:46"",""0.0"""
"[101573] RIÑONERA EVAN CHICA (CHOCOLATE),""2025-12-05 19:56:46"",""0.0"""
"[100580] CARTERA MINI APHOLO SET SOBRE (GAMUZA, VESUBIO/TABACO),""2025-12-05 19:56:46"",""0.0"""
"[100502] CARTERA DOS HEBILLAS NEW (BRIDGE, CARAMELO),""2025-12-05 19:56:46"",""0.0"""
"[101179] MORRAL DRACO (CARAMELO),""2025-12-05 19:56:46"",""0.0"""
"[101313] PORTAFOLIO VENUS CHICO (BRIDGE, CARAMELO),""2025-12-05 19:56:46"",""0.0"""
"[100064] BANDOLERA NATY SIMPLE (GAMUZA, AVELLANA/TABACO),""2025-12-05 19:56:46"",""0.0"""
"[100442] CARTERA AMARILLA SET SOBRE (BRIDGE, ROJO),""2025-12-05 19:56:46"",""0.0"""
"[101639] SOBRE GEMINI (NAPADO, AZUL),""2025-12-05 19:56:46"",""0.0"""
"[100454] CARTERA AMARILLA SET SOBRE (IGUANA, NEGRO),""2025-12-05 19:56:46"",""0.0"""
"[100455] CARTERA AMARILLA SET SOBRE (IGUANA, ROJO),""2025-12-05 19:56:46"",""0.0"""
"[100547] CARTERA LISBOA (IGUANA, NEGRO),""2025-12-05 19:56:46"",""0.0"""
"[100548] CARTERA LISBOA (IGUANA, ROJO),""2025-12-05 19:56:46"",""0.0"""
"[100553] CARTERA LISBOA (NAPADO, NEGRO),""2025-12-05 19:56:46"",""0.0"""
"[100551] CARTERA LISBOA (NAPADO, CARAMELO),""2025-12-05 19:56:46"",""0.0"""
"[101574] RIÑONERA EVAN CHICA (NEGRO),""2025-12-05 19:56:46"",""0.0"""
"[100017] BANDOLERA ANTONIETA (NAPADO, NEGRO),""2025-12-05 19:56:46"",""0.0"""
"[100216] BILLETERA OSADIA (BRIDGE, NEGRO),""2025-12-05 19:56:46"",""0.0"""
"[100045] BANDOLERA LENA (NAPADO, ROJO),""2025-12-05 19:56:46"",""0.0"""
"[100060] BANDOLERA NATY SIMPLE (BRIDGE, NEGRO),""2025-12-05 19:56:46"",""0.0"""
"[101204] NECESSAIRE (TABACO),""2025-12-05 19:56:46"",""0.0"""
"[100059] BANDOLERA NATY SIMPLE (BRIDGE, CARAMELO),""2025-12-05 19:56:46"",""0.0"""
"[101201] NECESSAIRE (CARAMELO),""2025-12-05 19:56:46"",""0.0"""
"[101470] PORTAPASAPORTE RON (IGUANA, NEGRO),""2025-12-05 19:56:46"",""0.0"""
"[100544] CARTERA LISBOA (GAMUZA, VESUBIO/TABACO),""2025-12-05 19:56:46"",""0.0"""
"[101712] TARJETERO BILL (IGUANA, CARAMELO),""2025-12-05 19:56:46"",""0.0"""
"[101353] PORTALAPTOP LES (BRIDGE, NEGRO),""2025-12-05 19:56:46"",""0.0"""
"[101351] PORTALAPTOP LES (BRIDGE, CARAMELO),""2025-12-05 19:56:46"",""0.0"""
"[101227] NECESSAIRE MINI MARCOS (BRIDGE, NEGRO),""2025-12-05 19:56:46"",""0.0"""
"[101225] NECESSAIRE MINI MARCOS (BRIDGE, CARAMELO),""2025-12-05 19:56:46"",""0.0"""
"[101303] PORTAFOLIO OLDIE (BRIDGE, CARAMELO),""2025-12-05 19:56:46"",""0.0"""
"[100554] CARTERA LISBOA (NAPADO, ROJO),""2025-12-05 19:56:46"",""0.0"""
"[100773] CINTURON TINO (85, CARAMELO),""2025-12-05 19:56:46"",""0.0"""
"[100780] CINTURON TINO (120, CARAMELO),""2025-12-05 19:56:46"",""0.0"""
"[100796] CINTURON TINO (120, SUELA),""2025-12-05 19:56:46"",""0.0"""
"[101653] SOBRE OMEGA (GAMUZA, AVELLANA),""2025-12-05 19:56:46"",""0.0"""
"[100545] CARTERA LISBOA (IGUANA, AZUL),""2025-12-05 19:56:46"",""0.0"""
"[100427] CARTERA ACONCAGUA (BRIDGE, NEGRO),""2025-12-05 19:56:46"",""0.0"""
"[100428] CARTERA ACONCAGUA (BRIDGE, ROJO),""2025-12-05 19:56:46"",""0.0"""
"[100425] CARTERA ACONCAGUA (BRIDGE, CARAMELO),""2025-12-05 19:56:46"",""0.0"""
"[100424] CARTERA ACONCAGUA (BRIDGE, AZUL),""2025-12-05 19:56:46"",""0.0"""
"[100497] CARTERA CHALTEN (BRIDGE, NEGRO),""2025-12-05 19:56:46"",""0.0"""
"[100494] CARTERA CHALTEN (BRIDGE, CARAMELO),""2025-12-05 19:56:46"",""0.0"""
"[100498] CARTERA CHALTEN (BRIDGE, ROJO),""2025-12-05 19:56:46"",""0.0"""
"[101102] MOCHILA PORTIA (BRIDGE, CARAMELO),""2025-12-05 19:56:46"",""0.0"""
"[101164] MORRAL ANGOSTO (BRIDGE, CARAMELO),""2025-12-05 19:56:46"",""0.0"""
"[101306] PORTAFOLIO OLDIE (BRIDGE, TABACO),""2025-12-05 19:56:46"",""0.0"""
"[101305] PORTAFOLIO OLDIE (BRIDGE, NEGRO),""2025-12-05 19:56:46"",""0.0"""
"[100803] CINTURON TRENZADO (115),""2025-12-05 19:56:46"",""0.0"""
"[100804] CINTURON TRENZADO (120),""2025-12-05 19:56:46"",""0.0"""
"[100658] CINTURON ESPIGA (115, NEGRO),""2025-12-05 19:56:46"",""0.0"""
"[100664] CINTURON ESPIGA (110, SUELA),""2025-12-05 19:56:46"",""0.0"""
"[100665] CINTURON ESPIGA (115, SUELA),""2025-12-05 19:56:46"",""0.0"""
"[101567] RIÑONERA CRUZ S (BRIDGE, SUELA),""2025-12-05 19:56:46"",""0.0"""
"[101562] RIÑONERA CRUZ S (BRIDGE, CARAMELO),""2025-12-05 19:56:46"",""0.0"""
"[101355] PORTALAPTOP LES (BRIDGE, TABACO),""2025-12-05 19:56:46"",""0.0"""
"[100724] CINTURON MIA (L, AZUL),""2025-12-05 19:56:46"",""0.0"""
"[100736] CINTURON MIA (M, VERDE),""2025-12-05 19:56:46"",""0.0"""
"[100737] CINTURON MIA (L, VERDE),""2025-12-05 19:56:46"",""0.0"""
"[100731] CINTURON MIA (L, ROJO),""2025-12-05 19:56:46"",""0.0"""
"[101469] PORTAPASAPORTE RON (IGUANA, CARAMELO),""2025-12-05 19:56:46"",""0.0"""
"[101144] MONEDERO GRACE (IGUANA, NEGRO),""2025-12-05 19:56:46"",""0.0"""
"[100018] BANDOLERA ANTONIETA (NAPADO, ROJO),""2025-12-05 19:56:46"",""0.0"""
"[100123] BANDOLERA VICENTA (NAPADO, ROJO),""2025-12-05 19:56:46"",""0.0"""
"[100448] CARTERA AMARILLA SET SOBRE (GAMUZA, AVELLANA/TABACO),""2025-12-05 19:56:46"",""0.0"""
"[100011] BANDOLERA ANTONIETA (GAMUZA, CAFE),""2025-12-05 19:56:46"",""0.0"""
"[100594] CARTERA YARA (BRIDGE, NEGRO),""2025-12-05 19:56:46"",""0.0"""
"[100595] CARTERA YARA (BRIDGE, ROJO),""2025-12-05 19:56:46"",""0.0"""
"[100613] CARTUCHERA MONT FULL BLACK,""2025-12-05 19:56:46"",""0.0"""
"[100849] GORRO PAÑO (S, GRIS TOPO),""2025-12-05 19:56:46"",""0.0"""
"[100507] CARTERA DOS HEBILLAS NEW (GAMUZA, CAFE),""2025-12-05 19:56:46"",""0.0"""
"[100598] CARTERA YARA (IGUANA, NEGRO),""2025-12-05 19:56:46"",""0.0"""
"[101088] MOCHILA PACARI (BRIDGE, NEGRO),""2025-12-05 19:56:46"",""0.0"""
"[101085] MOCHILA PACARI (BRIDGE, CARAMELO),""2025-12-05 19:56:46"",""0.0"""
"[101090] MOCHILA PACARI (BRIDGE, TABACO),""2025-12-05 19:56:46"",""0.0"""
"[101089] MOCHILA PACARI (BRIDGE, ROJO),""2025-12-05 19:56:46"",""0.0"""
"[100119] BANDOLERA VICENTA (IGUANA, NEGRO),""2025-12-05 19:56:46"",""0.0"""
"[100487] CARTERA BAULITO (IGUANA, NEGRO),""2025-12-05 19:56:46"",""0.0"""
"[100489] CARTERA BAULITO (IGUANA, VERDE),""2025-12-05 19:56:46"",""0.0"""
"[100044] BANDOLERA LENA (NAPADO, NEGRO),""2025-12-05 19:56:46"",""0.0"""
"[100243] BOLSO LIHUEN (BRIDGE, CARAMELO),""2025-12-05 19:56:46"",""0.0"""
"[100246] BOLSO LIHUEN (BRIDGE, TABACO),""2025-12-05 19:56:46"",""0.0"""
"[100477] CARTERA APHOLO SET SOBRE (TABACO),""2025-12-05 19:56:46"",""0.0"""
"[100291] BOTINERO MARCOS 30 (GAMUZA, VESUBIO/TABACO),""2025-12-05 19:56:46"",""0.0"""
"[100479] CARTERA BAULITO (BRIDGE, NEGRO),""2025-12-05 19:56:46"",""0.0"""
"[101177] MORRAL CARLOS (TABACO),""2025-12-05 19:56:46"",""0.0"""
"[100475] CARTERA APHOLO SET SOBRE (NEGRO),""2025-12-05 19:56:46"",""0.0"""
"[101297] PORTAFOLIO HUAPI (BRIDGE, CARAMELO),""2025-12-05 19:56:46"",""0.0"""
"[101298] PORTAFOLIO HUAPI (BRIDGE, CHOCOLATE),""2025-12-05 19:56:46"",""0.0"""
"[101299] PORTAFOLIO HUAPI (BRIDGE, MALBEC),""2025-12-05 19:56:46"",""0.0"""
"[100106] BANDOLERA VICENTA (BRIDGE, CARAMELO),""2025-12-05 19:56:46"",""0.0"""
"[100258] BOLSO TUBO GRANDE (GAMUZA, AZUL/CARAMELO),""2025-12-05 19:56:46"",""0.0"""
"[101098] MOCHILA PIETRO (BRIDGE, TABACO),""2025-12-05 19:56:46"",""0.0"""
"[100559] CARTERA LONDRES (BRIDGE, NEGRO),""2025-12-05 19:56:46"",""0.0"""
"[101072] MOCHILA MARCOS (BRIDGE, CARAMELO),""2025-12-05 19:56:46"",""0.0"""
"[100743] CINTURON PANAMA (85, TOSTADO),""2025-12-05 19:56:46"",""0.0"""
"[100749] CINTURON PANAMA (115, TOSTADO),""2025-12-05 19:56:46"",""0.0"""
"[100750] CINTURON PANAMA (120, TOSTADO),""2025-12-05 19:56:46"",""0.0"""
"[100751] CINTURON PANAMA (85, VERDE),""2025-12-05 19:56:46"",""0.0"""
"[100756] CINTURON PANAMA (110, VERDE),""2025-12-05 19:56:46"",""0.0"""
"[100758] CINTURON PANAMA (120, VERDE),""2025-12-05 19:56:46"",""0.0"""
"[100742] CINTURON PANAMA (120, AZUL),""2025-12-05 19:56:46"",""0.0"""
"[100041] BANDOLERA LENA (NAPADO, AZUL),""2025-12-05 19:56:46"",""0.0"""
"[100565] CARTERA MINI APHOLO C/CIERRE (BRIDGE, NEGRO),""2025-12-05 19:56:46"",""0.0"""
"[100468] CARTERA APHOLO C/CIERRE (BRIDGE, CARAMELO),""2025-12-05 19:56:46"",""0.0"""
"[100472] CARTERA APHOLO C/CIERRE (BRIDGE, TABACO),""2025-12-05 19:56:46"",""0.0"""
"[101304] PORTAFOLIO OLDIE (BRIDGE, CHOCOLATE),""2025-12-05 19:56:46"",""0.0"""
"[100509] CARTERA DOS HEBILLAS NEW (GAMUZA, OLIVE/TABACO),""2025-12-05 19:56:46"",""0.0"""
"[103155] BOLSO TUBO GRANDE (BRIDGE, GRIS OSCURO/TABACO),""2025-12-05 19:56:46"",""0.0"""
"[101342] PORTALAPTOP ELOY (FIORENTINO, CEDRO),""2025-12-05 19:56:46"",""0.0"""
"[101300] PORTAFOLIO HUAPI (BRIDGE, NEGRO),""2025-12-05 19:56:46"",""0.0"""
"[101654] SOBRE OMEGA (GAMUZA, AZUL),""2025-12-05 19:56:46"",""0.0"""
"SOBRE OMEGA (GAMUZA, GRIS MEDIO),""2025-12-05 19:56:46"",""0.0"""
"[100113] BANDOLERA VICENTA (GAMUZA, GRIS MEDIO),""2025-12-05 19:56:46"",""0.0"""
"[101853] ZAPATILLA URBANA (39, NEGRO),""2025-12-05 19:56:46"",""0.0"""
"[101855] ZAPATILLA URBANA (41, NEGRO),""2025-12-05 19:56:46"",""0.0"""
"[101856] ZAPATILLA URBANA (42, NEGRO),""2025-12-05 19:56:46"",""0.0"""
"[101858] ZAPATILLA URBANA (44, NEGRO),""2025-12-05 19:56:46"",""0.0"""
"[101859] ZAPATILLA URBANA (45, NEGRO),""2025-12-05 19:56:46"",""0.0"""
"[101860] ZAPATILLA URBANA (39, SUELA),""2025-12-05 19:56:46"",""0.0"""
"[101861] ZAPATILLA URBANA (40, SUELA),""2025-12-05 19:56:46"",""0.0"""
"[101863] ZAPATILLA URBANA (42, SUELA),""2025-12-05 19:56:46"",""0.0"""
"[101865] ZAPATILLA URBANA (44, SUELA),""2025-12-05 19:56:46"",""0.0"""
"[101866] ZAPATILLA URBANA (45, SUELA),""2025-12-05 19:56:46"",""0.0"""
"[101854] ZAPATILLA URBANA (40, NEGRO),""2025-12-05 19:56:46"",""0.0"""
"[100247] BOLSO LIHUEN (FIORENTINO, CEDRO),""2025-12-05 19:56:46"",""0.0"""
"[101093] MOCHILA PACARI (FIORENTINO, CEDRO),""2025-12-05 19:56:46"",""0.0"""
"[101100] MOCHILA PIETRO (FIORENTINO, CEDRO),""2025-12-05 19:56:46"",""0.0"""
"[101070] MOCHILA LIBRA (NEGRO),""2025-12-05 19:56:46"",""0.0"""
"[101071] MOCHILA LIBRA (TABACO),""2025-12-05 19:56:46"",""0.0"""
"[101079] MOCHILA MARCOS FULL BLACK (BRIDGE),""2025-12-05 19:56:46"",""0.0"""
"[101101] MOCHILA PIETRO FULL BLACK,""2025-12-05 19:56:46"",""0.0"""
"[100065] BANDOLERA NATY SIMPLE (GAMUZA, AZUL),""2025-12-05 19:56:46"",""0.0"""
"[101345] PORTALAPTOP ELOY (MODENA, TABACO),""2025-12-05 19:56:46"",""0.0"""
"[101273] PORTACABLES (2) (MODENA, NEGRO),""2025-12-05 19:56:46"",""0.0"""
"[101557] RIÑONERA CRUZ L (BRIDGE, CARAMELO),""2025-12-05 19:56:46"",""0.0"""
"[101561] RIÑONERA CRUZ L (FIORENTINO, CEDRO),""2025-12-05 19:56:46"",""0.0"""
"[100821] CORREA LOLI (NEGRO),""2025-12-05 19:56:46"",""0.0"""
"[100819] CORREA LOLI (CARAMELO),""2025-12-05 19:56:46"",""0.0"""
"[100823] CORREA LOLI (TABACO),""2025-12-05 19:56:46"",""0.0"""
"[100822] CORREA LOLI (ROJO),""2025-12-05 19:56:46"",""0.0"""
"[100820] CORREA LOLI (MALBEC),""2025-12-05 19:56:46"",""0.0"""
"[100824] CORREA LOLI (VERDE),""2025-12-05 19:56:46"",""0.0"""
"[100818] CORREA LOLI (AZUL),""2025-12-05 19:56:46"",""0.0"""
"[100826] CORREA LORE (NEGRO),""2025-12-05 19:56:46"",""0.0"""
"[100825] CORREA LORE (CARAMELO),""2025-12-05 19:56:46"",""0.0"""
"[101219] NECESSAIRE LARA (BRIDGE, NEGRO),""2025-12-05 19:56:46"",""0.0"""
"[101217] NECESSAIRE LARA (BRIDGE, CARAMELO),""2025-12-05 19:56:46"",""0.0"""
"[101094] MOCHILA PACARI (FIORENTINO, NEGRO),""2025-12-05 19:56:46"",""0.0"""
"[101086] MOCHILA PACARI (BRIDGE, CHOCOLATE),""2025-12-05 19:56:46"",""0.0"""
"[100571] CARTERA MINI APHOLO SET SOBRE (BRIDGE, CHOCOLATE),""2025-12-05 19:56:46"",""0.0"""
"[100032] BANDOLERA CARLA (FIORENTINO, CEDRO),""2025-12-05 19:56:46"",""0.0"""
"[100030] BANDOLERA CARLA (BRIDGE, NEGRO),""2025-12-05 19:56:46"",""0.0"""
"[100029] BANDOLERA CARLA (BRIDGE, MALBEC),""2025-12-05 19:56:46"",""0.0"""
"[100028] BANDOLERA CARLA (BRIDGE, LONDON),""2025-12-05 19:56:46"",""0.0"""
"[100542] CARTERA LISBOA (GAMUZA, OLIVE/TABACO),""2025-12-05 19:56:46"",""0.0"""
"[100285] BOTINERO MARCOS 30 (BRIDGE, CARAMELO),""2025-12-05 19:56:46"",""0.0"""
"CARTERA LISBOA (GAMUZA, AZUL),""2025-12-05 19:56:46"",""0.0"""
"[101103] MOCHILA PORTIA (BRIDGE, CHOCOLATE),""2025-12-05 19:56:46"",""0.0"""
"[101343] PORTALAPTOP ELOY (FIORENTINO, NEGRO),""2025-12-05 19:56:46"",""0.0"""
"[100531] CARTERA LEANDRA (NAPADO, MALBEC),""2025-12-05 19:56:46"",""0.0"""
"[101310] PORTAFOLIO RUBEN (CHOCOLATE),""2025-12-05 19:56:46"",""0.0"""
"[100533] CARTERA LEANDRA (NAPADO, ROJO),""2025-12-05 19:56:46"",""0.0"""
"[100511] CARTERA EMILIA (CRASH, NEGRO),""2025-12-05 19:56:46"",""0.0"""
"[100075] BANDOLERA NATY SIMPLE (NAPADO, SUELA),""2025-12-05 19:56:46"",""0.0"""
"[100297] BUFANDA ACRUX (NEGRO),""2025-12-05 19:56:46"",""0.0"""
"[100296] BUFANDA ACRUX (GRIS),""2025-12-05 19:56:46"",""0.0"""
"[100295] BUFANDA ACRUX (CRUDO),""2025-12-05 19:56:46"",""0.0"""
"[100302] BUFANDA ADHARA (NEGRO),""2025-12-05 19:56:46"",""0.0"""
"[100299] BUFANDA ADHARA (AZUL),""2025-12-05 19:56:46"",""0.0"""
"[100301] BUFANDA ADHARA (GRIS),""2025-12-05 19:56:46"",""0.0"""
"[100303] BUFANDA ADHARA (TOSTADO),""2025-12-05 19:56:46"",""0.0"""
"[100300] BUFANDA ADHARA (CRUDO),""2025-12-05 19:56:46"",""0.0"""
"[100306] BUFANDA CAPELLA (NEGRO),""2025-12-05 19:56:46"",""0.0"""
"[100307] BUFANDA CAPELLA (VISON),""2025-12-05 19:56:46"",""0.0"""
"[100305] BUFANDA CAPELLA (CRUDO),""2025-12-05 19:56:46"",""0.0"""
"[100864] GORRO SIRIUS (VISON),""2025-12-05 19:56:46"",""0.0"""
"[100292] BUFANDA ACRUX (AZUL),""2025-12-05 19:56:46"",""0.0"""
"[100298] BUFANDA ACRUX (TOSTADO),""2025-12-05 19:56:46"",""0.0"""
"[101254] PHONEBAG TAURUS (CHOCOLATE),""2025-12-05 19:56:46"",""0.0"""
"[100081] BANDOLERA NEW VICENTA (NAPADO, CARAMELO),""2025-12-05 19:56:46"",""0.0"""
"[100082] BANDOLERA NEW VICENTA (NAPADO, MALBEC),""2025-12-05 19:56:46"",""0.0"""
"[101096] MOCHILA PIETRO (BRIDGE, CARAMELO),""2025-12-05 19:56:46"",""0.0"""
"[100535] CARTERA LISBOA (DUNA, NEGRO),""2025-12-05 19:56:46"",""0.0"""
"[101434] PORTALENTES ORION (VINTAGE, MEDIO),""2025-12-05 19:56:46"",""0.0"""
"[101517] REMERA AMADEO (S, NEGRO),""2025-12-05 19:56:46"",""0.0"""
"[101518] REMERA AMADEO (M, NEGRO),""2025-12-05 19:56:46"",""0.0"""
"[101519] REMERA AMADEO (L, NEGRO),""2025-12-05 19:56:46"",""0.0"""
"[101520] REMERA AMADEO (XL, NEGRO),""2025-12-05 19:56:46"",""0.0"""
"[101521] REMERA AMADEO (2XL, NEGRO),""2025-12-05 19:56:46"",""0.0"""
"[101507] REMERA AMADEO (S, BLANCO),""2025-12-05 19:56:46"",""0.0"""
"[101508] REMERA AMADEO (M, BLANCO),""2025-12-05 19:56:46"",""0.0"""
"[101509] REMERA AMADEO (L, BLANCO),""2025-12-05 19:56:46"",""0.0"""
"[101510] REMERA AMADEO (XL, BLANCO),""2025-12-05 19:56:46"",""0.0"""
"[101511] REMERA AMADEO (2XL, BLANCO),""2025-12-05 19:56:46"",""0.0"""
"[101512] REMERA AMADEO (S, CHARCOAL),""2025-12-05 19:56:46"",""0.0"""
"[101513] REMERA AMADEO (M, CHARCOAL),""2025-12-05 19:56:46"",""0.0"""
"[101514] REMERA AMADEO (L, CHARCOAL),""2025-12-05 19:56:46"",""0.0"""
"[101515] REMERA AMADEO (XL, CHARCOAL),""2025-12-05 19:56:46"",""0.0"""
"[101516] REMERA AMADEO (2XL, CHARCOAL),""2025-12-05 19:56:46"",""0.0"""
"[101548] REMERA NOA (S, BLANCO),""2025-12-05 19:56:46"",""0.0"""
"[101549] REMERA NOA (M, BLANCO),""2025-12-05 19:56:46"",""0.0"""
"[101550] REMERA NOA (L, BLANCO),""2025-12-05 19:56:46"",""0.0"""
"[101551] REMERA NOA (XL, BLANCO),""2025-12-05 19:56:46"",""0.0"""
"[101547] REMERA NOA (XS, BLANCO),""2025-12-05 19:56:46"",""0.0"""
"[101552] REMERA NOA (XS, NEGRO),""2025-12-05 19:56:46"",""0.0"""
"[101553] REMERA NOA (S, NEGRO),""2025-12-05 19:56:46"",""0.0"""
"[101554] REMERA NOA (M, NEGRO),""2025-12-05 19:56:46"",""0.0"""
"[101555] REMERA NOA (L, NEGRO),""2025-12-05 19:56:46"",""0.0"""
"[101556] REMERA NOA (XL, NEGRO),""2025-12-05 19:56:46"",""0.0"""
"[101527] REMERA DANA (XS, BLANCO),""2025-12-05 19:56:46"",""0.0"""
"[101528] REMERA DANA (S, BLANCO),""2025-12-05 19:56:46"",""0.0"""
"[101529] REMERA DANA (M, BLANCO),""2025-12-05 19:56:46"",""0.0"""
"[101530] REMERA DANA (L, BLANCO),""2025-12-05 19:56:46"",""0.0"""
"[101531] REMERA DANA (XL, BLANCO),""2025-12-05 19:56:46"",""0.0"""
"[101542] REMERA DANA (XS, NEGRO),""2025-12-05 19:56:46"",""0.0"""
"[101543] REMERA DANA (S, NEGRO),""2025-12-05 19:56:46"",""0.0"""
"[101544] REMERA DANA (M, NEGRO),""2025-12-05 19:56:46"",""0.0"""
"[101545] REMERA DANA (L, NEGRO),""2025-12-05 19:56:46"",""0.0"""
"[101546] REMERA DANA (XL, NEGRO),""2025-12-05 19:56:46"",""0.0"""
"[101537] REMERA DANA (XS, HUESO),""2025-12-05 19:56:46"",""0.0"""
"[101538] REMERA DANA (S, HUESO),""2025-12-05 19:56:46"",""0.0"""
"[101539] REMERA DANA (M, HUESO),""2025-12-05 19:56:46"",""0.0"""
"[101540] REMERA DANA (L, HUESO),""2025-12-05 19:56:46"",""0.0"""
"[101541] REMERA DANA (XL, HUESO),""2025-12-05 19:56:46"",""0.0"""
"[101533] REMERA DANA (S, CHARCOAL),""2025-12-05 19:56:46"",""0.0"""
"[101534] REMERA DANA (M, CHARCOAL),""2025-12-05 19:56:46"",""0.0"""
"[101535] REMERA DANA (L, CHARCOAL),""2025-12-05 19:56:46"",""0.0"""
"[101536] REMERA DANA (XL, CHARCOAL),""2025-12-05 19:56:46"",""0.0"""
"[100084] BANDOLERA NEW VICENTA (NAPADO, ROJO),""2025-12-05 19:56:46"",""0.0"""
"[101762] TARJETERO MULTI (DUNA, NEGRO),""2025-12-05 19:56:46"",""0.0"""
"[101027] MEDIAS MEDIA CAÑA (GRIS),""2025-12-05 19:56:46"",""0.0"""
"[101029] MEDIAS MEDIA CAÑA (VISON),""2025-12-05 19:56:46"",""0.0"""
"[101025] MEDIAS MEDIA CAÑA (BEIGE),""2025-12-05 19:56:46"",""0.0"""
"[101022] MEDIAS DE VESTIR 207 (NEGRO),""2025-12-05 19:56:46"",""0.0"""
"[101020] MEDIAS DE VESTIR 207 (AZUL MARINO),""2025-12-05 19:56:46"",""0.0"""
"[101021] MEDIAS DE VESTIR 207 (CHOCOLATE),""2025-12-05 19:56:46"",""0.0"""
"[101023] MEDIAS DE VESTIR 472 (1 (38-41)),""2025-12-05 19:56:46"",""0.0"""
"[101024] MEDIAS DE VESTIR 472 (2 (42-45)),""2025-12-05 19:56:46"",""0.0"""
"[101026] MEDIAS MEDIA CAÑA (BLANCO),""2025-12-05 19:56:46"",""0.0"""
"[101028] MEDIAS MEDIA CAÑA (NEGRO),""2025-12-05 19:56:46"",""0.0"""
"[101267] PORTACABLES  (1) (MODENA, NEGRO),""2025-12-05 19:56:46"",""0.0"""
"[100905] INDIVIDUAL RECTO (BRIDGE, NEGRO),""2025-12-05 19:56:46"",""0.0"""
"[100620] CHALINA EXEDRA (OFF WHITE),""2025-12-05 19:56:46"",""0.0"""
"[100616] CHALINA EXEDRA (BEIGE),""2025-12-05 19:56:46"",""0.0"""
"[100618] CHALINA EXEDRA (GRIS),""2025-12-05 19:56:46"",""0.0"""
"[100619] CHALINA EXEDRA (NEGRO),""2025-12-05 19:56:46"",""0.0"""
"[101711] TARJETERO BILL (DUNA, NEGRO),""2025-12-05 19:56:46"",""0.0"""
"[100506] CARTERA DOS HEBILLAS NEW (GAMUZA, AZUL/TABACO),""2025-12-05 19:56:46"",""0.0"""
"[100808] CINTURON VAQUETA (105, NEGRO),""2025-12-05 19:56:46"",""0.0"""
"[100810] CINTURON VAQUETA (115, NEGRO),""2025-12-05 19:56:46"",""0.0"""
"[101031] MEDIAS MEDIA CAÑA CORTAS (BLANCO),""2025-12-05 19:56:46"",""0.0"""
"[101034] MEDIAS MEDIA CAÑA CORTAS (NEGRO),""2025-12-05 19:56:46"",""0.0"""
"[101030] MEDIAS MEDIA CAÑA CORTAS (AZUL MARINO),""2025-12-05 19:56:46"",""0.0"""
"[101033] MEDIAS MEDIA CAÑA CORTAS (GRIS MELANGE 75),""2025-12-05 19:56:46"",""0.0"""
"[101032] MEDIAS MEDIA CAÑA CORTAS (GRIS MELANGE 25),""2025-12-05 19:56:46"",""0.0"""
"[101485] PORTAVINO CAFAYATE (VAQUETA, NATURAL),""2025-12-05 19:56:46"",""0.0"""
"[101813] TOTE IRUYA (NAPADO, MALBEC),""2025-12-05 19:56:46"",""0.0"""
"[101335] PORTALAPICERAS (BRIDGE, ROJO),""2025-12-05 19:56:46"",""0.0"""
"[100518] CARTERA HARPER (GAMUZA, VESUBIO/TABACO),""2025-12-05 19:56:46"",""0.0"""
"[100516] CARTERA HARPER (GAMUZA, AZUL/TABACO),""2025-12-05 19:56:46"",""0.0"""
"[100829] ESPEJO RECTANGULAR (NEGRO),""2025-12-05 19:56:46"",""0.0"""
"[101231] NECESSAIRE MINI MARCOS (FIORENTINO, CEDRO),""2025-12-05 19:56:46"",""0.0"""
"[100958] LLAVERO ABC (L, NEGRO/OXIDO),""2025-12-05 19:56:46"",""0.0"""
"[100874] GORRO VENTO (L, BEIGE),""2025-12-05 19:56:46"",""0.0"""
"[100880] GORRO VENTO (M, NEGRO),""2025-12-05 19:56:46"",""0.0"""
"[101829] ZAPATILLA MATEO (44, AZUL),""2025-12-05 19:56:46"",""0.0"""
"[101832] ZAPATILLA MATEO (39, BORGOÑA),""2025-12-05 19:56:46"",""0.0"""
"[101834] ZAPATILLA MATEO (44, BORGOÑA),""2025-12-05 19:56:46"",""0.0"""
"[103156] ZAPATILLA MATEO (40, BORGOÑA),""2025-12-05 19:56:46"",""0.0"""
"[101835] ZAPATILLA MATEO (45, BORGOÑA),""2025-12-05 19:56:46"",""0.0"""
"[103130] ZAPATILLA MATEO (43, NEGRO),""2025-12-05 19:56:46"",""0.0"""
"[101837] ZAPATILLA MATEO (44, NEGRO),""2025-12-05 19:56:46"",""0.0"""
"[101838] ZAPATILLA MATEO (45, NEGRO),""2025-12-05 19:56:46"",""0.0"""
"[101839] ZAPATILLA MATEO (39, TABACO),""2025-12-05 19:56:46"",""0.0"""
"[101842] ZAPATILLA MATEO (45, TABACO),""2025-12-05 19:56:46"",""0.0"""
"[101843] ZAPATILLA MATEO (39, VERDE),""2025-12-05 19:56:46"",""0.0"""
"[101868] ZAPATILLA URBANA (40, TABACO),""2025-12-05 19:56:46"",""0.0"""
"[103157] ZAPATILLA URBANA (45, TABACO),""2025-12-05 19:56:46"",""0.0"""
"[101057] MOCHILA ATLAS FULL BLACK (1),""2025-12-05 19:56:46"",""0.0"""
"[100269] BOLSO TUBO GRANDE (PELO, HOLANDO/NEGRO),""2025-12-05 19:56:46"",""0.0"""
"[101495] PORTAVINO TUNUYAN (AZUL/TABACO),""2025-12-05 19:56:46"",""0.0"""
"[101497] PORTAVINO TUNUYAN (VESUBIO/TABACO),""2025-12-05 19:56:46"",""0.0"""
"[101489] PORTAVINO TANDIL (BRIDGE, CARAMELO),""2025-12-05 19:56:46"",""0.0"""
"[101491] PORTAVINO TANDIL (BRIDGE, NEGRO),""2025-12-05 19:56:46"",""0.0"""
"[101490] PORTAVINO TANDIL (BRIDGE, MALBEC),""2025-12-05 19:56:46"",""0.0"""
"[100617] CHALINA EXEDRA (CELESTE),""2025-12-05 19:56:46"",""0.0"""
"[100621] CHALINA EXEDRA (ROSA),""2025-12-05 19:56:46"",""0.0"""
"[100642] CHOMBA POLO NAOS (L, NEGRO),""2025-12-05 19:56:46"",""0.0"""
"[100624] CHOMBA POLO NAOS (L, AZUL MARINO),""2025-12-05 19:56:46"",""0.0"""
"[100623] CHOMBA POLO NAOS (M, AZUL MARINO),""2025-12-05 19:56:46"",""0.0"""
"[100625] CHOMBA POLO NAOS (XL, AZUL MARINO),""2025-12-05 19:56:46"",""0.0"""
"[100626] CHOMBA POLO NAOS (2XL, AZUL MARINO),""2025-12-05 19:56:46"",""0.0"""
"[100629] CHOMBA POLO NAOS (M, BLANCO),""2025-12-05 19:56:46"",""0.0"""
"[100635] CHOMBA POLO NAOS (M, DENIM GASTADO),""2025-12-05 19:56:46"",""0.0"""
"[100634] CHOMBA POLO NAOS (S, DENIM GASTADO),""2025-12-05 19:56:46"",""0.0"""
"[100641] CHOMBA POLO NAOS (M, NEGRO),""2025-12-05 19:56:46"",""0.0"""
"[100466] CARTERA AMARILLA SET SOBRE BIFAZ (NEGRO/SUELA),""2025-12-05 19:56:46"",""0.0"""
"[100467] CARTERA AMARILLA SET SOBRE BIFAZ (VERDE/SUELA),""2025-12-05 19:56:46"",""0.0"""
"[100465] CARTERA AMARILLA SET SOBRE BIFAZ (AZUL/SUELA),""2025-12-05 19:56:46"",""0.0"""
"[101503] PORTAVINO UCO (PELO, HOLANDO),""2025-12-05 19:56:46"",""0.0"""
"[100622] CHOMBA POLO NAOS (S, AZUL MARINO),""2025-12-05 19:56:46"",""0.0"""
"[100643] CHOMBA POLO NAOS (XL, NEGRO),""2025-12-05 19:56:46"",""0.0"""
"[100644] CHOMBA POLO NAOS (2XL, NEGRO),""2025-12-05 19:56:46"",""0.0"""
"[100645] CHOMBA POLO NAOS (3XL, NEGRO),""2025-12-05 19:56:46"",""0.0"""
"[100628] CHOMBA POLO NAOS (S, BLANCO),""2025-12-05 19:56:46"",""0.0"""
"[100630] CHOMBA POLO NAOS (L, BLANCO),""2025-12-05 19:56:46"",""0.0"""
"[100631] CHOMBA POLO NAOS (XL, BLANCO),""2025-12-05 19:56:46"",""0.0"""
"[100632] CHOMBA POLO NAOS (2XL, BLANCO),""2025-12-05 19:56:46"",""0.0"""
"[100633] CHOMBA POLO NAOS (3XL, BLANCO),""2025-12-05 19:56:46"",""0.0"""
"[100636] CHOMBA POLO NAOS (L, DENIM GASTADO),""2025-12-05 19:56:46"",""0.0"""
"[100637] CHOMBA POLO NAOS (XL, DENIM GASTADO),""2025-12-05 19:56:46"",""0.0"""
"[100638] CHOMBA POLO NAOS (2XL, DENIM GASTADO),""2025-12-05 19:56:46"",""0.0"""
"[100639] CHOMBA POLO NAOS (3XL, DENIM GASTADO),""2025-12-05 19:56:46"",""0.0"""
"[100640] CHOMBA POLO NAOS (S, NEGRO),""2025-12-05 19:56:46"",""0.0"""
"[101038] MEDIAS MEDIA CAÑA FANTASIA (ROMBOS, NEGRO/ROJO),""2025-12-05 19:56:46"",""0.0"""
"[101037] MEDIAS MEDIA CAÑA FANTASIA (ROMBOS, CRUDO/CELESTE),""2025-12-05 19:56:46"",""0.0"""
"[101036] MEDIAS MEDIA CAÑA FANTASIA (MULTIRAYAS, NEGRO/GRIS MELANGE),""2025-12-05 19:56:46"",""0.0"""
"[101035] MEDIAS MEDIA CAÑA FANTASIA (MULTIRAYAS, GRIS OSCURO/GRIS CLARO),""2025-12-05 19:56:46"",""0.0"""
"[101040] MEDIAS MEDIA CAÑA FANTASIA (ROMBOS CHICOS, GRIS OSCURO/GRIS CLARO),""2025-12-05 19:56:46"",""0.0"""
"[101039] MEDIAS MEDIA CAÑA FANTASIA (ROMBOS CHICOS, GRIS CLARO/GRIS OSCURO),""2025-12-05 19:56:46"",""0.0"""
"[101110] MOCHILA TECH 210512,""2025-12-05 19:56:46"",""0.0"""
"[101111] MOCHILA TECH 21066,""2025-12-05 19:56:46"",""0.0"""
"[101112] MOCHILA TECH 21076,""2025-12-05 19:56:46"",""0.0"""
"[101115] MOCHILA TECH 2551 (NEGRO),""2025-12-05 19:56:46"",""0.0"""
"[101114] MOCHILA TECH 2551 (GRIS MEDIO),""2025-12-05 19:56:46"",""0.0"""
"[101116] MOCHILA TECH 40998,""2025-12-05 19:56:46"",""0.0"""
"[100048] BANDOLERA MATILDA (HEREFORD),""2025-12-05 19:56:46"",""0.0"""
"[101809] TOTE CACHI  (NAPADO, SUELA),""2025-12-05 19:56:46"",""0.0"""
"[101804] TOTE CACHI  (DUNA, NEGRO),""2025-12-05 19:56:46"",""0.0"""
"[101807] TOTE CACHI  (NAPADO, CARAMELO),""2025-12-05 19:56:46"",""0.0"""
"[101811] TOTE CACHI  (PELO, HOLANDO),""2025-12-05 19:56:46"",""0.0"""
"[100859] GORRO SEA (M, GRIS OSCURO),""2025-12-05 19:56:46"",""0.0"""
"[100860] GORRO SEA (L, GRIS OSCURO),""2025-12-05 19:56:46"",""0.0"""
"[100857] GORRO SEA (M, BEIGE),""2025-12-05 19:56:46"",""0.0"""
"[100858] GORRO SEA (L, BEIGE),""2025-12-05 19:56:46"",""0.0"""
"[100843] GORRO FRED (M),""2025-12-05 19:56:46"",""0.0"""
"[100844] GORRO FRED (L),""2025-12-05 19:56:46"",""0.0"""
"[100232] BOINA CLYDE (S, BEIGE),""2025-12-05 19:56:46"",""0.0"""
"[100233] BOINA CLYDE (M, BEIGE),""2025-12-05 19:56:46"",""0.0"""
"[100234] BOINA CLYDE (L, BEIGE),""2025-12-05 19:56:46"",""0.0"""
"[100238] BOINA CLYDE (S, GRIS),""2025-12-05 19:56:46"",""0.0"""
"[100239] BOINA CLYDE (M, GRIS),""2025-12-05 19:56:46"",""0.0"""
"[100240] BOINA CLYDE (L, GRIS),""2025-12-05 19:56:46"",""0.0"""
"[100235] BOINA CLYDE (S, CAFE),""2025-12-05 19:56:46"",""0.0"""
"[100236] BOINA CLYDE (M, CAFE),""2025-12-05 19:56:46"",""0.0"""
"[100237] BOINA CLYDE (L, CAFE),""2025-12-05 19:56:46"",""0.0"""
"[101662] SOMBRERO HENY,""2025-12-05 19:56:46"",""0.0"""
"[101663] SOMBRERO NINI,""2025-12-05 19:56:46"",""0.0"""
"[101660] SOMBRERO FELA,""2025-12-05 19:56:46"",""0.0"""
"[101664] SOMBRERO YULA,""2025-12-05 19:56:46"",""0.0"""
"[101661] SOMBRERO GIA,""2025-12-05 19:56:46"",""0.0"""
"[101082] MOCHILA MULITA (CARAMELO),""2025-12-05 19:56:46"",""0.0"""
"[100294] BUFANDA ACRUX (CHOCOLATE),""2025-12-05 19:56:46"",""0.0"""
"[100293] BUFANDA ACRUX (BEIGE),""2025-12-05 19:56:46"",""0.0"""
"[100868] GORRO VEGA (GRIS),""2025-12-05 19:56:46"",""0.0"""
"[100870] GORRO VEGA (NEGRO),""2025-12-05 19:56:46"",""0.0"""
"[100869] GORRO VEGA (GRIS CLARO),""2025-12-05 19:56:46"",""0.0"""
"[100867] GORRO VEGA (CHOCOLATE),""2025-12-05 19:56:46"",""0.0"""
"[100866] GORRO VEGA (BEIGE),""2025-12-05 19:56:46"",""0.0"""
"[100862] GORRO SIRIUS (CRUDO),""2025-12-05 19:56:46"",""0.0"""
"[100863] GORRO SIRIUS (NEGRO),""2025-12-05 19:56:46"",""0.0"""
"[100886] GUANTE BASICO DAMA (NEGRO),""2025-12-05 19:56:46"",""0.0"""
"[100887] GUANTE BASICO DAMA (VISON),""2025-12-05 19:56:46"",""0.0"""
"[100888] GUANTE BASICO HOMBRE (1, NEGRO),""2025-12-05 19:56:46"",""0.0"""
"[100889] GUANTE BASICO HOMBRE (2, NEGRO),""2025-12-05 19:56:46"",""0.0"""
"[100891] GUANTE BASICO HOMBRE (2, VISON),""2025-12-05 19:56:46"",""0.0"""
"[101826] TOTE TILCARA (NEGRO),""2025-12-05 19:56:46"",""0.0"""
"[103158] BUFANDA CAPELLA (CAFE),""2025-12-05 19:56:46"",""0.0"""
"[103159] BUFANDA ACRUX (GRIS CLARO),""2025-12-05 19:56:46"",""0.0"""
"[103160] GORRO SIRIUS (CAFE),""2025-12-05 19:56:46"",""0.0"""
"[101016] MATERA OLI (BRIDGE, NEGRO),""2025-12-05 19:56:46"",""0.0"""
"[101014] MATERA OLI (BRIDGE, CHOCOLATE),""2025-12-05 19:56:46"",""0.0"""
"[100949] LLAVERO ABC (Y, MALBEC/AZUL),""2025-12-05 19:56:46"",""0.0"""
"[103161] MOCHILA PACARI (VINTAGE, DARK),""2025-12-05 19:56:46"",""0.0"""
"[101095] MOCHILA PACARI (VINTAGE, LIGHT),""2025-12-05 19:56:46"",""0.0"""
"[103164] MOCHILA ALAI (LINEA FRUNCES) (SUELA),""2025-12-05 19:56:46"",""0.0"""
"[103137] MATERA RENATA (LINEA PESPUNTES) (OXIDO),""2025-12-05 19:56:46"",""0.0"""
"[100672] CINTURON FLORA (1) (M-L, MARSALA),""2025-12-05 19:56:46"",""0.0"""
"[100898] INDIVIDUAL CURVO (NAPADO, CARAMELO),""2025-12-05 19:56:46"",""0.0"""
"[101638] SOBRE GEMINI (DUNA, NEGRO),""2025-12-05 19:56:46"",""0.0"""
"[101641] SOBRE GEMINI (NAPADO, MALBEC),""2025-12-05 19:56:46"",""0.0"""
"[101682] TAG SIMPLE (CARAMELO),""2025-12-05 19:56:46"",""0.0"""
"[101684] TAG SIMPLE (ROJO),""2025-12-05 19:56:46"",""0.0"""
"[101609] SET POSAVASOS CIRCULAR X4 (BRIDGE, NEGRO),""2025-12-05 19:56:46"",""0.0"""
"[101610] SET POSAVASOS CIRCULAR X4 (BRIDGE, ROJO),""2025-12-05 19:56:46"",""0.0"""
"[101612] SET POSAVASOS CIRCULAR X4 (NAPADO, CARAMELO),""2025-12-05 19:56:46"",""0.0"""
"[101613] SET POSAVASOS CIRCULAR X4 (NAPADO, MALBEC),""2025-12-05 19:56:46"",""0.0"""
"[101614] SET POSAVASOS CIRCULAR X4 (NAPADO, NEGRO),""2025-12-05 19:56:46"",""0.0"""
"[101615] SET POSAVASOS CIRCULAR X4 (NAPADO, SUELA),""2025-12-05 19:56:46"",""0.0"""
"[101623] SET POSAVASOS CUADRADO X4 (BRIDGE, NEGRO),""2025-12-05 19:56:46"",""0.0"""
"[101624] SET POSAVASOS CUADRADO X4 (BRIDGE, ROJO),""2025-12-05 19:56:46"",""0.0"""
"[101626] SET POSAVASOS CUADRADO X4 (NAPADO, CARAMELO),""2025-12-05 19:56:46"",""0.0"""
"[101627] SET POSAVASOS CUADRADO X4 (NAPADO, NEGRO),""2025-12-05 19:56:46"",""0.0"""
"[101629] SET POSAVASOS CUADRADO X4 (NAPADO, TABACO),""2025-12-05 19:56:46"",""0.0"""
"[100922] LLAVERO ABC (D, MALBEC/AZUL),""2025-12-05 19:56:46"",""0.0"""
"[100971] LLAVERO INICIALES (NAPADO, NEGRO),""2025-12-05 19:56:46"",""0.0"""
"[100985] LLAVERO KAREN (CARAMELO/CAFE),""2025-12-05 19:56:46"",""0.0"""
"[100988] LLAVERO KAREN (CARAMELO/OLIVE),""2025-12-05 19:56:46"",""0.0"""
"[100993] LLAVERO KAREN (NEGRO/GRIS MEDIO),""2025-12-05 19:56:46"",""0.0"""
"[100994] LLAVERO KAREN (NEGRO/GRIS OSCURO),""2025-12-05 19:56:46"",""0.0"""
"[100996] LLAVERO KAREN (NEGRO/OXIDO),""2025-12-05 19:56:46"",""0.0"""
"[100997] LLAVERO KAREN (NEGRO/VESUBIO),""2025-12-05 19:56:46"",""0.0"""
"[100199] BILLETERA LUCA (NAPADO, MALBEC),""2025-12-05 19:56:46"",""0.0"""
"[101118] MONEDERO AMBAR (DUNA, NEGRO),""2025-12-05 19:56:46"",""0.0"""
"[101789] TARJETERO RUBI (DUNA, NEGRO),""2025-12-05 19:56:46"",""0.0"""
"[100215] BILLETERA OSADIA (BRIDGE, MALBEC),""2025-12-05 19:56:46"",""0.0"""
"[101206] NECESSAIRE FELI (BRIDGE, NEGRO),""2025-12-05 19:56:46"",""0.0"""
"[101325] PORTAHIGIENE (BRIDGE, NEGRO),""2025-12-05 19:56:46"",""0.0"""
"[101328] PORTAHIGIENE (FIORENTINO, CEDRO),""2025-12-05 19:56:46"",""0.0"""
"[100057] BANDOLERA NATY (VERDE),""2025-12-05 19:56:46"",""0.0"""
"[101266] PORTACABLES  (1) (FIORENTINO, CEDRO),""2025-12-05 19:56:46"",""0.0"""
"[103165] MOCHILA LIBRA (CHOCOLATE),""2025-12-05 19:56:46"",""0.0"""
"[103166] TOTE IRUYA (BRIDGE, LONDON),""2025-12-05 19:56:46"",""0.0"""
"[103167] TOTE CACHI  (BRIDGE, LONDON),""2025-12-05 19:56:46"",""0.0"""
"GUANTE RIGEL (VISON),""2025-12-05 19:56:46"",""0.0"""
"[103168] CARTERA VERA (NAPOLE, TABACO),""2025-12-05 19:56:46"",""0.0"""
"[103136] CARTERA MANA FLECOS (LINEA PESPUNTES) (CRASH, SUELA),""2025-12-05 19:56:46"",""0.0"""
"[101715] TARJETERO BILL (IGUANA, ROJO),""2025-12-07 17:31:20"",""0.0"""
"[100126] BILLETERA ADAM (BRIDGE, CARAMELO),""2025-12-07 17:31:20"",""0.0"""
"[100128] BILLETERA ADAM (BRIDGE, NEGRO),""2025-12-07 17:31:20"",""0.0"""
"[100129] BILLETERA ADAM (BRIDGE, TABACO),""2025-12-07 17:31:20"",""0.0"""
"[100131] BILLETERA ADAM (NAPADO, AZUL),""2025-12-07 17:31:20"",""0.0"""
"[100132] BILLETERA ADAM (NAPADO, NEGRO),""2025-12-07 17:31:20"",""0.0"""
"[100127] BILLETERA ADAM (BRIDGE, CHOCOLATE),""2025-12-07 17:31:20"",""0.0"""
"[100189] BILLETERA LUCA (BRIDGE, NEGRO),""2025-12-07 17:31:20"",""0.0"""
"[100190] BILLETERA LUCA (BRIDGE, TABACO),""2025-12-07 17:31:20"",""0.0"""
"[100197] BILLETERA LUCA (NAPADO, AZUL),""2025-12-07 17:31:20"",""0.0"""
"[100200] BILLETERA LUCA (NAPADO, NEGRO),""2025-12-07 17:31:20"",""0.0"""
"[100201] BILLETERA LUCA (NAPADO, ROJO),""2025-12-07 17:31:20"",""0.0"""
"[100202] BILLETERA LUCA (NAPADO, SUELA),""2025-12-07 17:31:20"",""0.0"""
"[100220] BILLETERA OSADIA (NAPADO, AZUL),""2025-12-07 17:31:20"",""0.0"""
"[100221] BILLETERA OSADIA (NAPADO, CARAMELO),""2025-12-07 17:31:20"",""0.0"""
"[100229] BILLETERA PENY (NAPADO, NEGRO),""2025-12-07 17:31:20"",""0.0"""
"[100601] CARTUCHERA MONT (BRIDGE, CARAMELO),""2025-12-07 17:31:20"",""0.0"""
"[100602] CARTUCHERA MONT (BRIDGE, MALBEC),""2025-12-07 17:31:20"",""0.0"""
"[100603] CARTUCHERA MONT (BRIDGE, NEGRO),""2025-12-07 17:31:20"",""0.0"""
"[101128] MONEDERO CORY (DUNA, NEGRO),""2025-12-07 17:31:20"",""0.0"""
"[101129] MONEDERO CORY (IGUANA, CARAMELO),""2025-12-07 17:31:20"",""0.0"""
"[101130] MONEDERO CORY (IGUANA, NEGRO),""2025-12-07 17:31:20"",""0.0"""
"[101132] MONEDERO CORY (NAPADO, CARAMELO),""2025-12-07 17:31:20"",""0.0"""
"[101138] MONEDERO GRACE (BRIDGE, CARAMELO),""2025-12-07 17:31:20"",""0.0"""
"[101139] MONEDERO GRACE (BRIDGE, MALBEC),""2025-12-07 17:31:20"",""0.0"""
"[101140] MONEDERO GRACE (BRIDGE, NEGRO),""2025-12-07 17:31:20"",""0.0"""
"[101147] MONEDERO GRACE (MODENA, VERDE),""2025-12-07 17:31:20"",""0.0"""
"[100173] BILLETERA LEXI (AZUL),""2025-12-07 17:31:20"",""0.0"""
"[100178] BILLETERA LEXI (TABACO),""2025-12-07 17:31:20"",""0.0"""
"[101235] NECESSAIRE TOM (BRIDGE, CARAMELO),""2025-12-07 17:31:20"",""0.0"""
"[101285] PORTACINTO ELIAS (BRIDGE, NEGRO),""2025-12-07 17:31:20"",""0.0"""
"[101286] PORTACINTO ELIAS (BRIDGE, TABACO),""2025-12-07 17:31:20"",""0.0"""
"[101287] PORTACINTO ELIAS (FIORENTINO, CEDRO),""2025-12-07 17:31:20"",""0.0"""
"[101289] PORTACINTO ELIAS (MODENA, TABACO),""2025-12-07 17:31:20"",""0.0"""
"[101288] PORTACINTO ELIAS (MODENA, NEGRO),""2025-12-07 17:31:20"",""0.0"""
"[101290] PORTACINTO LOU (BRIDGE, NEGRO),""2025-12-07 17:31:20"",""0.0"""
"[101291] PORTACINTO LOU (BRIDGE, TABACO),""2025-12-07 17:31:20"",""0.0"""
"[101292] PORTACINTO LOU (FIORENTINO, CEDRO),""2025-12-07 17:31:20"",""0.0"""
"[101293] PORTACINTO LOU (MODENA, NEGRO),""2025-12-07 17:31:20"",""0.0"""
"[101294] PORTACINTO LOU (MODENA, TABACO),""2025-12-07 17:31:20"",""0.0"""
"[101212] NECESSAIRE LANIN (BRIDGE, CARAMELO),""2025-12-07 17:31:20"",""0.0"""
"[101214] NECESSAIRE LANIN (BRIDGE, TABACO),""2025-12-07 17:31:20"",""0.0"""
"[101220] NECESSAIRE LARA (FIORENTINO, CEDRO),""2025-12-07 17:31:20"",""0.0"""
"[101221] NECESSAIRE LARA (IGUANA, CARAMELO),""2025-12-07 17:31:20"",""0.0"""
"[101222] NECESSAIRE LARA (IGUANA, NEGRO),""2025-12-07 17:31:20"",""0.0"""
"[101366] PORTALENTES COLBY (BRIDGE, CARAMELO),""2025-12-07 17:31:20"",""0.0"""
"[101368] PORTALENTES COLBY (BRIDGE, NEGRO),""2025-12-07 17:31:20"",""0.0"""
"[101369] PORTALENTES COLBY (BRIDGE, ROJO),""2025-12-07 17:31:20"",""0.0"""
"[101370] PORTALENTES COLBY (BRIDGE, TABACO),""2025-12-07 17:31:20"",""0.0"""
"[101371] PORTALENTES COLBY (FIORENTINO, CEDRO),""2025-12-07 17:31:20"",""0.0"""
"[101372] PORTALENTES COLBY (IGUANA, AZUL),""2025-12-07 17:31:20"",""0.0"""
"[101373] PORTALENTES COLBY (IGUANA, CARAMELO),""2025-12-07 17:31:20"",""0.0"""
"[101374] PORTALENTES COLBY (IGUANA, NEGRO),""2025-12-07 17:31:20"",""0.0"""
"[101375] PORTALENTES COLBY (IGUANA, ROJO),""2025-12-07 17:31:20"",""0.0"""
"[101390] PORTALENTES LUZ (BRIDGE, TABACO),""2025-12-07 17:31:20"",""0.0"""
"[101393] PORTALENTES LUZ (IGUANA, AZUL),""2025-12-07 17:31:20"",""0.0"""
"[101394] PORTALENTES LUZ (IGUANA, CARAMELO),""2025-12-07 17:31:20"",""0.0"""
"[101395] PORTALENTES LUZ (IGUANA, NEGRO),""2025-12-07 17:31:20"",""0.0"""
"[101396] PORTALENTES LUZ (IGUANA, ROJO),""2025-12-07 17:31:20"",""0.0"""
"[101437] PORTALLAVES COLT (BRIDGE, NEGRO),""2025-12-07 17:31:20"",""0.0"""
"[101438] PORTALLAVES COLT (FIORENTINO, CEDRO),""2025-12-07 17:31:20"",""0.0"""
"[101441] PORTALLAVES RONAN (WHISKY),""2025-12-07 17:31:20"",""0.0"""
"[101421] PORTALENTES ORION (BRIDGE, CARAMELO),""2025-12-07 17:31:20"",""0.0"""
"[101425] PORTALENTES ORION (BRIDGE, TABACO),""2025-12-07 17:31:20"",""0.0"""
"[101426] PORTALENTES ORION (NAPADO, AZUL),""2025-12-07 17:31:20"",""0.0"""
"[101427] PORTALENTES ORION (NAPADO, MALBEC),""2025-12-07 17:31:20"",""0.0"""
"[101428] PORTALENTES ORION (NAPADO, NEGRO),""2025-12-07 17:31:20"",""0.0"""
"[101430] PORTALENTES ORION (NAPADO, SUELA),""2025-12-07 17:31:20"",""0.0"""
"[101443] PORTAPASAPORTE CHESTER (BRIDGE, CARAMELO),""2025-12-07 17:31:20"",""0.0"""
"[101445] PORTAPASAPORTE CHESTER (BRIDGE, NEGRO),""2025-12-07 17:31:20"",""0.0"""
"[101446] PORTAPASAPORTE CHESTER (BRIDGE, ROJO),""2025-12-07 17:31:20"",""0.0"""
"[101449] PORTAPASAPORTE CHESTER (FIORENTINO, CEDRO),""2025-12-07 17:31:20"",""0.0"""
"[101705] TARJETERO BILL (BRIDGE, CARAMELO),""2025-12-07 17:31:20"",""0.0"""
"[101706] TARJETERO BILL (BRIDGE, NEGRO),""2025-12-07 17:31:20"",""0.0"""
"[101707] TARJETERO BILL (BRIDGE, ROJO),""2025-12-07 17:31:20"",""0.0"""
"[100030] BANDOLERA CARLA (BRIDGE, NEGRO),""2025-12-07 17:31:20"",""0.0"""
"[100244] BOLSO LIHUEN (BRIDGE, CHOCOLATE),""2025-12-07 17:31:20"",""0.0"""
"[100246] BOLSO LIHUEN (BRIDGE, TABACO),""2025-12-07 17:31:20"",""0.0"""
"[101020] MEDIAS DE VESTIR 207 (AZUL MARINO),""2025-12-07 17:31:20"",""0.0"""
"[101021] MEDIAS DE VESTIR 207 (CHOCOLATE),""2025-12-07 17:31:20"",""0.0"""
"[101022] MEDIAS DE VESTIR 207 (NEGRO),""2025-12-07 17:31:20"",""0.0"""
"[101725] TARJETERO HARRY (BRIDGE, NEGRO),""2025-12-07 17:31:20"",""0.0"""
"[101749] TARJETERO JUAN (NAPADO, NEGRO),""2025-12-07 17:31:20"",""0.0"""
"[101785] TARJETERO RUBI (BRIDGE, NEGRO),""2025-12-07 17:31:20"",""0.0"""
"[101786] TARJETERO RUBI (BRIDGE, ROJO),""2025-12-07 17:31:20"",""0.0"""
"[101783] TARJETERO RUBI (BRIDGE, CARAMELO),""2025-12-07 17:31:20"",""0.0"""
"[100533] CARTERA LEANDRA (NAPADO, ROJO),""2025-12-07 17:31:20"",""0.0"""
"[100044] BANDOLERA LENA (NAPADO, NEGRO),""2025-12-07 17:31:20"",""0.0"""
"[100255] BOLSO TUBO GRANDE (FIORENTINO, CEDRO),""2025-12-07 17:31:20"",""0.0"""
"[100524] CARTERA JUSTINA (CARAMELO),""2025-12-07 17:31:20"",""0.0"""
"[100487] CARTERA BAULITO (IGUANA, NEGRO),""2025-12-07 17:31:20"",""0.0"""
"[100489] CARTERA BAULITO (IGUANA, VERDE),""2025-12-07 17:31:20"",""0.0"""
"[100563] CARTERA MINI APHOLO C/CIERRE (BRIDGE, CARAMELO),""2025-12-07 17:31:20"",""0.0"""
"[100565] CARTERA MINI APHOLO C/CIERRE (BRIDGE, NEGRO),""2025-12-07 17:31:20"",""0.0"""
"[100595] CARTERA YARA (BRIDGE, ROJO),""2025-12-07 17:31:20"",""0.0"""
"[100597] CARTERA YARA (IGUANA, CARAMELO),""2025-12-07 17:31:20"",""0.0"""
"[100598] CARTERA YARA (IGUANA, NEGRO),""2025-12-07 17:31:20"",""0.0"""
"[100594] CARTERA YARA (BRIDGE, NEGRO),""2025-12-07 17:31:20"",""0.0"""
"[101068] MOCHILA LIBRA (CARAMELO),""2025-12-07 17:31:20"",""0.0"""
"[101069] MOCHILA LIBRA (MALBEC),""2025-12-07 17:31:20"",""0.0"""
"[101070] MOCHILA LIBRA (NEGRO),""2025-12-07 17:31:20"",""0.0"""
"[101071] MOCHILA LIBRA (TABACO),""2025-12-07 17:31:20"",""0.0"""
"[100622] CHOMBA POLO NAOS (S, AZUL MARINO),""2025-12-07 17:31:20"",""0.0"""
"[100623] CHOMBA POLO NAOS (M, AZUL MARINO),""2025-12-07 17:31:20"",""0.0"""
"[100624] CHOMBA POLO NAOS (L, AZUL MARINO),""2025-12-07 17:31:20"",""0.0"""
"[100625] CHOMBA POLO NAOS (XL, AZUL MARINO),""2025-12-07 17:31:20"",""0.0"""
"[100626] CHOMBA POLO NAOS (2XL, AZUL MARINO),""2025-12-07 17:31:20"",""0.0"""
"[100627] CHOMBA POLO NAOS (3XL, AZUL MARINO),""2025-12-07 17:31:20"",""0.0"""
"[100628] CHOMBA POLO NAOS (S, BLANCO),""2025-12-07 17:31:20"",""0.0"""
"[100629] CHOMBA POLO NAOS (M, BLANCO),""2025-12-07 17:31:20"",""0.0"""
"[100630] CHOMBA POLO NAOS (L, BLANCO),""2025-12-07 17:31:20"",""0.0"""
"[100631] CHOMBA POLO NAOS (XL, BLANCO),""2025-12-07 17:31:20"",""0.0"""
"[100632] CHOMBA POLO NAOS (2XL, BLANCO),""2025-12-07 17:31:20"",""0.0"""
"[100633] CHOMBA POLO NAOS (3XL, BLANCO),""2025-12-07 17:31:20"",""0.0"""
"[100634] CHOMBA POLO NAOS (S, DENIM GASTADO),""2025-12-07 17:31:20"",""0.0"""
"[100635] CHOMBA POLO NAOS (M, DENIM GASTADO),""2025-12-07 17:31:20"",""0.0"""
"[100636] CHOMBA POLO NAOS (L, DENIM GASTADO),""2025-12-07 17:31:20"",""0.0"""
"[100637] CHOMBA POLO NAOS (XL, DENIM GASTADO),""2025-12-07 17:31:20"",""0.0"""
"[100638] CHOMBA POLO NAOS (2XL, DENIM GASTADO),""2025-12-07 17:31:20"",""0.0"""
"[100639] CHOMBA POLO NAOS (3XL, DENIM GASTADO),""2025-12-07 17:31:20"",""0.0"""
"[100640] CHOMBA POLO NAOS (S, NEGRO),""2025-12-07 17:31:20"",""0.0"""
"[100641] CHOMBA POLO NAOS (M, NEGRO),""2025-12-07 17:31:20"",""0.0"""
"[100642] CHOMBA POLO NAOS (L, NEGRO),""2025-12-07 17:31:20"",""0.0"""
"[100643] CHOMBA POLO NAOS (XL, NEGRO),""2025-12-07 17:31:20"",""0.0"""
"[100644] CHOMBA POLO NAOS (2XL, NEGRO),""2025-12-07 17:31:20"",""0.0"""
"[100645] CHOMBA POLO NAOS (3XL, NEGRO),""2025-12-07 17:31:20"",""0.0"""
"[100042] BANDOLERA LENA (NAPADO, CARAMELO),""2025-12-07 17:31:20"",""0.0"""
"[100029] BANDOLERA CARLA (BRIDGE, MALBEC),""2025-12-07 17:31:20"",""0.0"""
"[100653] CINTURON ESPIGA (90, NEGRO),""2025-12-07 17:31:20"",""0.0"""
"[100654] CINTURON ESPIGA (95, NEGRO),""2025-12-07 17:31:20"",""0.0"""
"[100658] CINTURON ESPIGA (115, NEGRO),""2025-12-07 17:31:20"",""0.0"""
"[100659] CINTURON ESPIGA (120, NEGRO),""2025-12-07 17:31:20"",""0.0"""
"[100660] CINTURON ESPIGA (85, SUELA),""2025-12-07 17:31:20"",""0.0"""
"[100665] CINTURON ESPIGA (115, SUELA),""2025-12-07 17:31:20"",""0.0"""
"[100666] CINTURON ESPIGA (120, SUELA),""2025-12-07 17:31:20"",""0.0"""
"[100702] CINTURON JAIRO (115, CHOCOLATE),""2025-12-07 17:31:20"",""0.0"""
"[100273] BOLSO URBANO (BRIDGE, CHOCOLATE),""2025-12-07 17:31:20"",""0.0"""
"[100274] BOLSO URBANO (BRIDGE, NEGRO),""2025-12-07 17:31:20"",""0.0"""
"[100276] BOLSO URBANO (DUNA, NEGRO),""2025-12-07 17:31:20"",""0.0"""
"[100277] BOLSO URBANO (NAPADO, NEGRO),""2025-12-07 17:31:20"",""0.0"""
"[100278] BOLSO URBANO (NAPADO, SUELA),""2025-12-07 17:31:20"",""0.0"""
"[100279] BOLSO URBANO FULL BLACK,""2025-12-07 17:31:20"",""0.0"""
"[100439] CARTERA AMARILLA SET SOBRE (BRIDGE, CHOCOLATE),""2025-12-07 17:31:20"",""0.0"""
"[100458] CARTERA AMARILLA SET SOBRE (MODENA, VERDE),""2025-12-07 17:31:20"",""0.0"""
"[100491] CARTERA BAULITO (TAMPONATO, NEGRO),""2025-12-07 17:31:20"",""0.0"""
"[100228] BILLETERA PENY (NAPADO, CARAMELO),""2025-12-07 17:31:20"",""0.0"""
"[101244] PHONEBAG TANIA (BRIDGE, TABACO),""2025-12-07 17:31:20"",""0.0"""
"[100496] CARTERA CHALTEN (BRIDGE, MALBEC),""2025-12-07 17:31:20"",""0.0"""
"[100497] CARTERA CHALTEN (BRIDGE, NEGRO),""2025-12-07 17:31:20"",""0.0"""
"[101576] RIÑONERA EVAN FULL BLACK CHICA,""2025-12-07 17:31:20"",""0.0"""
"[101557] RIÑONERA CRUZ L (BRIDGE, CARAMELO),""2025-12-07 17:31:20"",""0.0"""
"[101559] RIÑONERA CRUZ L (BRIDGE, NEGRO),""2025-12-07 17:31:20"",""0.0"""
"[101560] RIÑONERA CRUZ L (BRIDGE, TABACO),""2025-12-07 17:31:20"",""0.0"""
"[101255] PHONEBAG TAURUS (NEGRO),""2025-12-07 17:31:20"",""0.0"""
"[101355] PORTALAPTOP LES (BRIDGE, TABACO),""2025-12-07 17:31:20"",""0.0"""
"[100440] CARTERA AMARILLA SET SOBRE (BRIDGE, MALBEC),""2025-12-07 17:31:20"",""0.0"""
"[100453] CARTERA AMARILLA SET SOBRE (IGUANA, CARAMELO),""2025-12-07 17:31:20"",""0.0"""
"[100454] CARTERA AMARILLA SET SOBRE (IGUANA, NEGRO),""2025-12-07 17:31:20"",""0.0"""
"[100455] CARTERA AMARILLA SET SOBRE (IGUANA, ROJO),""2025-12-07 17:31:20"",""0.0"""
"[100441] CARTERA AMARILLA SET SOBRE (BRIDGE, NEGRO),""2025-12-07 17:31:20"",""0.0"""
"[100525] CARTERA JUSTINA (NEGRO),""2025-12-07 17:31:20"",""0.0"""
"[101172] MORRAL BERLIN (NEGRO),""2025-12-07 17:31:20"",""0.0"""
"[101183] MORRAL LUCAS (CARAMELO),""2025-12-07 17:31:20"",""0.0"""
"[101184] MORRAL LUCAS (NEGRO),""2025-12-07 17:31:20"",""0.0"""
"[101185] MORRAL LUCAS (TABACO),""2025-12-07 17:31:20"",""0.0"""
"[100096] BANDOLERA RUFINA (DUNA, NEGRO),""2025-12-07 17:31:20"",""0.0"""
"[100155] BILLETERA COPAHUE (NAPADO, AZUL),""2025-12-07 17:31:20"",""0.0"""
"[100157] BILLETERA COPAHUE (NAPADO, NEGRO),""2025-12-07 17:31:20"",""0.0"""
"[100158] BILLETERA COPAHUE (NAPADO, ROJO),""2025-12-07 17:31:20"",""0.0"""
"[100159] BILLETERA COPAHUE (NAPADO, SUELA),""2025-12-07 17:31:20"",""0.0"""
"[101007] LLAVERO MIRLO (VERDE),""2025-12-07 17:31:20"",""0.0"""
"[100797] CINTURON TOKIO (110),""2025-12-07 17:31:20"",""0.0"""
"[100798] CINTURON TOKIO (13),""2025-12-07 17:31:20"",""0.0"""
"[100089] BANDOLERA NOE (NAPA LOLA SOFT, HAVANA),""2025-12-07 17:31:20"",""0.0"""
"[100561] CARTERA LONDRES (BRIDGE, TABACO),""2025-12-07 17:31:20"",""0.0"""
"[100559] CARTERA LONDRES (BRIDGE, NEGRO),""2025-12-07 17:31:20"",""0.0"""
"[101166] MORRAL ANGOSTO (BRIDGE, NEGRO),""2025-12-07 17:31:20"",""0.0"""
"[101168] MORRAL ANGOSTO (GAMUZA, CAFE/TABACO),""2025-12-07 17:31:20"",""0.0"""
"[101188] MORRAL OLDIE (BRIDGE, NEGRO),""2025-12-07 17:31:20"",""0.0"""
"[101343] PORTALAPTOP ELOY (FIORENTINO, NEGRO),""2025-12-07 17:31:20"",""0.0"""
"[101361] PORTALAPTOP MILTON (BRIDGE, NEGRO),""2025-12-07 17:31:20"",""0.0"""
"[101362] PORTALAPTOP MILTON (BRIDGE, TABACO),""2025-12-07 17:31:20"",""0.0"""
"[100014] BANDOLERA ANTONIETA (NAPADO, AZUL),""2025-12-07 17:31:20"",""0.0"""
"[100015] BANDOLERA ANTONIETA (NAPADO, CARAMELO),""2025-12-07 17:31:20"",""0.0"""
"[100016] BANDOLERA ANTONIETA (NAPADO, MALBEC),""2025-12-07 17:31:20"",""0.0"""
"[100017] BANDOLERA ANTONIETA (NAPADO, NEGRO),""2025-12-07 17:31:20"",""0.0"""
"[100018] BANDOLERA ANTONIETA (NAPADO, ROJO),""2025-12-07 17:31:20"",""0.0"""
"[101860] ZAPATILLA URBANA (39, SUELA),""2025-12-07 17:31:20"",""0.0"""
"[101861] ZAPATILLA URBANA (40, SUELA),""2025-12-07 17:31:20"",""0.0"""
"[101862] ZAPATILLA URBANA (41, SUELA),""2025-12-07 17:31:20"",""0.0"""
"[101863] ZAPATILLA URBANA (42, SUELA),""2025-12-07 17:31:20"",""0.0"""
"[101864] ZAPATILLA URBANA (43, SUELA),""2025-12-07 17:31:20"",""0.0"""
"[101865] ZAPATILLA URBANA (44, SUELA),""2025-12-07 17:31:20"",""0.0"""
"[101866] ZAPATILLA URBANA (45, SUELA),""2025-12-07 17:31:20"",""0.0"""
"[101853] ZAPATILLA URBANA (39, NEGRO),""2025-12-07 17:31:20"",""0.0"""
"[101854] ZAPATILLA URBANA (40, NEGRO),""2025-12-07 17:31:20"",""0.0"""
"[101855] ZAPATILLA URBANA (41, NEGRO),""2025-12-07 17:31:20"",""0.0"""
"[101856] ZAPATILLA URBANA (42, NEGRO),""2025-12-07 17:31:20"",""0.0"""
"[101857] ZAPATILLA URBANA (43, NEGRO),""2025-12-07 17:31:20"",""0.0"""
"[101858] ZAPATILLA URBANA (44, NEGRO),""2025-12-07 17:31:20"",""0.0"""
"[101859] ZAPATILLA URBANA (45, NEGRO),""2025-12-07 17:31:20"",""0.0"""
"[101846] ZAPATILLA URBANA (39, BORGOÑA),""2025-12-07 17:31:20"",""0.0"""
"[101847] ZAPATILLA URBANA (40, BORGOÑA),""2025-12-07 17:31:20"",""0.0"""
"[101849] ZAPATILLA URBANA (42, BORGOÑA),""2025-12-07 17:31:20"",""0.0"""
"[101850] ZAPATILLA URBANA (43, BORGOÑA),""2025-12-07 17:31:20"",""0.0"""
"[101851] ZAPATILLA URBANA (44, BORGOÑA),""2025-12-07 17:31:20"",""0.0"""
"[101852] ZAPATILLA URBANA (45, BORGOÑA),""2025-12-07 17:31:20"",""0.0"""
"[101512] REMERA AMADEO (S, CHARCOAL),""2025-12-07 17:31:20"",""0.0"""
"[101516] REMERA AMADEO (2XL, CHARCOAL),""2025-12-07 17:31:20"",""0.0"""
"[101517] REMERA AMADEO (S, NEGRO),""2025-12-07 17:31:20"",""0.0"""
"[101518] REMERA AMADEO (M, NEGRO),""2025-12-07 17:31:20"",""0.0"""
"[101519] REMERA AMADEO (L, NEGRO),""2025-12-07 17:31:20"",""0.0"""
"[101520] REMERA AMADEO (XL, NEGRO),""2025-12-07 17:31:20"",""0.0"""
"[101521] REMERA AMADEO (2XL, NEGRO),""2025-12-07 17:31:20"",""0.0"""
"[101507] REMERA AMADEO (S, BLANCO),""2025-12-07 17:31:20"",""0.0"""
"[101508] REMERA AMADEO (M, BLANCO),""2025-12-07 17:31:20"",""0.0"""
"[101510] REMERA AMADEO (XL, BLANCO),""2025-12-07 17:31:20"",""0.0"""
"[101509] REMERA AMADEO (L, BLANCO),""2025-12-07 17:31:20"",""0.0"""
"[101511] REMERA AMADEO (2XL, BLANCO),""2025-12-07 17:31:20"",""0.0"""
"[101513] REMERA AMADEO (M, CHARCOAL),""2025-12-07 17:31:20"",""0.0"""
"[101514] REMERA AMADEO (L, CHARCOAL),""2025-12-07 17:31:20"",""0.0"""
"[101515] REMERA AMADEO (XL, CHARCOAL),""2025-12-07 17:31:20"",""0.0"""
"[100329] CAMISA CUADRITOS (38),""2025-12-07 17:31:20"",""0.0"""
"[100330] CAMISA CUADRITOS (40),""2025-12-07 17:31:20"",""0.0"""
"[100331] CAMISA CUADRITOS (42),""2025-12-07 17:31:20"",""0.0"""
"[100352] CAMISA LISA LINO (42, CASCARILLA),""2025-12-07 17:31:20"",""0.0"""
"[100363] CAMISA MULTIRAYAS (42),""2025-12-07 17:31:20"",""0.0"""
"[100365] CAMISA RAYADA (40),""2025-12-07 17:31:20"",""0.0"""
"[100373] CAMISA RENZO (M),""2025-12-07 17:31:20"",""0.0"""
"[100374] CAMISA RENZO (L),""2025-12-07 17:31:20"",""0.0"""
"[100375] CAMISA RENZO (XL),""2025-12-07 17:31:20"",""0.0"""
"[100378] CAMISA TRAMA (40),""2025-12-07 17:31:20"",""0.0"""
"[100379] CAMISA TRAMA (42),""2025-12-07 17:31:20"",""0.0"""
"[100479] CARTERA BAULITO (BRIDGE, NEGRO),""2025-12-07 17:31:20"",""0.0"""
"[101352] PORTALAPTOP LES (BRIDGE, CHOCOLATE),""2025-12-07 17:31:20"",""0.0"""
"[100355] CAMISA LISA LINO (40, CELESTE),""2025-12-07 17:31:20"",""0.0"""
"[100351] CAMISA LISA LINO (40, CASCARILLA),""2025-12-07 17:31:20"",""0.0"""
"[100135] BILLETERA ARLO (BRIDGE, CARAMELO),""2025-12-07 17:31:20"",""0.0"""
"[100136] BILLETERA ARLO (BRIDGE, CHOCOLATE),""2025-12-07 17:31:20"",""0.0"""
"[100137] BILLETERA ARLO (BRIDGE, NEGRO),""2025-12-07 17:31:20"",""0.0"""
"[100138] BILLETERA ARLO (BRIDGE, TABACO),""2025-12-07 17:31:20"",""0.0"""
"[100139] BILLETERA ARLO (NAPADO, AZUL),""2025-12-07 17:31:20"",""0.0"""
"[101726] TARJETERO HARRY (BRIDGE, ROJO),""2025-12-07 17:31:20"",""0.0"""
"[100664] CINTURON ESPIGA (110, SUELA),""2025-12-07 17:31:20"",""0.0"""
"[101305] PORTAFOLIO OLDIE (BRIDGE, NEGRO),""2025-12-07 17:31:20"",""0.0"""
"[101522] REMERA AMADEO (S, VERDE),""2025-12-07 17:31:20"",""0.0"""
"[101524] REMERA AMADEO (L, VERDE),""2025-12-07 17:31:20"",""0.0"""
"[101526] REMERA AMADEO (2XL, VERDE),""2025-12-07 17:31:20"",""0.0"""
"[100335] CAMISA LISA ALGODON (38, AMARILLO),""2025-12-07 17:31:20"",""0.0"""
"[100339] CAMISA LISA ALGODON (46, AMARILLO),""2025-12-07 17:31:20"",""0.0"""
"[100340] CAMISA LISA ALGODON (38, BEIGE),""2025-12-07 17:31:20"",""0.0"""
"[100367] CAMISA RAYITAS (38),""2025-12-07 17:31:20"",""0.0"""
"[100371] CAMISA RAYITAS (46),""2025-12-07 17:31:20"",""0.0"""
"[101044] MOCASIN FANGIO (43, NEGRO),""2025-12-07 17:31:20"",""0.0"""
"[101046] MOCASIN FANGIO (45, NEGRO),""2025-12-07 17:31:20"",""0.0"""
"[101814] TOTE IRUYA (NAPADO, NEGRO),""2025-12-07 17:31:20"",""0.0"""
"BANDOLERA NOE (TOLEDO, CLAY),""2025-12-07 17:31:20"",""0.0"""
"[100095] BANDOLERA NOE (TOLEDO, HAVANA),""2025-12-07 17:31:20"",""0.0"""
"[100336] CAMISA LISA ALGODON (40, AMARILLO),""2025-12-07 17:31:20"",""0.0"""
"[100337] CAMISA LISA ALGODON (42, AMARILLO),""2025-12-07 17:31:20"",""0.0"""
"[100338] CAMISA LISA ALGODON (44, AMARILLO),""2025-12-07 17:31:20"",""0.0"""
"[100341] CAMISA LISA ALGODON (40, BEIGE),""2025-12-07 17:31:20"",""0.0"""
"[100342] CAMISA LISA ALGODON (42, BEIGE),""2025-12-07 17:31:20"",""0.0"""
"[100347] CAMISA LISA LINO (42, BEIGE),""2025-12-07 17:31:20"",""0.0"""
"[100358] CAMISA LISA LINO (42, LILA),""2025-12-07 17:31:20"",""0.0"""
"[101813] TOTE IRUYA (NAPADO, MALBEC),""2025-12-07 17:31:20"",""0.0"""
"[101030] MEDIAS MEDIA CAÑA CORTAS (AZUL MARINO),""2025-12-07 17:31:20"",""0.0"""
"[101033] MEDIAS MEDIA CAÑA CORTAS (GRIS MELANGE 75),""2025-12-07 17:31:20"",""0.0"""
"[101031] MEDIAS MEDIA CAÑA CORTAS (BLANCO),""2025-12-07 17:31:20"",""0.0"""
"[101032] MEDIAS MEDIA CAÑA CORTAS (GRIS MELANGE 25),""2025-12-07 17:31:20"",""0.0"""
"[101034] MEDIAS MEDIA CAÑA CORTAS (NEGRO),""2025-12-07 17:31:20"",""0.0"""
"[101036] MEDIAS MEDIA CAÑA FANTASIA (MULTIRAYAS, NEGRO/GRIS MELANGE),""2025-12-07 17:31:20"",""0.0"""
"[101035] MEDIAS MEDIA CAÑA FANTASIA (MULTIRAYAS, GRIS OSCURO/GRIS CLARO),""2025-12-07 17:31:20"",""0.0"""
"[101038] MEDIAS MEDIA CAÑA FANTASIA (ROMBOS, NEGRO/ROJO),""2025-12-07 17:31:20"",""0.0"""
"[101037] MEDIAS MEDIA CAÑA FANTASIA (ROMBOS, CRUDO/CELESTE),""2025-12-07 17:31:20"",""0.0"""
"[101040] MEDIAS MEDIA CAÑA FANTASIA (ROMBOS CHICOS, GRIS OSCURO/GRIS CLARO),""2025-12-07 17:31:20"",""0.0"""
"[101039] MEDIAS MEDIA CAÑA FANTASIA (ROMBOS CHICOS, GRIS CLARO/GRIS OSCURO),""2025-12-07 17:31:20"",""0.0"""
"[100160] BILLETERA COPAHUE (NAPADO, VERDE),""2025-12-07 17:31:20"",""0.0"""
"[101804] TOTE CACHI  (DUNA, NEGRO),""2025-12-07 17:31:20"",""0.0"""
"[101807] TOTE CACHI  (NAPADO, CARAMELO),""2025-12-07 17:31:20"",""0.0"""
"[101809] TOTE CACHI  (NAPADO, SUELA),""2025-12-07 17:31:20"",""0.0"""
"[101110] MOCHILA TECH 210512,""2025-12-07 17:31:20"",""0.0"""
"[101111] MOCHILA TECH 21066,""2025-12-07 17:31:20"",""0.0"""
"[101112] MOCHILA TECH 21076,""2025-12-07 17:31:20"",""0.0"""
"[101115] MOCHILA TECH 2551 (NEGRO),""2025-12-07 17:31:20"",""0.0"""
"[101114] MOCHILA TECH 2551 (GRIS MEDIO),""2025-12-07 17:31:20"",""0.0"""
"[101116] MOCHILA TECH 40998,""2025-12-07 17:31:20"",""0.0"""
"[100967] LLAVERO COMBINADO (TABACO),""2025-12-07 17:31:20"",""0.0"""
"[100966] LLAVERO COMBINADO (CARAMELO),""2025-12-07 17:31:20"",""0.0"""
"[101818] TOTE IRUYA (PELO, HOLANDO),""2025-12-07 17:31:20"",""0.0"""
"[101216] NECESSAIRE LANIN FULL BLACK,""2025-12-07 17:31:20"",""0.0"""
"[101406] PORTALENTES LUZ BIFAZ (AZUL),""2025-12-07 17:31:20"",""0.0"""
"[101825] TOTE TILCARA (LONDON),""2025-12-07 17:31:20"",""0.0"""
"[100501] CARTERA CHALTEN (MODENA, VERDE),""2025-12-07 17:31:20"",""0.0"""
"[100521] CARTERA INES (BRIDGE, NEGRO),""2025-12-07 17:31:20"",""0.0"""
"[100519] CARTERA INES (BRIDGE, CARAMELO),""2025-12-07 17:31:20"",""0.0"""
"[101407] PORTALENTES LUZ BIFAZ (VERDE),""2025-12-07 17:31:20"",""0.0"""
"[100759] CINTURON PAO (NEGRO),""2025-12-07 17:31:20"",""0.0"""
"[100761] CINTURON PAO COMBINADO (NEGRO),""2025-12-07 17:31:20"",""0.0"""
"[100762] CINTURON PAO COMBINADO (SUELA),""2025-12-07 17:31:20"",""0.0"""
"[101730] TARJETERO HARRY (NAPADO, AZUL),""2025-12-07 17:31:20"",""0.0"""
"[103255] PRODUCTO OUTLET 69990,""2025-12-07 17:31:20"",""0.0"""
"[103257] PRODUCTO OUTLET 89990,""2025-12-07 17:31:20"",""0.0"""
"[103252] PRODUCTO OUTLET 54990,""2025-12-07 17:31:20"",""0.0"""
"[103250] PRODUCTO OUTLET 44990,""2025-12-07 17:31:20"",""0.0"""
"[103251] PRODUCTO OUTLET 49990,""2025-12-07 17:31:20"",""0.0"""
"[103245] PRODUCTO OUTLET 19990,""2025-12-07 17:31:20"",""0.0"""
"[103242] PRODUCTO OUTLET 8990,""2025-12-07 17:31:20"",""0.0"""
"[103246] PRODUCTO OUTLET 24990,""2025-12-07 17:31:20"",""0.0"""
"[103258] PRODUCTO OUTLET 99990,""2025-12-07 17:31:20"",""0.0"""
"[100133] BILLETERA ADAM (NAPADO, SUELA),""2025-12-07 17:31:20"",""0.0"""
"[100043] BANDOLERA LENA (NAPADO, MALBEC),""2025-12-07 17:31:20"",""0.0"""
"[103235] PRODUCTO OUTLET 1990,""2025-12-07 17:31:20"",""0.0"""
"[103238] PRODUCTO OUTLET 4990,""2025-12-07 17:31:20"",""0.0"""
"[103237] PRODUCTO OUTLET 3990,""2025-12-07 17:31:20"",""0.0"""
"[103241] PRODUCTO OUTLET 7990,""2025-12-07 17:31:20"",""0.0"""
"[103256] PRODUCTO OUTLET 79990,""2025-12-07 17:31:20"",""0.0"""
"[100217] BILLETERA OSADIA (BRIDGE, ROJO),""2025-12-07 17:31:20"",""0.0"""
"[103263] PRODUCTO OUTLET 299990,""2025-12-07 17:31:20"",""0.0"""
"[103165] MOCHILA LIBRA (CHOCOLATE),""2025-12-07 17:31:20"",""0.0"""
"[103166] TOTE IRUYA (BRIDGE, LONDON),""2025-12-07 17:31:20"",""0.0"""
"[103157] ZAPATILLA URBANA (45, TABACO),""2025-12-07 17:31:20"",""0.0"""
"[100035] BANDOLERA CARLA (PELO, HOLANDO),""2025-12-07 17:31:20"",""0.0"""
"[101660] SOMBRERO FELA,""2025-12-07 17:31:20"",""0.0"""
"[101661] SOMBRERO GIA,""2025-12-07 17:31:20"",""0.0"""
"[101662] SOMBRERO HENY,""2025-12-07 17:31:20"",""0.0"""
"[101663] SOMBRERO NINI,""2025-12-07 17:31:20"",""0.0"""
"[101664] SOMBRERO YULA,""2025-12-07 17:31:20"",""0.0"""
"[100222] BILLETERA OSADIA (NAPADO, NEGRO),""2025-12-07 17:31:20"",""0.0"""
"[101378] PORTALENTES COLBY (VINTAGE, MEDIO),""2025-12-07 17:31:20"",""0.0"""
"[103262] PRODUCTO OUTLET 249990,""2025-12-07 17:31:20"",""0.0"""
"[103247] PRODUCTO OUTLET 29990,""2025-12-07 17:31:20"",""0.0"""
"[103248] PRODUCTO OUTLET 34990,""2025-12-07 17:31:20"",""0.0"""
"[103244] PRODUCTO OUTLET 14990,""2025-12-07 17:31:20"",""0.0"""
"[100556] NECESSAIRE LANIN (BRIDGE, CHOCOLATE),""2025-12-07 17:31:20"",""0.0"""
"[103260] PRODUCTO OUTLET 159990,""2025-12-07 17:31:20"",""0.0"""
"[100034] BANDOLERA CARLA (PELO, HEREFORD),""2025-12-07 17:31:20"",""0.0"""
"[103259] PRODUCTO OUTLET 129990,""2025-12-07 17:31:20"",""0.0"""
"[103261] PRODUCTO OUTLET 199990,""2025-12-07 17:31:20"",""0.0"""
"[103236] PRODUCTO OUTLET 2990,""2025-12-07 17:31:20"",""0.0"""
"[103239] PRODUCTO OUTLET 5990,""2025-12-07 17:31:20"",""0.0"""
"[103253] PRODUCTO OUTLET 59990,""2025-12-07 17:31:20"",""0.0"""
"[103254] PRODUCTO OUTLET 64990,""2025-12-07 17:31:20"",""0.0"""
"[103234] PRODUCTO OUTLET 990,""2025-12-07 17:31:20"",""0.0"""
"[103243] PRODUCTO OUTLET 9990,""2025-12-07 17:31:20"",""0.0"""
"[100466] CARTERA AMARILLA SET SOBRE BIFAZ (NEGRO/SUELA),""2025-12-07 17:31:20"",""0.0"""
"[100465] CARTERA AMARILLA SET SOBRE BIFAZ (AZUL/SUELA),""2025-12-07 17:31:20"",""0.0"""
"[100467] CARTERA AMARILLA SET SOBRE BIFAZ (VERDE/SUELA),""2025-12-07 17:31:20"",""0.0"""
"[100599] CARTERA YARA (MODENA, VERDE),""2025-12-07 17:31:20"",""0.0"""
"[101360] PORTALAPTOP MILTON (BRIDGE, MALBEC),""2025-12-07 17:31:20"",""0.0"""
"[101868] ZAPATILLA URBANA (40, TABACO),""2025-12-07 17:31:20"",""0.0"""
"[101872] ZAPATILLA URBANA (44, TABACO),""2025-12-07 17:31:20"",""0.0"""
"[100588] CARTERA KALI (GRIS MEDIO),""2025-12-07 17:31:20"",""0.0"""
"[100531] CARTERA LEANDRA (NAPADO, MALBEC),""2025-12-07 17:31:20"",""0.0"""
"[103264] PRODUCTO OUTLET 349990,""2025-12-07 17:31:20"",""0.0"""
"[100887] GUANTE BASICO DAMA (VISON),""2025-12-07 21:33:25"",""0.0"""
"[101833] ZAPATILLA MATEO (41, BORGOÑA),""2025-12-08 19:27:01"",""0.0"""
"[103217] ZAPATILLA MATEO (42, BORGOÑA),""2025-12-08 19:27:01"",""0.0"""
"[101854] ZAPATILLA URBANA (40, NEGRO),""2025-12-08 19:27:01"",""0.0"""
"[101856] ZAPATILLA URBANA (42, NEGRO),""2025-12-08 19:27:01"",""0.0"""
"[101857] ZAPATILLA URBANA (43, NEGRO),""2025-12-08 19:27:01"",""0.0"""
"[101858] ZAPATILLA URBANA (44, NEGRO),""2025-12-08 19:27:01"",""0.0"""
"[101861] ZAPATILLA URBANA (40, SUELA),""2025-12-08 19:27:01"",""0.0"""
"[101862] ZAPATILLA URBANA (41, SUELA),""2025-12-08 19:27:01"",""0.0"""
"[101863] ZAPATILLA URBANA (42, SUELA),""2025-12-08 19:27:01"",""0.0"""
"[101864] ZAPATILLA URBANA (43, SUELA),""2025-12-08 19:27:01"",""0.0"""
"[101865] ZAPATILLA URBANA (44, SUELA),""2025-12-08 19:27:01"",""0.0"""
"[103218] ZAPATILLA MATEO (43, BORGOÑA),""2025-12-08 19:27:01"",""0.0"""
"[100506] CARTERA DOS HEBILLAS NEW (GAMUZA, AZUL/TABACO),""2025-12-08 19:27:01"",""0.0"""
"[101507] REMERA AMADEO (S, BLANCO),""2025-12-08 19:27:01"",""0.0"""
"[101508] REMERA AMADEO (M, BLANCO),""2025-12-08 19:27:01"",""0.0"""
"[101509] REMERA AMADEO (L, BLANCO),""2025-12-08 19:27:01"",""0.0"""
"[101510] REMERA AMADEO (XL, BLANCO),""2025-12-08 19:27:01"",""0.0"""
"[101511] REMERA AMADEO (2XL, BLANCO),""2025-12-08 19:27:01"",""0.0"""
"[101517] REMERA AMADEO (S, NEGRO),""2025-12-08 19:27:01"",""0.0"""
"[101518] REMERA AMADEO (M, NEGRO),""2025-12-08 19:27:01"",""0.0"""
"[101519] REMERA AMADEO (L, NEGRO),""2025-12-08 19:27:01"",""0.0"""
"[101520] REMERA AMADEO (XL, NEGRO),""2025-12-08 19:27:01"",""0.0"""
"[101521] REMERA AMADEO (2XL, NEGRO),""2025-12-08 19:27:01"",""0.0"""
"[101512] REMERA AMADEO (S, CHARCOAL),""2025-12-08 19:27:01"",""0.0"""
"[101513] REMERA AMADEO (M, CHARCOAL),""2025-12-08 19:27:01"",""0.0"""
"[101514] REMERA AMADEO (L, CHARCOAL),""2025-12-08 19:27:01"",""0.0"""
"[101515] REMERA AMADEO (XL, CHARCOAL),""2025-12-08 19:27:01"",""0.0"""
"[101516] REMERA AMADEO (2XL, CHARCOAL),""2025-12-08 19:27:01"",""0.0"""
"[101527] REMERA DANA (XS, BLANCO),""2025-12-08 19:27:01"",""0.0"""
"[101025] MEDIAS MEDIA CAÑA (BEIGE),""2025-12-08 19:27:01"",""0.0"""
"[101026] MEDIAS MEDIA CAÑA (BLANCO),""2025-12-08 19:27:01"",""0.0"""
"[101028] MEDIAS MEDIA CAÑA (NEGRO),""2025-12-08 19:27:01"",""0.0"""
"[101027] MEDIAS MEDIA CAÑA (GRIS),""2025-12-08 19:27:01"",""0.0"""
"[101029] MEDIAS MEDIA CAÑA (VISON),""2025-12-08 19:27:01"",""0.0"""
"[101020] MEDIAS DE VESTIR 207 (AZUL MARINO),""2025-12-08 19:27:01"",""0.0"""
"[101021] MEDIAS DE VESTIR 207 (CHOCOLATE),""2025-12-08 19:27:01"",""0.0"""
"[101022] MEDIAS DE VESTIR 207 (NEGRO),""2025-12-08 19:27:01"",""0.0"""
"[101023] MEDIAS DE VESTIR 472 (1 (38-41)),""2025-12-08 19:27:01"",""0.0"""
"[101024] MEDIAS DE VESTIR 472 (2 (42-45)),""2025-12-08 19:27:01"",""0.0"""
"[100270] BOLSO TUBO GRANDE (PELO, MARRON),""2025-12-08 19:27:01"",""0.0"""
"[100271] BOLSO TUBO GRANDE (PELO, MARRON ROJIZO),""2025-12-08 19:27:01"",""0.0"""
"[101031] MEDIAS MEDIA CAÑA CORTAS (BLANCO),""2025-12-08 19:27:01"",""0.0"""
"[101034] MEDIAS MEDIA CAÑA CORTAS (NEGRO),""2025-12-08 19:27:01"",""0.0"""
"[101030] MEDIAS MEDIA CAÑA CORTAS (AZUL MARINO),""2025-12-08 19:27:01"",""0.0"""
"[101033] MEDIAS MEDIA CAÑA CORTAS (GRIS MELANGE 75),""2025-12-08 19:27:01"",""0.0"""
"[101032] MEDIAS MEDIA CAÑA CORTAS (GRIS MELANGE 25),""2025-12-08 19:27:01"",""0.0"""
"[100600] CARTUCHERA MONT (BRIDGE, AZUL),""2025-12-08 19:27:01"",""0.0"""
"[100601] CARTUCHERA MONT (BRIDGE, CARAMELO),""2025-12-08 19:27:01"",""0.0"""
"[100603] CARTUCHERA MONT (BRIDGE, NEGRO),""2025-12-08 19:27:01"",""0.0"""
"[100605] CARTUCHERA MONT (BRIDGE, TABACO),""2025-12-08 19:27:01"",""0.0"""
"[100832] FUNDA DE CUADERNO A4 (FIORENTINO, NEGRO),""2025-12-08 19:27:01"",""0.0"""
"[100837] FUNDA DE CUADERNO A6 (FIORENTINO, NEGRO),""2025-12-08 19:27:01"",""0.0"""
"[101266] PORTACABLES  (1) (FIORENTINO, CEDRO),""2025-12-08 19:27:01"",""0.0"""
"[101267] PORTACABLES  (1) (MODENA, NEGRO),""2025-12-08 19:27:01"",""0.0"""
"[101268] PORTACABLES  (1) (VAQUETA, CHOCOLATE),""2025-12-08 19:27:01"",""0.0"""
"[101269] PORTACABLES  (1) (VAQUETA, DULCE DE LECHE),""2025-12-08 19:27:01"",""0.0"""
"[101270] PORTACABLES  (1) (VAQUETA, NATURAL),""2025-12-08 19:27:01"",""0.0"""
"[101272] PORTACABLES (2) (FIORENTINO, CEDRO),""2025-12-08 19:27:01"",""0.0"""
"[101273] PORTACABLES (2) (MODENA, NEGRO),""2025-12-08 19:27:01"",""0.0"""
"[101274] PORTACABLES (2) (VAQUETA, CHOCOLATE),""2025-12-08 19:27:01"",""0.0"""
"[101275] PORTACABLES (2) (VAQUETA, DULCE DE LECHE),""2025-12-08 19:27:01"",""0.0"""
"[101277] PORTACABLES (2) (VAQUETA, NEGRO),""2025-12-08 19:27:01"",""0.0"""
"[101278] PORTACABLES (2) (VAQUETA, SUELA),""2025-12-08 19:27:01"",""0.0"""
"[101336] PORTALAPICERAS (FIORENTINO, CEDRO),""2025-12-08 19:27:01"",""0.0"""
"[101337] PORTALAPICERAS (VAQUETA, CHOCOLATE),""2025-12-08 19:27:01"",""0.0"""
"[101486] PORTAVINO CAFAYATE (VAQUETA, SUELA),""2025-12-08 19:27:01"",""0.0"""
"[101487] PORTAVINO RIOJA (VAQUETA, NATURAL),""2025-12-08 19:27:01"",""0.0"""
"[101522] REMERA AMADEO (S, VERDE),""2025-12-08 19:27:01"",""0.0"""
"[101193] MOUSEPAD (BRIDGE, NEGRO),""2025-12-08 19:27:01"",""0.0"""
"[101195] MOUSEPAD (BRIDGE, TABACO),""2025-12-08 19:27:01"",""0.0"""
"[101197] MOUSEPAD (NAPADO, NEGRO),""2025-12-08 19:27:01"",""0.0"""
"[101199] MOUSEPAD (NAPADO, SUELA),""2025-12-08 19:27:01"",""0.0"""
"[101200] MOUSEPAD (NAPADO, TABACO),""2025-12-08 19:27:01"",""0.0"""
"[100516] CARTERA HARPER (GAMUZA, AZUL/TABACO),""2025-12-08 19:27:01"",""0.0"""
"[100518] CARTERA HARPER (GAMUZA, VESUBIO/TABACO),""2025-12-08 19:27:01"",""0.0"""
"[100269] BOLSO TUBO GRANDE (PELO, HOLANDO/NEGRO),""2025-12-08 19:27:01"",""0.0"""
"[100448] CARTERA AMARILLA SET SOBRE (GAMUZA, AVELLANA/TABACO),""2025-12-08 19:27:01"",""0.0"""
"[100451] CARTERA AMARILLA SET SOBRE (GAMUZA, VESUBIO/TABACO),""2025-12-08 19:27:01"",""0.0"""
"[101335] PORTALAPICERAS (BRIDGE, ROJO),""2025-12-08 19:27:01"",""0.0"""
"[101332] PORTALAPICERAS (BRIDGE, CHOCOLATE),""2025-12-08 19:27:01"",""0.0"""
"[101331] PORTALAPICERAS (BRIDGE, CARAMELO),""2025-12-08 19:27:01"",""0.0"""
"[101334] PORTALAPICERAS (BRIDGE, NEGRO),""2025-12-08 19:27:01"",""0.0"""
"[101196] MOUSEPAD (NAPADO, CARAMELO),""2025-12-08 19:27:01"",""0.0"""
"[101192] MOUSEPAD (BRIDGE, CARAMELO),""2025-12-08 19:27:01"",""0.0"""
"[101194] MOUSEPAD (BRIDGE, ROJO),""2025-12-08 19:27:01"",""0.0"""
"[101636] SEÑALADOR (SUELA),""2025-12-08 19:27:01"",""0.0"""
"[101637] SEÑALADOR (VISON),""2025-12-08 19:27:01"",""0.0"""
"[101634] SEÑALADOR (CHOCOLATE),""2025-12-08 19:27:01"",""0.0"""
"[101635] SEÑALADOR (NATURAL),""2025-12-08 19:27:01"",""0.0"""
"[101282] PORTACABLES (3) (FIORENTINO, CEDRO),""2025-12-08 19:27:01"",""0.0"""
"[101488] PORTAVINO RIOJA (VAQUETA, SUELA),""2025-12-08 19:27:01"",""0.0"""
"[101485] PORTAVINO CAFAYATE (VAQUETA, NATURAL),""2025-12-08 19:27:01"",""0.0"""
"[101495] PORTAVINO TUNUYAN (AZUL/TABACO),""2025-12-08 19:27:01"",""0.0"""
"[101497] PORTAVINO TUNUYAN (VESUBIO/TABACO),""2025-12-08 19:27:01"",""0.0"""
"[100627] CHOMBA POLO NAOS (3XL, AZUL MARINO),""2025-12-08 19:27:01"",""0.0"""
"[100630] CHOMBA POLO NAOS (L, BLANCO),""2025-12-08 19:27:01"",""0.0"""
"[100628] CHOMBA POLO NAOS (S, BLANCO),""2025-12-08 19:27:01"",""0.0"""
"[100632] CHOMBA POLO NAOS (2XL, BLANCO),""2025-12-08 19:27:01"",""0.0"""
"[100631] CHOMBA POLO NAOS (XL, BLANCO),""2025-12-08 19:27:01"",""0.0"""
"[100636] CHOMBA POLO NAOS (L, DENIM GASTADO),""2025-12-08 19:27:01"",""0.0"""
"[100637] CHOMBA POLO NAOS (XL, DENIM GASTADO),""2025-12-08 19:27:01"",""0.0"""
"[100638] CHOMBA POLO NAOS (2XL, DENIM GASTADO),""2025-12-08 19:27:01"",""0.0"""
"[100639] CHOMBA POLO NAOS (3XL, DENIM GASTADO),""2025-12-08 19:27:01"",""0.0"""
"[100643] CHOMBA POLO NAOS (XL, NEGRO),""2025-12-08 19:27:01"",""0.0"""
"[100644] CHOMBA POLO NAOS (2XL, NEGRO),""2025-12-08 19:27:01"",""0.0"""
"[100645] CHOMBA POLO NAOS (3XL, NEGRO),""2025-12-08 19:27:01"",""0.0"""
"[100625] CHOMBA POLO NAOS (XL, AZUL MARINO),""2025-12-08 19:27:01"",""0.0"""
"[100624] CHOMBA POLO NAOS (L, AZUL MARINO),""2025-12-08 19:27:01"",""0.0"""
"[100623] CHOMBA POLO NAOS (M, AZUL MARINO),""2025-12-08 19:27:01"",""0.0"""
"[100626] CHOMBA POLO NAOS (2XL, AZUL MARINO),""2025-12-08 19:27:01"",""0.0"""
"[100629] CHOMBA POLO NAOS (M, BLANCO),""2025-12-08 19:27:01"",""0.0"""
"[100635] CHOMBA POLO NAOS (M, DENIM GASTADO),""2025-12-08 19:27:01"",""0.0"""
"[100634] CHOMBA POLO NAOS (S, DENIM GASTADO),""2025-12-08 19:27:01"",""0.0"""
"[100641] CHOMBA POLO NAOS (M, NEGRO),""2025-12-08 19:27:01"",""0.0"""
"[100640] CHOMBA POLO NAOS (S, NEGRO),""2025-12-08 19:27:01"",""0.0"""
"[101502] PORTAVINO UCO (PELO, HEREFORD),""2025-12-08 19:27:01"",""0.0"""
"[101503] PORTAVINO UCO (PELO, HOLANDO),""2025-12-08 19:27:01"",""0.0"""
"[101504] PORTAVINO UCO (PELO, MARRON ROJIZO),""2025-12-08 19:27:01"",""0.0"""
"[101493] PORTAVINO TANDIL (PELO, HEREFORD),""2025-12-08 19:27:01"",""0.0"""
"[101494] PORTAVINO TANDIL (PELO, HOLANDO),""2025-12-08 19:27:01"",""0.0"""
"[101036] MEDIAS MEDIA CAÑA FANTASIA (MULTIRAYAS, NEGRO/GRIS MELANGE),""2025-12-08 19:27:01"",""0.0"""
"[101035] MEDIAS MEDIA CAÑA FANTASIA (MULTIRAYAS, GRIS OSCURO/GRIS CLARO),""2025-12-08 19:27:01"",""0.0"""
"[101038] MEDIAS MEDIA CAÑA FANTASIA (ROMBOS, NEGRO/ROJO),""2025-12-08 19:27:01"",""0.0"""
"[101037] MEDIAS MEDIA CAÑA FANTASIA (ROMBOS, CRUDO/CELESTE),""2025-12-08 19:27:01"",""0.0"""
"[101040] MEDIAS MEDIA CAÑA FANTASIA (ROMBOS CHICOS, GRIS OSCURO/GRIS CLARO),""2025-12-08 19:27:01"",""0.0"""
"[101039] MEDIAS MEDIA CAÑA FANTASIA (ROMBOS CHICOS, GRIS CLARO/GRIS OSCURO),""2025-12-08 19:27:01"",""0.0"""
"[100622] CHOMBA POLO NAOS (S, AZUL MARINO),""2025-12-08 19:27:01"",""0.0"""
"[101110] MOCHILA TECH 210512,""2025-12-08 19:27:01"",""0.0"""
"[101111] MOCHILA TECH 21066,""2025-12-08 19:27:01"",""0.0"""
"[101112] MOCHILA TECH 21076,""2025-12-08 19:27:01"",""0.0"""
"[101115] MOCHILA TECH 2551 (NEGRO),""2025-12-08 19:27:01"",""0.0"""
"[101113] MOCHILA TECH 2551 (AZUL),""2025-12-08 19:27:01"",""0.0"""
"[101114] MOCHILA TECH 2551 (GRIS MEDIO),""2025-12-08 19:27:01"",""0.0"""
"[101116] MOCHILA TECH 40998,""2025-12-08 19:27:01"",""0.0"""
"[100048] BANDOLERA MATILDA (HEREFORD),""2025-12-08 19:27:01"",""0.0"""
"[100010] BANDOLERA ANTONIETA (GAMUZA, AVELLANA),""2025-12-08 19:27:01"",""0.0"""
"[100011] BANDOLERA ANTONIETA (GAMUZA, CAFE),""2025-12-08 19:27:01"",""0.0"""
"[100012] BANDOLERA ANTONIETA (GAMUZA, OXIDO),""2025-12-08 19:27:01"",""0.0"""
"[100013] BANDOLERA ANTONIETA (GAMUZA, VESUBIO),""2025-12-08 19:27:01"",""0.0"""
"[100113] BANDOLERA VICENTA (GAMUZA, GRIS MEDIO),""2025-12-08 19:27:01"",""0.0"""
"[100114] BANDOLERA VICENTA (GAMUZA, GRIS OSCURO),""2025-12-08 19:27:01"",""0.0"""
"[100537] CARTERA LISBOA (GAMUZA, AVELLANA/TABACO),""2025-12-08 19:27:01"",""0.0"""
"CARTERA LISBOA (GAMUZA, AZUL),""2025-12-08 19:27:01"",""0.0"""
"[100541] CARTERA LISBOA (GAMUZA, OLIVE/CARAMELO),""2025-12-08 19:27:01"",""0.0"""
"[100542] CARTERA LISBOA (GAMUZA, OLIVE/TABACO),""2025-12-08 19:27:01"",""0.0"""
"[100544] CARTERA LISBOA (GAMUZA, VESUBIO/TABACO),""2025-12-08 19:27:01"",""0.0"""
"[101246] PHONEBAG TANIA (GAMUZA, CAFE),""2025-12-08 19:27:01"",""0.0"""
"[101247] PHONEBAG TANIA (GAMUZA, GRIS MEDIO),""2025-12-08 19:27:01"",""0.0"""
"[100002] BANDEJA CHICA (HOLANDO),""2025-12-08 19:27:01"",""0.0"""
"[100577] CARTERA MINI APHOLO SET SOBRE (GAMUZA, AVELLANA/TABACO),""2025-12-08 19:27:01"",""0.0"""
"[100580] CARTERA MINI APHOLO SET SOBRE (GAMUZA, VESUBIO/TABACO),""2025-12-08 19:27:01"",""0.0"""
"[100771] CINTURON RUS (S-M, MARRON ROJIZO),""2025-12-08 19:27:01"",""0.0"""
"[100770] CINTURON RUS (M-L, BEIGE),""2025-12-08 19:27:01"",""0.0"""
"[101811] TOTE CACHI  (PELO, HOLANDO),""2025-12-08 19:27:01"",""0.0"""
"[100197] BILLETERA LUCA (NAPADO, AZUL),""2025-12-08 19:27:01"",""0.0"""
"[100198] BILLETERA LUCA (NAPADO, CARAMELO),""2025-12-08 19:27:01"",""0.0"""
"[100199] BILLETERA LUCA (NAPADO, MALBEC),""2025-12-08 19:27:01"",""0.0"""
"[100200] BILLETERA LUCA (NAPADO, NEGRO),""2025-12-08 19:27:01"",""0.0"""
"[100201] BILLETERA LUCA (NAPADO, ROJO),""2025-12-08 19:27:01"",""0.0"""
"[100202] BILLETERA LUCA (NAPADO, SUELA),""2025-12-08 19:27:01"",""0.0"""
"[101749] TARJETERO JUAN (NAPADO, NEGRO),""2025-12-08 19:27:01"",""0.0"""
"[101750] TARJETERO JUAN (NAPADO, ROJO),""2025-12-08 19:27:01"",""0.0"""
"[101751] TARJETERO JUAN (NAPADO, SUELA),""2025-12-08 19:27:01"",""0.0"""
"[103997] CARTERA VERA (GAMUZA, GRIS OSCURO),""2025-12-08 19:27:01"",""0.0"""
"[101646] SOBRE MAJA (HEREFORD),""2025-12-08 19:27:01"",""0.0"""
"[101647] SOBRE MAJA (HOLANDO),""2025-12-08 19:27:01"",""0.0"""
"[100902] INDIVIDUAL MAEL (HEREFORD),""2025-12-08 19:27:01"",""0.0"""
"[100903] INDIVIDUAL MAEL (HOLANDO),""2025-12-08 19:27:01"",""0.0"""
"[101505] POSAVASOS MAEL (HEREFORD),""2025-12-08 19:27:01"",""0.0"""
"[101506] POSAVASOS MAEL (HOLANDO),""2025-12-08 19:27:01"",""0.0"""
"[100682] CINTURON FLORA (2) (M-L, MARSALA),""2025-12-08 19:27:01"",""0.0"""
"[100576] CARTERA MINI APHOLO SET SOBRE (GAMUZA, OXIDO/NEGRO),""2025-12-08 19:27:01"",""0.0"""
"[100579] CARTERA MINI APHOLO SET SOBRE (GAMUZA, OXIDO/TABACO),""2025-12-08 19:27:01"",""0.0"""
"[103187] CARTERA VERA (NOBUCK, CAFE),""2025-12-08 19:27:01"",""0.0"""
"[103144] PORTALENTES MUSAI (LINEA PESPUNTES) (TABACO),""2025-12-08 19:27:01"",""0.0"""
"[103148] PORTALENTES NOLE (LINEA FRUNCES) (BRIDGE, MALBEC),""2025-12-08 19:27:01"",""0.0"""
"[103147] PORTALENTES NOLE (LINEA FRUNCES) (NAPADO, CARAMELO),""2025-12-08 19:27:01"",""0.0"""
"[103146] PORTALENTES NOLE (LINEA FRUNCES) (NAPADO, NEGRO),""2025-12-08 19:27:01"",""0.0"""
"[103145] PORTALENTES NOLE (LINEA FRUNCES) (NAPADO, ROJO),""2025-12-08 19:27:01"",""0.0"""
"[103134] CARTERA MANA FLECOS (LINEA PESPUNTES) (NAPOLE, CAOBA),""2025-12-08 19:27:01"",""0.0"""
"[103137] MATERA RENATA (LINEA PESPUNTES) (OXIDO),""2025-12-08 19:27:01"",""0.0"""
"[103162] MOCHILA ALAI (LINEA FRUNCES) (NEGRO),""2025-12-08 19:27:01"",""0.0"""
"[103164] MOCHILA ALAI (LINEA FRUNCES) (SUELA),""2025-12-08 19:27:01"",""0.0"""
"[101248] PHONEBAG TANIA (GAMUZA, OLIVE),""2025-12-08 19:27:01"",""0.0"""
"[103174] BANDOLERA JADE (LINEA FRUNCES) (GAMUZA, AVELLANA),""2025-12-08 19:27:01"",""0.0"""
"[103175] BANDOLERA JADE (LINEA FRUNCES) (GAMUZA, VESUBIO),""2025-12-08 19:27:01"",""0.0"""
"[103212] PORTAVINO RIOJA (FIORENTINO, NEGRO),""2025-12-08 19:27:01"",""0.0"""
"[103149] PORTACABLES  (1) (VAQUETA, NEGRO),""2025-12-08 19:27:01"",""0.0"""
"[101660] SOMBRERO FELA,""2025-12-08 19:27:01"",""0.0"""
"[101661] SOMBRERO GIA,""2025-12-08 19:27:01"",""0.0"""
"[101662] SOMBRERO HENY,""2025-12-08 19:27:01"",""0.0"""
"[103183] CARTERA HARPER (NOBUCK, CAFE),""2025-12-08 19:27:01"",""0.0"""
"[100509] CARTERA DOS HEBILLAS NEW (GAMUZA, OLIVE/TABACO),""2025-12-08 19:27:01"",""0.0"""
"[100612] CARTUCHERA MONT (VINTAGE, MEDIO),""2025-12-08 19:27:01"",""0.0"""
"[103173] BANDOLERA JADE (LINEA FRUNCES) (NAPADO, LONDON),""2025-12-08 19:27:01"",""0.0"""
"[100588] CARTERA KALI (GRIS MEDIO),""2025-12-08 19:27:01"",""0.0"""
"[100675] CINTURON FLORA (1) (S-M, VERDE MILITAR),""2025-12-08 19:27:01"",""0.0"""
"[103168] CARTERA VERA (NAPOLE, TABACO),""2025-12-08 19:27:01"",""0.0"""
"[103136] CARTERA MANA FLECOS (LINEA PESPUNTES) (CRASH, SUELA),""2025-12-08 19:27:01"",""0.0"""
"[103153] CINTURON RUS (S-M, HOLANDO),""2025-12-08 19:27:01"",""0.0"""
"[103154] CINTURON RUS (M-L, HOLANDO),""2025-12-08 19:27:01"",""0.0"""
"[103151] SEÑALADOR (NEGRO),""2025-12-08 19:27:01"",""0.0"""
"[103152] SEÑALADOR (DULCE DE LECHE),""2025-12-08 19:27:01"",""0.0"""
"[101184] MORRAL LUCAS (NEGRO),""2025-12-08 19:52:14"",""0.0"""
"[101185] MORRAL LUCAS (TABACO),""2025-12-08 19:52:14"",""0.0"""
"[100038] BANDOLERA CASIOPEA (NAPADO, NEGRO),""2025-12-08 19:52:14"",""0.0"""
"[100720] CINTURON LOPA (115, SUELA),""2025-12-08 19:52:14"",""0.0"""
"[100484] CARTERA BAULITO (GAMUZA, VESUBIO/TABACO),""2025-12-08 19:52:14"",""0.0"""
"[100483] CARTERA BAULITO (GAMUZA, MOSTAZA/TABACO),""2025-12-08 19:52:14"",""0.0"""
"[100037] BANDOLERA CASIOPEA (NAPADO, CARAMELO),""2025-12-08 19:52:14"",""0.0"""
"[100039] BANDOLERA CASIOPEA (NAPADO, ROJO),""2025-12-08 19:52:14"",""0.0"""
"[101077] MOCHILA MARCOS (NAPADO, SUELA),""2025-12-08 19:52:14"",""0.0"""
"[101076] MOCHILA MARCOS (NAPADO, NEGRO),""2025-12-08 19:52:14"",""0.0"""
"[100103] BANDOLERA SAGITTA (NAPADO, NEGRO),""2025-12-08 19:52:14"",""0.0"""
"[101642] SOBRE GEMINI (NAPADO, NEGRO),""2025-12-08 19:52:14"",""0.0"""
"[100707] CINTURON LOPA (90, NEGRO),""2025-12-08 19:52:14"",""0.0"""
"[100253] BOLSO TUBO GRANDE (BRIDGE, NEGRO),""2025-12-08 19:52:14"",""0.0"""
"[100251] BOLSO TUBO GRANDE (BRIDGE, CARAMELO),""2025-12-08 19:52:14"",""0.0"""
"[100266] BOLSO TUBO GRANDE (GAMUZA, VESUBIO/TABACO),""2025-12-08 19:52:14"",""0.0"""
"[101644] SOBRE GEMINI (NAPADO, SUELA),""2025-12-08 19:52:14"",""0.0"""
"[100104] BANDOLERA SAGITTA (NAPADO, ROJO),""2025-12-08 19:52:14"",""0.0"""
"[100710] CINTURON LOPA (105, NEGRO),""2025-12-08 19:52:14"",""0.0"""
"[100069] BANDOLERA NATY SIMPLE (GAMUZA, VESUBIO/TABACO),""2025-12-08 19:52:14"",""0.0"""
"[100101] BANDOLERA SAGITTA (NAPADO, AZUL),""2025-12-08 19:52:14"",""0.0"""
"[100102] BANDOLERA SAGITTA (NAPADO, CARAMELO),""2025-12-08 19:52:14"",""0.0"""
"[101311] PORTAFOLIO RUBEN (NEGRO),""2025-12-08 19:52:14"",""0.0"""
"[101312] PORTAFOLIO RUBEN (TABACO),""2025-12-08 19:52:14"",""0.0"""
"[101778] TARJETERO ROMA (BRIDGE, NEGRO),""2025-12-08 19:52:14"",""0.0"""
"[101779] TARJETERO ROMA (BRIDGE, TABACO),""2025-12-08 19:52:14"",""0.0"""
"[101640] SOBRE GEMINI (NAPADO, CARAMELO),""2025-12-08 19:52:14"",""0.0"""
"[100444] CARTERA AMARILLA SET SOBRE (BRIDGE, TABACO),""2025-12-08 19:52:14"",""0.0"""
"[103181] CARTERA AMARILLA SET SOBRE (BRIDGE, LONDON),""2025-12-08 19:52:14"",""0.0"""
"[101643] SOBRE GEMINI (NAPADO, ROJO),""2025-12-08 19:52:14"",""0.0"""
"[101690] TARJETERO ARIES (BRIDGE, NEGRO),""2025-12-08 19:52:14"",""0.0"""
"[101692] TARJETERO ARIES (BRIDGE, TABACO),""2025-12-08 19:52:14"",""0.0"""
"[101688] TARJETERO ARIES (BRIDGE, CARAMELO),""2025-12-08 19:52:14"",""0.0"""
"[101423] PORTALENTES ORION (BRIDGE, NEGRO),""2025-12-08 19:52:14"",""0.0"""
"[101424] PORTALENTES ORION (BRIDGE, ROJO),""2025-12-08 19:52:14"",""0.0"""
"[101421] PORTALENTES ORION (BRIDGE, CARAMELO),""2025-12-08 19:52:14"",""0.0"""
"[101425] PORTALENTES ORION (BRIDGE, TABACO),""2025-12-08 19:52:14"",""0.0"""
"[101428] PORTALENTES ORION (NAPADO, NEGRO),""2025-12-08 19:52:14"",""0.0"""
"[101430] PORTALENTES ORION (NAPADO, SUELA),""2025-12-08 19:52:14"",""0.0"""
"[101443] PORTAPASAPORTE CHESTER (BRIDGE, CARAMELO),""2025-12-08 19:52:14"",""0.0"""
"[101447] PORTAPASAPORTE CHESTER (BRIDGE, TABACO),""2025-12-08 19:52:14"",""0.0"""
"[101446] PORTAPASAPORTE CHESTER (BRIDGE, ROJO),""2025-12-08 19:52:14"",""0.0"""
"[101445] PORTAPASAPORTE CHESTER (BRIDGE, NEGRO),""2025-12-08 19:52:14"",""0.0"""
"[101462] PORTAPASAPORTE RON (BRIDGE, CARAMELO),""2025-12-08 19:52:14"",""0.0"""
"[101463] PORTAPASAPORTE RON (BRIDGE, NEGRO),""2025-12-08 19:52:14"",""0.0"""
"[101464] PORTAPASAPORTE RON (BRIDGE, ROJO),""2025-12-08 19:52:14"",""0.0"""
"[101731] TARJETERO HARRY (NAPADO, CARAMELO),""2025-12-08 19:52:14"",""0.0"""
"[101727] TARJETERO HARRY (BRIDGE, TABACO),""2025-12-08 19:52:14"",""0.0"""
"[101723] TARJETERO HARRY (BRIDGE, CARAMELO),""2025-12-08 19:52:14"",""0.0"""
"[101726] TARJETERO HARRY (BRIDGE, ROJO),""2025-12-08 19:52:14"",""0.0"""
"[101725] TARJETERO HARRY (BRIDGE, NEGRO),""2025-12-08 19:52:14"",""0.0"""
"[101721] TARJETERO BILL (NAPADO, SUELA),""2025-12-08 19:52:14"",""0.0"""
"[100189] BILLETERA LUCA (BRIDGE, NEGRO),""2025-12-08 19:52:14"",""0.0"""
"[100187] BILLETERA LUCA (BRIDGE, CARAMELO),""2025-12-08 19:52:14"",""0.0"""
"[100190] BILLETERA LUCA (BRIDGE, TABACO),""2025-12-08 19:52:14"",""0.0"""
"[100202] BILLETERA LUCA (NAPADO, SUELA),""2025-12-08 19:52:14"",""0.0"""
"[100198] BILLETERA LUCA (NAPADO, CARAMELO),""2025-12-08 19:52:14"",""0.0"""
"[100200] BILLETERA LUCA (NAPADO, NEGRO),""2025-12-08 19:52:14"",""0.0"""
"[101401] PORTALENTES LUZ (NAPADO, NEGRO),""2025-12-08 19:52:14"",""0.0"""
"[101403] PORTALENTES LUZ (NAPADO, SUELA),""2025-12-08 19:52:14"",""0.0"""
"[101388] PORTALENTES LUZ (BRIDGE, NEGRO),""2025-12-08 19:52:14"",""0.0"""
"[101389] PORTALENTES LUZ (BRIDGE, ROJO),""2025-12-08 19:52:14"",""0.0"""
"[101384] PORTALENTES LUZ (BRIDGE, AZUL),""2025-12-08 19:52:14"",""0.0"""
"[101390] PORTALENTES LUZ (BRIDGE, TABACO),""2025-12-08 19:52:14"",""0.0"""
"[100217] BILLETERA OSADIA (BRIDGE, ROJO),""2025-12-08 19:52:14"",""0.0"""
"[100168] BILLETERA KEY (BRIDGE, NEGRO),""2025-12-08 19:52:14"",""0.0"""
"[100441] CARTERA AMARILLA SET SOBRE (BRIDGE, NEGRO),""2025-12-08 19:52:14"",""0.0"""
"[101786] TARJETERO RUBI (BRIDGE, ROJO),""2025-12-08 19:52:14"",""0.0"""
"[101783] TARJETERO RUBI (BRIDGE, CARAMELO),""2025-12-08 19:52:14"",""0.0"""
"[101138] MONEDERO GRACE (BRIDGE, CARAMELO),""2025-12-08 19:52:14"",""0.0"""
"[101141] MONEDERO GRACE (BRIDGE, ROJO),""2025-12-08 19:52:14"",""0.0"""
"[101149] MONEDERO GRACE (NAPADO, NEGRO),""2025-12-08 19:52:14"",""0.0"""
"[100229] BILLETERA PENY (NAPADO, NEGRO),""2025-12-08 19:52:14"",""0.0"""
"[100811] CINTURON VAQUETA (85, SUELA),""2025-12-08 19:52:14"",""0.0"""
"[100812] CINTURON VAQUETA (90, SUELA),""2025-12-08 19:52:14"",""0.0"""
"[100814] CINTURON VAQUETA (100, SUELA),""2025-12-08 19:52:14"",""0.0"""
"[100805] CINTURON VAQUETA (85, NEGRO),""2025-12-08 19:52:14"",""0.0"""
"[100806] CINTURON VAQUETA (90, NEGRO),""2025-12-08 19:52:14"",""0.0"""
"[100438] CARTERA AMARILLA SET SOBRE (BRIDGE, CARAMELO),""2025-12-08 19:52:14"",""0.0"""
"[100476] CARTERA APHOLO SET SOBRE (ROJO),""2025-12-08 19:52:14"",""0.0"""
"[100774] CINTURON TINO (90, CARAMELO),""2025-12-08 19:52:14"",""0.0"""
"[100775] CINTURON TINO (95, CARAMELO),""2025-12-08 19:52:14"",""0.0"""
"[100776] CINTURON TINO (100, CARAMELO),""2025-12-08 19:52:14"",""0.0"""
"[100777] CINTURON TINO (105, CARAMELO),""2025-12-08 19:52:14"",""0.0"""
"[100779] CINTURON TINO (115, CARAMELO),""2025-12-08 19:52:14"",""0.0"""
"[100789] CINTURON TINO (85, SUELA),""2025-12-08 19:52:14"",""0.0"""
"[100790] CINTURON TINO (90, SUELA),""2025-12-08 19:52:14"",""0.0"""
"[100791] CINTURON TINO (95, SUELA),""2025-12-08 19:52:14"",""0.0"""
"[100795] CINTURON TINO (115, SUELA),""2025-12-08 19:52:14"",""0.0"""
"[100794] CINTURON TINO (110, SUELA),""2025-12-08 19:52:14"",""0.0"""
"[100781] CINTURON TINO (85, NEGRO),""2025-12-08 19:52:14"",""0.0"""
"[100788] CINTURON TINO (120, NEGRO),""2025-12-08 19:52:14"",""0.0"""
"[100782] CINTURON TINO (90, NEGRO),""2025-12-08 19:52:14"",""0.0"""
"[100783] CINTURON TINO (95, NEGRO),""2025-12-08 19:52:14"",""0.0"""
"[100784] CINTURON TINO (100, NEGRO),""2025-12-08 19:52:14"",""0.0"""
"[100786] CINTURON TINO (110, NEGRO),""2025-12-08 19:52:14"",""0.0"""
"[100787] CINTURON TINO (115, NEGRO),""2025-12-08 19:52:14"",""0.0"""
"[100785] CINTURON TINO (105, NEGRO),""2025-12-08 19:52:14"",""0.0"""
"[100173] BILLETERA LEXI (AZUL),""2025-12-08 19:52:14"",""0.0"""
"[101385] PORTALENTES LUZ (BRIDGE, CARAMELO),""2025-12-08 19:52:14"",""0.0"""
"[101568] RIÑONERA CRUZ S (BRIDGE, TABACO),""2025-12-08 19:52:14"",""0.0"""
"[100176] BILLETERA LEXI (NEGRO),""2025-12-08 19:52:14"",""0.0"""
"[100177] BILLETERA LEXI (ROJO),""2025-12-08 19:52:14"",""0.0"""
"[101578] RIÑONERA EVAN GRANDE (BRIDGE, CARAMELO),""2025-12-08 19:52:14"",""0.0"""
"[101322] PORTAFOLIO VENUS GRANDE,""2025-12-08 19:52:14"",""0.0"""
"[100572] CARTERA MINI APHOLO SET SOBRE (BRIDGE, NEGRO),""2025-12-08 19:52:14"",""0.0"""
"[100570] CARTERA MINI APHOLO SET SOBRE (BRIDGE, CARAMELO),""2025-12-08 19:52:14"",""0.0"""
"[101787] TARJETERO RUBI (BRIDGE, TABACO),""2025-12-08 19:52:14"",""0.0"""
"[101354] PORTALAPTOP LES (BRIDGE, ROJO),""2025-12-08 19:52:14"",""0.0"""
"[101074] MOCHILA MARCOS (BRIDGE, NEGRO),""2025-12-08 19:52:14"",""0.0"""
"[101073] MOCHILA MARCOS (BRIDGE, CHOCOLATE),""2025-12-08 19:52:14"",""0.0"""
"[101075] MOCHILA MARCOS (BRIDGE, TABACO),""2025-12-08 19:52:14"",""0.0"""
"[101785] TARJETERO RUBI (BRIDGE, NEGRO),""2025-12-08 19:52:14"",""0.0"""
"[101575] RIÑONERA EVAN CHICA (TABACO),""2025-12-08 19:52:14"",""0.0"""
"[100574] CARTERA MINI APHOLO SET SOBRE (BRIDGE, TABACO),""2025-12-08 19:52:14"",""0.0"""
"[100573] CARTERA MINI APHOLO SET SOBRE (BRIDGE, ROJO),""2025-12-08 19:52:14"",""0.0"""
"[101581] RIÑONERA EVAN GRANDE (BRIDGE, TABACO),""2025-12-08 19:52:14"",""0.0"""
"[100577] CARTERA MINI APHOLO SET SOBRE (GAMUZA, AVELLANA/TABACO),""2025-12-08 19:52:14"",""0.0"""
"[100503] CARTERA DOS HEBILLAS NEW (BRIDGE, NEGRO),""2025-12-08 19:52:14"",""0.0"""
"[100504] CARTERA DOS HEBILLAS NEW (BRIDGE, TABACO),""2025-12-08 19:52:14"",""0.0"""
"[101181] MORRAL DRACO (NEGRO),""2025-12-08 19:52:14"",""0.0"""
"[101182] MORRAL DRACO (TABACO),""2025-12-08 19:52:14"",""0.0"""
"[101733] TARJETERO HARRY (NAPADO, ROJO),""2025-12-08 19:52:14"",""0.0"""
"[100510] CARTERA DOS HEBILLAS NEW (GAMUZA, VESUBIO/TABACO),""2025-12-08 19:52:14"",""0.0"""
"[101739] TARJETERO JUAN (BRIDGE, NEGRO),""2025-12-08 19:52:14"",""0.0"""
"[101740] TARJETERO JUAN (BRIDGE, ROJO),""2025-12-08 19:52:14"",""0.0"""
"[101741] TARJETERO JUAN (BRIDGE, TABACO),""2025-12-08 19:52:14"",""0.0"""
"[100109] BANDOLERA VICENTA (BRIDGE, ROJO),""2025-12-08 19:52:14"",""0.0"""
"[100257] BOLSO TUBO GRANDE (GAMUZA, AVELLANA/TABACO),""2025-12-08 19:52:14"",""0.0"""
"[100010] BANDOLERA ANTONIETA (GAMUZA, AVELLANA),""2025-12-08 19:52:14"",""0.0"""
"[101001] LLAVERO KAREN (VERDE/OXIDO),""2025-12-08 19:52:14"",""0.0"""
"[100983] LLAVERO KAREN (CARAMELO/AVELLANA),""2025-12-08 19:52:14"",""0.0"""
"[100108] BANDOLERA VICENTA (BRIDGE, NEGRO),""2025-12-08 19:52:14"",""0.0"""
"[101720] TARJETERO BILL (NAPADO, ROJO),""2025-12-08 19:52:14"",""0.0"""
"[101253] PHONEBAG TAURUS (CARAMELO),""2025-12-08 19:52:14"",""0.0"""
"[101255] PHONEBAG TAURUS (NEGRO),""2025-12-08 19:52:14"",""0.0"""
"[101257] PHONEBAG TAURUS (TABACO),""2025-12-08 19:52:14"",""0.0"""
"[103178] BILLETERA PENY (BRIDGE, ROJO),""2025-12-08 19:52:14"",""0.0"""
"[100442] CARTERA AMARILLA SET SOBRE (BRIDGE, ROJO),""2025-12-08 19:52:14"",""0.0"""
"[100443] CARTERA AMARILLA SET SOBRE (BRIDGE, SUELA),""2025-12-08 19:52:14"",""0.0"""
"[100216] BILLETERA OSADIA (BRIDGE, NEGRO),""2025-12-08 19:52:14"",""0.0"""
"[101105] MOCHILA PORTIA (BRIDGE, TABACO),""2025-12-08 19:52:14"",""0.0"""
"[101104] MOCHILA PORTIA (BRIDGE, NEGRO),""2025-12-08 19:52:14"",""0.0"""
"[100068] BANDOLERA NATY SIMPLE (GAMUZA, OXIDO/TABACO),""2025-12-08 19:52:14"",""0.0"""
"[100064] BANDOLERA NATY SIMPLE (GAMUZA, AVELLANA/TABACO),""2025-12-08 19:52:14"",""0.0"""
"[100063] BANDOLERA NATY SIMPLE (GAMUZA, AVELLANA/NEGRO),""2025-12-08 19:52:14"",""0.0"""
"[100055] BANDOLERA NATY (ROJO),""2025-12-08 19:52:14"",""0.0"""
"[100052] BANDOLERA NATY (AZUL),""2025-12-08 19:52:14"",""0.0"""
"[100053] BANDOLERA NATY (CARAMELO),""2025-12-08 19:52:14"",""0.0"""
"[101183] MORRAL LUCAS (CARAMELO),""2025-12-08 19:52:14"",""0.0"""
"[100054] BANDOLERA NATY (NEGRO),""2025-12-08 19:52:14"",""0.0"""
"[100056] BANDOLERA NATY (SUELA),""2025-12-08 19:52:14"",""0.0"""
"[100274] BOLSO URBANO (BRIDGE, NEGRO),""2025-12-08 19:52:14"",""0.0"""
"[101172] MORRAL BERLIN (NEGRO),""2025-12-08 19:52:14"",""0.0"""
"[101173] MORRAL BERLIN (TABACO),""2025-12-08 19:52:14"",""0.0"""
"[101709] TARJETERO BILL (BRIDGE, TABACO),""2025-12-08 19:52:14"",""0.0"""
"[101309] PORTAFOLIO RUBEN (CARAMELO),""2025-12-08 19:52:14"",""0.0"""
"[100451] CARTERA AMARILLA SET SOBRE (GAMUZA, VESUBIO/TABACO),""2025-12-08 19:52:14"",""0.0"""
"[100254] BOLSO TUBO GRANDE (BRIDGE, TABACO),""2025-12-08 19:52:14"",""0.0"""
"[101707] TARJETERO BILL (BRIDGE, ROJO),""2025-12-08 19:52:14"",""0.0"""
"[101704] TARJETERO BILL (BRIDGE, AZUL),""2025-12-08 19:52:14"",""0.0"""
"[100714] CINTURON LOPA (85, SUELA),""2025-12-08 19:52:14"",""0.0"""
"[100718] CINTURON LOPA (105, SUELA),""2025-12-08 19:52:14"",""0.0"""
"[100277] BOLSO URBANO (NAPADO, NEGRO),""2025-12-08 19:52:14"",""0.0"""
"[100721] CINTURON LOPA (120, SUELA),""2025-12-08 19:52:14"",""0.0"""
"[100706] CINTURON LOPA (85, NEGRO),""2025-12-08 19:52:14"",""0.0"""
"[101776] TARJETERO ROMA (BRIDGE, CARAMELO),""2025-12-08 19:52:14"",""0.0"""
"[100221] BILLETERA OSADIA (NAPADO, CARAMELO),""2025-12-08 19:52:14"",""0.0"""
"[100224] BILLETERA OSADIA (NAPADO, SUELA),""2025-12-08 19:52:14"",""0.0"""
"[100222] BILLETERA OSADIA (NAPADO, NEGRO),""2025-12-08 19:52:14"",""0.0"""
"[100214] BILLETERA OSADIA (BRIDGE, CARAMELO),""2025-12-08 19:52:14"",""0.0"""
"[101228] NECESSAIRE MINI MARCOS (BRIDGE, ROJO),""2025-12-08 19:52:14"",""0.0"""
"[101140] MONEDERO GRACE (BRIDGE, NEGRO),""2025-12-08 19:52:14"",""0.0"""
"[100815] CINTURON VAQUETA (105, SUELA),""2025-12-08 19:52:14"",""0.0"""
"[100816] CINTURON VAQUETA (110, SUELA),""2025-12-08 19:52:14"",""0.0"""
"[100474] CARTERA APHOLO SET SOBRE (CARAMELO),""2025-12-08 19:52:14"",""0.0"""
"[100778] CINTURON TINO (110, CARAMELO),""2025-12-08 19:52:14"",""0.0"""
"[101176] MORRAL CARLOS (NEGRO),""2025-12-08 19:52:14"",""0.0"""
"[101174] MORRAL CARLOS (CARAMELO),""2025-12-08 19:52:14"",""0.0"""
"[101573] RIÑONERA EVAN CHICA (CHOCOLATE),""2025-12-08 19:52:14"",""0.0"""
"[100502] CARTERA DOS HEBILLAS NEW (BRIDGE, CARAMELO),""2025-12-08 19:52:14"",""0.0"""
"[101179] MORRAL DRACO (CARAMELO),""2025-12-08 19:52:14"",""0.0"""
"[101788] TARJETERO RUBI (BRIDGE, VERDE),""2025-12-08 19:52:14"",""0.0"""
"[100013] BANDOLERA ANTONIETA (GAMUZA, VESUBIO),""2025-12-08 19:52:14"",""0.0"""
"[100117] BANDOLERA VICENTA (GAMUZA, VESUBIO),""2025-12-08 19:52:14"",""0.0"""
"[100017] BANDOLERA ANTONIETA (NAPADO, NEGRO),""2025-12-08 19:52:14"",""0.0"""
"[100015] BANDOLERA ANTONIETA (NAPADO, CARAMELO),""2025-12-08 19:52:14"",""0.0"""
"[100012] BANDOLERA ANTONIETA (GAMUZA, OXIDO),""2025-12-08 19:52:14"",""0.0"""
"[100981] LLAVERO KAREN (AZUL/OXIDO),""2025-12-08 19:52:14"",""0.0"""
"[101718] TARJETERO BILL (NAPADO, AZUL),""2025-12-08 19:52:14"",""0.0"""
"[101106] MOCHILA PORTIA (NAPADO, NEGRO),""2025-12-08 19:52:14"",""0.0"""
"[101107] MOCHILA PORTIA (NAPADO, SUELA),""2025-12-08 19:52:14"",""0.0"""
"[101639] SOBRE GEMINI (NAPADO, AZUL),""2025-12-08 19:52:14"",""0.0"""
"[101170] MORRAL BERLIN (CARAMELO),""2025-12-08 19:52:14"",""0.0"""
"[100122] BANDOLERA VICENTA (NAPADO, NEGRO),""2025-12-08 19:52:14"",""0.0"""
"[100060] BANDOLERA NATY SIMPLE (BRIDGE, NEGRO),""2025-12-08 19:52:14"",""0.0"""
"[101706] TARJETERO BILL (BRIDGE, NEGRO),""2025-12-08 19:52:14"",""0.0"""
"[101705] TARJETERO BILL (BRIDGE, CARAMELO),""2025-12-08 19:52:14"",""0.0"""
"[100817] CINTURON VAQUETA (115, SUELA),""2025-12-08 19:52:14"",""0.0"""
"[100059] BANDOLERA NATY SIMPLE (BRIDGE, CARAMELO),""2025-12-08 19:52:14"",""0.0"""
"[100809] CINTURON VAQUETA (110, NEGRO),""2025-12-08 19:52:14"",""0.0"""
"[100454] CARTERA AMARILLA SET SOBRE (IGUANA, NEGRO),""2025-12-08 19:52:14"",""0.0"""
"[100455] CARTERA AMARILLA SET SOBRE (IGUANA, ROJO),""2025-12-08 19:52:14"",""0.0"""
"[100452] CARTERA AMARILLA SET SOBRE (IGUANA, AZUL),""2025-12-08 19:52:14"",""0.0"""
"[100547] CARTERA LISBOA (IGUANA, NEGRO),""2025-12-08 19:52:14"",""0.0"""
"[100548] CARTERA LISBOA (IGUANA, ROJO),""2025-12-08 19:52:14"",""0.0"""
"[100553] CARTERA LISBOA (NAPADO, NEGRO),""2025-12-08 19:52:14"",""0.0"""
"[100551] CARTERA LISBOA (NAPADO, CARAMELO),""2025-12-08 19:52:14"",""0.0"""
"[101395] PORTALENTES LUZ (IGUANA, NEGRO),""2025-12-08 19:52:14"",""0.0"""
"[101574] RIÑONERA EVAN CHICA (NEGRO),""2025-12-08 19:52:14"",""0.0"""
"[101470] PORTAPASAPORTE RON (IGUANA, NEGRO),""2025-12-08 19:52:14"",""0.0"""
"[101471] PORTAPASAPORTE RON (IGUANA, ROJO),""2025-12-08 19:52:14"",""0.0"""
"[100544] CARTERA LISBOA (GAMUZA, VESUBIO/TABACO),""2025-12-08 19:52:14"",""0.0"""
"[100110] BANDOLERA VICENTA (GAMUZA, AVELLANA),""2025-12-08 19:52:14"",""0.0"""
"[100264] BOLSO TUBO GRANDE (GAMUZA, OXIDO/TABACO),""2025-12-08 19:52:14"",""0.0"""
"[101382] PORTALENTES JANO (ROJO),""2025-12-08 19:52:14"",""0.0"""
"[101353] PORTALAPTOP LES (BRIDGE, NEGRO),""2025-12-08 19:52:14"",""0.0"""
"[101351] PORTALAPTOP LES (BRIDGE, CARAMELO),""2025-12-08 19:52:14"",""0.0"""
"[101227] NECESSAIRE MINI MARCOS (BRIDGE, NEGRO),""2025-12-08 19:52:14"",""0.0"""
"[101230] NECESSAIRE MINI MARCOS (BRIDGE, VERDE),""2025-12-08 19:52:14"",""0.0"""
"[101792] TARJETERO RUBI (IGUANA, CARAMELO),""2025-12-08 19:52:14"",""0.0"""
"[101303] PORTAFOLIO OLDIE (BRIDGE, CARAMELO),""2025-12-08 19:52:14"",""0.0"""
"[101225] NECESSAIRE MINI MARCOS (BRIDGE, CARAMELO),""2025-12-08 19:52:14"",""0.0"""
"[100550] CARTERA LISBOA (NAPADO, AZUL),""2025-12-08 19:52:14"",""0.0"""
"[100554] CARTERA LISBOA (NAPADO, ROJO),""2025-12-08 19:52:14"",""0.0"""
"[100195] BILLETERA LUCA (IGUANA, NEGRO),""2025-12-08 19:52:14"",""0.0"""
"[100477] CARTERA APHOLO SET SOBRE (TABACO),""2025-12-08 19:52:14"",""0.0"""
"[100796] CINTURON TINO (120, SUELA),""2025-12-08 19:52:14"",""0.0"""
"[100780] CINTURON TINO (120, CARAMELO),""2025-12-08 19:52:14"",""0.0"""
"[100715] CINTURON LOPA (90, SUELA),""2025-12-08 19:52:14"",""0.0"""
"[100545] CARTERA LISBOA (IGUANA, AZUL),""2025-12-08 19:52:14"",""0.0"""
"[100546] CARTERA LISBOA (IGUANA, CARAMELO),""2025-12-08 19:52:14"",""0.0"""
"[101158] MORRAL ADI VINTAGE (BRIDGE, CARAMELO),""2025-12-08 19:52:14"",""0.0"""
"[100291] BOTINERO MARCOS 30 (GAMUZA, VESUBIO/TABACO),""2025-12-08 19:52:14"",""0.0"""
"[100773] CINTURON TINO (85, CARAMELO),""2025-12-08 19:52:14"",""0.0"""
"[100062] BANDOLERA NATY SIMPLE (BRIDGE, TABACO),""2025-12-08 19:52:14"",""0.0"""
"[100479] CARTERA BAULITO (BRIDGE, NEGRO),""2025-12-08 19:52:14"",""0.0"""
"[101177] MORRAL CARLOS (TABACO),""2025-12-08 19:52:14"",""0.0"""
"[100223] BILLETERA OSADIA (NAPADO, ROJO),""2025-12-08 19:52:14"",""0.0"""
"[100427] CARTERA ACONCAGUA (BRIDGE, NEGRO),""2025-12-08 19:52:14"",""0.0"""
"[100425] CARTERA ACONCAGUA (BRIDGE, CARAMELO),""2025-12-08 19:52:14"",""0.0"""
"[100424] CARTERA ACONCAGUA (BRIDGE, AZUL),""2025-12-08 19:52:14"",""0.0"""
"[100497] CARTERA CHALTEN (BRIDGE, NEGRO),""2025-12-08 19:52:14"",""0.0"""
"[100494] CARTERA CHALTEN (BRIDGE, CARAMELO),""2025-12-08 19:52:14"",""0.0"""
"[100498] CARTERA CHALTEN (BRIDGE, ROJO),""2025-12-08 19:52:14"",""0.0"""
"[100492] CARTERA CHALTEN (BRIDGE, AZUL),""2025-12-08 19:52:14"",""0.0"""
"[100493] CARTERA CHALTEN (BRIDGE, CAMEL),""2025-12-08 19:52:14"",""0.0"""
"[101164] MORRAL ANGOSTO (BRIDGE, CARAMELO),""2025-12-08 19:52:14"",""0.0"""
"[101305] PORTAFOLIO OLDIE (BRIDGE, NEGRO),""2025-12-08 19:52:14"",""0.0"""
"[101308] PORTAFOLIO OLDIE (TAMPONATO, SUELA),""2025-12-08 19:52:14"",""0.0"""
"[100801] CINTURON TRENZADO (100),""2025-12-08 19:52:14"",""0.0"""
"[101186] MORRAL OLDIE (BRIDGE, CARAMELO),""2025-12-08 19:52:14"",""0.0"""
"[101189] MORRAL OLDIE (BRIDGE, TABACO),""2025-12-08 19:52:14"",""0.0"""
"[101562] RIÑONERA CRUZ S (BRIDGE, CARAMELO),""2025-12-08 19:52:14"",""0.0"""
"[101564] RIÑONERA CRUZ S (BRIDGE, LONDON),""2025-12-08 19:52:14"",""0.0"""
"[101566] RIÑONERA CRUZ S (BRIDGE, ROJO),""2025-12-08 19:52:14"",""0.0"""
"[101567] RIÑONERA CRUZ S (BRIDGE, SUELA),""2025-12-08 19:52:14"",""0.0"""
"[101355] PORTALAPTOP LES (BRIDGE, TABACO),""2025-12-08 19:52:14"",""0.0"""
"[100650] CINTURON ALFO (115),""2025-12-08 19:52:14"",""0.0"""
"[101102] MOCHILA PORTIA (BRIDGE, CARAMELO),""2025-12-08 19:52:14"",""0.0"""
"[100453] CARTERA AMARILLA SET SOBRE (IGUANA, CARAMELO),""2025-12-08 19:52:14"",""0.0"""
"[100724] CINTURON MIA (L, AZUL),""2025-12-08 19:52:14"",""0.0"""
"[100726] CINTURON MIA (L, CARAMELO),""2025-12-08 19:52:14"",""0.0"""
"[100725] CINTURON MIA (M, CARAMELO),""2025-12-08 19:52:14"",""0.0"""
"[100727] CINTURON MIA (L, NEGRO),""2025-12-08 19:52:14"",""0.0"""
"[100731] CINTURON MIA (L, ROJO),""2025-12-08 19:52:14"",""0.0"""
"[100730] CINTURON MIA (M, ROJO),""2025-12-08 19:52:14"",""0.0"""
"[100729] CINTURON MIA (S, ROJO),""2025-12-08 19:52:14"",""0.0"""
"[100733] CINTURON MIA (L, TABACO),""2025-12-08 19:52:14"",""0.0"""
"[100737] CINTURON MIA (L, VERDE),""2025-12-08 19:52:14"",""0.0"""
"[100736] CINTURON MIA (M, VERDE),""2025-12-08 19:52:14"",""0.0"""
"[100735] CINTURON MIA (S, VERDE),""2025-12-08 19:52:14"",""0.0"""
"[101469] PORTAPASAPORTE RON (IGUANA, CARAMELO),""2025-12-08 19:52:14"",""0.0"""
"[100194] BILLETERA LUCA (IGUANA, CARAMELO),""2025-12-08 19:52:14"",""0.0"""
"[101143] MONEDERO GRACE (IGUANA, CARAMELO),""2025-12-08 19:52:14"",""0.0"""
"[101144] MONEDERO GRACE (IGUANA, NEGRO),""2025-12-08 19:52:14"",""0.0"""
"[100018] BANDOLERA ANTONIETA (NAPADO, ROJO),""2025-12-08 19:52:14"",""0.0"""
"[100014] BANDOLERA ANTONIETA (NAPADO, AZUL),""2025-12-08 19:52:14"",""0.0"""
"[100123] BANDOLERA VICENTA (NAPADO, ROJO),""2025-12-08 19:52:14"",""0.0"""
"[100120] BANDOLERA VICENTA (NAPADO, AZUL),""2025-12-08 19:52:14"",""0.0"""
"[100124] BANDOLERA VICENTA (NAPADO, SUELA),""2025-12-08 19:52:14"",""0.0"""
"[100011] BANDOLERA ANTONIETA (GAMUZA, CAFE),""2025-12-08 19:52:14"",""0.0"""
"[100448] CARTERA AMARILLA SET SOBRE (GAMUZA, AVELLANA/TABACO),""2025-12-08 19:52:14"",""0.0"""
"[100475] CARTERA APHOLO SET SOBRE (NEGRO),""2025-12-08 19:52:14"",""0.0"""
"[100157] BILLETERA COPAHUE (NAPADO, NEGRO),""2025-12-08 19:52:14"",""0.0"""
"[100159] BILLETERA COPAHUE (NAPADO, SUELA),""2025-12-08 19:52:14"",""0.0"""
"[100155] BILLETERA COPAHUE (NAPADO, AZUL),""2025-12-08 19:52:14"",""0.0"""
"[101444] PORTAPASAPORTE CHESTER (BRIDGE, MALBEC),""2025-12-08 19:52:14"",""0.0"""
"[100220] BILLETERA OSADIA (NAPADO, AZUL),""2025-12-08 19:52:14"",""0.0"""
"[101108] MOCHILA PORTIA FULL BLACK,""2025-12-08 19:52:14"",""0.0"""
"[101216] NECESSAIRE LANIN FULL BLACK,""2025-12-08 19:52:14"",""0.0"""
"[101234] NECESSAIRE MINI MARCOS FULL BLACK,""2025-12-08 19:52:14"",""0.0"""
"[101258] PHONEBAG TAURUS FULL BLACK,""2025-12-08 19:52:14"",""0.0"""
"[101577] RIÑONERA EVAN FULL BLACK GRANDE,""2025-12-08 19:52:14"",""0.0"""
"[101730] TARJETERO HARRY (NAPADO, AZUL),""2025-12-08 19:52:14"",""0.0"""
"[100121] BANDOLERA VICENTA (NAPADO, CARAMELO),""2025-12-08 19:52:14"",""0.0"""
"[100505] CARTERA DOS HEBILLAS NEW (GAMUZA, AVELLANA/TABACO),""2025-12-08 19:52:14"",""0.0"""
"[100507] CARTERA DOS HEBILLAS NEW (GAMUZA, CAFE),""2025-12-08 19:52:14"",""0.0"""
"[100696] CINTURON GUS (110, SUELA),""2025-12-08 19:52:14"",""0.0"""
"[100697] CINTURON GUS (115, SUELA),""2025-12-08 19:52:14"",""0.0"""
"[100698] CINTURON GUS (120, SUELA),""2025-12-08 19:52:14"",""0.0"""
"[100693] CINTURON GUS (85, SUELA),""2025-12-08 19:52:14"",""0.0"""
"[100694] CINTURON GUS (90, SUELA),""2025-12-08 19:52:14"",""0.0"""
"[100261] BOLSO TUBO GRANDE (GAMUZA, CAFE/TABACO),""2025-12-08 19:52:14"",""0.0"""
"[101088] MOCHILA PACARI (BRIDGE, NEGRO),""2025-12-08 19:52:14"",""0.0"""
"[101085] MOCHILA PACARI (BRIDGE, CARAMELO),""2025-12-08 19:52:14"",""0.0"""
"[101090] MOCHILA PACARI (BRIDGE, TABACO),""2025-12-08 19:52:14"",""0.0"""
"[101089] MOCHILA PACARI (BRIDGE, ROJO),""2025-12-08 19:52:14"",""0.0"""
"[101087] MOCHILA PACARI (BRIDGE, MALBEC),""2025-12-08 19:52:14"",""0.0"""
"[100119] BANDOLERA VICENTA (IGUANA, NEGRO),""2025-12-08 19:52:14"",""0.0"""
"[100118] BANDOLERA VICENTA (IGUANA, CARAMELO),""2025-12-08 19:52:14"",""0.0"""
"[100485] CARTERA BAULITO (IGUANA, AZUL),""2025-12-08 19:52:14"",""0.0"""
"[100489] CARTERA BAULITO (IGUANA, VERDE),""2025-12-08 19:52:14"",""0.0"""
"[100487] CARTERA BAULITO (IGUANA, NEGRO),""2025-12-08 19:52:14"",""0.0"""
"[100243] BOLSO LIHUEN (BRIDGE, CARAMELO),""2025-12-08 19:52:14"",""0.0"""
"[100246] BOLSO LIHUEN (BRIDGE, TABACO),""2025-12-08 19:52:14"",""0.0"""
"[100248] BOLSO LIHUEN FULL BLACK,""2025-12-08 19:52:14"",""0.0"""
"[101301] PORTAFOLIO HUAPI (BRIDGE, TABACO),""2025-12-08 19:52:14"",""0.0"""
"[101298] PORTAFOLIO HUAPI (BRIDGE, CHOCOLATE),""2025-12-08 19:52:14"",""0.0"""
"[101297] PORTAFOLIO HUAPI (BRIDGE, CARAMELO),""2025-12-08 19:52:14"",""0.0"""
"[100106] BANDOLERA VICENTA (BRIDGE, CARAMELO),""2025-12-08 19:52:14"",""0.0"""
"[100259] BOLSO TUBO GRANDE (GAMUZA, AZUL/TABACO),""2025-12-08 19:52:14"",""0.0"""
"[100258] BOLSO TUBO GRANDE (GAMUZA, AZUL/CARAMELO),""2025-12-08 19:52:14"",""0.0"""
"[101117] MOCHILA TOBIAS FULL BLACK,""2025-12-08 19:52:14"",""0.0"""
"[101097] MOCHILA PIETRO (BRIDGE, NEGRO),""2025-12-08 19:52:14"",""0.0"""
"[101098] MOCHILA PIETRO (BRIDGE, TABACO),""2025-12-08 19:52:14"",""0.0"""
"[101476] PORTAPASAPORTE WARA (IGUANA, ROJO),""2025-12-08 19:52:14"",""0.0"""
"[101475] PORTAPASAPORTE WARA (IGUANA, NEGRO),""2025-12-08 19:52:14"",""0.0"""
"[100446] CARTERA AMARILLA SET SOBRE (CROCO, CANELA),""2025-12-08 19:52:14"",""0.0"""
"[101246] PHONEBAG TANIA (GAMUZA, CAFE),""2025-12-08 19:52:14"",""0.0"""
"[101150] MONEDERO GRACE (NAPADO, ROJO),""2025-12-08 19:52:14"",""0.0"""
"[101148] MONEDERO GRACE (NAPADO, AZUL),""2025-12-08 19:52:14"",""0.0"""
"[100230] BILLETERA PENY (NAPADO, ROJO),""2025-12-08 19:52:14"",""0.0"""
"[100008] BANDOLERA ANTONIETA (BRIDGE, NEGRO),""2025-12-08 19:52:14"",""0.0"""
"[101139] MONEDERO GRACE (BRIDGE, MALBEC),""2025-12-08 19:52:14"",""0.0"""
"[101724] TARJETERO HARRY (BRIDGE, MALBEC),""2025-12-08 19:52:14"",""0.0"""
"[100559] CARTERA LONDRES (BRIDGE, NEGRO),""2025-12-08 19:52:14"",""0.0"""
"[103998] CARTERA LONDRES (BRIDGE, CARAMELO),""2025-12-08 19:52:14"",""0.0"""
"[100560] CARTERA LONDRES (BRIDGE, ROJO),""2025-12-08 19:52:14"",""0.0"""
"[101689] TARJETERO ARIES (BRIDGE, MALBEC),""2025-12-08 19:52:14"",""0.0"""
"[100225] BILLETERA PENY (BRIDGE, NEGRO),""2025-12-08 19:52:14"",""0.0"""
"[101072] MOCHILA MARCOS (BRIDGE, CARAMELO),""2025-12-08 19:52:14"",""0.0"""
"[100208] BILLETERA MILO SIMPLE (NAPADO, SUELA),""2025-12-08 19:52:14"",""0.0"""
"[100207] BILLETERA MILO SIMPLE (NAPADO, AZUL),""2025-12-08 19:52:14"",""0.0"""
"[100743] CINTURON PANAMA (85, TOSTADO),""2025-12-08 19:52:14"",""0.0"""
"[100744] CINTURON PANAMA (90, TOSTADO),""2025-12-08 19:52:14"",""0.0"""
"[100745] CINTURON PANAMA (95, TOSTADO),""2025-12-08 19:52:14"",""0.0"""
"[100747] CINTURON PANAMA (105, TOSTADO),""2025-12-08 19:52:14"",""0.0"""
"[100748] CINTURON PANAMA (110, TOSTADO),""2025-12-08 19:52:14"",""0.0"""
"[100749] CINTURON PANAMA (115, TOSTADO),""2025-12-08 19:52:14"",""0.0"""
"[100750] CINTURON PANAMA (120, TOSTADO),""2025-12-08 19:52:14"",""0.0"""
"[100751] CINTURON PANAMA (85, VERDE),""2025-12-08 19:52:14"",""0.0"""
"[100755] CINTURON PANAMA (105, VERDE),""2025-12-08 19:52:14"",""0.0"""
"[100756] CINTURON PANAMA (110, VERDE),""2025-12-08 19:52:14"",""0.0"""
"[100758] CINTURON PANAMA (120, VERDE),""2025-12-08 19:52:14"",""0.0"""
"[100740] CINTURON PANAMA (110, AZUL),""2025-12-08 19:52:14"",""0.0"""
"[100741] CINTURON PANAMA (115, AZUL),""2025-12-08 19:52:14"",""0.0"""
"[100742] CINTURON PANAMA (120, AZUL),""2025-12-08 19:52:14"",""0.0"""
"[100433] CARTERA AMARILLA C/CIERRE (CARAMELO),""2025-12-08 19:52:14"",""0.0"""
"[100565] CARTERA MINI APHOLO C/CIERRE (BRIDGE, NEGRO),""2025-12-08 19:52:14"",""0.0"""
"[100690] CINTURON GUS (110, NEGRO),""2025-12-08 19:52:14"",""0.0"""
"[100691] CINTURON GUS (115, NEGRO),""2025-12-08 19:52:14"",""0.0"""
"[100692] CINTURON GUS (120, NEGRO),""2025-12-08 19:52:14"",""0.0"""
"[100687] CINTURON GUS (85, NEGRO),""2025-12-08 19:52:14"",""0.0"""
"[100471] CARTERA APHOLO C/CIERRE (BRIDGE, NEGRO),""2025-12-08 19:52:14"",""0.0"""
"[100472] CARTERA APHOLO C/CIERRE (BRIDGE, TABACO),""2025-12-08 19:52:14"",""0.0"""
"[100468] CARTERA APHOLO C/CIERRE (BRIDGE, CARAMELO),""2025-12-08 19:52:14"",""0.0"""
"[100470] CARTERA APHOLO C/CIERRE (BRIDGE, MALBEC),""2025-12-08 19:52:14"",""0.0"""
"[101171] MORRAL BERLIN (CHOCOLATE),""2025-12-08 19:52:14"",""0.0"""
"[101175] MORRAL CARLOS (CHOCOLATE),""2025-12-08 19:52:14"",""0.0"""
"[100558] CARTERA LONDRES (BRIDGE, MALBEC),""2025-12-08 19:52:14"",""0.0"""
"[100181] BILLETERA LIAM (NAPADO, CARAMELO),""2025-12-08 19:52:14"",""0.0"""
"[100183] BILLETERA LIAM (NAPADO, NEGRO),""2025-12-08 19:52:14"",""0.0"""
"[103155] BOLSO TUBO GRANDE (BRIDGE, GRIS OSCURO/TABACO),""2025-12-08 19:52:14"",""0.0"""
"[100260] BOLSO TUBO GRANDE (GAMUZA, CAFE/NEGRO),""2025-12-08 19:52:14"",""0.0"""
"[100555] CARTERA LISBOA (NAPADO, VERDE),""2025-12-08 19:52:14"",""0.0"""
"[100509] CARTERA DOS HEBILLAS NEW (GAMUZA, OLIVE/TABACO),""2025-12-08 19:52:14"",""0.0"""
"[100273] BOLSO URBANO (BRIDGE, CHOCOLATE),""2025-12-08 19:52:14"",""0.0"""
"[100245] BOLSO LIHUEN (BRIDGE, NEGRO),""2025-12-08 19:52:14"",""0.0"""
"[100564] CARTERA MINI APHOLO C/CIERRE (BRIDGE, MALBEC),""2025-12-08 19:52:14"",""0.0"""
"[101342] PORTALAPTOP ELOY (FIORENTINO, CEDRO),""2025-12-08 19:52:14"",""0.0"""
"[101159] MORRAL ADI VINTAGE (BRIDGE, NEGRO),""2025-12-08 19:52:14"",""0.0"""
"[101352] PORTALAPTOP LES (BRIDGE, CHOCOLATE),""2025-12-08 19:52:14"",""0.0"""
"[101357] PORTALAPTOP LES (FIORENTINO, CEDRO),""2025-12-08 19:52:14"",""0.0"""
"[101386] PORTALENTES LUZ (BRIDGE, CHOCOLATE),""2025-12-08 19:52:14"",""0.0"""
"[101790] TARJETERO RUBI (FIORENTINO, CEDRO),""2025-12-08 19:52:14"",""0.0"""
"[100262] BOLSO TUBO GRANDE (GAMUZA, OLIVE/CARAMELO),""2025-12-08 19:52:14"",""0.0"""
"[100255] BOLSO TUBO GRANDE (FIORENTINO, CEDRO),""2025-12-08 19:52:14"",""0.0"""
"[100089] BANDOLERA NOE (NAPA LOLA SOFT, HAVANA),""2025-12-08 19:52:14"",""0.0"""
"[103179] BOLSO TUBO GRANDE (NAPADO, GRIS OSCURO/CARAMELO),""2025-12-08 19:52:14"",""0.0"""
"[101302] PORTAFOLIO HUAPI (FIORENTINO, CEDRO),""2025-12-08 19:52:14"",""0.0"""
"[101300] PORTAFOLIO HUAPI (BRIDGE, NEGRO),""2025-12-08 19:52:14"",""0.0"""
"[100111] BANDOLERA VICENTA (GAMUZA, AZUL),""2025-12-08 19:52:14"",""0.0"""
"[100113] BANDOLERA VICENTA (GAMUZA, GRIS MEDIO),""2025-12-08 19:52:14"",""0.0"""
"[100114] BANDOLERA VICENTA (GAMUZA, GRIS OSCURO),""2025-12-08 19:52:14"",""0.0"""
"[100247] BOLSO LIHUEN (FIORENTINO, CEDRO),""2025-12-08 19:52:14"",""0.0"""
"[101190] MORRAL OLDIE (FIORENTINO, CEDRO),""2025-12-08 19:52:14"",""0.0"""
"[101093] MOCHILA PACARI (FIORENTINO, CEDRO),""2025-12-08 19:52:14"",""0.0"""
"[101371] PORTALENTES COLBY (FIORENTINO, CEDRO),""2025-12-08 19:52:14"",""0.0"""
"[101368] PORTALENTES COLBY (BRIDGE, NEGRO),""2025-12-08 19:52:14"",""0.0"""
"[101683] TAG SIMPLE (NEGRO),""2025-12-08 19:52:14"",""0.0"""
"[101685] TAG SIMPLE (TABACO),""2025-12-08 19:52:14"",""0.0"""
"[101100] MOCHILA PIETRO (FIORENTINO, CEDRO),""2025-12-08 19:52:14"",""0.0"""
"[101854] ZAPATILLA URBANA (40, NEGRO),""2025-12-08 19:52:14"",""0.0"""
"[101855] ZAPATILLA URBANA (41, NEGRO),""2025-12-08 19:52:14"",""0.0"""
"[101856] ZAPATILLA URBANA (42, NEGRO),""2025-12-08 19:52:14"",""0.0"""
"[101857] ZAPATILLA URBANA (43, NEGRO),""2025-12-08 19:52:14"",""0.0"""
"[101858] ZAPATILLA URBANA (44, NEGRO),""2025-12-08 19:52:14"",""0.0"""
"[101861] ZAPATILLA URBANA (40, SUELA),""2025-12-08 19:52:14"",""0.0"""
"[101862] ZAPATILLA URBANA (41, SUELA),""2025-12-08 19:52:14"",""0.0"""
"[101863] ZAPATILLA URBANA (42, SUELA),""2025-12-08 19:52:14"",""0.0"""
"[101865] ZAPATILLA URBANA (44, SUELA),""2025-12-08 19:52:14"",""0.0"""
"[101070] MOCHILA LIBRA (NEGRO),""2025-12-08 19:52:14"",""0.0"""
"[101071] MOCHILA LIBRA (TABACO),""2025-12-08 19:52:14"",""0.0"""
"[101069] MOCHILA LIBRA (MALBEC),""2025-12-08 19:52:14"",""0.0"""
"[101449] PORTAPASAPORTE CHESTER (FIORENTINO, CEDRO),""2025-12-08 19:52:14"",""0.0"""
"[101694] TARJETERO ARIES (FIORENTINO, CEDRO),""2025-12-08 19:52:14"",""0.0"""
"[101400] PORTALENTES LUZ (NAPADO, AZUL),""2025-12-08 19:52:14"",""0.0"""
"[101670] TAG AMAYA (VISON),""2025-12-08 19:52:14"",""0.0"""
"[101282] PORTACABLES (3) (FIORENTINO, CEDRO),""2025-12-08 19:52:14"",""0.0"""
"[103203] PORTACABLES (3) (VAQUETA, CHOCOLATE),""2025-12-08 19:52:14"",""0.0"""
"[103204] PORTACABLES (3) (VAQUETA, DULCE DE LECHE),""2025-12-08 19:52:14"",""0.0"""
"[101284] PORTACABLES (3) (VAQUETA, NATURAL),""2025-12-08 19:52:14"",""0.0"""
"[103206] PORTACABLES (3) (VAQUETA, NEGRO),""2025-12-08 19:52:14"",""0.0"""
"[103205] PORTACABLES (3) (VAQUETA, SUELA),""2025-12-08 19:52:14"",""0.0"""
"[101079] MOCHILA MARCOS FULL BLACK (BRIDGE),""2025-12-08 19:52:14"",""0.0"""
"[101101] MOCHILA PIETRO FULL BLACK,""2025-12-08 19:52:14"",""0.0"""
"[100065] BANDOLERA NATY SIMPLE (GAMUZA, AZUL),""2025-12-08 19:52:14"",""0.0"""
"[101272] PORTACABLES (2) (FIORENTINO, CEDRO),""2025-12-08 19:52:14"",""0.0"""
"[101273] PORTACABLES (2) (MODENA, NEGRO),""2025-12-08 19:52:14"",""0.0"""
"[101373] PORTALENTES COLBY (IGUANA, CARAMELO),""2025-12-08 19:52:14"",""0.0"""
"[101372] PORTALENTES COLBY (IGUANA, AZUL),""2025-12-08 19:52:14"",""0.0"""
"[101375] PORTALENTES COLBY (IGUANA, ROJO),""2025-12-08 19:52:14"",""0.0"""
"[101366] PORTALENTES COLBY (BRIDGE, CARAMELO),""2025-12-08 19:52:14"",""0.0"""
"[101370] PORTALENTES COLBY (BRIDGE, TABACO),""2025-12-08 19:52:14"",""0.0"""
"[101369] PORTALENTES COLBY (BRIDGE, ROJO),""2025-12-08 19:52:14"",""0.0"""
"[101374] PORTALENTES COLBY (IGUANA, NEGRO),""2025-12-08 19:52:14"",""0.0"""
"[101557] RIÑONERA CRUZ L (BRIDGE, CARAMELO),""2025-12-08 19:52:14"",""0.0"""
"[101561] RIÑONERA CRUZ L (FIORENTINO, CEDRO),""2025-12-08 19:52:14"",""0.0"""
"[101231] NECESSAIRE MINI MARCOS (FIORENTINO, CEDRO),""2025-12-08 19:52:14"",""0.0"""
"[101347] PORTALAPTOP JOY (FIORENTINO, CEDRO),""2025-12-08 19:52:14"",""0.0"""
"[101415] PORTALENTES MANU (IGUANA, NEGRO),""2025-12-08 19:52:14"",""0.0"""
"[101416] PORTALENTES MANU (IGUANA, ROJO),""2025-12-08 19:52:14"",""0.0"""
"[101408] PORTALENTES MANU (BRIDGE, CARAMELO),""2025-12-08 19:52:14"",""0.0"""
"[101411] PORTALENTES MANU (BRIDGE, NEGRO),""2025-12-08 19:52:14"",""0.0"""
"[101287] PORTACINTO ELIAS (FIORENTINO, CEDRO),""2025-12-08 19:52:14"",""0.0"""
"[101288] PORTACINTO ELIAS (MODENA, NEGRO),""2025-12-08 19:52:14"",""0.0"""
"[101289] PORTACINTO ELIAS (MODENA, TABACO),""2025-12-08 19:52:14"",""0.0"""
"[100728] CINTURON MIA (XS, ROJO),""2025-12-08 19:52:14"",""0.0"""
"[100734] CINTURON MIA (XS, VERDE),""2025-12-08 19:52:14"",""0.0"""
"[100211] BILLETERA MILO SIMPLE (SALLY, SUELA),""2025-12-08 19:52:14"",""0.0"""
"[101666] TAG AMAYA (CHOCOLATE),""2025-12-08 19:52:14"",""0.0"""
"[101667] TAG AMAYA (NATURAL),""2025-12-08 19:52:14"",""0.0"""
"[101668] TAG AMAYA (NEGRO),""2025-12-08 19:52:14"",""0.0"""
"[101422] PORTALENTES ORION (BRIDGE, MALBEC),""2025-12-08 19:52:14"",""0.0"""
"[100057] BANDOLERA NATY (VERDE),""2025-12-08 19:52:14"",""0.0"""
"[101096] MOCHILA PIETRO (BRIDGE, CARAMELO),""2025-12-08 19:52:14"",""0.0"""
"[100978] LLAVERO KAREN (AZUL/AVELLANA),""2025-12-08 19:52:14"",""0.0"""
"[100980] LLAVERO KAREN (AZUL/MARSALA),""2025-12-08 19:52:14"",""0.0"""
"[100985] LLAVERO KAREN (CARAMELO/CAFE),""2025-12-08 19:52:14"",""0.0"""
"[100986] LLAVERO KAREN (CARAMELO/MARSALA),""2025-12-08 19:52:14"",""0.0"""
"[100988] LLAVERO KAREN (CARAMELO/OLIVE),""2025-12-08 19:52:14"",""0.0"""
"[100990] LLAVERO KAREN (MALBEC/MARSALA),""2025-12-08 19:52:14"",""0.0"""
"[100993] LLAVERO KAREN (NEGRO/GRIS MEDIO),""2025-12-08 19:52:14"",""0.0"""
"[100996] LLAVERO KAREN (NEGRO/OXIDO),""2025-12-08 19:52:14"",""0.0"""
"[100997] LLAVERO KAREN (NEGRO/VESUBIO),""2025-12-08 19:52:14"",""0.0"""
"[100999] LLAVERO KAREN (TABACO/OLIVE),""2025-12-08 19:52:14"",""0.0"""
"[101784] TARJETERO RUBI (BRIDGE, MALBEC),""2025-12-08 19:52:14"",""0.0"""
"[101789] TARJETERO RUBI (DUNA, NEGRO),""2025-12-08 19:52:14"",""0.0"""
"[103217] ZAPATILLA MATEO (42, BORGOÑA),""2025-12-08 19:52:14"",""0.0"""
"[101869] ZAPATILLA URBANA (41, TABACO),""2025-12-08 19:52:14"",""0.0"""
"[101870] ZAPATILLA URBANA (42, TABACO),""2025-12-08 19:52:14"",""0.0"""
"CARTERA LISBOA (GAMUZA, AZUL),""2025-12-08 19:52:14"",""0.0"""
"[100542] CARTERA LISBOA (GAMUZA, OLIVE/TABACO),""2025-12-08 19:52:14"",""0.0"""
"[101634] SEÑALADOR (CHOCOLATE),""2025-12-08 19:52:14"",""0.0"""
"[101636] SEÑALADOR (SUELA),""2025-12-08 19:52:14"",""0.0"""
"[100107] BANDOLERA VICENTA (BRIDGE, MALBEC),""2025-12-08 19:52:14"",""0.0"""
"[101120] MONEDERO AMBAR (NAPADO, CARAMELO),""2025-12-08 19:52:14"",""0.0"""
"[101121] MONEDERO AMBAR (NAPADO, NEGRO),""2025-12-08 19:52:14"",""0.0"""
"[101123] MONEDERO AMBAR (NAPADO, TABACO),""2025-12-08 19:52:14"",""0.0"""
"[101119] MONEDERO AMBAR (NAPADO, AZUL),""2025-12-08 19:52:14"",""0.0"""
"[101711] TARJETERO BILL (DUNA, NEGRO),""2025-12-08 19:52:14"",""0.0"""
"[100215] BILLETERA OSADIA (BRIDGE, MALBEC),""2025-12-08 19:52:14"",""0.0"""
"[100506] CARTERA DOS HEBILLAS NEW (GAMUZA, AZUL/TABACO),""2025-12-08 19:52:14"",""0.0"""
"[101207] NECESSAIRE FELI (BRIDGE, ROJO),""2025-12-08 19:52:14"",""0.0"""
"[100184] BILLETERA LIAM (NAPADO, SUELA),""2025-12-08 19:52:14"",""0.0"""
"[101217] NECESSAIRE LARA (BRIDGE, CARAMELO),""2025-12-08 19:52:14"",""0.0"""
"[101218] NECESSAIRE LARA (BRIDGE, MALBEC),""2025-12-08 19:52:14"",""0.0"""
"[101219] NECESSAIRE LARA (BRIDGE, NEGRO),""2025-12-08 19:52:14"",""0.0"""
"[101220] NECESSAIRE LARA (FIORENTINO, CEDRO),""2025-12-08 19:52:14"",""0.0"""
"[101221] NECESSAIRE LARA (IGUANA, CARAMELO),""2025-12-08 19:52:14"",""0.0"""
"[101222] NECESSAIRE LARA (IGUANA, NEGRO),""2025-12-08 19:52:14"",""0.0"""
"[101223] NECESSAIRE LARA (IGUANA, ROJO),""2025-12-08 19:52:14"",""0.0"""
"[100473] CARTERA APHOLO C/CIERRE (FIORENTINO, CEDRO),""2025-12-08 19:52:14"",""0.0"""
"[101242] PHONEBAG TANIA (BRIDGE, NEGRO),""2025-12-08 19:52:14"",""0.0"""
"[101245] PHONEBAG TANIA (GAMUZA, AZUL),""2025-12-08 19:52:14"",""0.0"""
"[100096] BANDOLERA RUFINA (DUNA, NEGRO),""2025-12-08 19:52:14"",""0.0"""
"[100097] BANDOLERA RUFINA (NAPADO, CARAMELO),""2025-12-08 19:52:14"",""0.0"""
"[100099] BANDOLERA RUFINA (NAPADO, SUELA),""2025-12-08 19:52:14"",""0.0"""
"[100126] BILLETERA ADAM (BRIDGE, CARAMELO),""2025-12-08 19:52:14"",""0.0"""
"[100128] BILLETERA ADAM (BRIDGE, NEGRO),""2025-12-08 19:52:14"",""0.0"""
"[100258] BOLSO TUBO GRANDE (GAMUZA, AZUL/CARAMELO),""2025-12-08 19:52:14"",""0.0"""
"[101285] PORTACINTO ELIAS (BRIDGE, NEGRO),""2025-12-08 19:52:14"",""0.0"""
"[101286] PORTACINTO ELIAS (BRIDGE, TABACO),""2025-12-08 19:52:14"",""0.0"""
"[101641] SOBRE GEMINI (NAPADO, MALBEC),""2025-12-08 19:52:14"",""0.0"""
"[100129] BILLETERA ADAM (BRIDGE, TABACO),""2025-12-08 19:52:14"",""0.0"""
"[100131] BILLETERA ADAM (NAPADO, AZUL),""2025-12-08 19:52:14"",""0.0"""
"[100132] BILLETERA ADAM (NAPADO, NEGRO),""2025-12-08 19:52:14"",""0.0"""
"[100133] BILLETERA ADAM (NAPADO, SUELA),""2025-12-08 19:52:14"",""0.0"""
"[100530] CARTERA LEANDRA (NAPADO, CARAMELO),""2025-12-08 19:52:14"",""0.0"""
"[101129] MONEDERO CORY (IGUANA, CARAMELO),""2025-12-08 19:52:14"",""0.0"""
"[101130] MONEDERO CORY (IGUANA, NEGRO),""2025-12-08 19:52:14"",""0.0"""
"[100032] BANDOLERA CARLA (FIORENTINO, CEDRO),""2025-12-08 19:52:14"",""0.0"""
"[101360] PORTALAPTOP MILTON (BRIDGE, MALBEC),""2025-12-08 19:52:14"",""0.0"""
"[101361] PORTALAPTOP MILTON (BRIDGE, NEGRO),""2025-12-08 19:52:14"",""0.0"""
"[101363] PORTALAPTOP MILTON (FIORENTINO, CEDRO),""2025-12-08 19:52:14"",""0.0"""
"[101365] PORTALAPTOP MILTON (MODENA, NEGRO),""2025-12-08 19:52:14"",""0.0"""
"[101367] PORTALENTES COLBY (BRIDGE, MALBEC),""2025-12-08 19:52:14"",""0.0"""
"[100991] LLAVERO KAREN (MALBEC/OXIDO),""2025-12-08 19:52:14"",""0.0"""
"[100994] LLAVERO KAREN (NEGRO/GRIS OSCURO),""2025-12-08 19:52:14"",""0.0"""
"[101417] PORTALENTES MANU (VAQUETA, CHOCOLATE),""2025-12-08 19:52:14"",""0.0"""
"[101419] PORTALENTES MANU (VAQUETA, NATURAL),""2025-12-08 19:52:14"",""0.0"""
"[101420] PORTALENTES MANU (VAQUETA, SUELA),""2025-12-08 19:52:14"",""0.0"""
"[101728] TARJETERO HARRY (FIORENTINO, CEDRO),""2025-12-08 19:52:14"",""0.0"""
"[100495] CARTERA CHALTEN (BRIDGE, LONDON),""2025-12-08 19:52:14"",""0.0"""
"[100499] CARTERA CHALTEN (BRIDGE, TABACO),""2025-12-08 19:52:14"",""0.0"""
"[100984] LLAVERO KAREN (CARAMELO/AZUL),""2025-12-08 19:52:14"",""0.0"""
"[101099] MOCHILA PIETRO (DUNA, NEGRO),""2025-12-08 19:52:14"",""0.0"""
"[101128] MONEDERO CORY (DUNA, NEGRO),""2025-12-08 19:52:14"",""0.0"""
"[101132] MONEDERO CORY (NAPADO, CARAMELO),""2025-12-08 19:52:14"",""0.0"""
"[101133] MONEDERO CORY (NAPADO, MALBEC),""2025-12-08 19:52:14"",""0.0"""
"[101205] NECESSAIRE FELI (BRIDGE, CARAMELO),""2025-12-08 19:52:14"",""0.0"""
"[101206] NECESSAIRE FELI (BRIDGE, NEGRO),""2025-12-08 19:52:14"",""0.0"""
"[101208] NECESSAIRE FELI (BRIDGE, TABACO),""2025-12-08 19:52:14"",""0.0"""
"[101209] NECESSAIRE FELI (IGUANA, CARAMELO),""2025-12-08 19:52:14"",""0.0"""
"[101210] NECESSAIRE FELI (IGUANA, NEGRO),""2025-12-08 19:52:14"",""0.0"""
"[101211] NECESSAIRE FELI (IGUANA, ROJO),""2025-12-08 19:52:14"",""0.0"""
"[101254] PHONEBAG TAURUS (CHOCOLATE),""2025-12-08 19:52:14"",""0.0"""
"[101418] PORTALENTES MANU (VAQUETA, DULCE DE LECHE),""2025-12-08 19:52:14"",""0.0"""
"[101094] MOCHILA PACARI (FIORENTINO, NEGRO),""2025-12-08 19:52:14"",""0.0"""
"[101086] MOCHILA PACARI (BRIDGE, CHOCOLATE),""2025-12-08 19:52:14"",""0.0"""
"[100435] CARTERA AMARILLA C/CIERRE (LONDON),""2025-12-08 19:52:14"",""0.0"""
"[100028] BANDOLERA CARLA (BRIDGE, LONDON),""2025-12-08 19:52:14"",""0.0"""
"[100244] BOLSO LIHUEN (BRIDGE, CHOCOLATE),""2025-12-08 19:52:14"",""0.0"""
"[101777] TARJETERO ROMA (BRIDGE, CHOCOLATE),""2025-12-08 19:52:14"",""0.0"""
"[100212] BILLETERA MILO SIMPLE (DUNA, NEGRO),""2025-12-08 19:52:14"",""0.0"""
"[101434] PORTALENTES ORION (VINTAGE, MEDIO),""2025-12-08 19:52:14"",""0.0"""
"[100199] BILLETERA LUCA (NAPADO, MALBEC),""2025-12-08 19:52:14"",""0.0"""
"[100201] BILLETERA LUCA (NAPADO, ROJO),""2025-12-08 19:52:14"",""0.0"""
"[100571] CARTERA MINI APHOLO SET SOBRE (BRIDGE, CHOCOLATE),""2025-12-08 19:52:14"",""0.0"""
"[101558] RIÑONERA CRUZ L (BRIDGE, CHOCOLATE),""2025-12-08 19:52:14"",""0.0"""
"[101563] RIÑONERA CRUZ S (BRIDGE, CHOCOLATE),""2025-12-08 19:52:14"",""0.0"""
"[101569] RIÑONERA CRUZ S (FIORENTINO, CEDRO),""2025-12-08 19:52:14"",""0.0"""
"[101095] MOCHILA PACARI (VINTAGE, LIGHT),""2025-12-08 19:52:14"",""0.0"""
"[100192] BILLETERA LUCA (DUNA, NEGRO),""2025-12-08 19:52:14"",""0.0"""
"[101378] PORTALENTES COLBY (VINTAGE, MEDIO),""2025-12-08 19:52:14"",""0.0"""
"[100979] LLAVERO KAREN (AZUL/AZUL),""2025-12-08 19:52:14"",""0.0"""
"[101427] PORTALENTES ORION (NAPADO, MALBEC),""2025-12-08 19:52:14"",""0.0"""
"[101153] MONEDERO LUISA (BRIDGE, MALBEC),""2025-12-08 19:52:14"",""0.0"""
"[101154] MONEDERO LUISA (BRIDGE, NEGRO),""2025-12-08 19:52:14"",""0.0"""
"[101157] MONEDERO LUISA (NAPADO, CARAMELO),""2025-12-08 19:52:14"",""0.0"""
"[100078] BANDOLERA NEW VICENTA (DESCARNE, AZUL),""2025-12-08 19:52:14"",""0.0"""
"[100080] BANDOLERA NEW VICENTA (GAMUZA, VESUBIO/TABACO),""2025-12-08 19:52:14"",""0.0"""
"[100081] BANDOLERA NEW VICENTA (NAPADO, CARAMELO),""2025-12-08 19:52:14"",""0.0"""
"[100585] CARTERA MINI EMMA (NAPADO, NEGRO),""2025-12-08 19:52:14"",""0.0"""
"[101235] NECESSAIRE TOM (BRIDGE, CARAMELO),""2025-12-08 19:52:14"",""0.0"""
"[101236] NECESSAIRE TOM (BRIDGE, CHOCOLATE),""2025-12-08 19:52:14"",""0.0"""
"[101238] NECESSAIRE TOM (BRIDGE, ROJO),""2025-12-08 19:52:14"",""0.0"""
"[101239] NECESSAIRE TOM (BRIDGE, TABACO),""2025-12-08 19:52:14"",""0.0"""
"[101317] PORTAFOLIO VENUS CHICO (GAMUZA, AZUL/CARAMELO),""2025-12-08 19:52:14"",""0.0"""
"[101318] PORTAFOLIO VENUS CHICO (GAMUZA, GRIS MEDIO/CARAMELO),""2025-12-08 19:52:14"",""0.0"""
"[101320] PORTAFOLIO VENUS CHICO (GAMUZA, OLIVE/TABACO),""2025-12-08 19:52:14"",""0.0"""
"[101321] PORTAFOLIO VENUS CHICO (GAMUZA, VESUBIO/TABACO),""2025-12-08 19:52:14"",""0.0"""
"[101317] PORTAFOLIO VENUS CHICO (GAMUZA, AZUL/CARAMELO),""2025-12-08 19:52:14"",""0.0"""
"[100531] CARTERA LEANDRA (NAPADO, MALBEC),""2025-12-08 19:52:14"",""0.0"""
"[100532] CARTERA LEANDRA (NAPADO, NEGRO),""2025-12-08 19:52:14"",""0.0"""
"[101103] MOCHILA PORTIA (BRIDGE, CHOCOLATE),""2025-12-08 19:52:14"",""0.0"""
"[101343] PORTALAPTOP ELOY (FIORENTINO, NEGRO),""2025-12-08 19:52:14"",""0.0"""
"[101682] TAG SIMPLE (CARAMELO),""2025-12-08 19:52:14"",""0.0"""
"[101686] TAG SIMPLE (VERDE),""2025-12-08 19:52:14"",""0.0"""
"[100511] CARTERA EMILIA (CRASH, NEGRO),""2025-12-08 19:52:14"",""0.0"""
"[100512] CARTERA EMILIA (DUNA, NEGRO),""2025-12-08 19:52:14"",""0.0"""
"[100513] CARTERA EMILIA (NAPADO, CARAMELO),""2025-12-08 19:52:14"",""0.0"""
"[100514] CARTERA EMILIA (NAPADO, MALBEC),""2025-12-08 19:52:14"",""0.0"""
"[101122] MONEDERO AMBAR (NAPADO, ROJO),""2025-12-08 19:52:14"",""0.0"""
"[101151] MONEDERO GRACE (VINTAGE, MEDIO),""2025-12-08 19:52:14"",""0.0"""
"[100085] BANDOLERA NEW VICENTA (NAPADO, SUELA),""2025-12-08 19:52:14"",""0.0"""
"[101237] NECESSAIRE TOM (BRIDGE, NEGRO),""2025-12-08 19:52:14"",""0.0"""
"[101240] NECESSAIRE TOM (DUNA, NEGRO),""2025-12-08 19:52:14"",""0.0"""
"[100127] BILLETERA ADAM (BRIDGE, CHOCOLATE),""2025-12-08 19:52:14"",""0.0"""
"[100082] BANDOLERA NEW VICENTA (NAPADO, MALBEC),""2025-12-08 19:52:14"",""0.0"""
"[100552] CARTERA LISBOA (NAPADO, MALBEC),""2025-12-08 19:52:14"",""0.0"""
"[100797] CINTURON TOKIO (110),""2025-12-08 19:52:14"",""0.0"""
"[100798] CINTURON TOKIO (13),""2025-12-08 19:52:14"",""0.0"""
"[101118] MONEDERO AMBAR (DUNA, NEGRO),""2025-12-08 19:52:14"",""0.0"""
"[101467] PORTAPASAPORTE RON (CRASH, AZUL),""2025-12-08 19:52:14"",""0.0"""
"[100182] BILLETERA LIAM (NAPADO, CHOCOLATE),""2025-12-08 19:52:14"",""0.0"""
"[100179] BILLETERA LIAM (DUNA, NEGRO),""2025-12-08 19:52:14"",""0.0"""
"[101507] REMERA AMADEO (S, BLANCO),""2025-12-08 19:52:14"",""0.0"""
"[101508] REMERA AMADEO (M, BLANCO),""2025-12-08 19:52:14"",""0.0"""
"[101509] REMERA AMADEO (L, BLANCO),""2025-12-08 19:52:14"",""0.0"""
"[101510] REMERA AMADEO (XL, BLANCO),""2025-12-08 19:52:14"",""0.0"""
"[101511] REMERA AMADEO (2XL, BLANCO),""2025-12-08 19:52:14"",""0.0"""
"[101517] REMERA AMADEO (S, NEGRO),""2025-12-08 19:52:14"",""0.0"""
"[101518] REMERA AMADEO (M, NEGRO),""2025-12-08 19:52:14"",""0.0"""
"[101519] REMERA AMADEO (L, NEGRO),""2025-12-08 19:52:14"",""0.0"""
"[101520] REMERA AMADEO (XL, NEGRO),""2025-12-08 19:52:14"",""0.0"""
"[101521] REMERA AMADEO (2XL, NEGRO),""2025-12-08 19:52:14"",""0.0"""
"[101512] REMERA AMADEO (S, CHARCOAL),""2025-12-08 19:52:14"",""0.0"""
"[101513] REMERA AMADEO (M, CHARCOAL),""2025-12-08 19:52:14"",""0.0"""
"[101514] REMERA AMADEO (L, CHARCOAL),""2025-12-08 19:52:14"",""0.0"""
"[101515] REMERA AMADEO (XL, CHARCOAL),""2025-12-08 19:52:14"",""0.0"""
"[101516] REMERA AMADEO (2XL, CHARCOAL),""2025-12-08 19:52:14"",""0.0"""
"[101530] REMERA DANA (L, BLANCO),""2025-12-08 19:52:14"",""0.0"""
"[101529] REMERA DANA (M, BLANCO),""2025-12-08 19:52:14"",""0.0"""
"[101528] REMERA DANA (S, BLANCO),""2025-12-08 19:52:14"",""0.0"""
"[101527] REMERA DANA (XS, BLANCO),""2025-12-08 19:52:14"",""0.0"""
"[101545] REMERA DANA (L, NEGRO),""2025-12-08 19:52:14"",""0.0"""
"[101544] REMERA DANA (M, NEGRO),""2025-12-08 19:52:14"",""0.0"""
"[101543] REMERA DANA (S, NEGRO),""2025-12-08 19:52:14"",""0.0"""
"[101546] REMERA DANA (XL, NEGRO),""2025-12-08 19:52:14"",""0.0"""
"[101542] REMERA DANA (XS, NEGRO),""2025-12-08 19:52:14"",""0.0"""
"[101535] REMERA DANA (L, CHARCOAL),""2025-12-08 19:52:14"",""0.0"""
"[101534] REMERA DANA (M, CHARCOAL),""2025-12-08 19:52:14"",""0.0"""
"[101533] REMERA DANA (S, CHARCOAL),""2025-12-08 19:52:14"",""0.0"""
"[101532] REMERA DANA (XS, CHARCOAL),""2025-12-08 19:52:14"",""0.0"""
"[101539] REMERA DANA (M, HUESO),""2025-12-08 19:52:14"",""0.0"""
"[101538] REMERA DANA (S, HUESO),""2025-12-08 19:52:14"",""0.0"""
"[101537] REMERA DANA (XS, HUESO),""2025-12-08 19:52:14"",""0.0"""
"[101550] REMERA NOA (L, BLANCO),""2025-12-08 19:52:14"",""0.0"""
"[101549] REMERA NOA (M, BLANCO),""2025-12-08 19:52:14"",""0.0"""
"[101548] REMERA NOA (S, BLANCO),""2025-12-08 19:52:14"",""0.0"""
"[101551] REMERA NOA (XL, BLANCO),""2025-12-08 19:52:14"",""0.0"""
"[101547] REMERA NOA (XS, BLANCO),""2025-12-08 19:52:14"",""0.0"""
"[101555] REMERA NOA (L, NEGRO),""2025-12-08 19:52:14"",""0.0"""
"[101554] REMERA NOA (M, NEGRO),""2025-12-08 19:52:14"",""0.0"""
"[101553] REMERA NOA (S, NEGRO),""2025-12-08 19:52:14"",""0.0"""
"[101556] REMERA NOA (XL, NEGRO),""2025-12-08 19:52:14"",""0.0"""
"[101552] REMERA NOA (XS, NEGRO),""2025-12-08 19:52:14"",""0.0"""
"[100084] BANDOLERA NEW VICENTA (NAPADO, ROJO),""2025-12-08 19:52:14"",""0.0"""
"[101147] MONEDERO GRACE (MODENA, VERDE),""2025-12-08 19:52:14"",""0.0"""
"[100458] CARTERA AMARILLA SET SOBRE (MODENA, VERDE),""2025-12-08 19:52:14"",""0.0"""
"[100562] CARTERA LONDRES (MODENA, VERDE),""2025-12-08 19:52:14"",""0.0"""
"[101531] REMERA DANA (XL, BLANCO),""2025-12-08 19:52:14"",""0.0"""
"[101540] REMERA DANA (L, HUESO),""2025-12-08 19:52:14"",""0.0"""
"[101541] REMERA DANA (XL, HUESO),""2025-12-08 19:52:14"",""0.0"""
"[101536] REMERA DANA (XL, CHARCOAL),""2025-12-08 19:52:14"",""0.0"""
"[100616] CHALINA EXEDRA (BEIGE),""2025-12-08 19:52:14"",""0.0"""
"[100620] CHALINA EXEDRA (OFF WHITE),""2025-12-08 19:52:14"",""0.0"""
"[100619] CHALINA EXEDRA (NEGRO),""2025-12-08 19:52:14"",""0.0"""
"[101025] MEDIAS MEDIA CAÑA (BEIGE),""2025-12-08 19:52:14"",""0.0"""
"[101026] MEDIAS MEDIA CAÑA (BLANCO),""2025-12-08 19:52:14"",""0.0"""
"[101027] MEDIAS MEDIA CAÑA (GRIS),""2025-12-08 19:52:14"",""0.0"""
"[101028] MEDIAS MEDIA CAÑA (NEGRO),""2025-12-08 19:52:14"",""0.0"""
"[101029] MEDIAS MEDIA CAÑA (VISON),""2025-12-08 19:52:14"",""0.0"""
"[101020] MEDIAS DE VESTIR 207 (AZUL MARINO),""2025-12-08 19:52:14"",""0.0"""
"[101021] MEDIAS DE VESTIR 207 (CHOCOLATE),""2025-12-08 19:52:14"",""0.0"""
"[101022] MEDIAS DE VESTIR 207 (NEGRO),""2025-12-08 19:52:14"",""0.0"""
"[101023] MEDIAS DE VESTIR 472 (1 (38-41)),""2025-12-08 19:52:14"",""0.0"""
"[101024] MEDIAS DE VESTIR 472 (2 (42-45)),""2025-12-08 19:52:14"",""0.0"""
"[100913] LLAVERO ABC (A, MALBEC/AZUL),""2025-12-08 19:52:14"",""0.0"""
"[100926] LLAVERO ABC (F, NEGRO/OXIDO),""2025-12-08 19:52:14"",""0.0"""
"[103192] LLAVERO ABC (B, SUELA/OLIVE),""2025-12-08 19:52:14"",""0.0"""
"[100915] LLAVERO ABC (B, CARAMELO/OXIDO),""2025-12-08 19:52:14"",""0.0"""
"[100927] LLAVERO ABC (G, CARAMELO/OXIDO),""2025-12-08 19:52:14"",""0.0"""
"[100219] BILLETERA OSADIA (MODENA, VERDE),""2025-12-08 19:52:14"",""0.0"""
"[101717] TARJETERO BILL (MODENA, VERDE),""2025-12-08 19:52:14"",""0.0"""
"[100618] CHALINA EXEDRA (GRIS),""2025-12-08 19:52:14"",""0.0"""
"[100422] CARRY ON JAMES (NEGRO),""2025-12-08 19:52:14"",""0.0"""
"[100423] CARRY ON JAMES (TABACO),""2025-12-08 19:52:14"",""0.0"""
"[100581] CARTERA MINI APHOLO SET SOBRE (MODENA, AZUL),""2025-12-08 19:52:14"",""0.0"""
"[101019] MATERA RENE FULL BLACK,""2025-12-08 19:52:14"",""0.0"""
"[101062] MOCHILA IKER (NEGRO),""2025-12-08 19:52:14"",""0.0"""
"[101295] PORTAFOLIO BIEL (NEGRO),""2025-12-08 19:52:14"",""0.0"""
"[101296] PORTAFOLIO BIEL (TABACO),""2025-12-08 19:52:14"",""0.0"""
"[100077] BANDOLERA NEW VICENTA (BRIDGE, ROJO),""2025-12-08 19:52:14"",""0.0"""
"[100808] CINTURON VAQUETA (105, NEGRO),""2025-12-08 19:52:14"",""0.0"""
"[100810] CINTURON VAQUETA (115, NEGRO),""2025-12-08 19:52:14"",""0.0"""
"[101031] MEDIAS MEDIA CAÑA CORTAS (BLANCO),""2025-12-08 19:52:14"",""0.0"""
"[101034] MEDIAS MEDIA CAÑA CORTAS (NEGRO),""2025-12-08 19:52:14"",""0.0"""
"[101030] MEDIAS MEDIA CAÑA CORTAS (AZUL MARINO),""2025-12-08 19:52:14"",""0.0"""
"[101033] MEDIAS MEDIA CAÑA CORTAS (GRIS MELANGE 75),""2025-12-08 19:52:14"",""0.0"""
"[101032] MEDIAS MEDIA CAÑA CORTAS (GRIS MELANGE 25),""2025-12-08 19:52:14"",""0.0"""
"[101814] TOTE IRUYA (NAPADO, NEGRO),""2025-12-08 19:52:14"",""0.0"""
"[101815] TOTE IRUYA (NAPADO, SUELA),""2025-12-08 19:52:14"",""0.0"""
"[101812] TOTE IRUYA (NAPADO, CARAMELO),""2025-12-08 19:52:14"",""0.0"""
"[100841] GORRO FLORA (CRUDO),""2025-12-08 19:52:14"",""0.0"""
"[100842] GORRO FLORA (NEGRO),""2025-12-08 19:52:14"",""0.0"""
"[101259] PILUSO DORA (CRUDO),""2025-12-08 19:52:14"",""0.0"""
"[101485] PORTAVINO CAFAYATE (VAQUETA, NATURAL),""2025-12-08 19:52:14"",""0.0"""
"[101486] PORTAVINO CAFAYATE (VAQUETA, SUELA),""2025-12-08 19:52:14"",""0.0"""
"[100608] CARTUCHERA MONT (MODENA, AZUL),""2025-12-08 19:52:14"",""0.0"""
"[100516] CARTERA HARPER (GAMUZA, AZUL/TABACO),""2025-12-08 19:52:14"",""0.0"""
"[100518] CARTERA HARPER (GAMUZA, VESUBIO/TABACO),""2025-12-08 19:52:14"",""0.0"""
"[100828] ESPEJO RECTANGULAR (CARAMELO),""2025-12-08 19:52:14"",""0.0"""
"[100829] ESPEJO RECTANGULAR (NEGRO),""2025-12-08 19:52:14"",""0.0"""
"[100830] ESPEJO RECTANGULAR (ROJO),""2025-12-08 19:52:14"",""0.0"""
"[100252] BOLSO TUBO GRANDE (BRIDGE, CHOCOLATE),""2025-12-08 19:52:14"",""0.0"""
"[100241] BOLSO ENRICO (NEGRO),""2025-12-08 19:52:14"",""0.0"""
"[100242] BOLSO ENRICO (TABACO),""2025-12-08 19:52:14"",""0.0"""
"[101013] MALETIN BORIS (TABACO),""2025-12-08 19:52:14"",""0.0"""
"[101109] MOCHILA SIMON,""2025-12-08 19:52:14"",""0.0"""
"[100137] BILLETERA ARLO (BRIDGE, NEGRO),""2025-12-08 19:52:14"",""0.0"""
"[100138] BILLETERA ARLO (BRIDGE, TABACO),""2025-12-08 19:52:14"",""0.0"""
"[100916] LLAVERO ABC (B, MALBEC/AZUL),""2025-12-08 19:52:14"",""0.0"""
"[100923] LLAVERO ABC (D, NEGRO/OXIDO),""2025-12-08 19:52:14"",""0.0"""
"[103193] LLAVERO ABC (D, SUELA/OLIVE),""2025-12-08 19:52:14"",""0.0"""
"[100922] LLAVERO ABC (D, MALBEC/AZUL),""2025-12-08 19:52:14"",""0.0"""
"[100958] LLAVERO ABC (L, NEGRO/OXIDO),""2025-12-08 19:52:14"",""0.0"""
"[103197] LLAVERO ABC (L, SUELA/OLIVE),""2025-12-08 19:52:14"",""0.0"""
"[100936] LLAVERO ABC (N, CARAMELO/OXIDO),""2025-12-08 19:52:14"",""0.0"""
"[100955] LLAVERO ABC (S, NEGRO/OXIDO),""2025-12-08 19:52:14"",""0.0"""
"[100925] LLAVERO ABC (F, MALBEC/AZUL),""2025-12-08 19:52:14"",""0.0"""
"[100956] LLAVERO ABC (L, CARAMELO/OXIDO),""2025-12-08 19:52:14"",""0.0"""
"[101522] REMERA AMADEO (S, VERDE),""2025-12-08 19:52:14"",""0.0"""
"[101524] REMERA AMADEO (L, VERDE),""2025-12-08 19:52:14"",""0.0"""
"[100289] BOTINERO MARCOS 30 (BRIDGE, TABACO),""2025-12-08 19:52:14"",""0.0"""
"[100284] BOTINERO MARCOS 30 (BRIDGE, CAFE/TABACO),""2025-12-08 19:52:14"",""0.0"""
"[100930] LLAVERO ABC (J, CARAMELO/OXIDO),""2025-12-08 19:52:14"",""0.0"""
"[100947] LLAVERO ABC (V, NEGRO/OXIDO),""2025-12-08 19:52:14"",""0.0"""
"[100950] LLAVERO ABC (Y, NEGRO/OXIDO),""2025-12-08 19:52:14"",""0.0"""
"[103999] LLAVERO ABC (Y, SUELA/OLIVE),""2025-12-08 19:52:14"",""0.0"""
"[101260] PILUSO DORA (NEGRO),""2025-12-08 19:52:14"",""0.0"""
"[101772] TARJETERO NEW KENNY (BRIDGE, NEGRO),""2025-12-08 19:52:14"",""0.0"""
"[101774] TARJETERO NEW KENNY (BRIDGE, TABACO),""2025-12-08 19:52:14"",""0.0"""
"[100100] BANDOLERA SAGITTA (MODENA, VERDE),""2025-12-08 19:52:14"",""0.0"""
"[101813] TOTE IRUYA (NAPADO, MALBEC),""2025-12-08 19:52:14"",""0.0"""
"[101489] PORTAVINO TANDIL (BRIDGE, CARAMELO),""2025-12-08 19:52:14"",""0.0"""
"[101491] PORTAVINO TANDIL (BRIDGE, NEGRO),""2025-12-08 19:52:14"",""0.0"""
"[101492] PORTAVINO TANDIL (BRIDGE, TABACO),""2025-12-08 19:52:14"",""0.0"""
"[101016] MATERA OLI (BRIDGE, NEGRO),""2025-12-08 19:52:14"",""0.0"""
"[101014] MATERA OLI (BRIDGE, CHOCOLATE),""2025-12-08 19:52:14"",""0.0"""
"[101018] MATERA OLI (PELO, MARRON/TABACO),""2025-12-08 19:52:14"",""0.0"""
"[100935] LLAVERO ABC (K, NEGRO/OXIDO),""2025-12-08 19:52:14"",""0.0"""
"[100934] LLAVERO ABC (K, MALBEC/AZUL),""2025-12-08 19:52:14"",""0.0"""
"[100949] LLAVERO ABC (Y, MALBEC/AZUL),""2025-12-08 19:52:14"",""0.0"""
"[100948] LLAVERO ABC (Y, CARAMELO/OXIDO),""2025-12-08 19:52:14"",""0.0"""
"[101498] PORTAVINO UCO (BRIDGE, CARAMELO),""2025-12-08 19:52:14"",""0.0"""
"[101500] PORTAVINO UCO (BRIDGE, NEGRO),""2025-12-08 19:52:14"",""0.0"""
"[101501] PORTAVINO UCO (BRIDGE, TABACO),""2025-12-08 19:52:14"",""0.0"""
"[100933] LLAVERO ABC (K, CARAMELO/OXIDO),""2025-12-08 19:52:14"",""0.0"""
"[100007] BANDOLERA ANTONIETA (BRIDGE, MALBEC),""2025-12-08 19:52:14"",""0.0"""
"[101495] PORTAVINO TUNUYAN (AZUL/TABACO),""2025-12-08 19:52:14"",""0.0"""
"[101497] PORTAVINO TUNUYAN (VESUBIO/TABACO),""2025-12-08 19:52:14"",""0.0"""
"[101406] PORTALENTES LUZ BIFAZ (AZUL),""2025-12-08 19:52:14"",""0.0"""
"[101407] PORTALENTES LUZ BIFAZ (VERDE),""2025-12-08 19:52:14"",""0.0"""
"[101490] PORTAVINO TANDIL (BRIDGE, MALBEC),""2025-12-08 19:52:14"",""0.0"""
"[101773] TARJETERO NEW KENNY (BRIDGE, ROJO),""2025-12-08 19:52:14"",""0.0"""
"[101458] PORTAPASAPORTE CHESTER BIFAZ (NEGRO/SUELA),""2025-12-08 19:52:14"",""0.0"""
"[101459] PORTAPASAPORTE CHESTER BIFAZ (VERDE/SUELA),""2025-12-08 19:52:14"",""0.0"""
"[101701] TARJETERO ARIES BIFAZ (AZUL),""2025-12-08 19:52:14"",""0.0"""
"[101702] TARJETERO ARIES BIFAZ (NEGRO),""2025-12-08 19:52:14"",""0.0"""
"[101703] TARJETERO ARIES BIFAZ (VERDE),""2025-12-08 19:52:14"",""0.0"""
"[100617] CHALINA EXEDRA (CELESTE),""2025-12-08 19:52:14"",""0.0"""
"[100621] CHALINA EXEDRA (ROSA),""2025-12-08 19:52:14"",""0.0"""
"[101499] PORTAVINO UCO (BRIDGE, MALBEC),""2025-12-08 19:52:14"",""0.0"""
"[100466] CARTERA AMARILLA SET SOBRE BIFAZ (NEGRO/SUELA),""2025-12-08 19:52:14"",""0.0"""
"[100465] CARTERA AMARILLA SET SOBRE BIFAZ (AZUL/SUELA),""2025-12-08 19:52:14"",""0.0"""
"[100467] CARTERA AMARILLA SET SOBRE BIFAZ (VERDE/SUELA),""2025-12-08 19:52:14"",""0.0"""
"[101503] PORTAVINO UCO (PELO, HOLANDO),""2025-12-08 19:52:14"",""0.0"""
"[101504] PORTAVINO UCO (PELO, MARRON ROJIZO),""2025-12-08 19:52:14"",""0.0"""
"[100287] BOTINERO MARCOS 30 (BRIDGE, MALBEC),""2025-12-08 19:52:14"",""0.0"""
"[101036] MEDIAS MEDIA CAÑA FANTASIA (MULTIRAYAS, NEGRO/GRIS MELANGE),""2025-12-08 19:52:14"",""0.0"""
"[101035] MEDIAS MEDIA CAÑA FANTASIA (MULTIRAYAS, GRIS OSCURO/GRIS CLARO),""2025-12-08 19:52:14"",""0.0"""
"[101038] MEDIAS MEDIA CAÑA FANTASIA (ROMBOS, NEGRO/ROJO),""2025-12-08 19:52:14"",""0.0"""
"[101037] MEDIAS MEDIA CAÑA FANTASIA (ROMBOS, CRUDO/CELESTE),""2025-12-08 19:52:14"",""0.0"""
"[101040] MEDIAS MEDIA CAÑA FANTASIA (ROMBOS CHICOS, GRIS OSCURO/GRIS CLARO),""2025-12-08 19:52:14"",""0.0"""
"[101039] MEDIAS MEDIA CAÑA FANTASIA (ROMBOS CHICOS, GRIS CLARO/GRIS OSCURO),""2025-12-08 19:52:14"",""0.0"""
"[101771] TARJETERO NEW KENNY (BRIDGE, MALBEC),""2025-12-08 19:52:14"",""0.0"""
"[101804] TOTE CACHI  (DUNA, NEGRO),""2025-12-08 19:52:14"",""0.0"""
"[101807] TOTE CACHI  (NAPADO, CARAMELO),""2025-12-08 19:52:14"",""0.0"""
"[101809] TOTE CACHI  (NAPADO, SUELA),""2025-12-08 19:52:14"",""0.0"""
"[101110] MOCHILA TECH 210512,""2025-12-08 19:52:14"",""0.0"""
"[101111] MOCHILA TECH 21066,""2025-12-08 19:52:14"",""0.0"""
"[101112] MOCHILA TECH 21076,""2025-12-08 19:52:14"",""0.0"""
"[101114] MOCHILA TECH 2551 (GRIS MEDIO),""2025-12-08 19:52:14"",""0.0"""
"[101115] MOCHILA TECH 2551 (NEGRO),""2025-12-08 19:52:14"",""0.0"""
"[101116] MOCHILA TECH 40998,""2025-12-08 19:52:14"",""0.0"""
"[103191] LLAVERO ABC (A, SUELA/OLIVE),""2025-12-08 19:52:14"",""0.0"""
"[100249] BOLSO ROQUE (NEGRO),""2025-12-08 19:52:14"",""0.0"""
"[100521] CARTERA INES (BRIDGE, NEGRO),""2025-12-08 19:52:14"",""0.0"""
"[100771] CINTURON RUS (S-M, MARRON ROJIZO),""2025-12-08 19:52:14"",""0.0"""
"[100973] LLAVERO INICIALES (NAPADO, SUELA),""2025-12-08 19:52:14"",""0.0"""
"[100970] LLAVERO INICIALES (NAPADO, MALBEC),""2025-12-08 19:52:14"",""0.0"""
"[100843] GORRO FRED (M),""2025-12-08 19:52:14"",""0.0"""
"[100844] GORRO FRED (L),""2025-12-08 19:52:14"",""0.0"""
"[100859] GORRO SEA (M, GRIS OSCURO),""2025-12-08 19:52:14"",""0.0"""
"[100860] GORRO SEA (L, GRIS OSCURO),""2025-12-08 19:52:14"",""0.0"""
"[100857] GORRO SEA (M, BEIGE),""2025-12-08 19:52:14"",""0.0"""
"[100858] GORRO SEA (L, BEIGE),""2025-12-08 19:52:14"",""0.0"""
"[100036] BANDOLERA CASIOPEA (MODENA, AZUL),""2025-12-08 19:52:14"",""0.0"""
"[101152] MONEDERO LUISA (BRIDGE, CARAMELO),""2025-12-08 19:52:14"",""0.0"""
"[101811] TOTE CACHI  (PELO, HOLANDO),""2025-12-08 19:52:14"",""0.0"""
"[101819] TOTE MARGARITA CHICA (BEIGE),""2025-12-08 19:52:14"",""0.0"""
"[101820] TOTE MARGARITA CHICA (BLANCO),""2025-12-08 19:52:14"",""0.0"""
"[101821] TOTE MARGARITA CHICA (NEGRO),""2025-12-08 19:52:14"",""0.0"""
"[101082] MOCHILA MULITA (CARAMELO),""2025-12-08 19:52:14"",""0.0"""
"[101083] MOCHILA MULITA (CHOCOLATE),""2025-12-08 19:52:14"",""0.0"""
"[101084] MOCHILA MULITA (NEGRO),""2025-12-08 19:52:14"",""0.0"""
"[101059] MOCHILA CASPIO FULL BLACK,""2025-12-08 19:52:14"",""0.0"""
"[103997] CARTERA VERA (GAMUZA, GRIS OSCURO),""2025-12-08 19:52:14"",""0.0"""
"[101825] TOTE TILCARA (LONDON),""2025-12-08 19:52:14"",""0.0"""
"[101826] TOTE TILCARA (NEGRO),""2025-12-08 19:52:14"",""0.0"""
"[101060] MOCHILA FRANCIS (CHOCOLATE),""2025-12-08 19:52:14"",""0.0"""
"[101061] MOCHILA FRANCIS (NEGRO),""2025-12-08 19:52:14"",""0.0"""
"[100683] CINTURON FLORA (2) (S-M, TABACO),""2025-12-08 19:52:14"",""0.0"""
"[100685] CINTURON FLORA (2) (S-M, VERDE MILITAR),""2025-12-08 19:52:14"",""0.0"""
"[100677] CINTURON FLORA (2) (S-M, CHOCOLATE),""2025-12-08 19:52:14"",""0.0"""
"[100679] CINTURON FLORA (2) (S-M, GRIS OSCURO),""2025-12-08 19:52:14"",""0.0"""
"[100681] CINTURON FLORA (2) (S-M, MARSALA),""2025-12-08 19:52:14"",""0.0"""
"[100684] CINTURON FLORA (2) (M-L, TABACO),""2025-12-08 19:52:14"",""0.0"""
"[100682] CINTURON FLORA (2) (M-L, MARSALA),""2025-12-08 19:52:14"",""0.0"""
"[100673] CINTURON FLORA (1) (S-M, TABACO),""2025-12-08 19:52:14"",""0.0"""
"[100675] CINTURON FLORA (1) (S-M, VERDE MILITAR),""2025-12-08 19:52:14"",""0.0"""
"[100669] CINTURON FLORA (1) (S-M, GRIS OSCURO),""2025-12-08 19:52:14"",""0.0"""
"[100671] CINTURON FLORA (1) (S-M, MARSALA),""2025-12-08 19:52:14"",""0.0"""
"[100674] CINTURON FLORA (1) (M-L, TABACO),""2025-12-08 19:52:14"",""0.0"""
"[100676] CINTURON FLORA (1) (M-L, VERDE MILITAR),""2025-12-08 19:52:14"",""0.0"""
"[100668] CINTURON FLORA (1) (M-L, CHOCOLATE),""2025-12-08 19:52:14"",""0.0"""
"[100670] CINTURON FLORA (1) (M-L, GRIS OSCURO),""2025-12-08 19:52:14"",""0.0"""
"[100672] CINTURON FLORA (1) (M-L, MARSALA),""2025-12-08 19:52:14"",""0.0"""
"[103161] MOCHILA PACARI (VINTAGE, DARK),""2025-12-08 19:52:14"",""0.0"""
"[103143] PORTALENTES MUSAI (LINEA PESPUNTES) (CAOBA),""2025-12-08 19:52:14"",""0.0"""
"[103146] PORTALENTES NOLE (LINEA FRUNCES) (NAPADO, NEGRO),""2025-12-08 19:52:14"",""0.0"""
"[103145] PORTALENTES NOLE (LINEA FRUNCES) (NAPADO, ROJO),""2025-12-08 19:52:14"",""0.0"""
"[103172] BANDOLERA JADE (LINEA FRUNCES) (NAPADO, NEGRO),""2025-12-08 19:52:14"",""0.0"""
"[103171] BANDOLERA JADE (LINEA FRUNCES) (NAPADO, SUELA),""2025-12-08 19:52:14"",""0.0"""
"[103134] CARTERA MANA FLECOS (LINEA PESPUNTES) (NAPOLE, CAOBA),""2025-12-08 19:52:14"",""0.0"""
"[103139] MATERA AVA (LINEA PESPUNTES) (GAMUZA, OXIDO),""2025-12-08 19:52:14"",""0.0"""
"[103162] MOCHILA ALAI (LINEA FRUNCES) (NEGRO),""2025-12-08 19:52:14"",""0.0"""
"[103164] MOCHILA ALAI (LINEA FRUNCES) (SUELA),""2025-12-08 19:52:14"",""0.0"""
"[103137] MATERA RENATA (LINEA PESPUNTES) (OXIDO),""2025-12-08 19:52:14"",""0.0"""
"[103216] TOTE IRUYA (FIORENTINO, NEGRO),""2025-12-08 19:52:14"",""0.0"""
"[100210] BILLETERA MILO SIMPLE (MODENA, AZUL),""2025-12-08 19:52:14"",""0.0"""
"[103211] PORTAVINO CAFAYATE (FIORENTINO, NEGRO),""2025-12-08 19:52:14"",""0.0"""
"[100218] BILLETERA OSADIA (MODENA, AZUL),""2025-12-08 19:52:14"",""0.0"""
"[103165] MOCHILA LIBRA (CHOCOLATE),""2025-12-08 19:52:14"",""0.0"""
"[103184] CARTERA INES (BRIDGE, TABACO),""2025-12-08 19:52:14"",""0.0"""
"[103185] CARTERA LONDRES (MODENA, AZUL),""2025-12-08 19:52:14"",""0.0"""
"[103175] BANDOLERA JADE (LINEA FRUNCES) (GAMUZA, VESUBIO),""2025-12-08 19:52:14"",""0.0"""
"[103167] TOTE CACHI  (BRIDGE, LONDON),""2025-12-08 19:52:14"",""0.0"""
"[103166] TOTE IRUYA (BRIDGE, LONDON),""2025-12-08 19:52:14"",""0.0"""
"[103212] PORTAVINO RIOJA (FIORENTINO, NEGRO),""2025-12-08 19:52:14"",""0.0"""
"[101663] SOMBRERO NINI,""2025-12-08 19:52:14"",""0.0"""
"[101664] SOMBRERO YULA,""2025-12-08 19:52:14"",""0.0"""
"[103131] PILUSO DORA (BEIGE),""2025-12-08 19:52:14"",""0.0"""
"[103142] PILUSO DORA (CHOCOLATE),""2025-12-08 19:52:14"",""0.0"""
"[101822] TOTE MARGARITA GRANDE (BEIGE),""2025-12-08 19:52:14"",""0.0"""
"[101823] TOTE MARGARITA GRANDE (BLANCO),""2025-12-08 19:52:14"",""0.0"""
"[101824] TOTE MARGARITA GRANDE (NEGRO),""2025-12-08 19:52:14"",""0.0"""
"[103215] TARJETERO RUBI (NAPADO, VERDE),""2025-12-08 19:52:14"",""0.0"""
"[103183] CARTERA HARPER (NOBUCK, CAFE),""2025-12-08 19:52:14"",""0.0"""
"[103163] MOCHILA ALAI (LINEA FRUNCES) (MALBEC),""2025-12-08 19:52:14"",""0.0"""
"[100556] NECESSAIRE LANIN (BRIDGE, CHOCOLATE),""2025-12-08 19:52:14"",""0.0"""
"[103214] TARJETERO ARIES (NAPADO, VERDE),""2025-12-08 19:52:14"",""0.0"""
"[103173] BANDOLERA JADE (LINEA FRUNCES) (NAPADO, LONDON),""2025-12-08 19:52:14"",""0.0"""
"[103168] CARTERA VERA (NAPOLE, TABACO),""2025-12-08 19:52:14"",""0.0"""
"[103202] MOCHILA PORTIA (NAPOLE, TABACO),""2025-12-08 19:52:14"",""0.0"""
"[103136] CARTERA MANA FLECOS (LINEA PESPUNTES) (CRASH, SUELA),""2025-12-08 19:52:14"",""0.0"""
"[103150] NECESSAIRE FELI (BRIDGE, MALBEC),""2025-12-08 19:52:14"",""0.0"""
"[103151] SEÑALADOR (NEGRO),""2025-12-08 19:52:14"",""0.0"""
"[103152] SEÑALADOR (DULCE DE LECHE),""2025-12-08 19:52:14"",""0.0"""
"[101184] MORRAL LUCAS (NEGRO),""2025-12-08 20:12:18"",""0.0"""
"[101185] MORRAL LUCAS (TABACO),""2025-12-08 20:12:18"",""0.0"""
"[100039] BANDOLERA CASIOPEA (NAPADO, ROJO),""2025-12-08 20:12:18"",""0.0"""
"[101077] MOCHILA MARCOS (NAPADO, SUELA),""2025-12-08 20:12:18"",""0.0"""
"[101076] MOCHILA MARCOS (NAPADO, NEGRO),""2025-12-08 20:12:18"",""0.0"""
"[100103] BANDOLERA SAGITTA (NAPADO, NEGRO),""2025-12-08 20:12:18"",""0.0"""
"[101161] MORRAL ADI VINTAGE (TAMPONATO, NEGRO),""2025-12-08 20:12:18"",""0.0"""
"[101642] SOBRE GEMINI (NAPADO, NEGRO),""2025-12-08 20:12:18"",""0.0"""
"[100253] BOLSO TUBO GRANDE (BRIDGE, NEGRO),""2025-12-08 20:12:18"",""0.0"""
"[100251] BOLSO TUBO GRANDE (BRIDGE, CARAMELO),""2025-12-08 20:12:18"",""0.0"""
"[100266] BOLSO TUBO GRANDE (GAMUZA, VESUBIO/TABACO),""2025-12-08 20:12:18"",""0.0"""
"[101644] SOBRE GEMINI (NAPADO, SUELA),""2025-12-08 20:12:18"",""0.0"""
"[100069] BANDOLERA NATY SIMPLE (GAMUZA, VESUBIO/TABACO),""2025-12-08 20:12:18"",""0.0"""
"[101311] PORTAFOLIO RUBEN (NEGRO),""2025-12-08 20:12:18"",""0.0"""
"[101778] TARJETERO ROMA (BRIDGE, NEGRO),""2025-12-08 20:12:18"",""0.0"""
"[101779] TARJETERO ROMA (BRIDGE, TABACO),""2025-12-08 20:12:18"",""0.0"""
"[101640] SOBRE GEMINI (NAPADO, CARAMELO),""2025-12-08 20:12:18"",""0.0"""
"[103181] CARTERA AMARILLA SET SOBRE (BRIDGE, LONDON),""2025-12-08 20:12:18"",""0.0"""
"[101643] SOBRE GEMINI (NAPADO, ROJO),""2025-12-08 20:12:18"",""0.0"""
"[101692] TARJETERO ARIES (BRIDGE, TABACO),""2025-12-08 20:12:18"",""0.0"""
"[101423] PORTALENTES ORION (BRIDGE, NEGRO),""2025-12-08 20:12:18"",""0.0"""
"[101421] PORTALENTES ORION (BRIDGE, CARAMELO),""2025-12-08 20:12:18"",""0.0"""
"[101425] PORTALENTES ORION (BRIDGE, TABACO),""2025-12-08 20:12:18"",""0.0"""
"[101428] PORTALENTES ORION (NAPADO, NEGRO),""2025-12-08 20:12:18"",""0.0"""
"[101430] PORTALENTES ORION (NAPADO, SUELA),""2025-12-08 20:12:18"",""0.0"""
"[101443] PORTAPASAPORTE CHESTER (BRIDGE, CARAMELO),""2025-12-08 20:12:18"",""0.0"""
"[101447] PORTAPASAPORTE CHESTER (BRIDGE, TABACO),""2025-12-08 20:12:18"",""0.0"""
"[101446] PORTAPASAPORTE CHESTER (BRIDGE, ROJO),""2025-12-08 20:12:18"",""0.0"""
"[101445] PORTAPASAPORTE CHESTER (BRIDGE, NEGRO),""2025-12-08 20:12:18"",""0.0"""
"[101462] PORTAPASAPORTE RON (BRIDGE, CARAMELO),""2025-12-08 20:12:18"",""0.0"""
"[101463] PORTAPASAPORTE RON (BRIDGE, NEGRO),""2025-12-08 20:12:18"",""0.0"""
"[101461] PORTAPASAPORTE RON (BRIDGE, AZUL),""2025-12-08 20:12:18"",""0.0"""
"[101464] PORTAPASAPORTE RON (BRIDGE, ROJO),""2025-12-08 20:12:18"",""0.0"""
"[101465] PORTAPASAPORTE RON (BRIDGE, TABACO),""2025-12-08 20:12:18"",""0.0"""
"[101731] TARJETERO HARRY (NAPADO, CARAMELO),""2025-12-08 20:12:18"",""0.0"""
"[101723] TARJETERO HARRY (BRIDGE, CARAMELO),""2025-12-08 20:12:18"",""0.0"""
"[101726] TARJETERO HARRY (BRIDGE, ROJO),""2025-12-08 20:12:18"",""0.0"""
"[101725] TARJETERO HARRY (BRIDGE, NEGRO),""2025-12-08 20:12:18"",""0.0"""
"[101721] TARJETERO BILL (NAPADO, SUELA),""2025-12-08 20:12:18"",""0.0"""
"[100189] BILLETERA LUCA (BRIDGE, NEGRO),""2025-12-08 20:12:18"",""0.0"""
"[100187] BILLETERA LUCA (BRIDGE, CARAMELO),""2025-12-08 20:12:18"",""0.0"""
"[100190] BILLETERA LUCA (BRIDGE, TABACO),""2025-12-08 20:12:18"",""0.0"""
"[100202] BILLETERA LUCA (NAPADO, SUELA),""2025-12-08 20:12:18"",""0.0"""
"[100198] BILLETERA LUCA (NAPADO, CARAMELO),""2025-12-08 20:12:18"",""0.0"""
"[101401] PORTALENTES LUZ (NAPADO, NEGRO),""2025-12-08 20:12:18"",""0.0"""
"[101403] PORTALENTES LUZ (NAPADO, SUELA),""2025-12-08 20:12:18"",""0.0"""
"[101388] PORTALENTES LUZ (BRIDGE, NEGRO),""2025-12-08 20:12:18"",""0.0"""
"[101389] PORTALENTES LUZ (BRIDGE, ROJO),""2025-12-08 20:12:18"",""0.0"""
"[101384] PORTALENTES LUZ (BRIDGE, AZUL),""2025-12-08 20:12:18"",""0.0"""
"[101391] PORTALENTES LUZ (BRIDGE, VERDE),""2025-12-08 20:12:18"",""0.0"""
"[100221] BILLETERA OSADIA (NAPADO, CARAMELO),""2025-12-08 20:12:18"",""0.0"""
"[100224] BILLETERA OSADIA (NAPADO, SUELA),""2025-12-08 20:12:18"",""0.0"""
"[100222] BILLETERA OSADIA (NAPADO, NEGRO),""2025-12-08 20:12:18"",""0.0"""
"[100217] BILLETERA OSADIA (BRIDGE, ROJO),""2025-12-08 20:12:18"",""0.0"""
"[100214] BILLETERA OSADIA (BRIDGE, CARAMELO),""2025-12-08 20:12:18"",""0.0"""
"[100168] BILLETERA KEY (BRIDGE, NEGRO),""2025-12-08 20:12:18"",""0.0"""
"[100169] BILLETERA KEY (BRIDGE, TABACO),""2025-12-08 20:12:18"",""0.0"""
"[100441] CARTERA AMARILLA SET SOBRE (BRIDGE, NEGRO),""2025-12-08 20:12:18"",""0.0"""
"[100445] CARTERA AMARILLA SET SOBRE (BRIDGE, VERDE),""2025-12-08 20:12:18"",""0.0"""
"[101799] TARJETERO VINCENT (CARAMELO),""2025-12-08 20:12:18"",""0.0"""
"[101228] NECESSAIRE MINI MARCOS (BRIDGE, ROJO),""2025-12-08 20:12:18"",""0.0"""
"[101786] TARJETERO RUBI (BRIDGE, ROJO),""2025-12-08 20:12:18"",""0.0"""
"[101783] TARJETERO RUBI (BRIDGE, CARAMELO),""2025-12-08 20:12:18"",""0.0"""
"[101752] TARJETERO KENNY (BRIDGE, AZUL),""2025-12-08 20:12:18"",""0.0"""
"[101755] TARJETERO KENNY (BRIDGE, NEGRO),""2025-12-08 20:12:18"",""0.0"""
"[101753] TARJETERO KENNY (BRIDGE, CARAMELO),""2025-12-08 20:12:18"",""0.0"""
"[101140] MONEDERO GRACE (BRIDGE, NEGRO),""2025-12-08 20:12:18"",""0.0"""
"[101138] MONEDERO GRACE (BRIDGE, CARAMELO),""2025-12-08 20:12:18"",""0.0"""
"[101141] MONEDERO GRACE (BRIDGE, ROJO),""2025-12-08 20:12:18"",""0.0"""
"[100229] BILLETERA PENY (NAPADO, NEGRO),""2025-12-08 20:12:18"",""0.0"""
"[100811] CINTURON VAQUETA (85, SUELA),""2025-12-08 20:12:18"",""0.0"""
"[100812] CINTURON VAQUETA (90, SUELA),""2025-12-08 20:12:18"",""0.0"""
"[100814] CINTURON VAQUETA (100, SUELA),""2025-12-08 20:12:18"",""0.0"""
"[100805] CINTURON VAQUETA (85, NEGRO),""2025-12-08 20:12:18"",""0.0"""
"[100438] CARTERA AMARILLA SET SOBRE (BRIDGE, CARAMELO),""2025-12-08 20:12:18"",""0.0"""
"[100474] CARTERA APHOLO SET SOBRE (CARAMELO),""2025-12-08 20:12:18"",""0.0"""
"[100476] CARTERA APHOLO SET SOBRE (ROJO),""2025-12-08 20:12:18"",""0.0"""
"[100779] CINTURON TINO (115, CARAMELO),""2025-12-08 20:12:18"",""0.0"""
"[100789] CINTURON TINO (85, SUELA),""2025-12-08 20:12:18"",""0.0"""
"[100790] CINTURON TINO (90, SUELA),""2025-12-08 20:12:18"",""0.0"""
"[100795] CINTURON TINO (115, SUELA),""2025-12-08 20:12:18"",""0.0"""
"[100781] CINTURON TINO (85, NEGRO),""2025-12-08 20:12:18"",""0.0"""
"[100782] CINTURON TINO (90, NEGRO),""2025-12-08 20:12:18"",""0.0"""
"[100783] CINTURON TINO (95, NEGRO),""2025-12-08 20:12:18"",""0.0"""
"[100785] CINTURON TINO (105, NEGRO),""2025-12-08 20:12:18"",""0.0"""
"[100173] BILLETERA LEXI (AZUL),""2025-12-08 20:12:18"",""0.0"""
"[101385] PORTALENTES LUZ (BRIDGE, CARAMELO),""2025-12-08 20:12:18"",""0.0"""
"[101568] RIÑONERA CRUZ S (BRIDGE, TABACO),""2025-12-08 20:12:18"",""0.0"""
"[100176] BILLETERA LEXI (NEGRO),""2025-12-08 20:12:18"",""0.0"""
"[101176] MORRAL CARLOS (NEGRO),""2025-12-08 20:12:18"",""0.0"""
"[101578] RIÑONERA EVAN GRANDE (BRIDGE, CARAMELO),""2025-12-08 20:12:18"",""0.0"""
"[101582] RIÑONERA EVAN GRANDE (NAPADO, NEGRO),""2025-12-08 20:12:18"",""0.0"""
"[101315] PORTAFOLIO VENUS CHICO (BRIDGE, NEGRO),""2025-12-08 20:12:18"",""0.0"""
"[100572] CARTERA MINI APHOLO SET SOBRE (BRIDGE, NEGRO),""2025-12-08 20:12:18"",""0.0"""
"[100570] CARTERA MINI APHOLO SET SOBRE (BRIDGE, CARAMELO),""2025-12-08 20:12:18"",""0.0"""
"[101787] TARJETERO RUBI (BRIDGE, TABACO),""2025-12-08 20:12:18"",""0.0"""
"[101354] PORTALAPTOP LES (BRIDGE, ROJO),""2025-12-08 20:12:18"",""0.0"""
"[100163] BILLETERA FICHERO (NAPADO, NEGRO),""2025-12-08 20:12:18"",""0.0"""
"[101074] MOCHILA MARCOS (BRIDGE, NEGRO),""2025-12-08 20:12:18"",""0.0"""
"[101073] MOCHILA MARCOS (BRIDGE, CHOCOLATE),""2025-12-08 20:12:18"",""0.0"""
"[101801] TARJETERO VINCENT (NEGRO),""2025-12-08 20:12:18"",""0.0"""
"[101575] RIÑONERA EVAN CHICA (TABACO),""2025-12-08 20:12:18"",""0.0"""
"[100574] CARTERA MINI APHOLO SET SOBRE (BRIDGE, TABACO),""2025-12-08 20:12:18"",""0.0"""
"[100573] CARTERA MINI APHOLO SET SOBRE (BRIDGE, ROJO),""2025-12-08 20:12:18"",""0.0"""
"[101580] RIÑONERA EVAN GRANDE (BRIDGE, NEGRO),""2025-12-08 20:12:18"",""0.0"""
"[101581] RIÑONERA EVAN GRANDE (BRIDGE, TABACO),""2025-12-08 20:12:18"",""0.0"""
"[100569] CARTERA MINI APHOLO SET SOBRE (BRIDGE, AZUL),""2025-12-08 20:12:18"",""0.0"""
"[100503] CARTERA DOS HEBILLAS NEW (BRIDGE, NEGRO),""2025-12-08 20:12:18"",""0.0"""
"[100502] CARTERA DOS HEBILLAS NEW (BRIDGE, CARAMELO),""2025-12-08 20:12:18"",""0.0"""
"[101181] MORRAL DRACO (NEGRO),""2025-12-08 20:12:18"",""0.0"""
"[101179] MORRAL DRACO (CARAMELO),""2025-12-08 20:12:18"",""0.0"""
"[101178] MORRAL DRACO (AZUL),""2025-12-08 20:12:18"",""0.0"""
"[101733] TARJETERO HARRY (NAPADO, ROJO),""2025-12-08 20:12:18"",""0.0"""
"[101313] PORTAFOLIO VENUS CHICO (BRIDGE, CARAMELO),""2025-12-08 20:12:18"",""0.0"""
"[101741] TARJETERO JUAN (BRIDGE, TABACO),""2025-12-08 20:12:18"",""0.0"""
"[100145] BILLETERA BEIJING (BRIDGE, ROJO),""2025-12-08 20:12:18"",""0.0"""
"[100257] BOLSO TUBO GRANDE (GAMUZA, AVELLANA/TABACO),""2025-12-08 20:12:18"",""0.0"""
"[101001] LLAVERO KAREN (VERDE/OXIDO),""2025-12-08 20:12:18"",""0.0"""
"[100981] LLAVERO KAREN (AZUL/OXIDO),""2025-12-08 20:12:18"",""0.0"""
"[101720] TARJETERO BILL (NAPADO, ROJO),""2025-12-08 20:12:18"",""0.0"""
"[101253] PHONEBAG TAURUS (CARAMELO),""2025-12-08 20:12:18"",""0.0"""
"[101255] PHONEBAG TAURUS (NEGRO),""2025-12-08 20:12:18"",""0.0"""
"[101257] PHONEBAG TAURUS (TABACO),""2025-12-08 20:12:18"",""0.0"""
"[100442] CARTERA AMARILLA SET SOBRE (BRIDGE, ROJO),""2025-12-08 20:12:18"",""0.0"""
"[100575] CARTERA MINI APHOLO SET SOBRE (BRIDGE, SUELA),""2025-12-08 20:12:18"",""0.0"""
"[100216] BILLETERA OSADIA (BRIDGE, NEGRO),""2025-12-08 20:12:18"",""0.0"""
"[101105] MOCHILA PORTIA (BRIDGE, TABACO),""2025-12-08 20:12:18"",""0.0"""
"[101104] MOCHILA PORTIA (BRIDGE, NEGRO),""2025-12-08 20:12:18"",""0.0"""
"[100071] BANDOLERA NATY SIMPLE (NAPADO, CARAMELO),""2025-12-08 20:12:18"",""0.0"""
"[100074] BANDOLERA NATY SIMPLE (NAPADO, ROJO),""2025-12-08 20:12:18"",""0.0"""
"[100070] BANDOLERA NATY SIMPLE (NAPADO, AZUL),""2025-12-08 20:12:18"",""0.0"""
"[100076] BANDOLERA NATY SIMPLE (NAPADO, VERDE),""2025-12-08 20:12:18"",""0.0"""
"[100064] BANDOLERA NATY SIMPLE (GAMUZA, AVELLANA/TABACO),""2025-12-08 20:12:18"",""0.0"""
"[100063] BANDOLERA NATY SIMPLE (GAMUZA, AVELLANA/NEGRO),""2025-12-08 20:12:18"",""0.0"""
"[100053] BANDOLERA NATY (CARAMELO),""2025-12-08 20:12:18"",""0.0"""
"[101183] MORRAL LUCAS (CARAMELO),""2025-12-08 20:12:18"",""0.0"""
"[100054] BANDOLERA NATY (NEGRO),""2025-12-08 20:12:18"",""0.0"""
"[100274] BOLSO URBANO (BRIDGE, NEGRO),""2025-12-08 20:12:18"",""0.0"""
"[100144] BILLETERA BEIJING (BRIDGE, NEGRO),""2025-12-08 20:12:18"",""0.0"""
"[100060] BANDOLERA NATY SIMPLE (BRIDGE, NEGRO),""2025-12-08 20:12:18"",""0.0"""
"[101204] NECESSAIRE (TABACO),""2025-12-08 20:12:18"",""0.0"""
"[100817] CINTURON VAQUETA (115, SUELA),""2025-12-08 20:12:18"",""0.0"""
"[101166] MORRAL ANGOSTO (BRIDGE, NEGRO),""2025-12-08 20:12:18"",""0.0"""
"[100059] BANDOLERA NATY SIMPLE (BRIDGE, CARAMELO),""2025-12-08 20:12:18"",""0.0"""
"[100809] CINTURON VAQUETA (110, NEGRO),""2025-12-08 20:12:18"",""0.0"""
"[100714] CINTURON LOPA (85, SUELA),""2025-12-08 20:12:18"",""0.0"""
"[100720] CINTURON LOPA (115, SUELA),""2025-12-08 20:12:18"",""0.0"""
"[101078] MOCHILA MARCOS (TAMPONATO, NEGRO),""2025-12-08 20:12:18"",""0.0"""
"[100256] BOLSO TUBO GRANDE (GAMUZA, AVELLANA/NEGRO),""2025-12-08 20:12:18"",""0.0"""
"[100721] CINTURON LOPA (120, SUELA),""2025-12-08 20:12:18"",""0.0"""
"[100061] BANDOLERA NATY SIMPLE (BRIDGE, ROJO),""2025-12-08 20:12:18"",""0.0"""
"[101776] TARJETERO ROMA (BRIDGE, CARAMELO),""2025-12-08 20:12:18"",""0.0"""
"[101229] NECESSAIRE MINI MARCOS (BRIDGE, TABACO),""2025-12-08 20:12:18"",""0.0"""
"[100815] CINTURON VAQUETA (105, SUELA),""2025-12-08 20:12:18"",""0.0"""
"[100816] CINTURON VAQUETA (110, SUELA),""2025-12-08 20:12:18"",""0.0"""
"[100806] CINTURON VAQUETA (90, NEGRO),""2025-12-08 20:12:18"",""0.0"""
"[100265] BOLSO TUBO GRANDE (GAMUZA, VESUBIO/NEGRO),""2025-12-08 20:12:18"",""0.0"""
"[100174] BILLETERA LEXI (CARAMELO),""2025-12-08 20:12:18"",""0.0"""
"[101075] MOCHILA MARCOS (BRIDGE, TABACO),""2025-12-08 20:12:18"",""0.0"""
"[101188] MORRAL OLDIE (BRIDGE, NEGRO),""2025-12-08 20:12:18"",""0.0"""
"[101573] RIÑONERA EVAN CHICA (CHOCOLATE),""2025-12-08 20:12:18"",""0.0"""
"[100504] CARTERA DOS HEBILLAS NEW (BRIDGE, TABACO),""2025-12-08 20:12:18"",""0.0"""
"[100510] CARTERA DOS HEBILLAS NEW (GAMUZA, VESUBIO/TABACO),""2025-12-08 20:12:18"",""0.0"""
"[101263] PORTABILLETES CORVUS (NEGRO),""2025-12-08 20:12:18"",""0.0"""
"[101261] PORTABILLETES CORVUS (CARAMELO),""2025-12-08 20:12:18"",""0.0"""
"[100017] BANDOLERA ANTONIETA (NAPADO, NEGRO),""2025-12-08 20:12:18"",""0.0"""
"[100015] BANDOLERA ANTONIETA (NAPADO, CARAMELO),""2025-12-08 20:12:18"",""0.0"""
"[101106] MOCHILA PORTIA (NAPADO, NEGRO),""2025-12-08 20:12:18"",""0.0"""
"[101107] MOCHILA PORTIA (NAPADO, SUELA),""2025-12-08 20:12:18"",""0.0"""
"[101639] SOBRE GEMINI (NAPADO, AZUL),""2025-12-08 20:12:18"",""0.0"""
"[100278] BOLSO URBANO (NAPADO, SUELA),""2025-12-08 20:12:18"",""0.0"""
"[101309] PORTAFOLIO RUBEN (CARAMELO),""2025-12-08 20:12:18"",""0.0"""
"[101170] MORRAL BERLIN (CARAMELO),""2025-12-08 20:12:18"",""0.0"""
"[100045] BANDOLERA LENA (NAPADO, ROJO),""2025-12-08 20:12:18"",""0.0"""
"[101707] TARJETERO BILL (BRIDGE, ROJO),""2025-12-08 20:12:18"",""0.0"""
"[101706] TARJETERO BILL (BRIDGE, NEGRO),""2025-12-08 20:12:18"",""0.0"""
"[101704] TARJETERO BILL (BRIDGE, AZUL),""2025-12-08 20:12:18"",""0.0"""
"[100254] BOLSO TUBO GRANDE (BRIDGE, TABACO),""2025-12-08 20:12:18"",""0.0"""
"[100452] CARTERA AMARILLA SET SOBRE (IGUANA, AZUL),""2025-12-08 20:12:18"",""0.0"""
"[100455] CARTERA AMARILLA SET SOBRE (IGUANA, ROJO),""2025-12-08 20:12:18"",""0.0"""
"[100454] CARTERA AMARILLA SET SOBRE (IGUANA, NEGRO),""2025-12-08 20:12:18"",""0.0"""
"[100142] BILLETERA BEIJING (BRIDGE, CARAMELO),""2025-12-08 20:12:18"",""0.0"""
"[100547] CARTERA LISBOA (IGUANA, NEGRO),""2025-12-08 20:12:18"",""0.0"""
"[100548] CARTERA LISBOA (IGUANA, ROJO),""2025-12-08 20:12:18"",""0.0"""
"[100553] CARTERA LISBOA (NAPADO, NEGRO),""2025-12-08 20:12:18"",""0.0"""
"[100551] CARTERA LISBOA (NAPADO, CARAMELO),""2025-12-08 20:12:18"",""0.0"""
"[101574] RIÑONERA EVAN CHICA (NEGRO),""2025-12-08 20:12:18"",""0.0"""
"[101395] PORTALENTES LUZ (IGUANA, NEGRO),""2025-12-08 20:12:18"",""0.0"""
"[101201] NECESSAIRE (CARAMELO),""2025-12-08 20:12:18"",""0.0"""
"[101470] PORTAPASAPORTE RON (IGUANA, NEGRO),""2025-12-08 20:12:18"",""0.0"""
"[101471] PORTAPASAPORTE RON (IGUANA, ROJO),""2025-12-08 20:12:18"",""0.0"""
"[101353] PORTALAPTOP LES (BRIDGE, NEGRO),""2025-12-08 20:12:18"",""0.0"""
"[101351] PORTALAPTOP LES (BRIDGE, CARAMELO),""2025-12-08 20:12:18"",""0.0"""
"[101303] PORTAFOLIO OLDIE (BRIDGE, CARAMELO),""2025-12-08 20:12:18"",""0.0"""
"[101227] NECESSAIRE MINI MARCOS (BRIDGE, NEGRO),""2025-12-08 20:12:18"",""0.0"""
"[100152] BILLETERA BEIJING (NAPADO, ROJO),""2025-12-08 20:12:18"",""0.0"""
"[100550] CARTERA LISBOA (NAPADO, AZUL),""2025-12-08 20:12:18"",""0.0"""
"[100554] CARTERA LISBOA (NAPADO, ROJO),""2025-12-08 20:12:18"",""0.0"""
"[101158] MORRAL ADI VINTAGE (BRIDGE, CARAMELO),""2025-12-08 20:12:18"",""0.0"""
"[100288] BOTINERO MARCOS 30 (BRIDGE, NEGRO),""2025-12-08 20:12:18"",""0.0"""
"[100291] BOTINERO MARCOS 30 (GAMUZA, VESUBIO/TABACO),""2025-12-08 20:12:18"",""0.0"""
"[100796] CINTURON TINO (120, SUELA),""2025-12-08 20:12:18"",""0.0"""
"[101712] TARJETERO BILL (IGUANA, CARAMELO),""2025-12-08 20:12:18"",""0.0"""
"[101713] TARJETERO BILL (IGUANA, LONDON),""2025-12-08 20:12:18"",""0.0"""
"[101715] TARJETERO BILL (IGUANA, ROJO),""2025-12-08 20:12:18"",""0.0"""
"[100715] CINTURON LOPA (90, SUELA),""2025-12-08 20:12:18"",""0.0"""
"[100148] BILLETERA BEIJING (IGUANA, NEGRO),""2025-12-08 20:12:18"",""0.0"""
"[100780] CINTURON TINO (120, CARAMELO),""2025-12-08 20:12:18"",""0.0"""
"[100773] CINTURON TINO (85, CARAMELO),""2025-12-08 20:12:18"",""0.0"""
"[100062] BANDOLERA NATY SIMPLE (BRIDGE, TABACO),""2025-12-08 20:12:18"",""0.0"""
"[101653] SOBRE OMEGA (GAMUZA, AVELLANA),""2025-12-08 20:12:18"",""0.0"""
"[101658] SOBRE OMEGA (GAMUZA, VESUBIO),""2025-12-08 20:12:18"",""0.0"""
"[100545] CARTERA LISBOA (IGUANA, AZUL),""2025-12-08 20:12:18"",""0.0"""
"[100546] CARTERA LISBOA (IGUANA, CARAMELO),""2025-12-08 20:12:18"",""0.0"""
"[100427] CARTERA ACONCAGUA (BRIDGE, NEGRO),""2025-12-08 20:12:18"",""0.0"""
"[100425] CARTERA ACONCAGUA (BRIDGE, CARAMELO),""2025-12-08 20:12:18"",""0.0"""
"[100428] CARTERA ACONCAGUA (BRIDGE, ROJO),""2025-12-08 20:12:18"",""0.0"""
"[100497] CARTERA CHALTEN (BRIDGE, NEGRO),""2025-12-08 20:12:18"",""0.0"""
"[100498] CARTERA CHALTEN (BRIDGE, ROJO),""2025-12-08 20:12:18"",""0.0"""
"[101164] MORRAL ANGOSTO (BRIDGE, CARAMELO),""2025-12-08 20:12:18"",""0.0"""
"[101305] PORTAFOLIO OLDIE (BRIDGE, NEGRO),""2025-12-08 20:12:18"",""0.0"""
"[101308] PORTAFOLIO OLDIE (TAMPONATO, SUELA),""2025-12-08 20:12:18"",""0.0"""
"[101306] PORTAFOLIO OLDIE (BRIDGE, TABACO),""2025-12-08 20:12:18"",""0.0"""
"[100801] CINTURON TRENZADO (100),""2025-12-08 20:12:18"",""0.0"""
"[100803] CINTURON TRENZADO (115),""2025-12-08 20:12:18"",""0.0"""
"[100804] CINTURON TRENZADO (120),""2025-12-08 20:12:18"",""0.0"""
"[100799] CINTURON TRENZADO (85),""2025-12-08 20:12:18"",""0.0"""
"[100800] CINTURON TRENZADO (90),""2025-12-08 20:12:18"",""0.0"""
"[101393] PORTALENTES LUZ (IGUANA, AZUL),""2025-12-08 20:12:18"",""0.0"""
"[101191] MORRAL OLDIE (TAMPONATO, SUELA),""2025-12-08 20:12:18"",""0.0"""
"[101186] MORRAL OLDIE (BRIDGE, CARAMELO),""2025-12-08 20:12:18"",""0.0"""
"[101189] MORRAL OLDIE (BRIDGE, TABACO),""2025-12-08 20:12:18"",""0.0"""
"[100164] BILLETERA FICHERO (NAPADO, ROJO),""2025-12-08 20:12:18"",""0.0"""
"[100654] CINTURON ESPIGA (95, NEGRO),""2025-12-08 20:12:18"",""0.0"""
"[100657] CINTURON ESPIGA (110, NEGRO),""2025-12-08 20:12:18"",""0.0"""
"[100658] CINTURON ESPIGA (115, NEGRO),""2025-12-08 20:12:18"",""0.0"""
"[100659] CINTURON ESPIGA (120, NEGRO),""2025-12-08 20:12:18"",""0.0"""
"[100660] CINTURON ESPIGA (85, SUELA),""2025-12-08 20:12:18"",""0.0"""
"[100661] CINTURON ESPIGA (95, SUELA),""2025-12-08 20:12:18"",""0.0"""
"[100664] CINTURON ESPIGA (110, SUELA),""2025-12-08 20:12:18"",""0.0"""
"[100665] CINTURON ESPIGA (115, SUELA),""2025-12-08 20:12:18"",""0.0"""
"[100666] CINTURON ESPIGA (120, SUELA),""2025-12-08 20:12:18"",""0.0"""
"[101562] RIÑONERA CRUZ S (BRIDGE, CARAMELO),""2025-12-08 20:12:18"",""0.0"""
"[101564] RIÑONERA CRUZ S (BRIDGE, LONDON),""2025-12-08 20:12:18"",""0.0"""
"[101567] RIÑONERA CRUZ S (BRIDGE, SUELA),""2025-12-08 20:12:18"",""0.0"""
"[101355] PORTALAPTOP LES (BRIDGE, TABACO),""2025-12-08 20:12:18"",""0.0"""
"[100651] CINTURON ALFO (120),""2025-12-08 20:12:18"",""0.0"""
"[101102] MOCHILA PORTIA (BRIDGE, CARAMELO),""2025-12-08 20:12:18"",""0.0"""
"[100453] CARTERA AMARILLA SET SOBRE (IGUANA, CARAMELO),""2025-12-08 20:12:18"",""0.0"""
"[100724] CINTURON MIA (L, AZUL),""2025-12-08 20:12:18"",""0.0"""
"[100723] CINTURON MIA (M, AZUL),""2025-12-08 20:12:18"",""0.0"""
"[100727] CINTURON MIA (L, NEGRO),""2025-12-08 20:12:18"",""0.0"""
"[100731] CINTURON MIA (L, ROJO),""2025-12-08 20:12:18"",""0.0"""
"[100737] CINTURON MIA (L, VERDE),""2025-12-08 20:12:18"",""0.0"""
"[100736] CINTURON MIA (M, VERDE),""2025-12-08 20:12:18"",""0.0"""
"[100223] BILLETERA OSADIA (NAPADO, ROJO),""2025-12-08 20:12:18"",""0.0"""
"[101469] PORTAPASAPORTE RON (IGUANA, CARAMELO),""2025-12-08 20:12:18"",""0.0"""
"[101203] NECESSAIRE (SUELA),""2025-12-08 20:12:18"",""0.0"""
"[101144] MONEDERO GRACE (IGUANA, NEGRO),""2025-12-08 20:12:18"",""0.0"""
"[100018] BANDOLERA ANTONIETA (NAPADO, ROJO),""2025-12-08 20:12:18"",""0.0"""
"[100123] BANDOLERA VICENTA (NAPADO, ROJO),""2025-12-08 20:12:18"",""0.0"""
"[100120] BANDOLERA VICENTA (NAPADO, AZUL),""2025-12-08 20:12:18"",""0.0"""
"[100124] BANDOLERA VICENTA (NAPADO, SUELA),""2025-12-08 20:12:18"",""0.0"""
"[100475] CARTERA APHOLO SET SOBRE (NEGRO),""2025-12-08 20:12:18"",""0.0"""
"[100157] BILLETERA COPAHUE (NAPADO, NEGRO),""2025-12-08 20:12:18"",""0.0"""
"[100155] BILLETERA COPAHUE (NAPADO, AZUL),""2025-12-08 20:12:18"",""0.0"""
"[101761] TARJETERO KENNY (NAPADO, SUELA),""2025-12-08 20:12:18"",""0.0"""
"[101444] PORTAPASAPORTE CHESTER (BRIDGE, MALBEC),""2025-12-08 20:12:18"",""0.0"""
"[100594] CARTERA YARA (BRIDGE, NEGRO),""2025-12-08 20:12:18"",""0.0"""
"[100595] CARTERA YARA (BRIDGE, ROJO),""2025-12-08 20:12:18"",""0.0"""
"[100220] BILLETERA OSADIA (NAPADO, AZUL),""2025-12-08 20:12:18"",""0.0"""
"[100279] BOLSO URBANO FULL BLACK,""2025-12-08 20:12:18"",""0.0"""
"[101108] MOCHILA PORTIA FULL BLACK,""2025-12-08 20:12:18"",""0.0"""
"[101216] NECESSAIRE LANIN FULL BLACK,""2025-12-08 20:12:18"",""0.0"""
"[101258] PHONEBAG TAURUS FULL BLACK,""2025-12-08 20:12:18"",""0.0"""
"[101577] RIÑONERA EVAN FULL BLACK GRANDE,""2025-12-08 20:12:18"",""0.0"""
"[101225] NECESSAIRE MINI MARCOS (BRIDGE, CARAMELO),""2025-12-08 20:12:18"",""0.0"""
"[100698] CINTURON GUS (120, SUELA),""2025-12-08 20:12:18"",""0.0"""
"[100693] CINTURON GUS (85, SUELA),""2025-12-08 20:12:18"",""0.0"""
"[100768] CINTURON REX (120),""2025-12-08 20:12:18"",""0.0"""
"[100764] CINTURON REX (90),""2025-12-08 20:12:18"",""0.0"""
"[101460] PORTAPASAPORTE KANTU,""2025-12-08 20:12:18"",""0.0"""
"[103210] PORTAPASAPORTE WARA FULL BLACK,""2025-12-08 20:12:18"",""0.0"""
"[100598] CARTERA YARA (IGUANA, NEGRO),""2025-12-08 20:12:18"",""0.0"""
"[100597] CARTERA YARA (IGUANA, CARAMELO),""2025-12-08 20:12:18"",""0.0"""
"[101088] MOCHILA PACARI (BRIDGE, NEGRO),""2025-12-08 20:12:18"",""0.0"""
"[101085] MOCHILA PACARI (BRIDGE, CARAMELO),""2025-12-08 20:12:18"",""0.0"""
"[101090] MOCHILA PACARI (BRIDGE, TABACO),""2025-12-08 20:12:18"",""0.0"""
"[100119] BANDOLERA VICENTA (IGUANA, NEGRO),""2025-12-08 20:12:18"",""0.0"""
"[100118] BANDOLERA VICENTA (IGUANA, CARAMELO),""2025-12-08 20:12:18"",""0.0"""
"[100042] BANDOLERA LENA (NAPADO, CARAMELO),""2025-12-08 20:12:18"",""0.0"""
"[100044] BANDOLERA LENA (NAPADO, NEGRO),""2025-12-08 20:12:18"",""0.0"""
"[100243] BOLSO LIHUEN (BRIDGE, CARAMELO),""2025-12-08 20:12:18"",""0.0"""
"[100246] BOLSO LIHUEN (BRIDGE, TABACO),""2025-12-08 20:12:18"",""0.0"""
"[100248] BOLSO LIHUEN FULL BLACK,""2025-12-08 20:12:18"",""0.0"""
"[100477] CARTERA APHOLO SET SOBRE (TABACO),""2025-12-08 20:12:18"",""0.0"""
"[101177] MORRAL CARLOS (TABACO),""2025-12-08 20:12:18"",""0.0"""
"[101297] PORTAFOLIO HUAPI (BRIDGE, CARAMELO),""2025-12-08 20:12:18"",""0.0"""
"[101301] PORTAFOLIO HUAPI (BRIDGE, TABACO),""2025-12-08 20:12:18"",""0.0"""
"[101298] PORTAFOLIO HUAPI (BRIDGE, CHOCOLATE),""2025-12-08 20:12:18"",""0.0"""
"[101299] PORTAFOLIO HUAPI (BRIDGE, MALBEC),""2025-12-08 20:12:18"",""0.0"""
"[100106] BANDOLERA VICENTA (BRIDGE, CARAMELO),""2025-12-08 20:12:18"",""0.0"""
"[100263] BOLSO TUBO GRANDE (GAMUZA, OLIVE/TABACO),""2025-12-08 20:12:18"",""0.0"""
"[100259] BOLSO TUBO GRANDE (GAMUZA, AZUL/TABACO),""2025-12-08 20:12:18"",""0.0"""
"[100258] BOLSO TUBO GRANDE (GAMUZA, AZUL/CARAMELO),""2025-12-08 20:12:18"",""0.0"""
"[101759] TARJETERO KENNY (NAPADO, NEGRO),""2025-12-08 20:12:18"",""0.0"""
"[101097] MOCHILA PIETRO (BRIDGE, NEGRO),""2025-12-08 20:12:18"",""0.0"""
"[101098] MOCHILA PIETRO (BRIDGE, TABACO),""2025-12-08 20:12:18"",""0.0"""
"[100149] BILLETERA BEIJING (IGUANA, ROJO),""2025-12-08 20:12:18"",""0.0"""
"[101476] PORTAPASAPORTE WARA (IGUANA, ROJO),""2025-12-08 20:12:18"",""0.0"""
"[101475] PORTAPASAPORTE WARA (IGUANA, NEGRO),""2025-12-08 20:12:18"",""0.0"""
"[101478] PORTAPASAPORTE WARA (NAPADO, CARAMELO),""2025-12-08 20:12:18"",""0.0"""
"[101480] PORTAPASAPORTE WARA (NAPADO, ROJO),""2025-12-08 20:12:18"",""0.0"""
"[100446] CARTERA AMARILLA SET SOBRE (CROCO, CANELA),""2025-12-08 20:12:18"",""0.0"""
"[101652] SOBRE OMEGA (CROCO, CANELA),""2025-12-08 20:12:18"",""0.0"""
"[101346] PORTALAPTOP IVAN,""2025-12-08 20:12:18"",""0.0"""
"[101214] NECESSAIRE LANIN (BRIDGE, TABACO),""2025-12-08 20:12:18"",""0.0"""
"[101212] NECESSAIRE LANIN (BRIDGE, CARAMELO),""2025-12-08 20:12:18"",""0.0"""
"[101724] TARJETERO HARRY (BRIDGE, MALBEC),""2025-12-08 20:12:18"",""0.0"""
"[100559] CARTERA LONDRES (BRIDGE, NEGRO),""2025-12-08 20:12:18"",""0.0"""
"[103998] CARTERA LONDRES (BRIDGE, CARAMELO),""2025-12-08 20:12:18"",""0.0"""
"[100560] CARTERA LONDRES (BRIDGE, ROJO),""2025-12-08 20:12:18"",""0.0"""
"[101072] MOCHILA MARCOS (BRIDGE, CARAMELO),""2025-12-08 20:12:18"",""0.0"""
"[100743] CINTURON PANAMA (85, TOSTADO),""2025-12-08 20:12:18"",""0.0"""
"[100746] CINTURON PANAMA (100, TOSTADO),""2025-12-08 20:12:18"",""0.0"""
"[100747] CINTURON PANAMA (105, TOSTADO),""2025-12-08 20:12:18"",""0.0"""
"[100748] CINTURON PANAMA (110, TOSTADO),""2025-12-08 20:12:18"",""0.0"""
"[100749] CINTURON PANAMA (115, TOSTADO),""2025-12-08 20:12:18"",""0.0"""
"[100750] CINTURON PANAMA (120, TOSTADO),""2025-12-08 20:12:18"",""0.0"""
"[100751] CINTURON PANAMA (85, VERDE),""2025-12-08 20:12:18"",""0.0"""
"[100752] CINTURON PANAMA (90, VERDE),""2025-12-08 20:12:18"",""0.0"""
"[100754] CINTURON PANAMA (100, VERDE),""2025-12-08 20:12:18"",""0.0"""
"[100755] CINTURON PANAMA (105, VERDE),""2025-12-08 20:12:18"",""0.0"""
"[100756] CINTURON PANAMA (110, VERDE),""2025-12-08 20:12:18"",""0.0"""
"[100757] CINTURON PANAMA (115, VERDE),""2025-12-08 20:12:18"",""0.0"""
"[100758] CINTURON PANAMA (120, VERDE),""2025-12-08 20:12:18"",""0.0"""
"[100041] BANDOLERA LENA (NAPADO, AZUL),""2025-12-08 20:12:18"",""0.0"""
"[100741] CINTURON PANAMA (115, AZUL),""2025-12-08 20:12:18"",""0.0"""
"[100742] CINTURON PANAMA (120, AZUL),""2025-12-08 20:12:18"",""0.0"""
"[100436] CARTERA AMARILLA C/CIERRE (NEGRO),""2025-12-08 20:12:18"",""0.0"""
"[100565] CARTERA MINI APHOLO C/CIERRE (BRIDGE, NEGRO),""2025-12-08 20:12:18"",""0.0"""
"[100567] CARTERA MINI APHOLO C/CIERRE (BRIDGE, TABACO),""2025-12-08 20:12:18"",""0.0"""
"[100566] CARTERA MINI APHOLO C/CIERRE (BRIDGE, ROJO),""2025-12-08 20:12:18"",""0.0"""
"[100691] CINTURON GUS (115, NEGRO),""2025-12-08 20:12:18"",""0.0"""
"[100687] CINTURON GUS (85, NEGRO),""2025-12-08 20:12:18"",""0.0"""
"[100471] CARTERA APHOLO C/CIERRE (BRIDGE, NEGRO),""2025-12-08 20:12:18"",""0.0"""
"[100472] CARTERA APHOLO C/CIERRE (BRIDGE, TABACO),""2025-12-08 20:12:18"",""0.0"""
"[100468] CARTERA APHOLO C/CIERRE (BRIDGE, CARAMELO),""2025-12-08 20:12:18"",""0.0"""
"[101304] PORTAFOLIO OLDIE (BRIDGE, CHOCOLATE),""2025-12-08 20:12:18"",""0.0"""
"[101171] MORRAL BERLIN (CHOCOLATE),""2025-12-08 20:12:18"",""0.0"""
"[100181] BILLETERA LIAM (NAPADO, CARAMELO),""2025-12-08 20:12:18"",""0.0"""
"[100183] BILLETERA LIAM (NAPADO, NEGRO),""2025-12-08 20:12:18"",""0.0"""
"[101169] MORRAL ANGOSTO (GAMUZA, VESUBIO/TABACO),""2025-12-08 20:12:18"",""0.0"""
"[101165] MORRAL ANGOSTO (BRIDGE, CHOCOLATE),""2025-12-08 20:12:18"",""0.0"""
"[100260] BOLSO TUBO GRANDE (GAMUZA, CAFE/NEGRO),""2025-12-08 20:12:18"",""0.0"""
"[100273] BOLSO URBANO (BRIDGE, CHOCOLATE),""2025-12-08 20:12:18"",""0.0"""
"[100245] BOLSO LIHUEN (BRIDGE, NEGRO),""2025-12-08 20:12:18"",""0.0"""
"[100564] CARTERA MINI APHOLO C/CIERRE (BRIDGE, MALBEC),""2025-12-08 20:12:18"",""0.0"""
"[100563] CARTERA MINI APHOLO C/CIERRE (BRIDGE, CARAMELO),""2025-12-08 20:12:18"",""0.0"""
"[101342] PORTALAPTOP ELOY (FIORENTINO, CEDRO),""2025-12-08 20:12:18"",""0.0"""
"[101159] MORRAL ADI VINTAGE (BRIDGE, NEGRO),""2025-12-08 20:12:18"",""0.0"""
"[101352] PORTALAPTOP LES (BRIDGE, CHOCOLATE),""2025-12-08 20:12:18"",""0.0"""
"[100178] BILLETERA LEXI (TABACO),""2025-12-08 20:12:18"",""0.0"""
"[100447] CARTERA AMARILLA SET SOBRE (FIORENTINO, CEDRO),""2025-12-08 20:12:18"",""0.0"""
"[101386] PORTALENTES LUZ (BRIDGE, CHOCOLATE),""2025-12-08 20:12:18"",""0.0"""
"[101790] TARJETERO RUBI (FIORENTINO, CEDRO),""2025-12-08 20:12:18"",""0.0"""
"[100255] BOLSO TUBO GRANDE (FIORENTINO, CEDRO),""2025-12-08 20:12:18"",""0.0"""
"[101302] PORTAFOLIO HUAPI (FIORENTINO, CEDRO),""2025-12-08 20:12:18"",""0.0"""
"[101300] PORTAFOLIO HUAPI (BRIDGE, NEGRO),""2025-12-08 20:12:18"",""0.0"""
"[101654] SOBRE OMEGA (GAMUZA, AZUL),""2025-12-08 20:12:18"",""0.0"""
"SOBRE OMEGA (GAMUZA, GRIS MEDIO),""2025-12-08 20:12:18"",""0.0"""
"[100247] BOLSO LIHUEN (FIORENTINO, CEDRO),""2025-12-08 20:12:18"",""0.0"""
"[101314] PORTAFOLIO VENUS CHICO (BRIDGE, MALBEC),""2025-12-08 20:12:18"",""0.0"""
"[101093] MOCHILA PACARI (FIORENTINO, CEDRO),""2025-12-08 20:12:18"",""0.0"""
"[101307] PORTAFOLIO OLDIE (FIORENTINO, CEDRO),""2025-12-08 20:12:18"",""0.0"""
"[101368] PORTALENTES COLBY (BRIDGE, NEGRO),""2025-12-08 20:12:18"",""0.0"""
"[101371] PORTALENTES COLBY (FIORENTINO, CEDRO),""2025-12-08 20:12:18"",""0.0"""
"[101435] PORTALLAVES ALAN (DULCE DE LECHE),""2025-12-08 20:12:18"",""0.0"""
"[101683] TAG SIMPLE (NEGRO),""2025-12-08 20:12:18"",""0.0"""
"[101685] TAG SIMPLE (TABACO),""2025-12-08 20:12:18"",""0.0"""
"[101100] MOCHILA PIETRO (FIORENTINO, CEDRO),""2025-12-08 20:12:18"",""0.0"""
"[101070] MOCHILA LIBRA (NEGRO),""2025-12-08 20:12:18"",""0.0"""
"[101071] MOCHILA LIBRA (TABACO),""2025-12-08 20:12:18"",""0.0"""
"[101069] MOCHILA LIBRA (MALBEC),""2025-12-08 20:12:18"",""0.0"""
"[100524] CARTERA JUSTINA (CARAMELO),""2025-12-08 20:12:18"",""0.0"""
"[100526] CARTERA JUSTINA (TABACO),""2025-12-08 20:12:18"",""0.0"""
"[101400] PORTALENTES LUZ (NAPADO, AZUL),""2025-12-08 20:12:18"",""0.0"""
"[101402] PORTALENTES LUZ (NAPADO, ROJO),""2025-12-08 20:12:18"",""0.0"""
"[101670] TAG AMAYA (VISON),""2025-12-08 20:12:18"",""0.0"""
"[101439] PORTALLAVES COLT (PONT, WHISKY),""2025-12-08 20:12:18"",""0.0"""
"[101292] PORTACINTO LOU (FIORENTINO, CEDRO),""2025-12-08 20:12:18"",""0.0"""
"[101293] PORTACINTO LOU (MODENA, NEGRO),""2025-12-08 20:12:18"",""0.0"""
"[101294] PORTACINTO LOU (MODENA, TABACO),""2025-12-08 20:12:18"",""0.0"""
"[101081] MOCHILA MARCOS FULL BLACK (NAPADO),""2025-12-08 20:12:18"",""0.0"""
"[101079] MOCHILA MARCOS FULL BLACK (BRIDGE),""2025-12-08 20:12:18"",""0.0"""
"[101317] PORTAFOLIO VENUS CHICO (GAMUZA, AZUL/CARAMELO),""2025-12-08 20:12:18"",""0.0"""
"[100065] BANDOLERA NATY SIMPLE (GAMUZA, AZUL),""2025-12-08 20:12:18"",""0.0"""
"[100067] BANDOLERA NATY SIMPLE (GAMUZA, OLIVE),""2025-12-08 20:12:18"",""0.0"""
"[100066] BANDOLERA NATY SIMPLE (GAMUZA, GRIS MEDIO),""2025-12-08 20:12:18"",""0.0"""
"[100821] CORREA LOLI (NEGRO),""2025-12-08 20:12:18"",""0.0"""
"[100819] CORREA LOLI (CARAMELO),""2025-12-08 20:12:18"",""0.0"""
"[100823] CORREA LOLI (TABACO),""2025-12-08 20:12:18"",""0.0"""
"[100822] CORREA LOLI (ROJO),""2025-12-08 20:12:18"",""0.0"""
"[100820] CORREA LOLI (MALBEC),""2025-12-08 20:12:18"",""0.0"""
"[100824] CORREA LOLI (VERDE),""2025-12-08 20:12:18"",""0.0"""
"[100818] CORREA LOLI (AZUL),""2025-12-08 20:12:18"",""0.0"""
"[100826] CORREA LORE (NEGRO),""2025-12-08 20:12:18"",""0.0"""
"[100825] CORREA LORE (CARAMELO),""2025-12-08 20:12:18"",""0.0"""
"[101345] PORTALAPTOP ELOY (MODENA, TABACO),""2025-12-08 20:12:18"",""0.0"""
"[101373] PORTALENTES COLBY (IGUANA, CARAMELO),""2025-12-08 20:12:18"",""0.0"""
"[101372] PORTALENTES COLBY (IGUANA, AZUL),""2025-12-08 20:12:18"",""0.0"""
"[101375] PORTALENTES COLBY (IGUANA, ROJO),""2025-12-08 20:12:18"",""0.0"""
"[101366] PORTALENTES COLBY (BRIDGE, CARAMELO),""2025-12-08 20:12:18"",""0.0"""
"[101369] PORTALENTES COLBY (BRIDGE, ROJO),""2025-12-08 20:12:18"",""0.0"""
"[101557] RIÑONERA CRUZ L (BRIDGE, CARAMELO),""2025-12-08 20:12:18"",""0.0"""
"[101560] RIÑONERA CRUZ L (BRIDGE, TABACO),""2025-12-08 20:12:18"",""0.0"""
"[101561] RIÑONERA CRUZ L (FIORENTINO, CEDRO),""2025-12-08 20:12:18"",""0.0"""
"[101408] PORTALENTES MANU (BRIDGE, CARAMELO),""2025-12-08 20:12:18"",""0.0"""
"[101287] PORTACINTO ELIAS (FIORENTINO, CEDRO),""2025-12-08 20:12:18"",""0.0"""
"[101288] PORTACINTO ELIAS (MODENA, NEGRO),""2025-12-08 20:12:18"",""0.0"""
"[101289] PORTACINTO ELIAS (MODENA, TABACO),""2025-12-08 20:12:18"",""0.0"""
"[101350] PORTALAPTOP JOY (MODENA, TABACO),""2025-12-08 20:12:18"",""0.0"""
"[100734] CINTURON MIA (XS, VERDE),""2025-12-08 20:12:18"",""0.0"""
"[100205] BILLETERA MILO SIMPLE (FIORENTINO, CEDRO),""2025-12-08 20:12:18"",""0.0"""
"[101441] PORTALLAVES RONAN (WHISKY),""2025-12-08 20:12:18"",""0.0"""
"[101666] TAG AMAYA (CHOCOLATE),""2025-12-08 20:12:18"",""0.0"""
"[101667] TAG AMAYA (NATURAL),""2025-12-08 20:12:18"",""0.0"""
"[101668] TAG AMAYA (NEGRO),""2025-12-08 20:12:18"",""0.0"""
"[101422] PORTALENTES ORION (BRIDGE, MALBEC),""2025-12-08 20:12:18"",""0.0"""
"[100057] BANDOLERA NATY (VERDE),""2025-12-08 20:12:18"",""0.0"""
"[101096] MOCHILA PIETRO (BRIDGE, CARAMELO),""2025-12-08 20:12:18"",""0.0"""
"[100978] LLAVERO KAREN (AZUL/AVELLANA),""2025-12-08 20:12:18"",""0.0"""
"[100980] LLAVERO KAREN (AZUL/MARSALA),""2025-12-08 20:12:18"",""0.0"""
"[100985] LLAVERO KAREN (CARAMELO/CAFE),""2025-12-08 20:12:18"",""0.0"""
"[100988] LLAVERO KAREN (CARAMELO/OLIVE),""2025-12-08 20:12:18"",""0.0"""
"[100993] LLAVERO KAREN (NEGRO/GRIS MEDIO),""2025-12-08 20:12:18"",""0.0"""
"[100996] LLAVERO KAREN (NEGRO/OXIDO),""2025-12-08 20:12:18"",""0.0"""
"[100997] LLAVERO KAREN (NEGRO/VESUBIO),""2025-12-08 20:12:18"",""0.0"""
"[101784] TARJETERO RUBI (BRIDGE, MALBEC),""2025-12-08 20:12:18"",""0.0"""
"[101789] TARJETERO RUBI (DUNA, NEGRO),""2025-12-08 20:12:18"",""0.0"""
"[101120] MONEDERO AMBAR (NAPADO, CARAMELO),""2025-12-08 20:12:18"",""0.0"""
"[101121] MONEDERO AMBAR (NAPADO, NEGRO),""2025-12-08 20:12:18"",""0.0"""
"[101123] MONEDERO AMBAR (NAPADO, TABACO),""2025-12-08 20:12:18"",""0.0"""
"[101119] MONEDERO AMBAR (NAPADO, AZUL),""2025-12-08 20:12:18"",""0.0"""
"[101711] TARJETERO BILL (DUNA, NEGRO),""2025-12-08 20:12:18"",""0.0"""
"[100215] BILLETERA OSADIA (BRIDGE, MALBEC),""2025-12-08 20:12:18"",""0.0"""
"[100184] BILLETERA LIAM (NAPADO, SUELA),""2025-12-08 20:12:18"",""0.0"""
"[101217] NECESSAIRE LARA (BRIDGE, CARAMELO),""2025-12-08 20:12:18"",""0.0"""
"[101218] NECESSAIRE LARA (BRIDGE, MALBEC),""2025-12-08 20:12:18"",""0.0"""
"[101219] NECESSAIRE LARA (BRIDGE, NEGRO),""2025-12-08 20:12:18"",""0.0"""
"[101221] NECESSAIRE LARA (IGUANA, CARAMELO),""2025-12-08 20:12:18"",""0.0"""
"[101222] NECESSAIRE LARA (IGUANA, NEGRO),""2025-12-08 20:12:18"",""0.0"""
"[101223] NECESSAIRE LARA (IGUANA, ROJO),""2025-12-08 20:12:18"",""0.0"""
"[100096] BANDOLERA RUFINA (DUNA, NEGRO),""2025-12-08 20:12:18"",""0.0"""
"[100431] CARTERA ACONCAGUA (DUNA, NEGRO),""2025-12-08 20:12:18"",""0.0"""
"[101638] SOBRE GEMINI (DUNA, NEGRO),""2025-12-08 20:12:18"",""0.0"""
"[100126] BILLETERA ADAM (BRIDGE, CARAMELO),""2025-12-08 20:12:18"",""0.0"""
"[100258] BOLSO TUBO GRANDE (GAMUZA, AZUL/CARAMELO),""2025-12-08 20:12:18"",""0.0"""
"[101285] PORTACINTO ELIAS (BRIDGE, NEGRO),""2025-12-08 20:12:18"",""0.0"""
"[101286] PORTACINTO ELIAS (BRIDGE, TABACO),""2025-12-08 20:12:18"",""0.0"""
"[101290] PORTACINTO LOU (BRIDGE, NEGRO),""2025-12-08 20:12:18"",""0.0"""
"[101291] PORTACINTO LOU (BRIDGE, TABACO),""2025-12-08 20:12:18"",""0.0"""
"[101641] SOBRE GEMINI (NAPADO, MALBEC),""2025-12-08 20:12:18"",""0.0"""
"[100129] BILLETERA ADAM (BRIDGE, TABACO),""2025-12-08 20:12:18"",""0.0"""
"[100132] BILLETERA ADAM (NAPADO, NEGRO),""2025-12-08 20:12:18"",""0.0"""
"[100133] BILLETERA ADAM (NAPADO, SUELA),""2025-12-08 20:12:18"",""0.0"""
"[100533] CARTERA LEANDRA (NAPADO, ROJO),""2025-12-08 20:12:18"",""0.0"""
"[101129] MONEDERO CORY (IGUANA, CARAMELO),""2025-12-08 20:12:18"",""0.0"""
"[101130] MONEDERO CORY (IGUANA, NEGRO),""2025-12-08 20:12:18"",""0.0"""
"[101771] TARJETERO NEW KENNY (BRIDGE, MALBEC),""2025-12-08 20:12:18"",""0.0"""
"[101773] TARJETERO NEW KENNY (BRIDGE, ROJO),""2025-12-08 20:12:18"",""0.0"""
"[100030] BANDOLERA CARLA (BRIDGE, NEGRO),""2025-12-08 20:12:18"",""0.0"""
"[100032] BANDOLERA CARLA (FIORENTINO, CEDRO),""2025-12-08 20:12:18"",""0.0"""
"[101080] MOCHILA MARCOS FULL BLACK (DUNA),""2025-12-08 20:12:18"",""0.0"""
"[100535] CARTERA LISBOA (DUNA, NEGRO),""2025-12-08 20:12:18"",""0.0"""
"[101359] PORTALAPTOP MILTON (BRIDGE, CARAMELO),""2025-12-08 20:12:18"",""0.0"""
"[101360] PORTALAPTOP MILTON (BRIDGE, MALBEC),""2025-12-08 20:12:18"",""0.0"""
"[101361] PORTALAPTOP MILTON (BRIDGE, NEGRO),""2025-12-08 20:12:18"",""0.0"""
"[101363] PORTALAPTOP MILTON (FIORENTINO, CEDRO),""2025-12-08 20:12:18"",""0.0"""
"[100984] LLAVERO KAREN (CARAMELO/AZUL),""2025-12-08 20:12:18"",""0.0"""
"[100991] LLAVERO KAREN (MALBEC/OXIDO),""2025-12-08 20:12:18"",""0.0"""
"[100994] LLAVERO KAREN (NEGRO/GRIS OSCURO),""2025-12-08 20:12:18"",""0.0"""
"[101419] PORTALENTES MANU (VAQUETA, NATURAL),""2025-12-08 20:12:18"",""0.0"""
"[100272] BOLSO URBANO (BRIDGE, CARAMELO),""2025-12-08 20:12:18"",""0.0"""
"[101206] NECESSAIRE FELI (BRIDGE, NEGRO),""2025-12-08 20:12:18"",""0.0"""
"[101208] NECESSAIRE FELI (BRIDGE, TABACO),""2025-12-08 20:12:18"",""0.0"""
"[101254] PHONEBAG TAURUS (CHOCOLATE),""2025-12-08 20:12:18"",""0.0"""
"[101328] PORTAHIGIENE (FIORENTINO, CEDRO),""2025-12-08 20:12:18"",""0.0"""
"[101128] MONEDERO CORY (DUNA, NEGRO),""2025-12-08 20:12:18"",""0.0"""
"[101132] MONEDERO CORY (NAPADO, CARAMELO),""2025-12-08 20:12:18"",""0.0"""
"[101762] TARJETERO MULTI (DUNA, NEGRO),""2025-12-08 20:12:18"",""0.0"""
"[101763] TARJETERO MULTI (IGUANA, CARAMELO),""2025-12-08 20:12:18"",""0.0"""
"[101764] TARJETERO MULTI (IGUANA, NEGRO),""2025-12-08 20:12:18"",""0.0"""
"[101769] TARJETERO MULTI (NAPADO, SUELA),""2025-12-08 20:12:18"",""0.0"""
"[101086] MOCHILA PACARI (BRIDGE, CHOCOLATE),""2025-12-08 20:12:18"",""0.0"""
"[101094] MOCHILA PACARI (FIORENTINO, NEGRO),""2025-12-08 20:12:18"",""0.0"""
"[100439] CARTERA AMARILLA SET SOBRE (BRIDGE, CHOCOLATE),""2025-12-08 20:12:18"",""0.0"""
"[100029] BANDOLERA CARLA (BRIDGE, MALBEC),""2025-12-08 20:12:18"",""0.0"""
"[100028] BANDOLERA CARLA (BRIDGE, LONDON),""2025-12-08 20:12:18"",""0.0"""
"[101777] TARJETERO ROMA (BRIDGE, CHOCOLATE),""2025-12-08 20:12:18"",""0.0"""
"[101780] TARJETERO ROMA (DUNA, NEGRO),""2025-12-08 20:12:18"",""0.0"""
"[101800] TARJETERO VINCENT (CHOCOLATE),""2025-12-08 20:12:18"",""0.0"""
"[101092] MOCHILA PACARI (CRASH, NEGRO),""2025-12-08 20:12:18"",""0.0"""
"[101151] MONEDERO GRACE (VINTAGE, MEDIO),""2025-12-08 20:12:18"",""0.0"""
"[101434] PORTALENTES ORION (VINTAGE, MEDIO),""2025-12-08 20:12:18"",""0.0"""
"[101700] TARJETERO ARIES (VINTAGE, MEDIO),""2025-12-08 20:12:18"",""0.0"""
"[100175] BILLETERA LEXI (MALBEC),""2025-12-08 20:12:18"",""0.0"""
"[101095] MOCHILA PACARI (VINTAGE, LIGHT),""2025-12-08 20:12:18"",""0.0"""
"[100199] BILLETERA LUCA (NAPADO, MALBEC),""2025-12-08 20:12:18"",""0.0"""
"[100016] BANDOLERA ANTONIETA (NAPADO, MALBEC),""2025-12-08 20:12:18"",""0.0"""
"[100571] CARTERA MINI APHOLO SET SOBRE (BRIDGE, CHOCOLATE),""2025-12-08 20:12:18"",""0.0"""
"[100192] BILLETERA LUCA (DUNA, NEGRO),""2025-12-08 20:12:18"",""0.0"""
"[100979] LLAVERO KAREN (AZUL/AZUL),""2025-12-08 20:12:18"",""0.0"""
"[100990] LLAVERO KAREN (MALBEC/MARSALA),""2025-12-08 20:12:18"",""0.0"""
"[101427] PORTALENTES ORION (NAPADO, MALBEC),""2025-12-08 20:12:18"",""0.0"""
"[101154] MONEDERO LUISA (BRIDGE, NEGRO),""2025-12-08 20:12:18"",""0.0"""
"[101156] MONEDERO LUISA (BRIDGE, TABACO),""2025-12-08 20:12:18"",""0.0"""
"[101157] MONEDERO LUISA (NAPADO, CARAMELO),""2025-12-08 20:12:18"",""0.0"""
"[101235] NECESSAIRE TOM (BRIDGE, CARAMELO),""2025-12-08 20:12:18"",""0.0"""
"[101236] NECESSAIRE TOM (BRIDGE, CHOCOLATE),""2025-12-08 20:12:18"",""0.0"""
"[101238] NECESSAIRE TOM (BRIDGE, ROJO),""2025-12-08 20:12:18"",""0.0"""
"[100078] BANDOLERA NEW VICENTA (DESCARNE, AZUL),""2025-12-08 20:12:18"",""0.0"""
"[100081] BANDOLERA NEW VICENTA (NAPADO, CARAMELO),""2025-12-08 20:12:18"",""0.0"""
"[101057] MOCHILA ATLAS FULL BLACK (1),""2025-12-08 20:12:18"",""0.0"""
"[101058] MOCHILA ATLAS FULL BLACK (2),""2025-12-08 20:12:18"",""0.0"""
"[101348] PORTALAPTOP JOY (FIORENTINO, NEGRO),""2025-12-08 20:12:18"",""0.0"""
"[100285] BOTINERO MARCOS 30 (BRIDGE, CARAMELO),""2025-12-08 20:12:18"",""0.0"""
"[100286] BOTINERO MARCOS 30 (BRIDGE, CHOCOLATE),""2025-12-08 20:12:18"",""0.0"""
"[100289] BOTINERO MARCOS 30 (BRIDGE, TABACO),""2025-12-08 20:12:18"",""0.0"""
"[100290] BOTINERO MARCOS 30 (GAMUZA, AZUL/CARAMELO),""2025-12-08 20:12:18"",""0.0"""
"[100283] BOTINERO MARCOS 30 (BRIDGE, CAFE/NEGRO),""2025-12-08 20:12:18"",""0.0"""
"[100284] BOTINERO MARCOS 30 (BRIDGE, CAFE/TABACO),""2025-12-08 20:12:18"",""0.0"""
"[100287] BOTINERO MARCOS 30 (BRIDGE, MALBEC),""2025-12-08 20:12:18"",""0.0"""
"[101125] MONEDERO CIRCULAR (NEGRO),""2025-12-08 20:12:18"",""0.0"""
"[101317] PORTAFOLIO VENUS CHICO (GAMUZA, AZUL/CARAMELO),""2025-12-08 20:12:18"",""0.0"""
"[101319] PORTAFOLIO VENUS CHICO (GAMUZA, OLIVE/CARAMELO),""2025-12-08 20:12:18"",""0.0"""
"[100532] CARTERA LEANDRA (NAPADO, NEGRO),""2025-12-08 20:12:18"",""0.0"""
"[101681] TAG SIMPLE (AZUL),""2025-12-08 20:12:18"",""0.0"""
"[101682] TAG SIMPLE (CARAMELO),""2025-12-08 20:12:18"",""0.0"""
"[101684] TAG SIMPLE (ROJO),""2025-12-08 20:12:18"",""0.0"""
"[101686] TAG SIMPLE (VERDE),""2025-12-08 20:12:18"",""0.0"""
"[101103] MOCHILA PORTIA (BRIDGE, CHOCOLATE),""2025-12-08 20:12:18"",""0.0"""
"[101310] PORTAFOLIO RUBEN (CHOCOLATE),""2025-12-08 20:12:18"",""0.0"""
"[101343] PORTALAPTOP ELOY (FIORENTINO, NEGRO),""2025-12-08 20:12:18"",""0.0"""
"[101364] PORTALAPTOP MILTON (FIORENTINO, NEGRO),""2025-12-08 20:12:18"",""0.0"""
"[100511] CARTERA EMILIA (CRASH, NEGRO),""2025-12-08 20:12:18"",""0.0"""
"[101122] MONEDERO AMBAR (NAPADO, ROJO),""2025-12-08 20:12:18"",""0.0"""
"[101320] PORTAFOLIO VENUS CHICO (GAMUZA, OLIVE/TABACO),""2025-12-08 20:12:18"",""0.0"""
"[100085] BANDOLERA NEW VICENTA (NAPADO, SUELA),""2025-12-08 20:12:18"",""0.0"""
"[100137] BILLETERA ARLO (BRIDGE, NEGRO),""2025-12-08 20:12:18"",""0.0"""
"[100161] BILLETERA FICHERO (DUNA, NEGRO),""2025-12-08 20:12:18"",""0.0"""
"[100075] BANDOLERA NATY SIMPLE (NAPADO, SUELA),""2025-12-08 20:12:18"",""0.0"""
"[100082] BANDOLERA NEW VICENTA (NAPADO, MALBEC),""2025-12-08 20:12:18"",""0.0"""
"[100179] BILLETERA LIAM (DUNA, NEGRO),""2025-12-08 20:12:18"",""0.0"""
"[100797] CINTURON TOKIO (110),""2025-12-08 20:12:18"",""0.0"""
"[101118] MONEDERO AMBAR (DUNA, NEGRO),""2025-12-08 20:12:18"",""0.0"""
"[101467] PORTAPASAPORTE RON (CRASH, AZUL),""2025-12-08 20:12:18"",""0.0"""
"[100458] CARTERA AMARILLA SET SOBRE (MODENA, VERDE),""2025-12-08 20:12:18"",""0.0"""
"[100562] CARTERA LONDRES (MODENA, VERDE),""2025-12-08 20:12:18"",""0.0"""
"[101473] PORTAPASAPORTE RON (MODENA, VERDE),""2025-12-08 20:12:18"",""0.0"""
"[101472] PORTAPASAPORTE RON (MODENA, AZUL),""2025-12-08 20:12:18"",""0.0"""
"[100219] BILLETERA OSADIA (MODENA, VERDE),""2025-12-08 20:12:18"",""0.0"""
"[100599] CARTERA YARA (MODENA, VERDE),""2025-12-08 20:12:18"",""0.0"""
"[100500] CARTERA CHALTEN (MODENA, AZUL),""2025-12-08 20:12:18"",""0.0"""
"[100581] CARTERA MINI APHOLO SET SOBRE (MODENA, AZUL),""2025-12-08 20:12:18"",""0.0"""
"[100084] BANDOLERA NEW VICENTA (NAPADO, ROJO),""2025-12-08 20:12:18"",""0.0"""
"[100077] BANDOLERA NEW VICENTA (BRIDGE, ROJO),""2025-12-08 20:12:18"",""0.0"""
"[100808] CINTURON VAQUETA (105, NEGRO),""2025-12-08 20:12:18"",""0.0"""
"[100810] CINTURON VAQUETA (115, NEGRO),""2025-12-08 20:12:18"",""0.0"""
"[101815] TOTE IRUYA (NAPADO, SUELA),""2025-12-08 20:12:18"",""0.0"""
"[101281] PORTACABLES (2) (VINTAGE, MEDIO),""2025-12-08 20:12:18"",""0.0"""
"[100828] ESPEJO RECTANGULAR (CARAMELO),""2025-12-08 20:12:18"",""0.0"""
"[100829] ESPEJO RECTANGULAR (NEGRO),""2025-12-08 20:12:18"",""0.0"""
"[100830] ESPEJO RECTANGULAR (ROJO),""2025-12-08 20:12:18"",""0.0"""
"[100457] CARTERA AMARILLA SET SOBRE (MODENA, AZUL),""2025-12-08 20:12:18"",""0.0"""
"[101063] MOCHILA IKER (TABACO),""2025-12-08 20:12:18"",""0.0"""
"[100915] LLAVERO ABC (B, CARAMELO/OXIDO),""2025-12-08 20:12:18"",""0.0"""
"[103192] LLAVERO ABC (B, SUELA/OLIVE),""2025-12-08 20:12:18"",""0.0"""
"[100916] LLAVERO ABC (B, MALBEC/AZUL),""2025-12-08 20:12:18"",""0.0"""
"[100922] LLAVERO ABC (D, MALBEC/AZUL),""2025-12-08 20:12:18"",""0.0"""
"[100926] LLAVERO ABC (F, NEGRO/OXIDO),""2025-12-08 20:12:18"",""0.0"""
"[100958] LLAVERO ABC (L, NEGRO/OXIDO),""2025-12-08 20:12:18"",""0.0"""
"[100947] LLAVERO ABC (V, NEGRO/OXIDO),""2025-12-08 20:12:18"",""0.0"""
"[100925] LLAVERO ABC (F, MALBEC/AZUL),""2025-12-08 20:12:18"",""0.0"""
"[100950] LLAVERO ABC (Y, NEGRO/OXIDO),""2025-12-08 20:12:18"",""0.0"""
"[101015] MATERA OLI (BRIDGE, MALBEC),""2025-12-08 20:12:18"",""0.0"""
"[101014] MATERA OLI (BRIDGE, CHOCOLATE),""2025-12-08 20:12:18"",""0.0"""
"[101489] PORTAVINO TANDIL (BRIDGE, CARAMELO),""2025-12-08 20:12:18"",""0.0"""
"[101491] PORTAVINO TANDIL (BRIDGE, NEGRO),""2025-12-08 20:12:18"",""0.0"""
"[101492] PORTAVINO TANDIL (BRIDGE, TABACO),""2025-12-08 20:12:18"",""0.0"""
"[101813] TOTE IRUYA (NAPADO, MALBEC),""2025-12-08 20:12:18"",""0.0"""
"[100935] LLAVERO ABC (K, NEGRO/OXIDO),""2025-12-08 20:12:18"",""0.0"""
"[100949] LLAVERO ABC (Y, MALBEC/AZUL),""2025-12-08 20:12:18"",""0.0"""
"[100948] LLAVERO ABC (Y, CARAMELO/OXIDO),""2025-12-08 20:12:18"",""0.0"""
"[101498] PORTAVINO UCO (BRIDGE, CARAMELO),""2025-12-08 20:12:18"",""0.0"""
"[101500] PORTAVINO UCO (BRIDGE, NEGRO),""2025-12-08 20:12:18"",""0.0"""
"[101501] PORTAVINO UCO (BRIDGE, TABACO),""2025-12-08 20:12:18"",""0.0"""
"[101495] PORTAVINO TUNUYAN (AZUL/TABACO),""2025-12-08 20:12:18"",""0.0"""
"[101406] PORTALENTES LUZ BIFAZ (AZUL),""2025-12-08 20:12:18"",""0.0"""
"[101490] PORTAVINO TANDIL (BRIDGE, MALBEC),""2025-12-08 20:12:18"",""0.0"""
"[101458] PORTAPASAPORTE CHESTER BIFAZ (NEGRO/SUELA),""2025-12-08 20:12:18"",""0.0"""
"[101457] PORTAPASAPORTE CHESTER BIFAZ (AZUL/SUELA),""2025-12-08 20:12:18"",""0.0"""
"[101459] PORTAPASAPORTE CHESTER BIFAZ (VERDE/SUELA),""2025-12-08 20:12:18"",""0.0"""
"[100466] CARTERA AMARILLA SET SOBRE BIFAZ (NEGRO/SUELA),""2025-12-08 20:12:18"",""0.0"""
"[100465] CARTERA AMARILLA SET SOBRE BIFAZ (AZUL/SUELA),""2025-12-08 20:12:18"",""0.0"""
"[100467] CARTERA AMARILLA SET SOBRE BIFAZ (VERDE/SUELA),""2025-12-08 20:12:18"",""0.0"""
"[101804] TOTE CACHI  (DUNA, NEGRO),""2025-12-08 20:12:18"",""0.0"""
"[101807] TOTE CACHI  (NAPADO, CARAMELO),""2025-12-08 20:12:18"",""0.0"""
"[101809] TOTE CACHI  (NAPADO, SUELA),""2025-12-08 20:12:18"",""0.0"""
"[103191] LLAVERO ABC (A, SUELA/OLIVE),""2025-12-08 20:12:18"",""0.0"""
"[100967] LLAVERO COMBINADO (TABACO),""2025-12-08 20:12:18"",""0.0"""
"[100515] CARTERA EMILIA (NAPADO, NEGRO),""2025-12-08 20:12:18"",""0.0"""
"[101016] MATERA OLI (BRIDGE, NEGRO),""2025-12-08 20:12:18"",""0.0"""
"[101017] MATERA OLI (BRIDGE, TABACO),""2025-12-08 20:12:18"",""0.0"""
"[101019] MATERA RENE FULL BLACK,""2025-12-08 20:12:18"",""0.0"""
"[101062] MOCHILA IKER (NEGRO),""2025-12-08 20:12:18"",""0.0"""
"[101109] MOCHILA SIMON,""2025-12-08 20:12:18"",""0.0"""
"[100759] CINTURON PAO (NEGRO),""2025-12-08 20:12:18"",""0.0"""
"[100760] CINTURON PAO (SUELA),""2025-12-08 20:12:18"",""0.0"""
"[100761] CINTURON PAO COMBINADO (NEGRO),""2025-12-08 20:12:18"",""0.0"""
"[100762] CINTURON PAO COMBINADO (SUELA),""2025-12-08 20:12:18"",""0.0"""
"[100582] CARTERA MINI APHOLO SET SOBRE (MODENA, VERDE),""2025-12-08 20:12:18"",""0.0"""
"[101084] MOCHILA MULITA (NEGRO),""2025-12-08 20:12:18"",""0.0"""
"[101083] MOCHILA MULITA (CHOCOLATE),""2025-12-08 20:12:18"",""0.0"""
"[101082] MOCHILA MULITA (CARAMELO),""2025-12-08 20:12:18"",""0.0"""
"[101825] TOTE TILCARA (LONDON),""2025-12-08 20:12:18"",""0.0"""
"[101826] TOTE TILCARA (NEGRO),""2025-12-08 20:12:18"",""0.0"""
"[101059] MOCHILA CASPIO FULL BLACK,""2025-12-08 20:12:18"",""0.0"""
"[101060] MOCHILA FRANCIS (CHOCOLATE),""2025-12-08 20:12:18"",""0.0"""
"[101479] PORTAPASAPORTE WARA (NAPADO, NEGRO),""2025-12-08 20:12:18"",""0.0"""
"[103161] MOCHILA PACARI (VINTAGE, DARK),""2025-12-08 20:12:18"",""0.0"""
"[103165] MOCHILA LIBRA (CHOCOLATE),""2025-12-08 20:12:18"",""0.0"""
"[103208] PORTALENTES LUZ (NAPADO, CHOCOLATE),""2025-12-08 20:12:18"",""0.0"""
"[103167] TOTE CACHI  (BRIDGE, LONDON),""2025-12-08 20:12:18"",""0.0"""
"[103166] TOTE IRUYA (BRIDGE, LONDON),""2025-12-08 20:12:18"",""0.0"""
"[103207] PORTAFOLIO HUAPI (NAPOLE, TABACO),""2025-12-08 20:12:18"",""0.0"""
"[101007] LLAVERO MIRLO (VERDE),""2025-12-08 20:12:18"",""0.0"""
"[103209] PORTAPASAPORTE CHESTER (NAPADO, VERDE),""2025-12-08 20:12:18"",""0.0"""
"[103202] MOCHILA PORTIA (NAPOLE, TABACO),""2025-12-08 20:12:18"",""0.0"""
"[103559] CHALINA SELECCION,""2025-12-08 20:25:19"",""0.0"""
"[103558] CHALINA OPORTUNIDAD,""2025-12-08 20:25:19"",""0.0"""
"[100476] CARTERA APHOLO SET SOBRE (ROJO),""2025-12-08 21:05:52"",""0.0"""
"[101074] MOCHILA MARCOS (BRIDGE, NEGRO),""2025-12-08 21:05:52"",""0.0"""
"[100231] BILLETERA PENY (NAPADO, SUELA),""2025-12-08 21:05:52"",""0.0"""
"[100145] BILLETERA BEIJING (BRIDGE, ROJO),""2025-12-08 21:05:52"",""0.0"""
"[101172] MORRAL BERLIN (NEGRO),""2025-12-08 21:05:52"",""0.0"""
"[100010] BANDOLERA ANTONIETA (GAMUZA, AVELLANA),""2025-12-08 21:05:52"",""0.0"""
"[100012] BANDOLERA ANTONIETA (GAMUZA, OXIDO),""2025-12-08 21:05:52"",""0.0"""
"[100015] BANDOLERA ANTONIETA (NAPADO, CARAMELO),""2025-12-08 21:05:52"",""0.0"""
"[100017] BANDOLERA ANTONIETA (NAPADO, NEGRO),""2025-12-08 21:05:52"",""0.0"""
"[100267] BOLSO TUBO GRANDE (NAPADO, NEGRO),""2025-12-08 21:05:52"",""0.0"""
"[101183] MORRAL LUCAS (CARAMELO),""2025-12-08 21:05:52"",""0.0"""
"[100490] CARTERA BAULITO (NAPADO, NEGRO),""2025-12-08 21:05:52"",""0.0"""
"[100058] BANDOLERA NATY SIMPLE (BRIDGE, AZUL),""2025-12-08 21:05:52"",""0.0"""
"[100060] BANDOLERA NATY SIMPLE (BRIDGE, NEGRO),""2025-12-08 21:05:52"",""0.0"""
"[101174] MORRAL CARLOS (CARAMELO),""2025-12-08 21:05:52"",""0.0"""
"[101176] MORRAL CARLOS (NEGRO),""2025-12-08 21:05:52"",""0.0"""
"[100144] BILLETERA BEIJING (BRIDGE, NEGRO),""2025-12-08 21:05:52"",""0.0"""
"[100189] BILLETERA LUCA (BRIDGE, NEGRO),""2025-12-08 21:05:52"",""0.0"""
"[100187] BILLETERA LUCA (BRIDGE, CARAMELO),""2025-12-08 21:05:52"",""0.0"""
"[100190] BILLETERA LUCA (BRIDGE, TABACO),""2025-12-08 21:05:52"",""0.0"""
"[100173] BILLETERA LEXI (AZUL),""2025-12-08 21:05:52"",""0.0"""
"[100217] BILLETERA OSADIA (BRIDGE, ROJO),""2025-12-08 21:05:52"",""0.0"""
"[100214] BILLETERA OSADIA (BRIDGE, CARAMELO),""2025-12-08 21:05:52"",""0.0"""
"[100216] BILLETERA OSADIA (BRIDGE, NEGRO),""2025-12-08 21:05:52"",""0.0"""
"[101227] NECESSAIRE MINI MARCOS (BRIDGE, NEGRO),""2025-12-08 21:05:52"",""0.0"""
"[101229] NECESSAIRE MINI MARCOS (BRIDGE, TABACO),""2025-12-08 21:05:52"",""0.0"""
"[100603] CARTUCHERA MONT (BRIDGE, NEGRO),""2025-12-08 21:05:52"",""0.0"""
"[100605] CARTUCHERA MONT (BRIDGE, TABACO),""2025-12-08 21:05:52"",""0.0"""
"[100604] CARTUCHERA MONT (BRIDGE, ROJO),""2025-12-08 21:05:52"",""0.0"""
"[100600] CARTUCHERA MONT (BRIDGE, AZUL),""2025-12-08 21:05:52"",""0.0"""
"[101140] MONEDERO GRACE (BRIDGE, NEGRO),""2025-12-08 21:05:52"",""0.0"""
"[101138] MONEDERO GRACE (BRIDGE, CARAMELO),""2025-12-08 21:05:52"",""0.0"""
"[101141] MONEDERO GRACE (BRIDGE, ROJO),""2025-12-08 21:05:52"",""0.0"""
"[101401] PORTALENTES LUZ (NAPADO, NEGRO),""2025-12-08 21:05:52"",""0.0"""
"[101388] PORTALENTES LUZ (BRIDGE, NEGRO),""2025-12-08 21:05:52"",""0.0"""
"[101389] PORTALENTES LUZ (BRIDGE, ROJO),""2025-12-08 21:05:52"",""0.0"""
"[101385] PORTALENTES LUZ (BRIDGE, CARAMELO),""2025-12-08 21:05:52"",""0.0"""
"[101423] PORTALENTES ORION (BRIDGE, NEGRO),""2025-12-08 21:05:52"",""0.0"""
"[101424] PORTALENTES ORION (BRIDGE, ROJO),""2025-12-08 21:05:52"",""0.0"""
"[101421] PORTALENTES ORION (BRIDGE, CARAMELO),""2025-12-08 21:05:52"",""0.0"""
"[101425] PORTALENTES ORION (BRIDGE, TABACO),""2025-12-08 21:05:52"",""0.0"""
"[101430] PORTALENTES ORION (NAPADO, SUELA),""2025-12-08 21:05:52"",""0.0"""
"[101445] PORTAPASAPORTE CHESTER (BRIDGE, NEGRO),""2025-12-08 21:05:52"",""0.0"""
"[101462] PORTAPASAPORTE RON (BRIDGE, CARAMELO),""2025-12-08 21:05:52"",""0.0"""
"[101463] PORTAPASAPORTE RON (BRIDGE, NEGRO),""2025-12-08 21:05:52"",""0.0"""
"[101464] PORTAPASAPORTE RON (BRIDGE, ROJO),""2025-12-08 21:05:52"",""0.0"""
"[101642] SOBRE GEMINI (NAPADO, NEGRO),""2025-12-08 21:05:52"",""0.0"""
"[101644] SOBRE GEMINI (NAPADO, SUELA),""2025-12-08 21:05:52"",""0.0"""
"[101640] SOBRE GEMINI (NAPADO, CARAMELO),""2025-12-08 21:05:52"",""0.0"""
"[101643] SOBRE GEMINI (NAPADO, ROJO),""2025-12-08 21:05:52"",""0.0"""
"[101639] SOBRE GEMINI (NAPADO, AZUL),""2025-12-08 21:05:52"",""0.0"""
"[101690] TARJETERO ARIES (BRIDGE, NEGRO),""2025-12-08 21:05:52"",""0.0"""
"[101692] TARJETERO ARIES (BRIDGE, TABACO),""2025-12-08 21:05:52"",""0.0"""
"[101721] TARJETERO BILL (NAPADO, SUELA),""2025-12-08 21:05:52"",""0.0"""
"[101707] TARJETERO BILL (BRIDGE, ROJO),""2025-12-08 21:05:52"",""0.0"""
"[101706] TARJETERO BILL (BRIDGE, NEGRO),""2025-12-08 21:05:52"",""0.0"""
"[101705] TARJETERO BILL (BRIDGE, CARAMELO),""2025-12-08 21:05:52"",""0.0"""
"[101709] TARJETERO BILL (BRIDGE, TABACO),""2025-12-08 21:05:52"",""0.0"""
"[101704] TARJETERO BILL (BRIDGE, AZUL),""2025-12-08 21:05:52"",""0.0"""
"[101727] TARJETERO HARRY (BRIDGE, TABACO),""2025-12-08 21:05:52"",""0.0"""
"[101723] TARJETERO HARRY (BRIDGE, CARAMELO),""2025-12-08 21:05:52"",""0.0"""
"[101726] TARJETERO HARRY (BRIDGE, ROJO),""2025-12-08 21:05:52"",""0.0"""
"[101725] TARJETERO HARRY (BRIDGE, NEGRO),""2025-12-08 21:05:52"",""0.0"""
"[101751] TARJETERO JUAN (NAPADO, SUELA),""2025-12-08 21:05:52"",""0.0"""
"[101740] TARJETERO JUAN (BRIDGE, ROJO),""2025-12-08 21:05:52"",""0.0"""
"[101741] TARJETERO JUAN (BRIDGE, TABACO),""2025-12-08 21:05:52"",""0.0"""
"[101786] TARJETERO RUBI (BRIDGE, ROJO),""2025-12-08 21:05:52"",""0.0"""
"[101783] TARJETERO RUBI (BRIDGE, CARAMELO),""2025-12-08 21:05:52"",""0.0"""
"[101787] TARJETERO RUBI (BRIDGE, TABACO),""2025-12-08 21:05:52"",""0.0"""
"[101785] TARJETERO RUBI (BRIDGE, NEGRO),""2025-12-08 21:05:52"",""0.0"""
"[101799] TARJETERO VINCENT (CARAMELO),""2025-12-08 21:05:52"",""0.0"""
"[101801] TARJETERO VINCENT (NEGRO),""2025-12-08 21:05:52"",""0.0"""
"[100992] LLAVERO KAREN (NEGRO/AVELLANA),""2025-12-08 21:05:52"",""0.0"""
"[101011] LLAVERO SIMPLE (BRIDGE, ROJO),""2025-12-08 21:05:52"",""0.0"""
"[100714] CINTURON LOPA (85, SUELA),""2025-12-08 21:05:52"",""0.0"""
"[100720] CINTURON LOPA (115, SUELA),""2025-12-08 21:05:52"",""0.0"""
"[100721] CINTURON LOPA (120, SUELA),""2025-12-08 21:05:52"",""0.0"""
"[100778] CINTURON TINO (110, CARAMELO),""2025-12-08 21:05:52"",""0.0"""
"[100779] CINTURON TINO (115, CARAMELO),""2025-12-08 21:05:52"",""0.0"""
"[100780] CINTURON TINO (120, CARAMELO),""2025-12-08 21:05:52"",""0.0"""
"[100789] CINTURON TINO (85, SUELA),""2025-12-08 21:05:52"",""0.0"""
"[100795] CINTURON TINO (115, SUELA),""2025-12-08 21:05:52"",""0.0"""
"[100796] CINTURON TINO (120, SUELA),""2025-12-08 21:05:52"",""0.0"""
"[100794] CINTURON TINO (110, SUELA),""2025-12-08 21:05:52"",""0.0"""
"[100781] CINTURON TINO (85, NEGRO),""2025-12-08 21:05:52"",""0.0"""
"[100788] CINTURON TINO (120, NEGRO),""2025-12-08 21:05:52"",""0.0"""
"[100782] CINTURON TINO (90, NEGRO),""2025-12-08 21:05:52"",""0.0"""
"[100783] CINTURON TINO (95, NEGRO),""2025-12-08 21:05:52"",""0.0"""
"[100787] CINTURON TINO (115, NEGRO),""2025-12-08 21:05:52"",""0.0"""
"[100785] CINTURON TINO (105, NEGRO),""2025-12-08 21:05:52"",""0.0"""
"[100811] CINTURON VAQUETA (85, SUELA),""2025-12-08 21:05:52"",""0.0"""
"[100812] CINTURON VAQUETA (90, SUELA),""2025-12-08 21:05:52"",""0.0"""
"[100814] CINTURON VAQUETA (100, SUELA),""2025-12-08 21:05:52"",""0.0"""
"[100038] BANDOLERA CASIOPEA (NAPADO, NEGRO),""2025-12-08 21:05:52"",""0.0"""
"[100040] BANDOLERA CASIOPEA (NAPADO, SUELA),""2025-12-08 21:05:52"",""0.0"""
"[100037] BANDOLERA CASIOPEA (NAPADO, CARAMELO),""2025-12-08 21:05:52"",""0.0"""
"[100039] BANDOLERA CASIOPEA (NAPADO, ROJO),""2025-12-08 21:05:52"",""0.0"""
"[100054] BANDOLERA NATY (NEGRO),""2025-12-08 21:05:52"",""0.0"""
"[100056] BANDOLERA NATY (SUELA),""2025-12-08 21:05:52"",""0.0"""
"[100055] BANDOLERA NATY (ROJO),""2025-12-08 21:05:52"",""0.0"""
"[100052] BANDOLERA NATY (AZUL),""2025-12-08 21:05:52"",""0.0"""
"[100053] BANDOLERA NATY (CARAMELO),""2025-12-08 21:05:52"",""0.0"""
"[100069] BANDOLERA NATY SIMPLE (GAMUZA, VESUBIO/TABACO),""2025-12-08 21:05:52"",""0.0"""
"[100071] BANDOLERA NATY SIMPLE (NAPADO, CARAMELO),""2025-12-08 21:05:52"",""0.0"""
"[100064] BANDOLERA NATY SIMPLE (GAMUZA, AVELLANA/TABACO),""2025-12-08 21:05:52"",""0.0"""
"[100063] BANDOLERA NATY SIMPLE (GAMUZA, AVELLANA/NEGRO),""2025-12-08 21:05:52"",""0.0"""
"[100103] BANDOLERA SAGITTA (NAPADO, NEGRO),""2025-12-08 21:05:52"",""0.0"""
"[101173] MORRAL BERLIN (TABACO),""2025-12-08 21:05:52"",""0.0"""
"[101170] MORRAL BERLIN (CARAMELO),""2025-12-08 21:05:52"",""0.0"""
"[101181] MORRAL DRACO (NEGRO),""2025-12-08 21:05:52"",""0.0"""
"[101182] MORRAL DRACO (TABACO),""2025-12-08 21:05:52"",""0.0"""
"[101184] MORRAL LUCAS (NEGRO),""2025-12-08 21:05:52"",""0.0"""
"[101185] MORRAL LUCAS (TABACO),""2025-12-08 21:05:52"",""0.0"""
"[101311] PORTAFOLIO RUBEN (NEGRO),""2025-12-08 21:05:52"",""0.0"""
"[101312] PORTAFOLIO RUBEN (TABACO),""2025-12-08 21:05:52"",""0.0"""
"[101309] PORTAFOLIO RUBEN (CARAMELO),""2025-12-08 21:05:52"",""0.0"""
"[101315] PORTAFOLIO VENUS CHICO (BRIDGE, NEGRO),""2025-12-08 21:05:52"",""0.0"""
"[101316] PORTAFOLIO VENUS CHICO (BRIDGE, TABACO),""2025-12-08 21:05:52"",""0.0"""
"[101322] PORTAFOLIO VENUS GRANDE,""2025-12-08 21:05:52"",""0.0"""
"[101354] PORTALAPTOP LES (BRIDGE, ROJO),""2025-12-08 21:05:52"",""0.0"""
"[101353] PORTALAPTOP LES (BRIDGE, NEGRO),""2025-12-08 21:05:52"",""0.0"""
"[101351] PORTALAPTOP LES (BRIDGE, CARAMELO),""2025-12-08 21:05:52"",""0.0"""
"[101356] PORTALAPTOP LES (BRIDGE, VERDE),""2025-12-08 21:05:52"",""0.0"""
"[100444] CARTERA AMARILLA SET SOBRE (BRIDGE, TABACO),""2025-12-08 21:05:52"",""0.0"""
"[100441] CARTERA AMARILLA SET SOBRE (BRIDGE, NEGRO),""2025-12-08 21:05:52"",""0.0"""
"[100438] CARTERA AMARILLA SET SOBRE (BRIDGE, CARAMELO),""2025-12-08 21:05:52"",""0.0"""
"[100451] CARTERA AMARILLA SET SOBRE (GAMUZA, VESUBIO/TABACO),""2025-12-08 21:05:52"",""0.0"""
"[100442] CARTERA AMARILLA SET SOBRE (BRIDGE, ROJO),""2025-12-08 21:05:52"",""0.0"""
"[100573] CARTERA MINI APHOLO SET SOBRE (BRIDGE, ROJO),""2025-12-08 21:05:52"",""0.0"""
"[100553] CARTERA LISBOA (NAPADO, NEGRO),""2025-12-08 21:05:52"",""0.0"""
"[100551] CARTERA LISBOA (NAPADO, CARAMELO),""2025-12-08 21:05:52"",""0.0"""
"[100544] CARTERA LISBOA (GAMUZA, VESUBIO/TABACO),""2025-12-08 21:05:52"",""0.0"""
"[100554] CARTERA LISBOA (NAPADO, ROJO),""2025-12-08 21:05:52"",""0.0"""
"[101578] RIÑONERA EVAN GRANDE (BRIDGE, CARAMELO),""2025-12-08 21:05:52"",""0.0"""
"[101653] SOBRE OMEGA (GAMUZA, AVELLANA),""2025-12-08 21:05:52"",""0.0"""
"[100494] CARTERA CHALTEN (BRIDGE, CARAMELO),""2025-12-08 21:05:52"",""0.0"""
"[100498] CARTERA CHALTEN (BRIDGE, ROJO),""2025-12-08 21:05:52"",""0.0"""
"[100427] CARTERA ACONCAGUA (BRIDGE, NEGRO),""2025-12-08 21:05:52"",""0.0"""
"[100425] CARTERA ACONCAGUA (BRIDGE, CARAMELO),""2025-12-08 21:05:52"",""0.0"""
"[100428] CARTERA ACONCAGUA (BRIDGE, ROJO),""2025-12-08 21:05:52"",""0.0"""
"[100430] CARTERA ACONCAGUA (BRIDGE, VERDE),""2025-12-08 21:05:52"",""0.0"""
"[100424] CARTERA ACONCAGUA (BRIDGE, AZUL),""2025-12-08 21:05:52"",""0.0"""
"[100547] CARTERA LISBOA (IGUANA, NEGRO),""2025-12-08 21:05:52"",""0.0"""
"[100104] BANDOLERA SAGITTA (NAPADO, ROJO),""2025-12-08 21:05:52"",""0.0"""
"[100202] BILLETERA LUCA (NAPADO, SUELA),""2025-12-08 21:05:52"",""0.0"""
"[100200] BILLETERA LUCA (NAPADO, NEGRO),""2025-12-08 21:05:52"",""0.0"""
"[101580] RIÑONERA EVAN GRANDE (BRIDGE, NEGRO),""2025-12-08 21:05:52"",""0.0"""
"[100580] CARTERA MINI APHOLO SET SOBRE (GAMUZA, VESUBIO/TABACO),""2025-12-08 21:05:52"",""0.0"""
"[100981] LLAVERO KAREN (AZUL/OXIDO),""2025-12-08 21:05:52"",""0.0"""
"[101255] PHONEBAG TAURUS (NEGRO),""2025-12-08 21:05:52"",""0.0"""
"[101257] PHONEBAG TAURUS (TABACO),""2025-12-08 21:05:52"",""0.0"""
"[101470] PORTAPASAPORTE RON (IGUANA, NEGRO),""2025-12-08 21:05:52"",""0.0"""
"[100253] BOLSO TUBO GRANDE (BRIDGE, NEGRO),""2025-12-08 21:05:52"",""0.0"""
"[100570] CARTERA MINI APHOLO SET SOBRE (BRIDGE, CARAMELO),""2025-12-08 21:05:52"",""0.0"""
"[100574] CARTERA MINI APHOLO SET SOBRE (BRIDGE, TABACO),""2025-12-08 21:05:52"",""0.0"""
"[100572] CARTERA MINI APHOLO SET SOBRE (BRIDGE, NEGRO),""2025-12-08 21:05:52"",""0.0"""
"[100577] CARTERA MINI APHOLO SET SOBRE (GAMUZA, AVELLANA/TABACO),""2025-12-08 21:05:52"",""0.0"""
"[101582] RIÑONERA EVAN GRANDE (NAPADO, NEGRO),""2025-12-08 21:05:52"",""0.0"""
"[100546] CARTERA LISBOA (IGUANA, CARAMELO),""2025-12-08 21:05:52"",""0.0"""
"[100251] BOLSO TUBO GRANDE (BRIDGE, CARAMELO),""2025-12-08 21:05:52"",""0.0"""
"[100254] BOLSO TUBO GRANDE (BRIDGE, TABACO),""2025-12-08 21:05:52"",""0.0"""
"[100265] BOLSO TUBO GRANDE (GAMUZA, VESUBIO/NEGRO),""2025-12-08 21:05:52"",""0.0"""
"[100266] BOLSO TUBO GRANDE (GAMUZA, VESUBIO/TABACO),""2025-12-08 21:05:52"",""0.0"""
"[100257] BOLSO TUBO GRANDE (GAMUZA, AVELLANA/TABACO),""2025-12-08 21:05:52"",""0.0"""
"[100277] BOLSO URBANO (NAPADO, NEGRO),""2025-12-08 21:05:52"",""0.0"""
"[100278] BOLSO URBANO (NAPADO, SUELA),""2025-12-08 21:05:52"",""0.0"""
"[100274] BOLSO URBANO (BRIDGE, NEGRO),""2025-12-08 21:05:52"",""0.0"""
"[100510] CARTERA DOS HEBILLAS NEW (GAMUZA, VESUBIO/TABACO),""2025-12-08 21:05:52"",""0.0"""
"[101077] MOCHILA MARCOS (NAPADO, SUELA),""2025-12-08 21:05:52"",""0.0"""
"[101076] MOCHILA MARCOS (NAPADO, NEGRO),""2025-12-08 21:05:52"",""0.0"""
"[101073] MOCHILA MARCOS (BRIDGE, CHOCOLATE),""2025-12-08 21:05:52"",""0.0"""
"[101075] MOCHILA MARCOS (BRIDGE, TABACO),""2025-12-08 21:05:52"",""0.0"""
"[100229] BILLETERA PENY (NAPADO, NEGRO),""2025-12-08 21:05:52"",""0.0"""
"[101714] TARJETERO BILL (IGUANA, NEGRO),""2025-12-08 21:05:52"",""0.0"""
"[101105] MOCHILA PORTIA (BRIDGE, TABACO),""2025-12-08 21:05:52"",""0.0"""
"[101104] MOCHILA PORTIA (BRIDGE, NEGRO),""2025-12-08 21:05:52"",""0.0"""
"[101102] MOCHILA PORTIA (BRIDGE, CARAMELO),""2025-12-08 21:05:52"",""0.0"""
"[101263] PORTABILLETES CORVUS (NEGRO),""2025-12-08 21:05:52"",""0.0"""
"[100454] CARTERA AMARILLA SET SOBRE (IGUANA, NEGRO),""2025-12-08 21:05:52"",""0.0"""
"[100455] CARTERA AMARILLA SET SOBRE (IGUANA, ROJO),""2025-12-08 21:05:52"",""0.0"""
"[101166] MORRAL ANGOSTO (BRIDGE, NEGRO),""2025-12-08 21:05:52"",""0.0"""
"[101164] MORRAL ANGOSTO (BRIDGE, CARAMELO),""2025-12-08 21:05:52"",""0.0"""
"[101163] MORRAL ANGOSTO (BRIDGE, AZUL),""2025-12-08 21:05:52"",""0.0"""
"[100773] CINTURON TINO (85, CARAMELO),""2025-12-08 21:05:52"",""0.0"""
"[101712] TARJETERO BILL (IGUANA, CARAMELO),""2025-12-08 21:05:52"",""0.0"""
"[101755] TARJETERO KENNY (BRIDGE, NEGRO),""2025-12-08 21:05:52"",""0.0"""
"[101161] MORRAL ADI VINTAGE (TAMPONATO, NEGRO),""2025-12-08 21:05:52"",""0.0"""
"[101162] MORRAL ADI VINTAGE (TAMPONATO, SUELA),""2025-12-08 21:05:52"",""0.0"""
"[100502] CARTERA DOS HEBILLAS NEW (BRIDGE, CARAMELO),""2025-12-08 21:05:52"",""0.0"""
"[100503] CARTERA DOS HEBILLAS NEW (BRIDGE, NEGRO),""2025-12-08 21:05:52"",""0.0"""
"[101078] MOCHILA MARCOS (TAMPONATO, NEGRO),""2025-12-08 21:05:52"",""0.0"""
"[101179] MORRAL DRACO (CARAMELO),""2025-12-08 21:05:52"",""0.0"""
"[101313] PORTAFOLIO VENUS CHICO (BRIDGE, CARAMELO),""2025-12-08 21:05:52"",""0.0"""
"[100163] BILLETERA FICHERO (NAPADO, NEGRO),""2025-12-08 21:05:52"",""0.0"""
"[101303] PORTAFOLIO OLDIE (BRIDGE, CARAMELO),""2025-12-08 21:05:52"",""0.0"""
"[101395] PORTALENTES LUZ (IGUANA, NEGRO),""2025-12-08 21:05:52"",""0.0"""
"[101733] TARJETERO HARRY (NAPADO, ROJO),""2025-12-08 21:05:52"",""0.0"""
"[100601] CARTUCHERA MONT (BRIDGE, CARAMELO),""2025-12-08 21:05:52"",""0.0"""
"[101308] PORTAFOLIO OLDIE (TAMPONATO, SUELA),""2025-12-08 21:05:52"",""0.0"""
"[101305] PORTAFOLIO OLDIE (BRIDGE, NEGRO),""2025-12-08 21:05:52"",""0.0"""
"[101306] PORTAFOLIO OLDIE (BRIDGE, TABACO),""2025-12-08 21:05:52"",""0.0"""
"[101778] TARJETERO ROMA (BRIDGE, NEGRO),""2025-12-08 21:05:52"",""0.0"""
"[101001] LLAVERO KAREN (VERDE/OXIDO),""2025-12-08 21:05:52"",""0.0"""
"[100803] CINTURON TRENZADO (115),""2025-12-08 21:05:52"",""0.0"""
"[100804] CINTURON TRENZADO (120),""2025-12-08 21:05:52"",""0.0"""
"[100800] CINTURON TRENZADO (90),""2025-12-08 21:05:52"",""0.0"""
"[101393] PORTALENTES LUZ (IGUANA, AZUL),""2025-12-08 21:05:52"",""0.0"""
"[101189] MORRAL OLDIE (BRIDGE, TABACO),""2025-12-08 21:05:52"",""0.0"""
"[101188] MORRAL OLDIE (BRIDGE, NEGRO),""2025-12-08 21:05:52"",""0.0"""
"[100164] BILLETERA FICHERO (NAPADO, ROJO),""2025-12-08 21:05:52"",""0.0"""
"[101574] RIÑONERA EVAN CHICA (NEGRO),""2025-12-08 21:05:52"",""0.0"""
"[101575] RIÑONERA EVAN CHICA (TABACO),""2025-12-08 21:05:52"",""0.0"""
"[100658] CINTURON ESPIGA (115, NEGRO),""2025-12-08 21:05:52"",""0.0"""
"[100664] CINTURON ESPIGA (110, SUELA),""2025-12-08 21:05:52"",""0.0"""
"[100665] CINTURON ESPIGA (115, SUELA),""2025-12-08 21:05:52"",""0.0"""
"[101562] RIÑONERA CRUZ S (BRIDGE, CARAMELO),""2025-12-08 21:05:52"",""0.0"""
"[101564] RIÑONERA CRUZ S (BRIDGE, LONDON),""2025-12-08 21:05:52"",""0.0"""
"[101566] RIÑONERA CRUZ S (BRIDGE, ROJO),""2025-12-08 21:05:52"",""0.0"""
"[101567] RIÑONERA CRUZ S (BRIDGE, SUELA),""2025-12-08 21:05:52"",""0.0"""
"[101568] RIÑONERA CRUZ S (BRIDGE, TABACO),""2025-12-08 21:05:52"",""0.0"""
"[101355] PORTALAPTOP LES (BRIDGE, TABACO),""2025-12-08 21:05:52"",""0.0"""
"[101106] MOCHILA PORTIA (NAPADO, NEGRO),""2025-12-08 21:05:52"",""0.0"""
"[101107] MOCHILA PORTIA (NAPADO, SUELA),""2025-12-08 21:05:52"",""0.0"""
"[101253] PHONEBAG TAURUS (CARAMELO),""2025-12-08 21:05:52"",""0.0"""
"[101256] PHONEBAG TAURUS (SUELA),""2025-12-08 21:05:52"",""0.0"""
"[100724] CINTURON MIA (L, AZUL),""2025-12-08 21:05:52"",""0.0"""
"[100723] CINTURON MIA (M, AZUL),""2025-12-08 21:05:52"",""0.0"""
"[100731] CINTURON MIA (L, ROJO),""2025-12-08 21:05:52"",""0.0"""
"[100737] CINTURON MIA (L, VERDE),""2025-12-08 21:05:52"",""0.0"""
"[100736] CINTURON MIA (M, VERDE),""2025-12-08 21:05:52"",""0.0"""
"[100059] BANDOLERA NATY SIMPLE (BRIDGE, CARAMELO),""2025-12-08 21:05:52"",""0.0"""
"[100221] BILLETERA OSADIA (NAPADO, CARAMELO),""2025-12-08 21:05:52"",""0.0"""
"[100224] BILLETERA OSADIA (NAPADO, SUELA),""2025-12-08 21:05:52"",""0.0"""
"[100483] CARTERA BAULITO (GAMUZA, MOSTAZA/TABACO),""2025-12-08 21:05:52"",""0.0"""
"[100805] CINTURON VAQUETA (85, NEGRO),""2025-12-08 21:05:52"",""0.0"""
"[100815] CINTURON VAQUETA (105, SUELA),""2025-12-08 21:05:52"",""0.0"""
"[100816] CINTURON VAQUETA (110, SUELA),""2025-12-08 21:05:52"",""0.0"""
"[101469] PORTAPASAPORTE RON (IGUANA, CARAMELO),""2025-12-08 21:05:52"",""0.0"""
"[101201] NECESSAIRE (CARAMELO),""2025-12-08 21:05:52"",""0.0"""
"[101202] NECESSAIRE (NEGRO),""2025-12-08 21:05:52"",""0.0"""
"[101203] NECESSAIRE (SUELA),""2025-12-08 21:05:52"",""0.0"""
"[101204] NECESSAIRE (TABACO),""2025-12-08 21:05:52"",""0.0"""
"[100122] BANDOLERA VICENTA (NAPADO, NEGRO),""2025-12-08 21:05:52"",""0.0"""
"[101143] MONEDERO GRACE (IGUANA, CARAMELO),""2025-12-08 21:05:52"",""0.0"""
"[101144] MONEDERO GRACE (IGUANA, NEGRO),""2025-12-08 21:05:52"",""0.0"""
"[100448] CARTERA AMARILLA SET SOBRE (GAMUZA, AVELLANA/TABACO),""2025-12-08 21:05:52"",""0.0"""
"[100014] BANDOLERA ANTONIETA (NAPADO, AZUL),""2025-12-08 21:05:52"",""0.0"""
"[100018] BANDOLERA ANTONIETA (NAPADO, ROJO),""2025-12-08 21:05:52"",""0.0"""
"[100123] BANDOLERA VICENTA (NAPADO, ROJO),""2025-12-08 21:05:52"",""0.0"""
"[100124] BANDOLERA VICENTA (NAPADO, SUELA),""2025-12-08 21:05:52"",""0.0"""
"[101715] TARJETERO BILL (IGUANA, ROJO),""2025-12-08 21:05:52"",""0.0"""
"[100440] CARTERA AMARILLA SET SOBRE (BRIDGE, MALBEC),""2025-12-08 21:05:52"",""0.0"""
"[100013] BANDOLERA ANTONIETA (GAMUZA, VESUBIO),""2025-12-08 21:05:52"",""0.0"""
"[100011] BANDOLERA ANTONIETA (GAMUZA, CAFE),""2025-12-08 21:05:52"",""0.0"""
"[100110] BANDOLERA VICENTA (GAMUZA, AVELLANA),""2025-12-08 21:05:52"",""0.0"""
"[100475] CARTERA APHOLO SET SOBRE (NEGRO),""2025-12-08 21:05:52"",""0.0"""
"[100578] CARTERA MINI APHOLO SET SOBRE (GAMUZA, MOSTAZA/TABACO),""2025-12-08 21:05:52"",""0.0"""
"[100157] BILLETERA COPAHUE (NAPADO, NEGRO),""2025-12-08 21:05:52"",""0.0"""
"[100159] BILLETERA COPAHUE (NAPADO, SUELA),""2025-12-08 21:05:52"",""0.0"""
"[100155] BILLETERA COPAHUE (NAPADO, AZUL),""2025-12-08 21:05:52"",""0.0"""
"[101261] PORTABILLETES CORVUS (CARAMELO),""2025-12-08 21:05:52"",""0.0"""
"[101444] PORTAPASAPORTE CHESTER (BRIDGE, MALBEC),""2025-12-08 21:05:52"",""0.0"""
"[100594] CARTERA YARA (BRIDGE, NEGRO),""2025-12-08 21:05:52"",""0.0"""
"[100595] CARTERA YARA (BRIDGE, ROJO),""2025-12-08 21:05:52"",""0.0"""
"[100220] BILLETERA OSADIA (NAPADO, AZUL),""2025-12-08 21:05:52"",""0.0"""
"[100279] BOLSO URBANO FULL BLACK,""2025-12-08 21:05:52"",""0.0"""
"[100613] CARTUCHERA MONT FULL BLACK,""2025-12-08 21:05:52"",""0.0"""
"[101108] MOCHILA PORTIA FULL BLACK,""2025-12-08 21:05:52"",""0.0"""
"[101216] NECESSAIRE LANIN FULL BLACK,""2025-12-08 21:05:52"",""0.0"""
"[101234] NECESSAIRE MINI MARCOS FULL BLACK,""2025-12-08 21:05:52"",""0.0"""
"[101258] PHONEBAG TAURUS FULL BLACK,""2025-12-08 21:05:52"",""0.0"""
"[101577] RIÑONERA EVAN FULL BLACK GRANDE,""2025-12-08 21:05:52"",""0.0"""
"[101730] TARJETERO HARRY (NAPADO, AZUL),""2025-12-08 21:05:52"",""0.0"""
"[103189] GORRO PAÑO (S, NEGRO),""2025-12-08 21:05:52"",""0.0"""
"[100845] GORRO PAÑO (S, AZUL MARINO),""2025-12-08 21:05:52"",""0.0"""
"[100849] GORRO PAÑO (S, GRIS TOPO),""2025-12-08 21:05:52"",""0.0"""
"[100853] GORRO PAÑO (M, NEGRO),""2025-12-08 21:05:52"",""0.0"""
"[100850] GORRO PAÑO (M, GRIS TOPO),""2025-12-08 21:05:52"",""0.0"""
"[100855] GORRO PAÑO (XL, NEGRO),""2025-12-08 21:05:52"",""0.0"""
"[100847] GORRO PAÑO (XL, AZUL MARINO),""2025-12-08 21:05:52"",""0.0"""
"[100851] GORRO PAÑO (XL, GRIS TOPO),""2025-12-08 21:05:52"",""0.0"""
"[100856] GORRO PAÑO (2XL, NEGRO),""2025-12-08 21:05:52"",""0.0"""
"[100848] GORRO PAÑO (2XL, AZUL MARINO),""2025-12-08 21:05:52"",""0.0"""
"[100852] GORRO PAÑO (2XL, GRIS TOPO),""2025-12-08 21:05:52"",""0.0"""
"[100198] BILLETERA LUCA (NAPADO, CARAMELO),""2025-12-08 21:05:52"",""0.0"""
"[101225] NECESSAIRE MINI MARCOS (BRIDGE, CARAMELO),""2025-12-08 21:05:52"",""0.0"""
"[100838] GORRO ESPIGA (L),""2025-12-08 21:05:52"",""0.0"""
"[100839] GORRO ESPIGA (XL),""2025-12-08 21:05:52"",""0.0"""
"[100840] GORRO ESPIGA (2XL),""2025-12-08 21:05:52"",""0.0"""
"[100504] CARTERA DOS HEBILLAS NEW (BRIDGE, TABACO),""2025-12-08 21:05:52"",""0.0"""
"[100505] CARTERA DOS HEBILLAS NEW (GAMUZA, AVELLANA/TABACO),""2025-12-08 21:05:52"",""0.0"""
"[100507] CARTERA DOS HEBILLAS NEW (GAMUZA, CAFE),""2025-12-08 21:05:52"",""0.0"""
"[100697] CINTURON GUS (115, SUELA),""2025-12-08 21:05:52"",""0.0"""
"[100693] CINTURON GUS (85, SUELA),""2025-12-08 21:05:52"",""0.0"""
"[100768] CINTURON REX (120),""2025-12-08 21:05:52"",""0.0"""
"[100261] BOLSO TUBO GRANDE (GAMUZA, CAFE/TABACO),""2025-12-08 21:05:52"",""0.0"""
"[103210] PORTAPASAPORTE WARA FULL BLACK,""2025-12-08 21:05:52"",""0.0"""
"[100598] CARTERA YARA (IGUANA, NEGRO),""2025-12-08 21:05:52"",""0.0"""
"[100597] CARTERA YARA (IGUANA, CARAMELO),""2025-12-08 21:05:52"",""0.0"""
"[100253] BOLSO TUBO GRANDE (BRIDGE, NEGRO),""2025-12-08 21:05:52"",""0.0"""
"[101088] MOCHILA PACARI (BRIDGE, NEGRO),""2025-12-08 21:05:52"",""0.0"""
"[101085] MOCHILA PACARI (BRIDGE, CARAMELO),""2025-12-08 21:05:52"",""0.0"""
"[101090] MOCHILA PACARI (BRIDGE, TABACO),""2025-12-08 21:05:52"",""0.0"""
"[101089] MOCHILA PACARI (BRIDGE, ROJO),""2025-12-08 21:05:52"",""0.0"""
"[100119] BANDOLERA VICENTA (IGUANA, NEGRO),""2025-12-08 21:05:52"",""0.0"""
"[100118] BANDOLERA VICENTA (IGUANA, CARAMELO),""2025-12-08 21:05:52"",""0.0"""
"[100488] CARTERA BAULITO (IGUANA, ROJO),""2025-12-08 21:05:52"",""0.0"""
"[100485] CARTERA BAULITO (IGUANA, AZUL),""2025-12-08 21:05:52"",""0.0"""
"[100489] CARTERA BAULITO (IGUANA, VERDE),""2025-12-08 21:05:52"",""0.0"""
"[100487] CARTERA BAULITO (IGUANA, NEGRO),""2025-12-08 21:05:52"",""0.0"""
"[100045] BANDOLERA LENA (NAPADO, ROJO),""2025-12-08 21:05:52"",""0.0"""
"[100044] BANDOLERA LENA (NAPADO, NEGRO),""2025-12-08 21:05:52"",""0.0"""
"[100248] BOLSO LIHUEN FULL BLACK,""2025-12-08 21:05:52"",""0.0"""
"[100243] BOLSO LIHUEN (BRIDGE, CARAMELO),""2025-12-08 21:05:52"",""0.0"""
"[100246] BOLSO LIHUEN (BRIDGE, TABACO),""2025-12-08 21:05:52"",""0.0"""
"[100197] BILLETERA LUCA (NAPADO, AZUL),""2025-12-08 21:05:52"",""0.0"""
"[100148] BILLETERA BEIJING (IGUANA, NEGRO),""2025-12-08 21:05:52"",""0.0"""
"[101301] PORTAFOLIO HUAPI (BRIDGE, TABACO),""2025-12-08 21:05:52"",""0.0"""
"[101297] PORTAFOLIO HUAPI (BRIDGE, CARAMELO),""2025-12-08 21:05:52"",""0.0"""
"[101298] PORTAFOLIO HUAPI (BRIDGE, CHOCOLATE),""2025-12-08 21:05:52"",""0.0"""
"[101299] PORTAFOLIO HUAPI (BRIDGE, MALBEC),""2025-12-08 21:05:52"",""0.0"""
"[100106] BANDOLERA VICENTA (BRIDGE, CARAMELO),""2025-12-08 21:05:52"",""0.0"""
"[100263] BOLSO TUBO GRANDE (GAMUZA, OLIVE/TABACO),""2025-12-08 21:05:52"",""0.0"""
"[101759] TARJETERO KENNY (NAPADO, NEGRO),""2025-12-08 21:05:52"",""0.0"""
"[100258] BOLSO TUBO GRANDE (GAMUZA, AZUL/CARAMELO),""2025-12-08 21:05:52"",""0.0"""
"[101098] MOCHILA PIETRO (BRIDGE, TABACO),""2025-12-08 21:05:52"",""0.0"""
"[100149] BILLETERA BEIJING (IGUANA, ROJO),""2025-12-08 21:05:52"",""0.0"""
"[101803] TARJETERO VINCENT (TABACO),""2025-12-08 21:05:52"",""0.0"""
"[101474] PORTAPASAPORTE WARA (IGUANA, CARAMELO),""2025-12-08 21:05:52"",""0.0"""
"[101478] PORTAPASAPORTE WARA (NAPADO, CARAMELO),""2025-12-08 21:05:52"",""0.0"""
"[101480] PORTAPASAPORTE WARA (NAPADO, ROJO),""2025-12-08 21:05:52"",""0.0"""
"[100446] CARTERA AMARILLA SET SOBRE (CROCO, CANELA),""2025-12-08 21:05:52"",""0.0"""
"[100222] BILLETERA OSADIA (NAPADO, NEGRO),""2025-12-08 21:05:52"",""0.0"""
"[100076] BANDOLERA NATY SIMPLE (NAPADO, VERDE),""2025-12-08 21:05:52"",""0.0"""
"[100230] BILLETERA PENY (NAPADO, ROJO),""2025-12-08 21:05:52"",""0.0"""
"[100227] BILLETERA PENY (NAPADO, AZUL),""2025-12-08 21:05:52"",""0.0"""
"[103180] BOLSO TUBO GRANDE (GAMUZA, GRIS MEDIO/CARAMELO),""2025-12-08 21:05:52"",""0.0"""
"[101213] NECESSAIRE LANIN (BRIDGE, NEGRO),""2025-12-08 21:05:52"",""0.0"""
"[101212] NECESSAIRE LANIN (BRIDGE, CARAMELO),""2025-12-08 21:05:52"",""0.0"""
"[101724] TARJETERO HARRY (BRIDGE, MALBEC),""2025-12-08 21:05:52"",""0.0"""
"[100560] CARTERA LONDRES (BRIDGE, ROJO),""2025-12-08 21:05:52"",""0.0"""
"[101573] RIÑONERA EVAN CHICA (CHOCOLATE),""2025-12-08 21:05:52"",""0.0"""
"[101072] MOCHILA MARCOS (BRIDGE, CARAMELO),""2025-12-08 21:05:52"",""0.0"""
"[100041] BANDOLERA LENA (NAPADO, AZUL),""2025-12-08 21:05:52"",""0.0"""
"[100208] BILLETERA MILO SIMPLE (NAPADO, SUELA),""2025-12-08 21:05:52"",""0.0"""
"[100743] CINTURON PANAMA (85, TOSTADO),""2025-12-08 21:05:52"",""0.0"""
"[100748] CINTURON PANAMA (110, TOSTADO),""2025-12-08 21:05:52"",""0.0"""
"[100749] CINTURON PANAMA (115, TOSTADO),""2025-12-08 21:05:52"",""0.0"""
"[100750] CINTURON PANAMA (120, TOSTADO),""2025-12-08 21:05:52"",""0.0"""
"[100751] CINTURON PANAMA (85, VERDE),""2025-12-08 21:05:52"",""0.0"""
"[100756] CINTURON PANAMA (110, VERDE),""2025-12-08 21:05:52"",""0.0"""
"[100757] CINTURON PANAMA (115, VERDE),""2025-12-08 21:05:52"",""0.0"""
"[100758] CINTURON PANAMA (120, VERDE),""2025-12-08 21:05:52"",""0.0"""
"[100741] CINTURON PANAMA (115, AZUL),""2025-12-08 21:05:52"",""0.0"""
"[100742] CINTURON PANAMA (120, AZUL),""2025-12-08 21:05:52"",""0.0"""
"[100692] CINTURON GUS (120, NEGRO),""2025-12-08 21:05:52"",""0.0"""
"[101187] MORRAL OLDIE (BRIDGE, CHOCOLATE),""2025-12-08 21:05:52"",""0.0"""
"[101304] PORTAFOLIO OLDIE (BRIDGE, CHOCOLATE),""2025-12-08 21:05:52"",""0.0"""
"[100471] CARTERA APHOLO C/CIERRE (BRIDGE, NEGRO),""2025-12-08 21:05:52"",""0.0"""
"[100472] CARTERA APHOLO C/CIERRE (BRIDGE, TABACO),""2025-12-08 21:05:52"",""0.0"""
"[100468] CARTERA APHOLO C/CIERRE (BRIDGE, CARAMELO),""2025-12-08 21:05:52"",""0.0"""
"[101175] MORRAL CARLOS (CHOCOLATE),""2025-12-08 21:05:52"",""0.0"""
"[100558] CARTERA LONDRES (BRIDGE, MALBEC),""2025-12-08 21:05:52"",""0.0"""
"[101177] MORRAL CARLOS (TABACO),""2025-12-08 21:05:52"",""0.0"""
"[100181] BILLETERA LIAM (NAPADO, CARAMELO),""2025-12-08 21:05:52"",""0.0"""
"[100183] BILLETERA LIAM (NAPADO, NEGRO),""2025-12-08 21:05:52"",""0.0"""
"[100474] CARTERA APHOLO SET SOBRE (CARAMELO),""2025-12-08 21:05:52"",""0.0"""
"[100477] CARTERA APHOLO SET SOBRE (TABACO),""2025-12-08 21:05:52"",""0.0"""
"[101165] MORRAL ANGOSTO (BRIDGE, CHOCOLATE),""2025-12-08 21:05:52"",""0.0"""
"[103155] BOLSO TUBO GRANDE (BRIDGE, GRIS OSCURO/TABACO),""2025-12-08 21:05:52"",""0.0"""
"[100555] CARTERA LISBOA (NAPADO, VERDE),""2025-12-08 21:05:52"",""0.0"""
"[100508] CARTERA DOS HEBILLAS NEW (GAMUZA, GRIS MEDIO/TABACO),""2025-12-08 21:05:52"",""0.0"""
"[100260] BOLSO TUBO GRANDE (GAMUZA, CAFE/NEGRO),""2025-12-08 21:05:52"",""0.0"""
"[100564] CARTERA MINI APHOLO C/CIERRE (BRIDGE, MALBEC),""2025-12-08 21:05:52"",""0.0"""
"[100479] CARTERA BAULITO (BRIDGE, NEGRO),""2025-12-08 21:05:52"",""0.0"""
"[101342] PORTALAPTOP ELOY (FIORENTINO, CEDRO),""2025-12-08 21:05:52"",""0.0"""
"[101159] MORRAL ADI VINTAGE (BRIDGE, NEGRO),""2025-12-08 21:05:52"",""0.0"""
"[101158] MORRAL ADI VINTAGE (BRIDGE, CARAMELO),""2025-12-08 21:05:52"",""0.0"""
"[101160] MORRAL ADI VINTAGE (BRIDGE, TABACO),""2025-12-08 21:05:52"",""0.0"""
"[101357] PORTALAPTOP LES (FIORENTINO, CEDRO),""2025-12-08 21:05:52"",""0.0"""
"[100178] BILLETERA LEXI (TABACO),""2025-12-08 21:05:52"",""0.0"""
"[100447] CARTERA AMARILLA SET SOBRE (FIORENTINO, CEDRO),""2025-12-08 21:05:52"",""0.0"""
"[101386] PORTALENTES LUZ (BRIDGE, CHOCOLATE),""2025-12-08 21:05:52"",""0.0"""
"[100152] BILLETERA BEIJING (NAPADO, ROJO),""2025-12-08 21:05:52"",""0.0"""
"[100153] BILLETERA BEIJING (NAPADO, VERDE),""2025-12-08 21:05:52"",""0.0"""
"[100491] CARTERA BAULITO (TAMPONATO, NEGRO),""2025-12-08 21:05:52"",""0.0"""
"[100255] BOLSO TUBO GRANDE (FIORENTINO, CEDRO),""2025-12-08 21:05:52"",""0.0"""
"[100262] BOLSO TUBO GRANDE (GAMUZA, OLIVE/CARAMELO),""2025-12-08 21:05:52"",""0.0"""
"[103179] BOLSO TUBO GRANDE (NAPADO, GRIS OSCURO/CARAMELO),""2025-12-08 21:05:52"",""0.0"""
"[101302] PORTAFOLIO HUAPI (FIORENTINO, CEDRO),""2025-12-08 21:05:52"",""0.0"""
"[101300] PORTAFOLIO HUAPI (BRIDGE, NEGRO),""2025-12-08 21:05:52"",""0.0"""
"[101654] SOBRE OMEGA (GAMUZA, AZUL),""2025-12-08 21:05:52"",""0.0"""
"SOBRE OMEGA (GAMUZA, GRIS MEDIO),""2025-12-08 21:05:52"",""0.0"""
"[100113] BANDOLERA VICENTA (GAMUZA, GRIS MEDIO),""2025-12-08 21:05:52"",""0.0"""
"[100114] BANDOLERA VICENTA (GAMUZA, GRIS OSCURO),""2025-12-08 21:05:52"",""0.0"""
"[101853] ZAPATILLA URBANA (39, NEGRO),""2025-12-08 21:05:52"",""0.0"""
"[101854] ZAPATILLA URBANA (40, NEGRO),""2025-12-08 21:05:52"",""0.0"""
"[101855] ZAPATILLA URBANA (41, NEGRO),""2025-12-08 21:05:52"",""0.0"""
"[101856] ZAPATILLA URBANA (42, NEGRO),""2025-12-08 21:05:52"",""0.0"""
"[101857] ZAPATILLA URBANA (43, NEGRO),""2025-12-08 21:05:52"",""0.0"""
"[101858] ZAPATILLA URBANA (44, NEGRO),""2025-12-08 21:05:52"",""0.0"""
"[101859] ZAPATILLA URBANA (45, NEGRO),""2025-12-08 21:05:52"",""0.0"""
"[101860] ZAPATILLA URBANA (39, SUELA),""2025-12-08 21:05:52"",""0.0"""
"[101861] ZAPATILLA URBANA (40, SUELA),""2025-12-08 21:05:52"",""0.0"""
"[101862] ZAPATILLA URBANA (41, SUELA),""2025-12-08 21:05:52"",""0.0"""
"[101863] ZAPATILLA URBANA (42, SUELA),""2025-12-08 21:05:52"",""0.0"""
"[101865] ZAPATILLA URBANA (44, SUELA),""2025-12-08 21:05:52"",""0.0"""
"[101866] ZAPATILLA URBANA (45, SUELA),""2025-12-08 21:05:52"",""0.0"""
"[100247] BOLSO LIHUEN (FIORENTINO, CEDRO),""2025-12-08 21:05:52"",""0.0"""
"[101314] PORTAFOLIO VENUS CHICO (BRIDGE, MALBEC),""2025-12-08 21:05:52"",""0.0"""
"[100282] BOTA MORRIS (40),""2025-12-08 21:05:52"",""0.0"""
"[103098] SOMBRERO ALGODON (XS, TOSTADO/NEGRO),""2025-12-08 21:05:52"",""0.0"""
"[103103] SOMBRERO ALGODON (2XL, TOSTADO/NEGRO),""2025-12-08 21:05:52"",""0.0"""
"[103104] SOMBRERO ALGODON (XS, NATURAL/NEGRO),""2025-12-08 21:05:52"",""0.0"""
"[103109] SOMBRERO ALGODON (2XL, NATURAL/NEGRO),""2025-12-08 21:05:52"",""0.0"""
"[103232] SOMBRERO RAFIA (2XL, TOSTADO/BLANCO),""2025-12-08 21:05:52"",""0.0"""
"[103222] SOMBRERO RAFIA (XS, NATURAL/AZUL),""2025-12-08 21:05:52"",""0.0"""
"[103099] SOMBRERO ALGODON (S, TOSTADO/NEGRO),""2025-12-08 21:05:52"",""0.0"""
"[103100] SOMBRERO ALGODON (M, TOSTADO/NEGRO),""2025-12-08 21:05:52"",""0.0"""
"[103101] SOMBRERO ALGODON (L, TOSTADO/NEGRO),""2025-12-08 21:05:52"",""0.0"""
"[103102] SOMBRERO ALGODON (XL, TOSTADO/NEGRO),""2025-12-08 21:05:52"",""0.0"""
"[103115] SOMBRERO RAFIA (S, TOSTADO/BLANCO),""2025-12-08 21:05:52"",""0.0"""
"[103224] SOMBRERO RAFIA (M, TOSTADO/BLANCO),""2025-12-08 21:05:52"",""0.0"""
"[103116] SOMBRERO RAFIA (L, TOSTADO/BLANCO),""2025-12-08 21:05:52"",""0.0"""
"[103117] SOMBRERO RAFIA (XL, TOSTADO/BLANCO),""2025-12-08 21:05:52"",""0.0"""
"[103118] SOMBRERO RAFIA (S, NATURAL/AZUL),""2025-12-08 21:05:52"",""0.0"""
"[103225] SOMBRERO RAFIA (M, NATURAL/AZUL),""2025-12-08 21:05:52"",""0.0"""
"[103227] SOMBRERO RAFIA (L, NATURAL/AZUL),""2025-12-08 21:05:52"",""0.0"""
"[103229] SOMBRERO RAFIA (XL, NATURAL/AZUL),""2025-12-08 21:05:52"",""0.0"""
"[103233] SOMBRERO RAFIA (2XL, NATURAL/AZUL),""2025-12-08 21:05:52"",""0.0"""
"[103105] SOMBRERO ALGODON (S, NATURAL/NEGRO),""2025-12-08 21:05:52"",""0.0"""
"[103106] SOMBRERO ALGODON (M, NATURAL/NEGRO),""2025-12-08 21:05:52"",""0.0"""
"[103107] SOMBRERO ALGODON (L, NATURAL/NEGRO),""2025-12-08 21:05:52"",""0.0"""
"[103108] SOMBRERO ALGODON (XL, NATURAL/NEGRO),""2025-12-08 21:05:52"",""0.0"""
"[101093] MOCHILA PACARI (FIORENTINO, CEDRO),""2025-12-08 21:05:52"",""0.0"""
"[101371] PORTALENTES COLBY (FIORENTINO, CEDRO),""2025-12-08 21:05:52"",""0.0"""
"[101368] PORTALENTES COLBY (BRIDGE, NEGRO),""2025-12-08 21:05:52"",""0.0"""
"[101435] PORTALLAVES ALAN (DULCE DE LECHE),""2025-12-08 21:05:52"",""0.0"""
"[101570] RIÑONERA CRUZ S (NAPADO, CARAMELO),""2025-12-08 21:05:52"",""0.0"""
"[101683] TAG SIMPLE (NEGRO),""2025-12-08 21:05:52"",""0.0"""
"[101100] MOCHILA PIETRO (FIORENTINO, CEDRO),""2025-12-08 21:05:52"",""0.0"""
"[101678] TAG INICIALES (VAQUETA, NEGRO),""2025-12-08 21:05:52"",""0.0"""
"[101070] MOCHILA LIBRA (NEGRO),""2025-12-08 21:05:52"",""0.0"""
"[101068] MOCHILA LIBRA (CARAMELO),""2025-12-08 21:05:52"",""0.0"""
"[101071] MOCHILA LIBRA (TABACO),""2025-12-08 21:05:52"",""0.0"""
"[101069] MOCHILA LIBRA (MALBEC),""2025-12-08 21:05:52"",""0.0"""
"[100969] LLAVERO INICIALES (NAPADO, AZUL),""2025-12-08 21:05:52"",""0.0"""
"[100975] LLAVERO INICIALES (NAPADO, VERDE),""2025-12-08 21:05:52"",""0.0"""
"[100972] LLAVERO INICIALES (NAPADO, ROJO),""2025-12-08 21:05:52"",""0.0"""
"[101670] TAG AMAYA (VISON),""2025-12-08 21:05:52"",""0.0"""
"[100341] CAMISA LISA ALGODON (40, BEIGE),""2025-12-08 21:05:52"",""0.0"""
"[100342] CAMISA LISA ALGODON (42, BEIGE),""2025-12-08 21:05:52"",""0.0"""
"[100344] CAMISA LISA ALGODON (46, BEIGE),""2025-12-08 21:05:52"",""0.0"""
"[100361] CAMISA MULTIRAYAS (38),""2025-12-08 21:05:52"",""0.0"""
"[101081] MOCHILA MARCOS FULL BLACK (NAPADO),""2025-12-08 21:05:52"",""0.0"""
"[101282] PORTACABLES (3) (FIORENTINO, CEDRO),""2025-12-08 21:05:52"",""0.0"""
"[103203] PORTACABLES (3) (VAQUETA, CHOCOLATE),""2025-12-08 21:05:52"",""0.0"""
"[103204] PORTACABLES (3) (VAQUETA, DULCE DE LECHE),""2025-12-08 21:05:52"",""0.0"""
"[101284] PORTACABLES (3) (VAQUETA, NATURAL),""2025-12-08 21:05:52"",""0.0"""
"[103206] PORTACABLES (3) (VAQUETA, NEGRO),""2025-12-08 21:05:52"",""0.0"""
"[103205] PORTACABLES (3) (VAQUETA, SUELA),""2025-12-08 21:05:52"",""0.0"""
"[101292] PORTACINTO LOU (FIORENTINO, CEDRO),""2025-12-08 21:05:52"",""0.0"""
"[101293] PORTACINTO LOU (MODENA, NEGRO),""2025-12-08 21:05:52"",""0.0"""
"[101294] PORTACINTO LOU (MODENA, TABACO),""2025-12-08 21:05:52"",""0.0"""
"[101079] MOCHILA MARCOS FULL BLACK (BRIDGE),""2025-12-08 21:05:52"",""0.0"""
"[101101] MOCHILA PIETRO FULL BLACK,""2025-12-08 21:05:52"",""0.0"""
"[101317] PORTAFOLIO VENUS CHICO (GAMUZA, AZUL/CARAMELO),""2025-12-08 21:05:52"",""0.0"""
"[100345] CAMISA LISA LINO (38, BEIGE),""2025-12-08 21:05:52"",""0.0"""
"[100329] CAMISA CUADRITOS (38),""2025-12-08 21:05:52"",""0.0"""
"[100330] CAMISA CUADRITOS (40),""2025-12-08 21:05:52"",""0.0"""
"[100331] CAMISA CUADRITOS (42),""2025-12-08 21:05:52"",""0.0"""
"[100335] CAMISA LISA ALGODON (38, AMARILLO),""2025-12-08 21:05:52"",""0.0"""
"[100336] CAMISA LISA ALGODON (40, AMARILLO),""2025-12-08 21:05:52"",""0.0"""
"[100337] CAMISA LISA ALGODON (42, AMARILLO),""2025-12-08 21:05:52"",""0.0"""
"[100338] CAMISA LISA ALGODON (44, AMARILLO),""2025-12-08 21:05:52"",""0.0"""
"[100351] CAMISA LISA LINO (40, CASCARILLA),""2025-12-08 21:05:52"",""0.0"""
"[100065] BANDOLERA NATY SIMPLE (GAMUZA, AZUL),""2025-12-08 21:05:52"",""0.0"""
"[100067] BANDOLERA NATY SIMPLE (GAMUZA, OLIVE),""2025-12-08 21:05:52"",""0.0"""
"[100066] BANDOLERA NATY SIMPLE (GAMUZA, GRIS MEDIO),""2025-12-08 21:05:52"",""0.0"""
"[101192] MOUSEPAD (BRIDGE, CARAMELO),""2025-12-08 21:05:52"",""0.0"""
"[100821] CORREA LOLI (NEGRO),""2025-12-08 21:05:52"",""0.0"""
"[100823] CORREA LOLI (TABACO),""2025-12-08 21:05:52"",""0.0"""
"[100822] CORREA LOLI (ROJO),""2025-12-08 21:05:52"",""0.0"""
"[100820] CORREA LOLI (MALBEC),""2025-12-08 21:05:52"",""0.0"""
"[100824] CORREA LOLI (VERDE),""2025-12-08 21:05:52"",""0.0"""
"[100818] CORREA LOLI (AZUL),""2025-12-08 21:05:52"",""0.0"""
"[100826] CORREA LORE (NEGRO),""2025-12-08 21:05:52"",""0.0"""
"[100825] CORREA LORE (CARAMELO),""2025-12-08 21:05:52"",""0.0"""
"[101272] PORTACABLES (2) (FIORENTINO, CEDRO),""2025-12-08 21:05:52"",""0.0"""
"[101276] PORTACABLES (2) (VAQUETA, NATURAL),""2025-12-08 21:05:52"",""0.0"""
"[101274] PORTACABLES (2) (VAQUETA, CHOCOLATE),""2025-12-08 21:05:52"",""0.0"""
"[101278] PORTACABLES (2) (VAQUETA, SUELA),""2025-12-08 21:05:52"",""0.0"""
"[101277] PORTACABLES (2) (VAQUETA, NEGRO),""2025-12-08 21:05:52"",""0.0"""
"[101273] PORTACABLES (2) (MODENA, NEGRO),""2025-12-08 21:05:52"",""0.0"""
"[101345] PORTALAPTOP ELOY (MODENA, TABACO),""2025-12-08 21:05:52"",""0.0"""
"[101373] PORTALENTES COLBY (IGUANA, CARAMELO),""2025-12-08 21:05:52"",""0.0"""
"[101372] PORTALENTES COLBY (IGUANA, AZUL),""2025-12-08 21:05:52"",""0.0"""
"[101375] PORTALENTES COLBY (IGUANA, ROJO),""2025-12-08 21:05:52"",""0.0"""
"[101366] PORTALENTES COLBY (BRIDGE, CARAMELO),""2025-12-08 21:05:52"",""0.0"""
"[101369] PORTALENTES COLBY (BRIDGE, ROJO),""2025-12-08 21:05:52"",""0.0"""
"[101374] PORTALENTES COLBY (IGUANA, NEGRO),""2025-12-08 21:05:52"",""0.0"""
"[101560] RIÑONERA CRUZ L (BRIDGE, TABACO),""2025-12-08 21:05:52"",""0.0"""
"[101557] RIÑONERA CRUZ L (BRIDGE, CARAMELO),""2025-12-08 21:05:52"",""0.0"""
"[101561] RIÑONERA CRUZ L (FIORENTINO, CEDRO),""2025-12-08 21:05:52"",""0.0"""
"[101052] MOCASIN PAULA (37),""2025-12-08 21:05:52"",""0.0"""
"[101231] NECESSAIRE MINI MARCOS (FIORENTINO, CEDRO),""2025-12-08 21:05:52"",""0.0"""
"[101408] PORTALENTES MANU (BRIDGE, CARAMELO),""2025-12-08 21:05:52"",""0.0"""
"[101411] PORTALENTES MANU (BRIDGE, NEGRO),""2025-12-08 21:05:52"",""0.0"""
"[101287] PORTACINTO ELIAS (FIORENTINO, CEDRO),""2025-12-08 21:05:52"",""0.0"""
"[101288] PORTACINTO ELIAS (MODENA, NEGRO),""2025-12-08 21:05:52"",""0.0"""
"[101289] PORTACINTO ELIAS (MODENA, TABACO),""2025-12-08 21:05:52"",""0.0"""
"[103113] SOMBRERO ALGODON (L, TOSTADO/CHOCOLATE),""2025-12-08 21:05:52"",""0.0"""
"[103112] SOMBRERO ALGODON (M, TOSTADO/CHOCOLATE),""2025-12-08 21:05:52"",""0.0"""
"[103111] SOMBRERO ALGODON (S, TOSTADO/CHOCOLATE),""2025-12-08 21:05:52"",""0.0"""
"[103114] SOMBRERO ALGODON (XL, TOSTADO/CHOCOLATE),""2025-12-08 21:05:52"",""0.0"""
"[103110] SOMBRERO ALGODON (XS, TOSTADO/CHOCOLATE),""2025-12-08 21:05:52"",""0.0"""
"[103128] SOMBRERO RAFIA (L, NATURAL/NEGRO),""2025-12-08 21:05:52"",""0.0"""
"[103127] SOMBRERO RAFIA (M, NATURAL/NEGRO),""2025-12-08 21:05:52"",""0.0"""
"[103126] SOMBRERO RAFIA (S, NATURAL/NEGRO),""2025-12-08 21:05:52"",""0.0"""
"[103129] SOMBRERO RAFIA (XL, NATURAL/NEGRO),""2025-12-08 21:05:52"",""0.0"""
"[103125] SOMBRERO RAFIA (XS, NATURAL/NEGRO),""2025-12-08 21:05:52"",""0.0"""
"[103231] SOMBRERO RAFIA (2XL, NATURAL/NEGRO),""2025-12-08 21:05:52"",""0.0"""
"[103121] SOMBRERO RAFIA (M, TOSTADO/NEGRO),""2025-12-08 21:05:52"",""0.0"""
"[103120] SOMBRERO RAFIA (S, TOSTADO/NEGRO),""2025-12-08 21:05:52"",""0.0"""
"[103119] SOMBRERO RAFIA (XS, TOSTADO/NEGRO),""2025-12-08 21:05:52"",""0.0"""
"[103228] SOMBRERO RAFIA (XL, TOSTADO/CHOCOLATE),""2025-12-08 21:05:52"",""0.0"""
"[100143] BILLETERA BEIJING (BRIDGE, MALBEC),""2025-12-08 21:05:52"",""0.0"""
"[100205] BILLETERA MILO SIMPLE (FIORENTINO, CEDRO),""2025-12-08 21:05:52"",""0.0"""
"[101666] TAG AMAYA (CHOCOLATE),""2025-12-08 21:05:52"",""0.0"""
"[101667] TAG AMAYA (NATURAL),""2025-12-08 21:05:52"",""0.0"""
"[101422] PORTALENTES ORION (BRIDGE, MALBEC),""2025-12-08 21:05:52"",""0.0"""
"[100057] BANDOLERA NATY (VERDE),""2025-12-08 21:05:52"",""0.0"""
"[101847] ZAPATILLA URBANA (40, BORGOÑA),""2025-12-08 21:05:52"",""0.0"""
"[101851] ZAPATILLA URBANA (44, BORGOÑA),""2025-12-08 21:05:52"",""0.0"""
"[101852] ZAPATILLA URBANA (45, BORGOÑA),""2025-12-08 21:05:52"",""0.0"""
"[101752] TARJETERO KENNY (BRIDGE, AZUL),""2025-12-08 21:05:52"",""0.0"""
"[101096] MOCHILA PIETRO (BRIDGE, CARAMELO),""2025-12-08 21:05:52"",""0.0"""
"[100978] LLAVERO KAREN (AZUL/AVELLANA),""2025-12-08 21:05:52"",""0.0"""
"[100980] LLAVERO KAREN (AZUL/MARSALA),""2025-12-08 21:05:52"",""0.0"""
"[100988] LLAVERO KAREN (CARAMELO/OLIVE),""2025-12-08 21:05:52"",""0.0"""
"[100990] LLAVERO KAREN (MALBEC/MARSALA),""2025-12-08 21:05:52"",""0.0"""
"[100993] LLAVERO KAREN (NEGRO/GRIS MEDIO),""2025-12-08 21:05:52"",""0.0"""
"[100996] LLAVERO KAREN (NEGRO/OXIDO),""2025-12-08 21:05:52"",""0.0"""
"[100997] LLAVERO KAREN (NEGRO/VESUBIO),""2025-12-08 21:05:52"",""0.0"""
"[101784] TARJETERO RUBI (BRIDGE, MALBEC),""2025-12-08 21:05:52"",""0.0"""
"[101867] ZAPATILLA URBANA (39, TABACO),""2025-12-08 21:05:52"",""0.0"""
"[100872] GORRO VENTO (S, BEIGE),""2025-12-08 21:05:52"",""0.0"""
"[100873] GORRO VENTO (M, BEIGE),""2025-12-08 21:05:52"",""0.0"""
"[100874] GORRO VENTO (L, BEIGE),""2025-12-08 21:05:52"",""0.0"""
"[100875] GORRO VENTO (XL, BEIGE),""2025-12-08 21:05:52"",""0.0"""
"[100876] GORRO VENTO (2XL, BEIGE),""2025-12-08 21:05:52"",""0.0"""
"[100877] GORRO VENTO (M, GRIS),""2025-12-08 21:05:52"",""0.0"""
"[100878] GORRO VENTO (2XL, GRIS),""2025-12-08 21:05:52"",""0.0"""
"[100881] GORRO VENTO (L, NEGRO),""2025-12-08 21:05:52"",""0.0"""
"[100882] GORRO VENTO (2XL, NEGRO),""2025-12-08 21:05:52"",""0.0"""
"[100883] GORRO VENTO (M, VERDE),""2025-12-08 21:05:52"",""0.0"""
"[100884] GORRO VENTO (2XL, VERDE),""2025-12-08 21:05:52"",""0.0"""
"[101659] SOMBRERO FABIO,""2025-12-08 21:05:52"",""0.0"""
"[100388] CAMPERA CHANDRA (L, AZUL MARINO),""2025-12-08 21:05:52"",""0.0"""
"[100390] CAMPERA CHANDRA (2XL, AZUL MARINO),""2025-12-08 21:05:52"",""0.0"""
"[100393] CAMPERA CHANDRA (XL, CEMENTO),""2025-12-08 21:05:52"",""0.0"""
"[100394] CAMPERA CHANDRA (2XL, CEMENTO),""2025-12-08 21:05:52"",""0.0"""
"[100397] CAMPERA CHANDRA (L, NEGRO),""2025-12-08 21:05:52"",""0.0"""
"[100398] CAMPERA CHANDRA (XL, NEGRO),""2025-12-08 21:05:52"",""0.0"""
"[100404] CAMPERA CHANDRA (2XL, VERDE),""2025-12-08 21:05:52"",""0.0"""
"[101041] MOCASIN FANGIO (39, NEGRO),""2025-12-08 21:05:52"",""0.0"""
"[101827] ZAPATILLA MATEO (39, AZUL),""2025-12-08 21:05:52"",""0.0"""
"[101829] ZAPATILLA MATEO (44, AZUL),""2025-12-08 21:05:52"",""0.0"""
"[101832] ZAPATILLA MATEO (39, BORGOÑA),""2025-12-08 21:05:52"",""0.0"""
"[103156] ZAPATILLA MATEO (40, BORGOÑA),""2025-12-08 21:05:52"",""0.0"""
"[101834] ZAPATILLA MATEO (44, BORGOÑA),""2025-12-08 21:05:52"",""0.0"""
"[101835] ZAPATILLA MATEO (45, BORGOÑA),""2025-12-08 21:05:52"",""0.0"""
"[103219] ZAPATILLA MATEO (40, NEGRO),""2025-12-08 21:05:52"",""0.0"""
"[103130] ZAPATILLA MATEO (43, NEGRO),""2025-12-08 21:05:52"",""0.0"""
"[101837] ZAPATILLA MATEO (44, NEGRO),""2025-12-08 21:05:52"",""0.0"""
"[101838] ZAPATILLA MATEO (45, NEGRO),""2025-12-08 21:05:52"",""0.0"""
"[101839] ZAPATILLA MATEO (39, TABACO),""2025-12-08 21:05:52"",""0.0"""
"[103220] ZAPATILLA MATEO (40, TABACO),""2025-12-08 21:05:52"",""0.0"""
"[101842] ZAPATILLA MATEO (45, TABACO),""2025-12-08 21:05:52"",""0.0"""
"[101843] ZAPATILLA MATEO (39, VERDE),""2025-12-08 21:05:52"",""0.0"""
"[101868] ZAPATILLA URBANA (40, TABACO),""2025-12-08 21:05:52"",""0.0"""
"[101872] ZAPATILLA URBANA (44, TABACO),""2025-12-08 21:05:52"",""0.0"""
"[103157] ZAPATILLA URBANA (45, TABACO),""2025-12-08 21:05:52"",""0.0"""
"[100409] CAMPERA CRISTINA (XS, TIZA),""2025-12-08 21:05:52"",""0.0"""
"[100405] CAMPERA CRISTINA (XS, CARAMELO),""2025-12-08 21:05:52"",""0.0"""
"[100407] CAMPERA CRISTINA (S, NEGRO),""2025-12-08 21:05:52"",""0.0"""
"[100109] BANDOLERA VICENTA (BRIDGE, ROJO),""2025-12-08 21:05:52"",""0.0"""
"CARTERA LISBOA (GAMUZA, AZUL),""2025-12-08 21:05:52"",""0.0"""
"[100542] CARTERA LISBOA (GAMUZA, OLIVE/TABACO),""2025-12-08 21:05:52"",""0.0"""
"[101634] SEÑALADOR (CHOCOLATE),""2025-12-08 21:05:52"",""0.0"""
"[101636] SEÑALADOR (SUELA),""2025-12-08 21:05:52"",""0.0"""
"[100365] CAMISA RAYADA (40),""2025-12-08 21:05:52"",""0.0"""
"[100366] CAMISA RAYADA (46),""2025-12-08 21:05:52"",""0.0"""
"[100367] CAMISA RAYITAS (38),""2025-12-08 21:05:52"",""0.0"""
"[100368] CAMISA RAYITAS (40),""2025-12-08 21:05:52"",""0.0"""
"[100378] CAMISA TRAMA (40),""2025-12-08 21:05:52"",""0.0"""
"[100107] BANDOLERA VICENTA (BRIDGE, MALBEC),""2025-12-08 21:05:52"",""0.0"""
"[101120] MONEDERO AMBAR (NAPADO, CARAMELO),""2025-12-08 21:05:52"",""0.0"""
"[101121] MONEDERO AMBAR (NAPADO, NEGRO),""2025-12-08 21:05:52"",""0.0"""
"[101123] MONEDERO AMBAR (NAPADO, TABACO),""2025-12-08 21:05:52"",""0.0"""
"[101119] MONEDERO AMBAR (NAPADO, AZUL),""2025-12-08 21:05:52"",""0.0"""
"[101337] PORTALAPICERAS (VAQUETA, CHOCOLATE),""2025-12-08 21:05:52"",""0.0"""
"[101338] PORTALAPICERAS (VAQUETA, NATURAL),""2025-12-08 21:05:52"",""0.0"""
"[101339] PORTALAPICERAS (VAQUETA, NEGRO),""2025-12-08 21:05:52"",""0.0"""
"[101341] PORTALAPICERAS (VAQUETA, VISON),""2025-12-08 21:05:52"",""0.0"""
"[101711] TARJETERO BILL (DUNA, NEGRO),""2025-12-08 21:05:52"",""0.0"""
"[100165] BILLETERA FICHERO (SALLY, NEGRO),""2025-12-08 21:05:52"",""0.0"""
"[100215] BILLETERA OSADIA (BRIDGE, MALBEC),""2025-12-08 21:05:52"",""0.0"""
"[100506] CARTERA DOS HEBILLAS NEW (GAMUZA, AZUL/TABACO),""2025-12-08 21:05:52"",""0.0"""
"[101207] NECESSAIRE FELI (BRIDGE, ROJO),""2025-12-08 21:05:52"",""0.0"""
"[101217] NECESSAIRE LARA (BRIDGE, CARAMELO),""2025-12-08 21:05:52"",""0.0"""
"[101219] NECESSAIRE LARA (BRIDGE, NEGRO),""2025-12-08 21:05:52"",""0.0"""
"[101220] NECESSAIRE LARA (FIORENTINO, CEDRO),""2025-12-08 21:05:52"",""0.0"""
"[101222] NECESSAIRE LARA (IGUANA, NEGRO),""2025-12-08 21:05:52"",""0.0"""
"[101223] NECESSAIRE LARA (IGUANA, ROJO),""2025-12-08 21:05:52"",""0.0"""
"[101242] PHONEBAG TANIA (BRIDGE, NEGRO),""2025-12-08 21:05:52"",""0.0"""
"[100096] BANDOLERA RUFINA (DUNA, NEGRO),""2025-12-08 21:05:52"",""0.0"""
"[100098] BANDOLERA RUFINA (NAPADO, ROJO),""2025-12-08 21:05:52"",""0.0"""
"[101638] SOBRE GEMINI (DUNA, NEGRO),""2025-12-08 21:05:52"",""0.0"""
"[101266] PORTACABLES  (1) (FIORENTINO, CEDRO),""2025-12-08 21:05:52"",""0.0"""
"[101268] PORTACABLES  (1) (VAQUETA, CHOCOLATE),""2025-12-08 21:05:52"",""0.0"""
"[101269] PORTACABLES  (1) (VAQUETA, DULCE DE LECHE),""2025-12-08 21:05:52"",""0.0"""
"[101270] PORTACABLES  (1) (VAQUETA, NATURAL),""2025-12-08 21:05:52"",""0.0"""
"[101267] PORTACABLES  (1) (MODENA, NEGRO),""2025-12-08 21:05:52"",""0.0"""
"[101271] PORTACABLES  (1) (VAQUETA, SUELA),""2025-12-08 21:05:52"",""0.0"""
"[101226] NECESSAIRE MINI MARCOS (BRIDGE, CHOCOLATE),""2025-12-08 21:05:52"",""0.0"""
"[101290] PORTACINTO LOU (BRIDGE, NEGRO),""2025-12-08 21:05:52"",""0.0"""
"[101291] PORTACINTO LOU (BRIDGE, TABACO),""2025-12-08 21:05:52"",""0.0"""
"[100126] BILLETERA ADAM (BRIDGE, CARAMELO),""2025-12-08 21:05:52"",""0.0"""
"[101285] PORTACINTO ELIAS (BRIDGE, NEGRO),""2025-12-08 21:05:52"",""0.0"""
"[101286] PORTACINTO ELIAS (BRIDGE, TABACO),""2025-12-08 21:05:52"",""0.0"""
"[101641] SOBRE GEMINI (NAPADO, MALBEC),""2025-12-08 21:05:52"",""0.0"""
"[101682] TAG SIMPLE (CARAMELO),""2025-12-08 21:05:52"",""0.0"""
"[101684] TAG SIMPLE (ROJO),""2025-12-08 21:05:52"",""0.0"""
"[100129] BILLETERA ADAM (BRIDGE, TABACO),""2025-12-08 21:05:52"",""0.0"""
"[100131] BILLETERA ADAM (NAPADO, AZUL),""2025-12-08 21:05:52"",""0.0"""
"[100132] BILLETERA ADAM (NAPADO, NEGRO),""2025-12-08 21:05:52"",""0.0"""
"[100133] BILLETERA ADAM (NAPADO, SUELA),""2025-12-08 21:05:52"",""0.0"""
"[100533] CARTERA LEANDRA (NAPADO, ROJO),""2025-12-08 21:05:52"",""0.0"""
"[101129] MONEDERO CORY (IGUANA, CARAMELO),""2025-12-08 21:05:52"",""0.0"""
"[101130] MONEDERO CORY (IGUANA, NEGRO),""2025-12-08 21:05:52"",""0.0"""
"[101772] TARJETERO NEW KENNY (BRIDGE, NEGRO),""2025-12-08 21:05:52"",""0.0"""
"[101771] TARJETERO NEW KENNY (BRIDGE, MALBEC),""2025-12-08 21:05:52"",""0.0"""
"[101773] TARJETERO NEW KENNY (BRIDGE, ROJO),""2025-12-08 21:05:52"",""0.0"""
"[101774] TARJETERO NEW KENNY (BRIDGE, TABACO),""2025-12-08 21:05:52"",""0.0"""
"[100030] BANDOLERA CARLA (BRIDGE, NEGRO),""2025-12-08 21:05:52"",""0.0"""
"[100032] BANDOLERA CARLA (FIORENTINO, CEDRO),""2025-12-08 21:05:52"",""0.0"""
"[101080] MOCHILA MARCOS FULL BLACK (DUNA),""2025-12-08 21:05:52"",""0.0"""
"[100535] CARTERA LISBOA (DUNA, NEGRO),""2025-12-08 21:05:52"",""0.0"""
"[101359] PORTALAPTOP MILTON (BRIDGE, CARAMELO),""2025-12-08 21:05:52"",""0.0"""
"[100862] GORRO SIRIUS (CRUDO),""2025-12-08 21:05:52"",""0.0"""
"[100863] GORRO SIRIUS (NEGRO),""2025-12-08 21:05:52"",""0.0"""
"[100864] GORRO SIRIUS (VISON),""2025-12-08 21:05:52"",""0.0"""
"[100305] BUFANDA CAPELLA (CRUDO),""2025-12-08 21:05:52"",""0.0"""
"[100306] BUFANDA CAPELLA (NEGRO),""2025-12-08 21:05:52"",""0.0"""
"[100307] BUFANDA CAPELLA (VISON),""2025-12-08 21:05:52"",""0.0"""
"[100870] GORRO VEGA (NEGRO),""2025-12-08 21:05:52"",""0.0"""
"[100868] GORRO VEGA (GRIS),""2025-12-08 21:05:52"",""0.0"""
"[100871] GORRO VEGA (TOSTADO),""2025-12-08 21:05:52"",""0.0"""
"[100300] BUFANDA ADHARA (CRUDO),""2025-12-08 21:05:52"",""0.0"""
"[100302] BUFANDA ADHARA (NEGRO),""2025-12-08 21:05:52"",""0.0"""
"[100299] BUFANDA ADHARA (AZUL),""2025-12-08 21:05:52"",""0.0"""
"[100301] BUFANDA ADHARA (GRIS),""2025-12-08 21:05:52"",""0.0"""
"[100295] BUFANDA ACRUX (CRUDO),""2025-12-08 21:05:52"",""0.0"""
"[100297] BUFANDA ACRUX (NEGRO),""2025-12-08 21:05:52"",""0.0"""
"[100298] BUFANDA ACRUX (TOSTADO),""2025-12-08 21:05:52"",""0.0"""
"[100292] BUFANDA ACRUX (AZUL),""2025-12-08 21:05:52"",""0.0"""
"[100296] BUFANDA ACRUX (GRIS),""2025-12-08 21:05:52"",""0.0"""
"[101323] PORTAHIGIENE (BRIDGE, AZUL),""2025-12-08 21:05:52"",""0.0"""
"[100303] BUFANDA ADHARA (TOSTADO),""2025-12-08 21:05:52"",""0.0"""
"[100991] LLAVERO KAREN (MALBEC/OXIDO),""2025-12-08 21:05:52"",""0.0"""
"[100994] LLAVERO KAREN (NEGRO/GRIS OSCURO),""2025-12-08 21:05:52"",""0.0"""
"[101418] PORTALENTES MANU (VAQUETA, DULCE DE LECHE),""2025-12-08 21:05:52"",""0.0"""
"[101419] PORTALENTES MANU (VAQUETA, NATURAL),""2025-12-08 21:05:52"",""0.0"""
"[101420] PORTALENTES MANU (VAQUETA, SUELA),""2025-12-08 21:05:52"",""0.0"""
"[100276] BOLSO URBANO (DUNA, NEGRO),""2025-12-08 21:05:52"",""0.0"""
"[101205] NECESSAIRE FELI (BRIDGE, CARAMELO),""2025-12-08 21:05:52"",""0.0"""
"[101206] NECESSAIRE FELI (BRIDGE, NEGRO),""2025-12-08 21:05:52"",""0.0"""
"[101210] NECESSAIRE FELI (IGUANA, NEGRO),""2025-12-08 21:05:52"",""0.0"""
"[101325] PORTAHIGIENE (BRIDGE, NEGRO),""2025-12-08 21:05:52"",""0.0"""
"[101326] PORTAHIGIENE (BRIDGE, TABACO),""2025-12-08 21:05:52"",""0.0"""
"[101328] PORTAHIGIENE (FIORENTINO, CEDRO),""2025-12-08 21:05:52"",""0.0"""
"[101128] MONEDERO CORY (DUNA, NEGRO),""2025-12-08 21:05:52"",""0.0"""
"[101132] MONEDERO CORY (NAPADO, CARAMELO),""2025-12-08 21:05:52"",""0.0"""
"[101762] TARJETERO MULTI (DUNA, NEGRO),""2025-12-08 21:05:52"",""0.0"""
"[101768] TARJETERO MULTI (NAPADO, ROJO),""2025-12-08 21:05:52"",""0.0"""
"[101769] TARJETERO MULTI (NAPADO, SUELA),""2025-12-08 21:05:52"",""0.0"""
"[101831] ZAPATILLA MATEO (39, BLANCO),""2025-12-08 21:05:52"",""0.0"""
"[100642] CHOMBA POLO NAOS (L, NEGRO),""2025-12-08 21:05:52"",""0.0"""
"[100641] CHOMBA POLO NAOS (M, NEGRO),""2025-12-08 21:05:52"",""0.0"""
"[100640] CHOMBA POLO NAOS (S, NEGRO),""2025-12-08 21:05:52"",""0.0"""
"[100643] CHOMBA POLO NAOS (XL, NEGRO),""2025-12-08 21:05:52"",""0.0"""
"[100644] CHOMBA POLO NAOS (2XL, NEGRO),""2025-12-08 21:05:52"",""0.0"""
"[100645] CHOMBA POLO NAOS (3XL, NEGRO),""2025-12-08 21:05:52"",""0.0"""
"[100630] CHOMBA POLO NAOS (L, BLANCO),""2025-12-08 21:05:52"",""0.0"""
"[100629] CHOMBA POLO NAOS (M, BLANCO),""2025-12-08 21:05:52"",""0.0"""
"[100628] CHOMBA POLO NAOS (S, BLANCO),""2025-12-08 21:05:52"",""0.0"""
"[100631] CHOMBA POLO NAOS (XL, BLANCO),""2025-12-08 21:05:52"",""0.0"""
"[100632] CHOMBA POLO NAOS (2XL, BLANCO),""2025-12-08 21:05:52"",""0.0"""
"[100633] CHOMBA POLO NAOS (3XL, BLANCO),""2025-12-08 21:05:52"",""0.0"""
"[100624] CHOMBA POLO NAOS (L, AZUL MARINO),""2025-12-08 21:05:52"",""0.0"""
"[100623] CHOMBA POLO NAOS (M, AZUL MARINO),""2025-12-08 21:05:52"",""0.0"""
"[100622] CHOMBA POLO NAOS (S, AZUL MARINO),""2025-12-08 21:05:52"",""0.0"""
"[100625] CHOMBA POLO NAOS (XL, AZUL MARINO),""2025-12-08 21:05:52"",""0.0"""
"[100626] CHOMBA POLO NAOS (2XL, AZUL MARINO),""2025-12-08 21:05:52"",""0.0"""
"[100627] CHOMBA POLO NAOS (3XL, AZUL MARINO),""2025-12-08 21:05:52"",""0.0"""
"[100636] CHOMBA POLO NAOS (L, DENIM GASTADO),""2025-12-08 21:05:52"",""0.0"""
"[100635] CHOMBA POLO NAOS (M, DENIM GASTADO),""2025-12-08 21:05:52"",""0.0"""
"[100634] CHOMBA POLO NAOS (S, DENIM GASTADO),""2025-12-08 21:05:52"",""0.0"""
"[100637] CHOMBA POLO NAOS (XL, DENIM GASTADO),""2025-12-08 21:05:52"",""0.0"""
"[100638] CHOMBA POLO NAOS (2XL, DENIM GASTADO),""2025-12-08 21:05:52"",""0.0"""
"[100639] CHOMBA POLO NAOS (3XL, DENIM GASTADO),""2025-12-08 21:05:52"",""0.0"""
"[100439] CARTERA AMARILLA SET SOBRE (BRIDGE, CHOCOLATE),""2025-12-08 21:05:52"",""0.0"""
"[100480] CARTERA BAULITO (BRIDGE, ROJO),""2025-12-08 21:05:52"",""0.0"""
"[101094] MOCHILA PACARI (FIORENTINO, NEGRO),""2025-12-08 21:05:52"",""0.0"""
"[100028] BANDOLERA CARLA (BRIDGE, LONDON),""2025-12-08 21:05:52"",""0.0"""
"[100244] BOLSO LIHUEN (BRIDGE, CHOCOLATE),""2025-12-08 21:05:52"",""0.0"""
"[100429] CARTERA ACONCAGUA (BRIDGE, TABACO),""2025-12-08 21:05:52"",""0.0"""
"[100887] GUANTE BASICO DAMA (VISON),""2025-12-08 21:05:52"",""0.0"""
"[101776] TARJETERO ROMA (BRIDGE, CARAMELO),""2025-12-08 21:05:52"",""0.0"""
"[101777] TARJETERO ROMA (BRIDGE, CHOCOLATE),""2025-12-08 21:05:52"",""0.0"""
"[101780] TARJETERO ROMA (DUNA, NEGRO),""2025-12-08 21:05:52"",""0.0"""
"[101800] TARJETERO VINCENT (CHOCOLATE),""2025-12-08 21:05:52"",""0.0"""
"[100029] BANDOLERA CARLA (BRIDGE, MALBEC),""2025-12-08 21:05:52"",""0.0"""
"[100212] BILLETERA MILO SIMPLE (DUNA, NEGRO),""2025-12-08 21:05:52"",""0.0"""
"[100571] CARTERA MINI APHOLO SET SOBRE (BRIDGE, CHOCOLATE),""2025-12-08 21:05:52"",""0.0"""
"[101095] MOCHILA PACARI (VINTAGE, LIGHT),""2025-12-08 21:05:52"",""0.0"""
"[101151] MONEDERO GRACE (VINTAGE, MEDIO),""2025-12-08 21:05:52"",""0.0"""
"[101434] PORTALENTES ORION (VINTAGE, MEDIO),""2025-12-08 21:05:52"",""0.0"""
"[100199] BILLETERA LUCA (NAPADO, MALBEC),""2025-12-08 21:05:52"",""0.0"""
"[100201] BILLETERA LUCA (NAPADO, ROJO),""2025-12-08 21:05:52"",""0.0"""
"[100971] LLAVERO INICIALES (NAPADO, NEGRO),""2025-12-08 21:05:52"",""0.0"""
"[100033] BANDOLERA CARLA (FIORENTINO, NEGRO),""2025-12-08 21:05:52"",""0.0"""
"[101569] RIÑONERA CRUZ S (FIORENTINO, CEDRO),""2025-12-08 21:05:52"",""0.0"""
"[100192] BILLETERA LUCA (DUNA, NEGRO),""2025-12-08 21:05:52"",""0.0"""
"[100979] LLAVERO KAREN (AZUL/AZUL),""2025-12-08 21:05:52"",""0.0"""
"[101427] PORTALENTES ORION (NAPADO, MALBEC),""2025-12-08 21:05:52"",""0.0"""
"[101154] MONEDERO LUISA (BRIDGE, NEGRO),""2025-12-08 21:05:52"",""0.0"""
"[101155] MONEDERO LUISA (BRIDGE, ROJO),""2025-12-08 21:05:52"",""0.0"""
"[101156] MONEDERO LUISA (BRIDGE, TABACO),""2025-12-08 21:05:52"",""0.0"""
"[101157] MONEDERO LUISA (NAPADO, CARAMELO),""2025-12-08 21:05:52"",""0.0"""
"[101236] NECESSAIRE TOM (BRIDGE, CHOCOLATE),""2025-12-08 21:05:52"",""0.0"""
"[101238] NECESSAIRE TOM (BRIDGE, ROJO),""2025-12-08 21:05:52"",""0.0"""
"[100081] BANDOLERA NEW VICENTA (NAPADO, CARAMELO),""2025-12-08 21:05:52"",""0.0"""
"[101057] MOCHILA ATLAS FULL BLACK (1),""2025-12-08 21:05:52"",""0.0"""
"[101058] MOCHILA ATLAS FULL BLACK (2),""2025-12-08 21:05:52"",""0.0"""
"[100285] BOTINERO MARCOS 30 (BRIDGE, CARAMELO),""2025-12-08 21:05:52"",""0.0"""
"[100288] BOTINERO MARCOS 30 (BRIDGE, NEGRO),""2025-12-08 21:05:52"",""0.0"""
"[100290] BOTINERO MARCOS 30 (GAMUZA, AZUL/CARAMELO),""2025-12-08 21:05:52"",""0.0"""
"[100283] BOTINERO MARCOS 30 (BRIDGE, CAFE/NEGRO),""2025-12-08 21:05:52"",""0.0"""
"[100284] BOTINERO MARCOS 30 (BRIDGE, CAFE/TABACO),""2025-12-08 21:05:52"",""0.0"""
"[100291] BOTINERO MARCOS 30 (GAMUZA, VESUBIO/TABACO),""2025-12-08 21:05:52"",""0.0"""
"[100895] INDIVIDUAL CURVO (BRIDGE, NEGRO),""2025-12-08 21:05:52"",""0.0"""
"[100896] INDIVIDUAL CURVO (BRIDGE, ROJO),""2025-12-08 21:05:52"",""0.0"""
"[100897] INDIVIDUAL CURVO (BRIDGE, TABACO),""2025-12-08 21:05:52"",""0.0"""
"[100898] INDIVIDUAL CURVO (NAPADO, CARAMELO),""2025-12-08 21:05:52"",""0.0"""
"[100899] INDIVIDUAL CURVO (NAPADO, NEGRO),""2025-12-08 21:05:52"",""0.0"""
"[100901] INDIVIDUAL CURVO (NAPADO, TABACO),""2025-12-08 21:05:52"",""0.0"""
"[100905] INDIVIDUAL RECTO (BRIDGE, NEGRO),""2025-12-08 21:05:52"",""0.0"""
"[100906] INDIVIDUAL RECTO (BRIDGE, ROJO),""2025-12-08 21:05:52"",""0.0"""
"[100907] INDIVIDUAL RECTO (BRIDGE, TABACO),""2025-12-08 21:05:52"",""0.0"""
"[100908] INDIVIDUAL RECTO (NAPADO, CARAMELO),""2025-12-08 21:05:52"",""0.0"""
"[100909] INDIVIDUAL RECTO (NAPADO, NEGRO),""2025-12-08 21:05:52"",""0.0"""
"[100910] INDIVIDUAL RECTO (NAPADO, SUELA),""2025-12-08 21:05:52"",""0.0"""
"[100911] INDIVIDUAL RECTO (NAPADO, TABACO),""2025-12-08 21:05:52"",""0.0"""
"[101124] MONEDERO CIRCULAR (CARAMELO),""2025-12-08 21:05:52"",""0.0"""
"[101125] MONEDERO CIRCULAR (NEGRO),""2025-12-08 21:05:52"",""0.0"""
"[101126] MONEDERO CIRCULAR (ROJO),""2025-12-08 21:05:52"",""0.0"""
"[101194] MOUSEPAD (BRIDGE, ROJO),""2025-12-08 21:05:52"",""0.0"""
"[101197] MOUSEPAD (NAPADO, NEGRO),""2025-12-08 21:05:52"",""0.0"""
"[101623] SET POSAVASOS CUADRADO X4 (BRIDGE, NEGRO),""2025-12-08 21:05:52"",""0.0"""
"[101624] SET POSAVASOS CUADRADO X4 (BRIDGE, ROJO),""2025-12-08 21:05:52"",""0.0"""
"[101625] SET POSAVASOS CUADRADO X4 (BRIDGE, TABACO),""2025-12-08 21:05:52"",""0.0"""
"[101626] SET POSAVASOS CUADRADO X4 (NAPADO, CARAMELO),""2025-12-08 21:05:52"",""0.0"""
"[101627] SET POSAVASOS CUADRADO X4 (NAPADO, NEGRO),""2025-12-08 21:05:52"",""0.0"""
"[101629] SET POSAVASOS CUADRADO X4 (NAPADO, TABACO),""2025-12-08 21:05:52"",""0.0"""
"[101317] PORTAFOLIO VENUS CHICO (GAMUZA, AZUL/CARAMELO),""2025-12-08 21:05:52"",""0.0"""
"[101320] PORTAFOLIO VENUS CHICO (GAMUZA, OLIVE/TABACO),""2025-12-08 21:05:52"",""0.0"""
"[101321] PORTAFOLIO VENUS CHICO (GAMUZA, VESUBIO/TABACO),""2025-12-08 21:05:52"",""0.0"""
"[101319] PORTAFOLIO VENUS CHICO (GAMUZA, OLIVE/CARAMELO),""2025-12-08 21:05:52"",""0.0"""
"[100531] CARTERA LEANDRA (NAPADO, MALBEC),""2025-12-08 21:05:52"",""0.0"""
"[100532] CARTERA LEANDRA (NAPADO, NEGRO),""2025-12-08 21:05:52"",""0.0"""
"[101103] MOCHILA PORTIA (BRIDGE, CHOCOLATE),""2025-12-08 21:05:52"",""0.0"""
"[101310] PORTAFOLIO RUBEN (CHOCOLATE),""2025-12-08 21:05:52"",""0.0"""
"[101343] PORTALAPTOP ELOY (FIORENTINO, NEGRO),""2025-12-08 21:05:52"",""0.0"""
"[101331] PORTALAPICERAS (BRIDGE, CARAMELO),""2025-12-08 21:05:52"",""0.0"""
"[101332] PORTALAPICERAS (BRIDGE, CHOCOLATE),""2025-12-08 21:05:52"",""0.0"""
"[101333] PORTALAPICERAS (BRIDGE, MALBEC),""2025-12-08 21:05:52"",""0.0"""
"[101334] PORTALAPICERAS (BRIDGE, NEGRO),""2025-12-08 21:05:52"",""0.0"""
"[101335] PORTALAPICERAS (BRIDGE, ROJO),""2025-12-08 21:05:52"",""0.0"""
"[100511] CARTERA EMILIA (CRASH, NEGRO),""2025-12-08 21:05:52"",""0.0"""
"[100512] CARTERA EMILIA (DUNA, NEGRO),""2025-12-08 21:05:52"",""0.0"""
"[100513] CARTERA EMILIA (NAPADO, CARAMELO),""2025-12-08 21:05:52"",""0.0"""
"[100514] CARTERA EMILIA (NAPADO, MALBEC),""2025-12-08 21:05:52"",""0.0"""
"[101122] MONEDERO AMBAR (NAPADO, ROJO),""2025-12-08 21:05:52"",""0.0"""
"[101628] SET POSAVASOS CUADRADO X4 (NAPADO, SUELA),""2025-12-08 21:05:52"",""0.0"""
"[100308] CAMISA ALASKA (38, ROJO),""2025-12-08 21:05:52"",""0.0"""
"[100310] CAMISA ALASKA (44, ROJO),""2025-12-08 21:05:52"",""0.0"""
"[100311] CAMISA ALASKA (46, ROJO),""2025-12-08 21:05:52"",""0.0"""
"[100312] CAMISA ALASKA (48, ROJO),""2025-12-08 21:05:52"",""0.0"""
"[100314] CAMISA ALASKA (44, ROSA),""2025-12-08 21:05:52"",""0.0"""
"[100315] CAMISA ALASKA (46, ROSA),""2025-12-08 21:05:52"",""0.0"""
"[100316] CAMISA ALASKA (48, ROSA),""2025-12-08 21:05:52"",""0.0"""
"[100317] CAMISA ALASKA (50, ROSA),""2025-12-08 21:05:52"",""0.0"""
"[100319] CAMISA ALASKA 607 (44),""2025-12-08 21:05:52"",""0.0"""
"[100320] CAMISA ALASKA 607 (46),""2025-12-08 21:05:52"",""0.0"""
"[100324] CAMISA ALASKA 609 (42),""2025-12-08 21:05:52"",""0.0"""
"[100325] CAMISA ALASKA 609 (44),""2025-12-08 21:05:52"",""0.0"""
"[100326] CAMISA ALASKA 609 (46),""2025-12-08 21:05:52"",""0.0"""
"[100461] CARTERA AMARILLA SET SOBRE (PELO, HOLANDO),""2025-12-08 21:05:52"",""0.0"""
"[100085] BANDOLERA NEW VICENTA (NAPADO, SUELA),""2025-12-08 21:05:52"",""0.0"""
"[101616] SET POSAVASOS CIRCULAR X4 (NAPADO, TABACO),""2025-12-08 21:05:52"",""0.0"""
"[101615] SET POSAVASOS CIRCULAR X4 (NAPADO, SUELA),""2025-12-08 21:05:52"",""0.0"""
"[101614] SET POSAVASOS CIRCULAR X4 (NAPADO, NEGRO),""2025-12-08 21:05:52"",""0.0"""
"[101613] SET POSAVASOS CIRCULAR X4 (NAPADO, MALBEC),""2025-12-08 21:05:52"",""0.0"""
"[101612] SET POSAVASOS CIRCULAR X4 (NAPADO, CARAMELO),""2025-12-08 21:05:52"",""0.0"""
"[101611] SET POSAVASOS CIRCULAR X4 (BRIDGE, TABACO),""2025-12-08 21:05:52"",""0.0"""
"[101610] SET POSAVASOS CIRCULAR X4 (BRIDGE, ROJO),""2025-12-08 21:05:52"",""0.0"""
"[101609] SET POSAVASOS CIRCULAR X4 (BRIDGE, NEGRO),""2025-12-08 21:05:52"",""0.0"""
"[101281] PORTACABLES (2) (VINTAGE, MEDIO),""2025-12-08 21:05:52"",""0.0"""
"[103122] SOMBRERO RAFIA (L, TOSTADO/NEGRO),""2025-12-08 21:05:52"",""0.0"""
"[103123] SOMBRERO RAFIA (XL, TOSTADO/NEGRO),""2025-12-08 21:05:52"",""0.0"""
"[103223] SOMBRERO RAFIA (S, TOSTADO/CHOCOLATE),""2025-12-08 21:05:52"",""0.0"""
"[103124] SOMBRERO RAFIA (XS, TOSTADO/CHOCOLATE),""2025-12-08 21:05:52"",""0.0"""
"[103254] PRODUCTO OUTLET 64990,""2025-12-08 21:05:52"",""0.0"""
"[100161] BILLETERA FICHERO (DUNA, NEGRO),""2025-12-08 21:05:52"",""0.0"""
"[100075] BANDOLERA NATY SIMPLE (NAPADO, SUELA),""2025-12-08 21:05:52"",""0.0"""
"[101004] LLAVERO MIRLO (NEGRO),""2025-12-08 21:05:52"",""0.0"""
"[101007] LLAVERO MIRLO (VERDE),""2025-12-08 21:05:52"",""0.0"""
"[100082] BANDOLERA NEW VICENTA (NAPADO, MALBEC),""2025-12-08 21:05:52"",""0.0"""
"[100182] BILLETERA LIAM (NAPADO, CHOCOLATE),""2025-12-08 21:05:52"",""0.0"""
"[100179] BILLETERA LIAM (DUNA, NEGRO),""2025-12-08 21:05:52"",""0.0"""
"[101467] PORTAPASAPORTE RON (CRASH, AZUL),""2025-12-08 21:05:52"",""0.0"""
"[101118] MONEDERO AMBAR (DUNA, NEGRO),""2025-12-08 21:05:52"",""0.0"""
"[101507] REMERA AMADEO (S, BLANCO),""2025-12-08 21:05:52"",""0.0"""
"[101508] REMERA AMADEO (M, BLANCO),""2025-12-08 21:05:52"",""0.0"""
"[101509] REMERA AMADEO (L, BLANCO),""2025-12-08 21:05:52"",""0.0"""
"[101510] REMERA AMADEO (XL, BLANCO),""2025-12-08 21:05:52"",""0.0"""
"[101511] REMERA AMADEO (2XL, BLANCO),""2025-12-08 21:05:52"",""0.0"""
"[101517] REMERA AMADEO (S, NEGRO),""2025-12-08 21:05:52"",""0.0"""
"[101518] REMERA AMADEO (M, NEGRO),""2025-12-08 21:05:52"",""0.0"""
"[101519] REMERA AMADEO (L, NEGRO),""2025-12-08 21:05:52"",""0.0"""
"[101520] REMERA AMADEO (XL, NEGRO),""2025-12-08 21:05:52"",""0.0"""
"[101521] REMERA AMADEO (2XL, NEGRO),""2025-12-08 21:05:52"",""0.0"""
"[101512] REMERA AMADEO (S, CHARCOAL),""2025-12-08 21:05:52"",""0.0"""
"[101513] REMERA AMADEO (M, CHARCOAL),""2025-12-08 21:05:52"",""0.0"""
"[101514] REMERA AMADEO (L, CHARCOAL),""2025-12-08 21:05:52"",""0.0"""
"[101515] REMERA AMADEO (XL, CHARCOAL),""2025-12-08 21:05:52"",""0.0"""
"[101516] REMERA AMADEO (2XL, CHARCOAL),""2025-12-08 21:05:52"",""0.0"""
"[101530] REMERA DANA (L, BLANCO),""2025-12-08 21:05:52"",""0.0"""
"[101529] REMERA DANA (M, BLANCO),""2025-12-08 21:05:52"",""0.0"""
"[101528] REMERA DANA (S, BLANCO),""2025-12-08 21:05:52"",""0.0"""
"[101527] REMERA DANA (XS, BLANCO),""2025-12-08 21:05:52"",""0.0"""
"[101545] REMERA DANA (L, NEGRO),""2025-12-08 21:05:52"",""0.0"""
"[101544] REMERA DANA (M, NEGRO),""2025-12-08 21:05:52"",""0.0"""
"[101543] REMERA DANA (S, NEGRO),""2025-12-08 21:05:52"",""0.0"""
"[101546] REMERA DANA (XL, NEGRO),""2025-12-08 21:05:52"",""0.0"""
"[101542] REMERA DANA (XS, NEGRO),""2025-12-08 21:05:52"",""0.0"""
"[101535] REMERA DANA (L, CHARCOAL),""2025-12-08 21:05:52"",""0.0"""
"[101534] REMERA DANA (M, CHARCOAL),""2025-12-08 21:05:52"",""0.0"""
"[101533] REMERA DANA (S, CHARCOAL),""2025-12-08 21:05:52"",""0.0"""
"[101532] REMERA DANA (XS, CHARCOAL),""2025-12-08 21:05:52"",""0.0"""
"[101539] REMERA DANA (M, HUESO),""2025-12-08 21:05:52"",""0.0"""
"[101538] REMERA DANA (S, HUESO),""2025-12-08 21:05:52"",""0.0"""
"[101537] REMERA DANA (XS, HUESO),""2025-12-08 21:05:52"",""0.0"""
"[101550] REMERA NOA (L, BLANCO),""2025-12-08 21:05:52"",""0.0"""
"[101549] REMERA NOA (M, BLANCO),""2025-12-08 21:05:52"",""0.0"""
"[101548] REMERA NOA (S, BLANCO),""2025-12-08 21:05:52"",""0.0"""
"[101547] REMERA NOA (XS, BLANCO),""2025-12-08 21:05:52"",""0.0"""
"[101551] REMERA NOA (XL, BLANCO),""2025-12-08 21:05:52"",""0.0"""
"[101555] REMERA NOA (L, NEGRO),""2025-12-08 21:05:52"",""0.0"""
"[101554] REMERA NOA (M, NEGRO),""2025-12-08 21:05:52"",""0.0"""
"[101553] REMERA NOA (S, NEGRO),""2025-12-08 21:05:52"",""0.0"""
"[101556] REMERA NOA (XL, NEGRO),""2025-12-08 21:05:52"",""0.0"""
"[101552] REMERA NOA (XS, NEGRO),""2025-12-08 21:05:52"",""0.0"""
"[100084] BANDOLERA NEW VICENTA (NAPADO, ROJO),""2025-12-08 21:05:52"",""0.0"""
"[100915] LLAVERO ABC (B, CARAMELO/OXIDO),""2025-12-08 21:05:52"",""0.0"""
"[100927] LLAVERO ABC (G, CARAMELO/OXIDO),""2025-12-08 21:05:52"",""0.0"""
"[101147] MONEDERO GRACE (MODENA, VERDE),""2025-12-08 21:05:52"",""0.0"""
"[100458] CARTERA AMARILLA SET SOBRE (MODENA, VERDE),""2025-12-08 21:05:52"",""0.0"""
"[100562] CARTERA LONDRES (MODENA, VERDE),""2025-12-08 21:05:52"",""0.0"""
"[101531] REMERA DANA (XL, BLANCO),""2025-12-08 21:05:52"",""0.0"""
"[101540] REMERA DANA (L, HUESO),""2025-12-08 21:05:52"",""0.0"""
"[101541] REMERA DANA (XL, HUESO),""2025-12-08 21:05:52"",""0.0"""
"[101536] REMERA DANA (XL, CHARCOAL),""2025-12-08 21:05:52"",""0.0"""
"[100620] CHALINA EXEDRA (OFF WHITE),""2025-12-08 21:05:52"",""0.0"""
"[100619] CHALINA EXEDRA (NEGRO),""2025-12-08 21:05:52"",""0.0"""
"[100616] CHALINA EXEDRA (BEIGE),""2025-12-08 21:05:52"",""0.0"""
"[100372] CAMISA RENZO (S),""2025-12-08 21:05:52"",""0.0"""
"[100375] CAMISA RENZO (XL),""2025-12-08 21:05:52"",""0.0"""
"[100376] CAMISA RENZO (2XL),""2025-12-08 21:05:52"",""0.0"""
"[101795] TARJETERO RUBI (MODENA, AZUL),""2025-12-08 21:05:52"",""0.0"""
"[101472] PORTAPASAPORTE RON (MODENA, AZUL),""2025-12-08 21:05:52"",""0.0"""
"[101025] MEDIAS MEDIA CAÑA (BEIGE),""2025-12-08 21:05:52"",""0.0"""
"[101026] MEDIAS MEDIA CAÑA (BLANCO),""2025-12-08 21:05:52"",""0.0"""
"[101027] MEDIAS MEDIA CAÑA (GRIS),""2025-12-08 21:05:52"",""0.0"""
"[101028] MEDIAS MEDIA CAÑA (NEGRO),""2025-12-08 21:05:52"",""0.0"""
"[101029] MEDIAS MEDIA CAÑA (VISON),""2025-12-08 21:05:52"",""0.0"""
"[101020] MEDIAS DE VESTIR 207 (AZUL MARINO),""2025-12-08 21:05:52"",""0.0"""
"[101021] MEDIAS DE VESTIR 207 (CHOCOLATE),""2025-12-08 21:05:52"",""0.0"""
"[101022] MEDIAS DE VESTIR 207 (NEGRO),""2025-12-08 21:05:52"",""0.0"""
"[101023] MEDIAS DE VESTIR 472 (1 (38-41)),""2025-12-08 21:05:52"",""0.0"""
"[101024] MEDIAS DE VESTIR 472 (2 (42-45)),""2025-12-08 21:05:52"",""0.0"""
"[100926] LLAVERO ABC (F, NEGRO/OXIDO),""2025-12-08 21:05:52"",""0.0"""
"[100913] LLAVERO ABC (A, MALBEC/AZUL),""2025-12-08 21:05:52"",""0.0"""
"[100219] BILLETERA OSADIA (MODENA, VERDE),""2025-12-08 21:05:52"",""0.0"""
"[101716] TARJETERO BILL (MODENA, AZUL),""2025-12-08 21:05:52"",""0.0"""
"[100618] CHALINA EXEDRA (GRIS),""2025-12-08 21:05:52"",""0.0"""
"[100421] CARRY ON FRED,""2025-12-08 21:05:52"",""0.0"""
"[100422] CARRY ON JAMES (NEGRO),""2025-12-08 21:05:52"",""0.0"""
"[101483] PORTATRAJE FRANK (NEGRO),""2025-12-08 21:05:52"",""0.0"""
"[101484] PORTATRAJE FRANK (TABACO),""2025-12-08 21:05:52"",""0.0"""
"[100270] BOLSO TUBO GRANDE (PELO, MARRON),""2025-12-08 21:05:52"",""0.0"""
"[100581] CARTERA MINI APHOLO SET SOBRE (MODENA, AZUL),""2025-12-08 21:05:52"",""0.0"""
"[100808] CINTURON VAQUETA (105, NEGRO),""2025-12-08 21:05:52"",""0.0"""
"[100809] CINTURON VAQUETA (110, NEGRO),""2025-12-08 21:05:52"",""0.0"""
"[100810] CINTURON VAQUETA (115, NEGRO),""2025-12-08 21:05:52"",""0.0"""
"[100806] CINTURON VAQUETA (90, NEGRO),""2025-12-08 21:05:52"",""0.0"""
"[101031] MEDIAS MEDIA CAÑA CORTAS (BLANCO),""2025-12-08 21:05:52"",""0.0"""
"[101034] MEDIAS MEDIA CAÑA CORTAS (NEGRO),""2025-12-08 21:05:52"",""0.0"""
"[101030] MEDIAS MEDIA CAÑA CORTAS (AZUL MARINO),""2025-12-08 21:05:52"",""0.0"""
"[101033] MEDIAS MEDIA CAÑA CORTAS (GRIS MELANGE 75),""2025-12-08 21:05:52"",""0.0"""
"[101032] MEDIAS MEDIA CAÑA CORTAS (GRIS MELANGE 25),""2025-12-08 21:05:52"",""0.0"""
"[100077] BANDOLERA NEW VICENTA (BRIDGE, ROJO),""2025-12-08 21:05:52"",""0.0"""
"[101814] TOTE IRUYA (NAPADO, NEGRO),""2025-12-08 21:05:52"",""0.0"""
"[101812] TOTE IRUYA (NAPADO, CARAMELO),""2025-12-08 21:05:52"",""0.0"""
"[101019] MATERA RENE FULL BLACK,""2025-12-08 21:05:52"",""0.0"""
"[101062] MOCHILA IKER (NEGRO),""2025-12-08 21:05:52"",""0.0"""
"[101295] PORTAFOLIO BIEL (NEGRO),""2025-12-08 21:05:52"",""0.0"""
"[100841] GORRO FLORA (CRUDO),""2025-12-08 21:05:52"",""0.0"""
"[100842] GORRO FLORA (NEGRO),""2025-12-08 21:05:52"",""0.0"""
"[101259] PILUSO DORA (CRUDO),""2025-12-08 21:05:52"",""0.0"""
"[101485] PORTAVINO CAFAYATE (VAQUETA, NATURAL),""2025-12-08 21:05:52"",""0.0"""
"[101486] PORTAVINO CAFAYATE (VAQUETA, SUELA),""2025-12-08 21:05:52"",""0.0"""
"[100904] INDIVIDUAL RECTO (BRIDGE, CARAMELO),""2025-12-08 21:05:52"",""0.0"""
"[100516] CARTERA HARPER (GAMUZA, AZUL/TABACO),""2025-12-08 21:05:52"",""0.0"""
"[100518] CARTERA HARPER (GAMUZA, VESUBIO/TABACO),""2025-12-08 21:05:52"",""0.0"""
"[100828] ESPEJO RECTANGULAR (CARAMELO),""2025-12-08 21:05:52"",""0.0"""
"[100829] ESPEJO RECTANGULAR (NEGRO),""2025-12-08 21:05:52"",""0.0"""
"[100830] ESPEJO RECTANGULAR (ROJO),""2025-12-08 21:05:52"",""0.0"""
"[101260] PILUSO DORA (NEGRO),""2025-12-08 21:05:52"",""0.0"""
"[100252] BOLSO TUBO GRANDE (BRIDGE, CHOCOLATE),""2025-12-08 21:05:52"",""0.0"""
"[100457] CARTERA AMARILLA SET SOBRE (MODENA, AZUL),""2025-12-08 21:05:52"",""0.0"""
"[101818] TOTE IRUYA (PELO, HOLANDO),""2025-12-08 21:05:52"",""0.0"""
"[101012] MALETIN BORIS (NEGRO),""2025-12-08 21:05:52"",""0.0"""
"[101109] MOCHILA SIMON,""2025-12-08 21:05:52"",""0.0"""
"[100916] LLAVERO ABC (B, MALBEC/AZUL),""2025-12-08 21:05:52"",""0.0"""
"[100920] LLAVERO ABC (C, NEGRO/OXIDO),""2025-12-08 21:05:52"",""0.0"""
"[100918] LLAVERO ABC (C, CARAMELO/OXIDO),""2025-12-08 21:05:52"",""0.0"""
"[100923] LLAVERO ABC (D, NEGRO/OXIDO),""2025-12-08 21:05:52"",""0.0"""
"[100922] LLAVERO ABC (D, MALBEC/AZUL),""2025-12-08 21:05:52"",""0.0"""
"[100929] LLAVERO ABC (G, NEGRO/OXIDO),""2025-12-08 21:05:52"",""0.0"""
"[100137] BILLETERA ARLO (BRIDGE, NEGRO),""2025-12-08 21:05:52"",""0.0"""
"[100138] BILLETERA ARLO (BRIDGE, TABACO),""2025-12-08 21:05:52"",""0.0"""
"[100958] LLAVERO ABC (L, NEGRO/OXIDO),""2025-12-08 21:05:52"",""0.0"""
"[100943] LLAVERO ABC (R, NEGRO/OXIDO),""2025-12-08 21:05:52"",""0.0"""
"[103199] LLAVERO ABC (R, SUELA/OLIVE),""2025-12-08 21:05:52"",""0.0"""
"[101598] SANDALIA LOLA C/TACO (36, NEGRO),""2025-12-08 21:05:52"",""0.0"""
"[101599] SANDALIA LOLA C/TACO (37, NEGRO),""2025-12-08 21:05:52"",""0.0"""
"[101583] SANDALIA LOLA (36, CARAMELO),""2025-12-08 21:05:52"",""0.0"""
"[101584] SANDALIA LOLA (37, CARAMELO),""2025-12-08 21:05:52"",""0.0"""
"[101592] SANDALIA LOLA (40, NEGRO),""2025-12-08 21:05:52"",""0.0"""
"[100218] BILLETERA OSADIA (MODENA, AZUL),""2025-12-08 21:05:52"",""0.0"""
"[101409] PORTALENTES MANU (BRIDGE, LONDON),""2025-12-08 21:05:52"",""0.0"""
"[100925] LLAVERO ABC (F, MALBEC/AZUL),""2025-12-08 21:05:52"",""0.0"""
"[100924] LLAVERO ABC (F, CARAMELO/OXIDO),""2025-12-08 21:05:52"",""0.0"""
"[100957] LLAVERO ABC (L, MALBEC/AZUL),""2025-12-08 21:05:52"",""0.0"""
"[101526] REMERA AMADEO (2XL, VERDE),""2025-12-08 21:05:52"",""0.0"""
"[100938] LLAVERO ABC (N, NEGRO/OXIDO),""2025-12-08 21:05:52"",""0.0"""
"[100950] LLAVERO ABC (Y, NEGRO/OXIDO),""2025-12-08 21:05:52"",""0.0"""
"[101489] PORTAVINO TANDIL (BRIDGE, CARAMELO),""2025-12-08 21:05:52"",""0.0"""
"[101492] PORTAVINO TANDIL (BRIDGE, TABACO),""2025-12-08 21:05:52"",""0.0"""
"[101016] MATERA OLI (BRIDGE, NEGRO),""2025-12-08 21:05:52"",""0.0"""
"[101014] MATERA OLI (BRIDGE, CHOCOLATE),""2025-12-08 21:05:52"",""0.0"""
"[101017] MATERA OLI (BRIDGE, TABACO),""2025-12-08 21:05:52"",""0.0"""
"[101018] MATERA OLI (PELO, MARRON/TABACO),""2025-12-08 21:05:52"",""0.0"""
"[103256] PRODUCTO OUTLET 79990,""2025-12-08 21:05:52"",""0.0"""
"[100269] BOLSO TUBO GRANDE (PELO, HOLANDO/NEGRO),""2025-12-08 21:05:52"",""0.0"""
"[100934] LLAVERO ABC (K, MALBEC/AZUL),""2025-12-08 21:05:52"",""0.0"""
"[100949] LLAVERO ABC (Y, MALBEC/AZUL),""2025-12-08 21:05:52"",""0.0"""
"[100948] LLAVERO ABC (Y, CARAMELO/OXIDO),""2025-12-08 21:05:52"",""0.0"""
"[101498] PORTAVINO UCO (BRIDGE, CARAMELO),""2025-12-08 21:05:52"",""0.0"""
"[101500] PORTAVINO UCO (BRIDGE, NEGRO),""2025-12-08 21:05:52"",""0.0"""
"[101501] PORTAVINO UCO (BRIDGE, TABACO),""2025-12-08 21:05:52"",""0.0"""
"[100036] BANDOLERA CASIOPEA (MODENA, AZUL),""2025-12-08 21:05:52"",""0.0"""
"[101495] PORTAVINO TUNUYAN (AZUL/TABACO),""2025-12-08 21:05:52"",""0.0"""
"[101496] PORTAVINO TUNUYAN (OLIVE/TABACO),""2025-12-08 21:05:52"",""0.0"""
"[101497] PORTAVINO TUNUYAN (VESUBIO/TABACO),""2025-12-08 21:05:52"",""0.0"""
"[101406] PORTALENTES LUZ BIFAZ (AZUL),""2025-12-08 21:05:52"",""0.0"""
"[101622] SET POSAVASOS CUADRADO X4 (BRIDGE, MALBEC),""2025-12-08 21:05:52"",""0.0"""
"[101621] SET POSAVASOS CUADRADO X4 (BRIDGE, CHOCOLATE),""2025-12-08 21:05:52"",""0.0"""
"[103250] PRODUCTO OUTLET 44990,""2025-12-08 21:05:52"",""0.0"""
"[101490] PORTAVINO TANDIL (BRIDGE, MALBEC),""2025-12-08 21:05:52"",""0.0"""
"[101607] SET POSAVASOS CIRCULAR X4 (BRIDGE, CHOCOLATE),""2025-12-08 21:05:52"",""0.0"""
"[101608] SET POSAVASOS CIRCULAR X4 (BRIDGE, MALBEC),""2025-12-08 21:05:52"",""0.0"""
"[101813] TOTE IRUYA (NAPADO, MALBEC),""2025-12-08 21:05:52"",""0.0"""
"[101457] PORTAPASAPORTE CHESTER BIFAZ (AZUL/SUELA),""2025-12-08 21:05:52"",""0.0"""
"[101671] TAG CALADO INICIAL (D, SUELA),""2025-12-08 21:05:52"",""0.0"""
"[101702] TARJETERO ARIES BIFAZ (NEGRO),""2025-12-08 21:05:52"",""0.0"""
"[101701] TARJETERO ARIES BIFAZ (AZUL),""2025-12-08 21:05:52"",""0.0"""
"[101703] TARJETERO ARIES BIFAZ (VERDE),""2025-12-08 21:05:52"",""0.0"""
"[100617] CHALINA EXEDRA (CELESTE),""2025-12-08 21:05:52"",""0.0"""
"[100621] CHALINA EXEDRA (ROSA),""2025-12-08 21:05:52"",""0.0"""
"[101499] PORTAVINO UCO (BRIDGE, MALBEC),""2025-12-08 21:05:52"",""0.0"""
"[100466] CARTERA AMARILLA SET SOBRE BIFAZ (NEGRO/SUELA),""2025-12-08 21:05:52"",""0.0"""
"[100465] CARTERA AMARILLA SET SOBRE BIFAZ (AZUL/SUELA),""2025-12-08 21:05:52"",""0.0"""
"[100467] CARTERA AMARILLA SET SOBRE BIFAZ (VERDE/SUELA),""2025-12-08 21:05:52"",""0.0"""
"[101503] PORTAVINO UCO (PELO, HOLANDO),""2025-12-08 21:05:52"",""0.0"""
"[101493] PORTAVINO TANDIL (PELO, HEREFORD),""2025-12-08 21:05:52"",""0.0"""
"[101494] PORTAVINO TANDIL (PELO, HOLANDO),""2025-12-08 21:05:52"",""0.0"""
"[101036] MEDIAS MEDIA CAÑA FANTASIA (MULTIRAYAS, NEGRO/GRIS MELANGE),""2025-12-08 21:05:52"",""0.0"""
"[101035] MEDIAS MEDIA CAÑA FANTASIA (MULTIRAYAS, GRIS OSCURO/GRIS CLARO),""2025-12-08 21:05:52"",""0.0"""
"[101038] MEDIAS MEDIA CAÑA FANTASIA (ROMBOS, NEGRO/ROJO),""2025-12-08 21:05:52"",""0.0"""
"[101037] MEDIAS MEDIA CAÑA FANTASIA (ROMBOS, CRUDO/CELESTE),""2025-12-08 21:05:52"",""0.0"""
"[101040] MEDIAS MEDIA CAÑA FANTASIA (ROMBOS CHICOS, GRIS OSCURO/GRIS CLARO),""2025-12-08 21:05:52"",""0.0"""
"[101039] MEDIAS MEDIA CAÑA FANTASIA (ROMBOS CHICOS, GRIS CLARO/GRIS OSCURO),""2025-12-08 21:05:52"",""0.0"""
"[101620] SET POSAVASOS CIRCULAR X4 (PELO, MARRON),""2025-12-08 21:05:52"",""0.0"""
"[101631] SET POSAVASOS CUADRADO X4 (PELO, HEREFORD),""2025-12-08 21:05:52"",""0.0"""
"[101110] MOCHILA TECH 210512,""2025-12-08 21:05:52"",""0.0"""
"[101111] MOCHILA TECH 21066,""2025-12-08 21:05:52"",""0.0"""
"[101112] MOCHILA TECH 21076,""2025-12-08 21:05:52"",""0.0"""
"[101115] MOCHILA TECH 2551 (NEGRO),""2025-12-08 21:05:52"",""0.0"""
"[101114] MOCHILA TECH 2551 (GRIS MEDIO),""2025-12-08 21:05:52"",""0.0"""
"[101116] MOCHILA TECH 40998,""2025-12-08 21:05:52"",""0.0"""
"[101804] TOTE CACHI  (DUNA, NEGRO),""2025-12-08 21:05:52"",""0.0"""
"[101807] TOTE CACHI  (NAPADO, CARAMELO),""2025-12-08 21:05:52"",""0.0"""
"[101809] TOTE CACHI  (NAPADO, SUELA),""2025-12-08 21:05:52"",""0.0"""
"[100034] BANDOLERA CARLA (PELO, HEREFORD),""2025-12-08 21:05:52"",""0.0"""
"[100049] BANDOLERA MATILDA (HOLANDO),""2025-12-08 21:05:52"",""0.0"""
"[100522] CARTERA INES (PELO, HEREFORD),""2025-12-08 21:05:52"",""0.0"""
"[100967] LLAVERO COMBINADO (TABACO),""2025-12-08 21:05:52"",""0.0"""
"[100966] LLAVERO COMBINADO (CARAMELO),""2025-12-08 21:05:52"",""0.0"""
"[100001] BANDEJA CHICA (HEREFORD),""2025-12-08 21:05:52"",""0.0"""
"[100002] BANDEJA CHICA (HOLANDO),""2025-12-08 21:05:52"",""0.0"""
"[100515] CARTERA EMILIA (NAPADO, NEGRO),""2025-12-08 21:05:52"",""0.0"""
"[103261] PRODUCTO OUTLET 199990,""2025-12-08 21:05:52"",""0.0"""
"[103259] PRODUCTO OUTLET 129990,""2025-12-08 21:05:52"",""0.0"""
"[100232] BOINA CLYDE (S, BEIGE),""2025-12-08 21:05:52"",""0.0"""
"[100233] BOINA CLYDE (M, BEIGE),""2025-12-08 21:05:52"",""0.0"""
"[100234] BOINA CLYDE (L, BEIGE),""2025-12-08 21:05:52"",""0.0"""
"[100238] BOINA CLYDE (S, GRIS),""2025-12-08 21:05:52"",""0.0"""
"[100239] BOINA CLYDE (M, GRIS),""2025-12-08 21:05:52"",""0.0"""
"[100240] BOINA CLYDE (L, GRIS),""2025-12-08 21:05:52"",""0.0"""
"[100235] BOINA CLYDE (S, CAFE),""2025-12-08 21:05:52"",""0.0"""
"[100236] BOINA CLYDE (M, CAFE),""2025-12-08 21:05:52"",""0.0"""
"[100237] BOINA CLYDE (L, CAFE),""2025-12-08 21:05:52"",""0.0"""
"[100843] GORRO FRED (M),""2025-12-08 21:05:52"",""0.0"""
"[100844] GORRO FRED (L),""2025-12-08 21:05:52"",""0.0"""
"[100859] GORRO SEA (M, GRIS OSCURO),""2025-12-08 21:05:52"",""0.0"""
"[100860] GORRO SEA (L, GRIS OSCURO),""2025-12-08 21:05:52"",""0.0"""
"[100857] GORRO SEA (M, BEIGE),""2025-12-08 21:05:52"",""0.0"""
"[100858] GORRO SEA (L, BEIGE),""2025-12-08 21:05:52"",""0.0"""
"[100770] CINTURON RUS (M-L, BEIGE),""2025-12-08 21:05:52"",""0.0"""
"[100771] CINTURON RUS (S-M, MARRON ROJIZO),""2025-12-08 21:05:52"",""0.0"""
"[101152] MONEDERO LUISA (BRIDGE, CARAMELO),""2025-12-08 21:05:52"",""0.0"""
"[101811] TOTE CACHI  (PELO, HOLANDO),""2025-12-08 21:05:52"",""0.0"""
"[101819] TOTE MARGARITA CHICA (BEIGE),""2025-12-08 21:05:52"",""0.0"""
"[101820] TOTE MARGARITA CHICA (BLANCO),""2025-12-08 21:05:52"",""0.0"""
"[101821] TOTE MARGARITA CHICA (NEGRO),""2025-12-08 21:05:52"",""0.0"""
"[100582] CARTERA MINI APHOLO SET SOBRE (MODENA, VERDE),""2025-12-08 21:05:52"",""0.0"""
"[100294] BUFANDA ACRUX (CHOCOLATE),""2025-12-08 21:05:52"",""0.0"""
"[100293] BUFANDA ACRUX (BEIGE),""2025-12-08 21:05:52"",""0.0"""
"[100869] GORRO VEGA (GRIS CLARO),""2025-12-08 21:05:52"",""0.0"""
"[100867] GORRO VEGA (CHOCOLATE),""2025-12-08 21:05:52"",""0.0"""
"[100866] GORRO VEGA (BEIGE),""2025-12-08 21:05:52"",""0.0"""
"[101082] MOCHILA MULITA (CARAMELO),""2025-12-08 21:05:52"",""0.0"""
"[101084] MOCHILA MULITA (NEGRO),""2025-12-08 21:05:52"",""0.0"""
"[101059] MOCHILA CASPIO FULL BLACK,""2025-12-08 21:05:52"",""0.0"""
"[103997] CARTERA VERA (GAMUZA, GRIS OSCURO),""2025-12-08 21:05:52"",""0.0"""
"[101825] TOTE TILCARA (LONDON),""2025-12-08 21:05:52"",""0.0"""
"[101826] TOTE TILCARA (NEGRO),""2025-12-08 21:05:52"",""0.0"""
"[100885] GUANTE BASICO DAMA (CRUDO),""2025-12-08 21:05:52"",""0.0"""
"[100886] GUANTE BASICO DAMA (NEGRO),""2025-12-08 21:05:52"",""0.0"""
"[100887] GUANTE BASICO DAMA (VISON),""2025-12-08 21:05:52"",""0.0"""
"[100888] GUANTE BASICO HOMBRE (1, NEGRO),""2025-12-08 21:05:52"",""0.0"""
"[100890] GUANTE BASICO HOMBRE (1, VISON),""2025-12-08 21:05:52"",""0.0"""
"[100891] GUANTE BASICO HOMBRE (2, VISON),""2025-12-08 21:05:52"",""0.0"""
"[100889] GUANTE BASICO HOMBRE (2, NEGRO),""2025-12-08 21:05:52"",""0.0"""
"[101060] MOCHILA FRANCIS (CHOCOLATE),""2025-12-08 21:05:52"",""0.0"""
"[101061] MOCHILA FRANCIS (NEGRO),""2025-12-08 21:05:52"",""0.0"""
"[100902] INDIVIDUAL MAEL (HEREFORD),""2025-12-08 21:05:52"",""0.0"""
"[100903] INDIVIDUAL MAEL (HOLANDO),""2025-12-08 21:05:52"",""0.0"""
"[101505] POSAVASOS MAEL (HEREFORD),""2025-12-08 21:05:52"",""0.0"""
"[101506] POSAVASOS MAEL (HOLANDO),""2025-12-08 21:05:52"",""0.0"""
"[103158] BUFANDA CAPELLA (CAFE),""2025-12-08 21:05:52"",""0.0"""
"[103159] BUFANDA ACRUX (GRIS CLARO),""2025-12-08 21:05:52"",""0.0"""
"CARTERA MINI EMMA (PELO, CARAMELO),""2025-12-08 21:05:52"",""0.0"""
"[100683] CINTURON FLORA (2) (S-M, TABACO),""2025-12-08 21:05:52"",""0.0"""
"[100677] CINTURON FLORA (2) (S-M, CHOCOLATE),""2025-12-08 21:05:52"",""0.0"""
"[100679] CINTURON FLORA (2) (S-M, GRIS OSCURO),""2025-12-08 21:05:52"",""0.0"""
"[100684] CINTURON FLORA (2) (M-L, TABACO),""2025-12-08 21:05:52"",""0.0"""
"[100680] CINTURON FLORA (2) (M-L, GRIS OSCURO),""2025-12-08 21:05:52"",""0.0"""
"[100682] CINTURON FLORA (2) (M-L, MARSALA),""2025-12-08 21:05:52"",""0.0"""
"[100678] CINTURON FLORA (2) (M-L, CHOCOLATE),""2025-12-08 21:05:52"",""0.0"""
"[100669] CINTURON FLORA (1) (S-M, GRIS OSCURO),""2025-12-08 21:05:52"",""0.0"""
"[100671] CINTURON FLORA (1) (S-M, MARSALA),""2025-12-08 21:05:52"",""0.0"""
"[100674] CINTURON FLORA (1) (M-L, TABACO),""2025-12-08 21:05:52"",""0.0"""
"[100670] CINTURON FLORA (1) (M-L, GRIS OSCURO),""2025-12-08 21:05:52"",""0.0"""
"[100672] CINTURON FLORA (1) (M-L, MARSALA),""2025-12-08 21:05:52"",""0.0"""
"[103187] CARTERA VERA (NOBUCK, CAFE),""2025-12-08 21:05:52"",""0.0"""
"[103216] TOTE IRUYA (FIORENTINO, NEGRO),""2025-12-08 21:05:52"",""0.0"""
"[103146] PORTALENTES NOLE (LINEA FRUNCES) (NAPADO, NEGRO),""2025-12-08 21:05:52"",""0.0"""
"[103145] PORTALENTES NOLE (LINEA FRUNCES) (NAPADO, ROJO),""2025-12-08 21:05:52"",""0.0"""
"[103172] BANDOLERA JADE (LINEA FRUNCES) (NAPADO, NEGRO),""2025-12-08 21:05:52"",""0.0"""
"[103171] BANDOLERA JADE (LINEA FRUNCES) (NAPADO, SUELA),""2025-12-08 21:05:52"",""0.0"""
"[103134] CARTERA MANA FLECOS (LINEA PESPUNTES) (NAPOLE, CAOBA),""2025-12-08 21:05:52"",""0.0"""
"[103139] MATERA AVA (LINEA PESPUNTES) (GAMUZA, OXIDO),""2025-12-08 21:05:52"",""0.0"""
"[103137] MATERA RENATA (LINEA PESPUNTES) (OXIDO),""2025-12-08 21:05:52"",""0.0"""
"[103163] MOCHILA ALAI (LINEA FRUNCES) (MALBEC),""2025-12-08 21:05:52"",""0.0"""
"[103162] MOCHILA ALAI (LINEA FRUNCES) (NEGRO),""2025-12-08 21:05:52"",""0.0"""
"[103164] MOCHILA ALAI (LINEA FRUNCES) (SUELA),""2025-12-08 21:05:52"",""0.0"""
"[103211] PORTAVINO CAFAYATE (FIORENTINO, NEGRO),""2025-12-08 21:05:52"",""0.0"""
"[103165] MOCHILA LIBRA (CHOCOLATE),""2025-12-08 21:05:52"",""0.0"""
"[103208] PORTALENTES LUZ (NAPADO, CHOCOLATE),""2025-12-08 21:05:52"",""0.0"""
"[103184] CARTERA INES (BRIDGE, TABACO),""2025-12-08 21:05:52"",""0.0"""
"[103174] BANDOLERA JADE (LINEA FRUNCES) (GAMUZA, AVELLANA),""2025-12-08 21:05:52"",""0.0"""
"[103175] BANDOLERA JADE (LINEA FRUNCES) (GAMUZA, VESUBIO),""2025-12-08 21:05:52"",""0.0"""
"[103167] TOTE CACHI  (BRIDGE, LONDON),""2025-12-08 21:05:52"",""0.0"""
"[103166] TOTE IRUYA (BRIDGE, LONDON),""2025-12-08 21:05:52"",""0.0"""
"[103149] PORTACABLES  (1) (VAQUETA, NEGRO),""2025-12-08 21:05:52"",""0.0"""
"[101660] SOMBRERO FELA,""2025-12-08 21:05:52"",""0.0"""
"[101661] SOMBRERO GIA,""2025-12-08 21:05:52"",""0.0"""
"[101662] SOMBRERO HENY,""2025-12-08 21:05:52"",""0.0"""
"[101663] SOMBRERO NINI,""2025-12-08 21:05:52"",""0.0"""
"[101664] SOMBRERO YULA,""2025-12-08 21:05:52"",""0.0"""
"[103131] PILUSO DORA (BEIGE),""2025-12-08 21:05:52"",""0.0"""
"[103142] PILUSO DORA (CHOCOLATE),""2025-12-08 21:05:52"",""0.0"""
"[101822] TOTE MARGARITA GRANDE (BEIGE),""2025-12-08 21:05:52"",""0.0"""
"[101823] TOTE MARGARITA GRANDE (BLANCO),""2025-12-08 21:05:52"",""0.0"""
"[101824] TOTE MARGARITA GRANDE (NEGRO),""2025-12-08 21:05:52"",""0.0"""
"[103215] TARJETERO RUBI (NAPADO, VERDE),""2025-12-08 21:05:52"",""0.0"""
"[100556] NECESSAIRE LANIN (BRIDGE, CHOCOLATE),""2025-12-08 21:05:52"",""0.0"""
"[103209] PORTAPASAPORTE CHESTER (NAPADO, VERDE),""2025-12-08 21:05:52"",""0.0"""
"[103214] TARJETERO ARIES (NAPADO, VERDE),""2025-12-08 21:05:52"",""0.0"""
"[103173] BANDOLERA JADE (LINEA FRUNCES) (NAPADO, LONDON),""2025-12-08 21:05:52"",""0.0"""
"[100588] CARTERA KALI (GRIS MEDIO),""2025-12-08 21:05:52"",""0.0"""
"[103168] CARTERA VERA (NAPOLE, TABACO),""2025-12-08 21:05:52"",""0.0"""
"[103202] MOCHILA PORTIA (NAPOLE, TABACO),""2025-12-08 21:05:52"",""0.0"""
"[103136] CARTERA MANA FLECOS (LINEA PESPUNTES) (CRASH, SUELA),""2025-12-08 21:05:52"",""0.0"""
"[103153] CINTURON RUS (S-M, HOLANDO),""2025-12-08 21:05:52"",""0.0"""
"[103154] CINTURON RUS (M-L, HOLANDO),""2025-12-08 21:05:52"",""0.0"""
"[103150] NECESSAIRE FELI (BRIDGE, MALBEC),""2025-12-08 21:05:52"",""0.0"""
"[103151] SEÑALADOR (NEGRO),""2025-12-08 21:05:52"",""0.0"""
"[103152] SEÑALADOR (DULCE DE LECHE),""2025-12-08 21:05:52"",""0.0"""
"[100714] CINTURON LOPA (85, SUELA),""2025-12-08 21:40:46"",""0.0"""
"[101184] MORRAL LUCAS (NEGRO),""2025-12-08 21:40:46"",""0.0"""
"[101185] MORRAL LUCAS (TABACO),""2025-12-08 21:40:46"",""0.0"""
"[100038] BANDOLERA CASIOPEA (NAPADO, NEGRO),""2025-12-08 21:40:46"",""0.0"""
"[100718] CINTURON LOPA (105, SUELA),""2025-12-08 21:40:46"",""0.0"""
"[100720] CINTURON LOPA (115, SUELA),""2025-12-08 21:40:46"",""0.0"""
"[100040] BANDOLERA CASIOPEA (NAPADO, SUELA),""2025-12-08 21:40:46"",""0.0"""
"[100037] BANDOLERA CASIOPEA (NAPADO, CARAMELO),""2025-12-08 21:40:46"",""0.0"""
"[100039] BANDOLERA CASIOPEA (NAPADO, ROJO),""2025-12-08 21:40:46"",""0.0"""
"[101078] MOCHILA MARCOS (TAMPONATO, NEGRO),""2025-12-08 21:40:46"",""0.0"""
"[101077] MOCHILA MARCOS (NAPADO, SUELA),""2025-12-08 21:40:46"",""0.0"""
"[101076] MOCHILA MARCOS (NAPADO, NEGRO),""2025-12-08 21:40:46"",""0.0"""
"[100103] BANDOLERA SAGITTA (NAPADO, NEGRO),""2025-12-08 21:40:46"",""0.0"""
"[101161] MORRAL ADI VINTAGE (TAMPONATO, NEGRO),""2025-12-08 21:40:46"",""0.0"""
"[101642] SOBRE GEMINI (NAPADO, NEGRO),""2025-12-08 21:40:46"",""0.0"""
"[100277] BOLSO URBANO (NAPADO, NEGRO),""2025-12-08 21:40:46"",""0.0"""
"[100721] CINTURON LOPA (120, SUELA),""2025-12-08 21:40:46"",""0.0"""
"[100253] BOLSO TUBO GRANDE (BRIDGE, NEGRO),""2025-12-08 21:40:46"",""0.0"""
"[100251] BOLSO TUBO GRANDE (BRIDGE, CARAMELO),""2025-12-08 21:40:46"",""0.0"""
"[100266] BOLSO TUBO GRANDE (GAMUZA, VESUBIO/TABACO),""2025-12-08 21:40:46"",""0.0"""
"[100105] BANDOLERA SAGITTA (NAPADO, SUELA),""2025-12-08 21:40:46"",""0.0"""
"[101644] SOBRE GEMINI (NAPADO, SUELA),""2025-12-08 21:40:46"",""0.0"""
"[100104] BANDOLERA SAGITTA (NAPADO, ROJO),""2025-12-08 21:40:46"",""0.0"""
"[101778] TARJETERO ROMA (BRIDGE, NEGRO),""2025-12-08 21:40:46"",""0.0"""
"[101779] TARJETERO ROMA (BRIDGE, TABACO),""2025-12-08 21:40:46"",""0.0"""
"[100444] CARTERA AMARILLA SET SOBRE (BRIDGE, TABACO),""2025-12-08 21:40:46"",""0.0"""
"[101643] SOBRE GEMINI (NAPADO, ROJO),""2025-12-08 21:40:46"",""0.0"""
"[101692] TARJETERO ARIES (BRIDGE, TABACO),""2025-12-08 21:40:46"",""0.0"""
"[101691] TARJETERO ARIES (BRIDGE, ROJO),""2025-12-08 21:40:46"",""0.0"""
"[101688] TARJETERO ARIES (BRIDGE, CARAMELO),""2025-12-08 21:40:46"",""0.0"""
"[101423] PORTALENTES ORION (BRIDGE, NEGRO),""2025-12-08 21:40:46"",""0.0"""
"[101424] PORTALENTES ORION (BRIDGE, ROJO),""2025-12-08 21:40:46"",""0.0"""
"[101421] PORTALENTES ORION (BRIDGE, CARAMELO),""2025-12-08 21:40:46"",""0.0"""
"[101425] PORTALENTES ORION (BRIDGE, TABACO),""2025-12-08 21:40:46"",""0.0"""
"[101430] PORTALENTES ORION (NAPADO, SUELA),""2025-12-08 21:40:46"",""0.0"""
"[101446] PORTAPASAPORTE CHESTER (BRIDGE, ROJO),""2025-12-08 21:40:46"",""0.0"""
"[101445] PORTAPASAPORTE CHESTER (BRIDGE, NEGRO),""2025-12-08 21:40:46"",""0.0"""
"[101462] PORTAPASAPORTE RON (BRIDGE, CARAMELO),""2025-12-08 21:40:46"",""0.0"""
"[101463] PORTAPASAPORTE RON (BRIDGE, NEGRO),""2025-12-08 21:40:46"",""0.0"""
"[101464] PORTAPASAPORTE RON (BRIDGE, ROJO),""2025-12-08 21:40:46"",""0.0"""
"[101731] TARJETERO HARRY (NAPADO, CARAMELO),""2025-12-08 21:40:46"",""0.0"""
"[101727] TARJETERO HARRY (BRIDGE, TABACO),""2025-12-08 21:40:46"",""0.0"""
"[101723] TARJETERO HARRY (BRIDGE, CARAMELO),""2025-12-08 21:40:46"",""0.0"""
"[101726] TARJETERO HARRY (BRIDGE, ROJO),""2025-12-08 21:40:46"",""0.0"""
"[101725] TARJETERO HARRY (BRIDGE, NEGRO),""2025-12-08 21:40:46"",""0.0"""
"[101751] TARJETERO JUAN (NAPADO, SUELA),""2025-12-08 21:40:46"",""0.0"""
"[101721] TARJETERO BILL (NAPADO, SUELA),""2025-12-08 21:40:46"",""0.0"""
"[100189] BILLETERA LUCA (BRIDGE, NEGRO),""2025-12-08 21:40:46"",""0.0"""
"[100187] BILLETERA LUCA (BRIDGE, CARAMELO),""2025-12-08 21:40:46"",""0.0"""
"[100190] BILLETERA LUCA (BRIDGE, TABACO),""2025-12-08 21:40:46"",""0.0"""
"[100202] BILLETERA LUCA (NAPADO, SUELA),""2025-12-08 21:40:46"",""0.0"""
"[100198] BILLETERA LUCA (NAPADO, CARAMELO),""2025-12-08 21:40:46"",""0.0"""
"[100200] BILLETERA LUCA (NAPADO, NEGRO),""2025-12-08 21:40:46"",""0.0"""
"[101401] PORTALENTES LUZ (NAPADO, NEGRO),""2025-12-08 21:40:46"",""0.0"""
"[101403] PORTALENTES LUZ (NAPADO, SUELA),""2025-12-08 21:40:46"",""0.0"""
"[101388] PORTALENTES LUZ (BRIDGE, NEGRO),""2025-12-08 21:40:46"",""0.0"""
"[101389] PORTALENTES LUZ (BRIDGE, ROJO),""2025-12-08 21:40:46"",""0.0"""
"[100441] CARTERA AMARILLA SET SOBRE (BRIDGE, NEGRO),""2025-12-08 21:40:46"",""0.0"""
"[101802] TARJETERO VINCENT (ROJO),""2025-12-08 21:40:46"",""0.0"""
"[101799] TARJETERO VINCENT (CARAMELO),""2025-12-08 21:40:46"",""0.0"""
"[101228] NECESSAIRE MINI MARCOS (BRIDGE, ROJO),""2025-12-08 21:40:46"",""0.0"""
"[101783] TARJETERO RUBI (BRIDGE, CARAMELO),""2025-12-08 21:40:46"",""0.0"""
"[101752] TARJETERO KENNY (BRIDGE, AZUL),""2025-12-08 21:40:46"",""0.0"""
"[101755] TARJETERO KENNY (BRIDGE, NEGRO),""2025-12-08 21:40:46"",""0.0"""
"[101137] MONEDERO GRACE (BRIDGE, AZUL),""2025-12-08 21:40:46"",""0.0"""
"[101140] MONEDERO GRACE (BRIDGE, NEGRO),""2025-12-08 21:40:46"",""0.0"""
"[101138] MONEDERO GRACE (BRIDGE, CARAMELO),""2025-12-08 21:40:46"",""0.0"""
"[101141] MONEDERO GRACE (BRIDGE, ROJO),""2025-12-08 21:40:46"",""0.0"""
"[101149] MONEDERO GRACE (NAPADO, NEGRO),""2025-12-08 21:40:46"",""0.0"""
"[100229] BILLETERA PENY (NAPADO, NEGRO),""2025-12-08 21:40:46"",""0.0"""
"[100811] CINTURON VAQUETA (85, SUELA),""2025-12-08 21:40:46"",""0.0"""
"[100812] CINTURON VAQUETA (90, SUELA),""2025-12-08 21:40:46"",""0.0"""
"[100438] CARTERA AMARILLA SET SOBRE (BRIDGE, CARAMELO),""2025-12-08 21:40:46"",""0.0"""
"[100476] CARTERA APHOLO SET SOBRE (ROJO),""2025-12-08 21:40:46"",""0.0"""
"[100774] CINTURON TINO (90, CARAMELO),""2025-12-08 21:40:46"",""0.0"""
"[100778] CINTURON TINO (110, CARAMELO),""2025-12-08 21:40:46"",""0.0"""
"[100789] CINTURON TINO (85, SUELA),""2025-12-08 21:40:46"",""0.0"""
"[100790] CINTURON TINO (90, SUELA),""2025-12-08 21:40:46"",""0.0"""
"[100795] CINTURON TINO (115, SUELA),""2025-12-08 21:40:46"",""0.0"""
"[100788] CINTURON TINO (120, NEGRO),""2025-12-08 21:40:46"",""0.0"""
"[100782] CINTURON TINO (90, NEGRO),""2025-12-08 21:40:46"",""0.0"""
"[100783] CINTURON TINO (95, NEGRO),""2025-12-08 21:40:46"",""0.0"""
"[100784] CINTURON TINO (100, NEGRO),""2025-12-08 21:40:46"",""0.0"""
"[100173] BILLETERA LEXI (AZUL),""2025-12-08 21:40:46"",""0.0"""
"[101385] PORTALENTES LUZ (BRIDGE, CARAMELO),""2025-12-08 21:40:46"",""0.0"""
"[101568] RIÑONERA CRUZ S (BRIDGE, TABACO),""2025-12-08 21:40:46"",""0.0"""
"[100176] BILLETERA LEXI (NEGRO),""2025-12-08 21:40:46"",""0.0"""
"[101176] MORRAL CARLOS (NEGRO),""2025-12-08 21:40:46"",""0.0"""
"[101174] MORRAL CARLOS (CARAMELO),""2025-12-08 21:40:46"",""0.0"""
"[101578] RIÑONERA EVAN GRANDE (BRIDGE, CARAMELO),""2025-12-08 21:40:46"",""0.0"""
"[101582] RIÑONERA EVAN GRANDE (NAPADO, NEGRO),""2025-12-08 21:40:46"",""0.0"""
"[101315] PORTAFOLIO VENUS CHICO (BRIDGE, NEGRO),""2025-12-08 21:40:46"",""0.0"""
"[100572] CARTERA MINI APHOLO SET SOBRE (BRIDGE, NEGRO),""2025-12-08 21:40:46"",""0.0"""
"[100570] CARTERA MINI APHOLO SET SOBRE (BRIDGE, CARAMELO),""2025-12-08 21:40:46"",""0.0"""
"[101354] PORTALAPTOP LES (BRIDGE, ROJO),""2025-12-08 21:40:46"",""0.0"""
"[100163] BILLETERA FICHERO (NAPADO, NEGRO),""2025-12-08 21:40:46"",""0.0"""
"[100162] BILLETERA FICHERO (NAPADO, CARAMELO),""2025-12-08 21:40:46"",""0.0"""
"[101074] MOCHILA MARCOS (BRIDGE, NEGRO),""2025-12-08 21:40:46"",""0.0"""
"[101073] MOCHILA MARCOS (BRIDGE, CHOCOLATE),""2025-12-08 21:40:46"",""0.0"""
"[101075] MOCHILA MARCOS (BRIDGE, TABACO),""2025-12-08 21:40:46"",""0.0"""
"[101801] TARJETERO VINCENT (NEGRO),""2025-12-08 21:40:46"",""0.0"""
"[101575] RIÑONERA EVAN CHICA (TABACO),""2025-12-08 21:40:46"",""0.0"""
"[101573] RIÑONERA EVAN CHICA (CHOCOLATE),""2025-12-08 21:40:46"",""0.0"""
"[100574] CARTERA MINI APHOLO SET SOBRE (BRIDGE, TABACO),""2025-12-08 21:40:46"",""0.0"""
"[100573] CARTERA MINI APHOLO SET SOBRE (BRIDGE, ROJO),""2025-12-08 21:40:46"",""0.0"""
"[101581] RIÑONERA EVAN GRANDE (BRIDGE, TABACO),""2025-12-08 21:40:46"",""0.0"""
"[100603] CARTUCHERA MONT (BRIDGE, NEGRO),""2025-12-08 21:40:46"",""0.0"""
"[100605] CARTUCHERA MONT (BRIDGE, TABACO),""2025-12-08 21:40:46"",""0.0"""
"[100580] CARTERA MINI APHOLO SET SOBRE (GAMUZA, VESUBIO/TABACO),""2025-12-08 21:40:46"",""0.0"""
"[100577] CARTERA MINI APHOLO SET SOBRE (GAMUZA, AVELLANA/TABACO),""2025-12-08 21:40:46"",""0.0"""
"[100503] CARTERA DOS HEBILLAS NEW (BRIDGE, NEGRO),""2025-12-08 21:40:46"",""0.0"""
"[100502] CARTERA DOS HEBILLAS NEW (BRIDGE, CARAMELO),""2025-12-08 21:40:46"",""0.0"""
"[100504] CARTERA DOS HEBILLAS NEW (BRIDGE, TABACO),""2025-12-08 21:40:46"",""0.0"""
"[101181] MORRAL DRACO (NEGRO),""2025-12-08 21:40:46"",""0.0"""
"[101179] MORRAL DRACO (CARAMELO),""2025-12-08 21:40:46"",""0.0"""
"[100604] CARTUCHERA MONT (BRIDGE, ROJO),""2025-12-08 21:40:46"",""0.0"""
"[100600] CARTUCHERA MONT (BRIDGE, AZUL),""2025-12-08 21:40:46"",""0.0"""
"[101182] MORRAL DRACO (TABACO),""2025-12-08 21:40:46"",""0.0"""
"[101732] TARJETERO HARRY (NAPADO, NEGRO),""2025-12-08 21:40:46"",""0.0"""
"[101313] PORTAFOLIO VENUS CHICO (BRIDGE, CARAMELO),""2025-12-08 21:40:46"",""0.0"""
"[101788] TARJETERO RUBI (BRIDGE, VERDE),""2025-12-08 21:40:46"",""0.0"""
"[100510] CARTERA DOS HEBILLAS NEW (GAMUZA, VESUBIO/TABACO),""2025-12-08 21:40:46"",""0.0"""
"[101739] TARJETERO JUAN (BRIDGE, NEGRO),""2025-12-08 21:40:46"",""0.0"""
"[101737] TARJETERO JUAN (BRIDGE, CARAMELO),""2025-12-08 21:40:46"",""0.0"""
"[101740] TARJETERO JUAN (BRIDGE, ROJO),""2025-12-08 21:40:46"",""0.0"""
"[101741] TARJETERO JUAN (BRIDGE, TABACO),""2025-12-08 21:40:46"",""0.0"""
"[100145] BILLETERA BEIJING (BRIDGE, ROJO),""2025-12-08 21:40:46"",""0.0"""
"[100151] BILLETERA BEIJING (NAPADO, NEGRO),""2025-12-08 21:40:46"",""0.0"""
"[100257] BOLSO TUBO GRANDE (GAMUZA, AVELLANA/TABACO),""2025-12-08 21:40:46"",""0.0"""
"[100010] BANDOLERA ANTONIETA (GAMUZA, AVELLANA),""2025-12-08 21:40:46"",""0.0"""
"[100013] BANDOLERA ANTONIETA (GAMUZA, VESUBIO),""2025-12-08 21:40:46"",""0.0"""
"[100015] BANDOLERA ANTONIETA (NAPADO, CARAMELO),""2025-12-08 21:40:46"",""0.0"""
"[100012] BANDOLERA ANTONIETA (GAMUZA, OXIDO),""2025-12-08 21:40:46"",""0.0"""
"[100992] LLAVERO KAREN (NEGRO/AVELLANA),""2025-12-08 21:40:46"",""0.0"""
"[101001] LLAVERO KAREN (VERDE/OXIDO),""2025-12-08 21:40:46"",""0.0"""
"[100981] LLAVERO KAREN (AZUL/OXIDO),""2025-12-08 21:40:46"",""0.0"""
"[100983] LLAVERO KAREN (CARAMELO/AVELLANA),""2025-12-08 21:40:46"",""0.0"""
"[103178] BILLETERA PENY (BRIDGE, ROJO),""2025-12-08 21:40:46"",""0.0"""
"[100442] CARTERA AMARILLA SET SOBRE (BRIDGE, ROJO),""2025-12-08 21:40:46"",""0.0"""
"[100216] BILLETERA OSADIA (BRIDGE, NEGRO),""2025-12-08 21:40:46"",""0.0"""
"[101106] MOCHILA PORTIA (NAPADO, NEGRO),""2025-12-08 21:40:46"",""0.0"""
"[101107] MOCHILA PORTIA (NAPADO, SUELA),""2025-12-08 21:40:46"",""0.0"""
"[101105] MOCHILA PORTIA (BRIDGE, TABACO),""2025-12-08 21:40:46"",""0.0"""
"[101104] MOCHILA PORTIA (BRIDGE, NEGRO),""2025-12-08 21:40:46"",""0.0"""
"[100071] BANDOLERA NATY SIMPLE (NAPADO, CARAMELO),""2025-12-08 21:40:46"",""0.0"""
"[100074] BANDOLERA NATY SIMPLE (NAPADO, ROJO),""2025-12-08 21:40:46"",""0.0"""
"[100070] BANDOLERA NATY SIMPLE (NAPADO, AZUL),""2025-12-08 21:40:46"",""0.0"""
"[100076] BANDOLERA NATY SIMPLE (NAPADO, VERDE),""2025-12-08 21:40:46"",""0.0"""
"[100064] BANDOLERA NATY SIMPLE (GAMUZA, AVELLANA/TABACO),""2025-12-08 21:40:46"",""0.0"""
"[100063] BANDOLERA NATY SIMPLE (GAMUZA, AVELLANA/NEGRO),""2025-12-08 21:40:46"",""0.0"""
"[100055] BANDOLERA NATY (ROJO),""2025-12-08 21:40:46"",""0.0"""
"[100052] BANDOLERA NATY (AZUL),""2025-12-08 21:40:46"",""0.0"""
"[100053] BANDOLERA NATY (CARAMELO),""2025-12-08 21:40:46"",""0.0"""
"[101183] MORRAL LUCAS (CARAMELO),""2025-12-08 21:40:46"",""0.0"""
"[100278] BOLSO URBANO (NAPADO, SUELA),""2025-12-08 21:40:46"",""0.0"""
"[100054] BANDOLERA NATY (NEGRO),""2025-12-08 21:40:46"",""0.0"""
"[100056] BANDOLERA NATY (SUELA),""2025-12-08 21:40:46"",""0.0"""
"[100274] BOLSO URBANO (BRIDGE, NEGRO),""2025-12-08 21:40:46"",""0.0"""
"[100275] BOLSO URBANO (BRIDGE, TABACO),""2025-12-08 21:40:46"",""0.0"""
"[101172] MORRAL BERLIN (NEGRO),""2025-12-08 21:40:46"",""0.0"""
"[101173] MORRAL BERLIN (TABACO),""2025-12-08 21:40:46"",""0.0"""
"[101709] TARJETERO BILL (BRIDGE, TABACO),""2025-12-08 21:40:46"",""0.0"""
"[100144] BILLETERA BEIJING (BRIDGE, NEGRO),""2025-12-08 21:40:46"",""0.0"""
"[100122] BANDOLERA VICENTA (NAPADO, NEGRO),""2025-12-08 21:40:46"",""0.0"""
"[100073] BANDOLERA NATY SIMPLE (NAPADO, NEGRO),""2025-12-08 21:40:46"",""0.0"""
"[101640] SOBRE GEMINI (NAPADO, CARAMELO),""2025-12-08 21:40:46"",""0.0"""
"[101639] SOBRE GEMINI (NAPADO, AZUL),""2025-12-08 21:40:46"",""0.0"""
"[100045] BANDOLERA LENA (NAPADO, ROJO),""2025-12-08 21:40:46"",""0.0"""
"[100069] BANDOLERA NATY SIMPLE (GAMUZA, VESUBIO/TABACO),""2025-12-08 21:40:46"",""0.0"""
"[101311] PORTAFOLIO RUBEN (NEGRO),""2025-12-08 21:40:46"",""0.0"""
"[101312] PORTAFOLIO RUBEN (TABACO),""2025-12-08 21:40:46"",""0.0"""
"[101776] TARJETERO ROMA (BRIDGE, CARAMELO),""2025-12-08 21:40:46"",""0.0"""
"[100221] BILLETERA OSADIA (NAPADO, CARAMELO),""2025-12-08 21:40:46"",""0.0"""
"[100224] BILLETERA OSADIA (NAPADO, SUELA),""2025-12-08 21:40:46"",""0.0"""
"[100222] BILLETERA OSADIA (NAPADO, NEGRO),""2025-12-08 21:40:46"",""0.0"""
"[100217] BILLETERA OSADIA (BRIDGE, ROJO),""2025-12-08 21:40:46"",""0.0"""
"[101202] NECESSAIRE (NEGRO),""2025-12-08 21:40:46"",""0.0"""
"[101229] NECESSAIRE MINI MARCOS (BRIDGE, TABACO),""2025-12-08 21:40:46"",""0.0"""
"[100228] BILLETERA PENY (NAPADO, CARAMELO),""2025-12-08 21:40:46"",""0.0"""
"[100474] CARTERA APHOLO SET SOBRE (CARAMELO),""2025-12-08 21:40:46"",""0.0"""
"[100779] CINTURON TINO (115, CARAMELO),""2025-12-08 21:40:46"",""0.0"""
"[100781] CINTURON TINO (85, NEGRO),""2025-12-08 21:40:46"",""0.0"""
"[101188] MORRAL OLDIE (BRIDGE, NEGRO),""2025-12-08 21:40:46"",""0.0"""
"[100109] BANDOLERA VICENTA (BRIDGE, ROJO),""2025-12-08 21:40:46"",""0.0"""
"[101263] PORTABILLETES CORVUS (NEGRO),""2025-12-08 21:40:46"",""0.0"""
"[101264] PORTABILLETES CORVUS (ROJO),""2025-12-08 21:40:46"",""0.0"""
"[101261] PORTABILLETES CORVUS (CARAMELO),""2025-12-08 21:40:46"",""0.0"""
"[100117] BANDOLERA VICENTA (GAMUZA, VESUBIO),""2025-12-08 21:40:46"",""0.0"""
"[100017] BANDOLERA ANTONIETA (NAPADO, NEGRO),""2025-12-08 21:40:46"",""0.0"""
"[100116] BANDOLERA VICENTA (GAMUZA, OXIDO),""2025-12-08 21:40:46"",""0.0"""
"[101718] TARJETERO BILL (NAPADO, AZUL),""2025-12-08 21:40:46"",""0.0"""
"[101255] PHONEBAG TAURUS (NEGRO),""2025-12-08 21:40:46"",""0.0"""
"[101309] PORTAFOLIO RUBEN (CARAMELO),""2025-12-08 21:40:46"",""0.0"""
"[101170] MORRAL BERLIN (CARAMELO),""2025-12-08 21:40:46"",""0.0"""
"[100451] CARTERA AMARILLA SET SOBRE (GAMUZA, VESUBIO/TABACO),""2025-12-08 21:40:46"",""0.0"""
"[100060] BANDOLERA NATY SIMPLE (BRIDGE, NEGRO),""2025-12-08 21:40:46"",""0.0"""
"[101204] NECESSAIRE (TABACO),""2025-12-08 21:40:46"",""0.0"""
"[101707] TARJETERO BILL (BRIDGE, ROJO),""2025-12-08 21:40:46"",""0.0"""
"[101706] TARJETERO BILL (BRIDGE, NEGRO),""2025-12-08 21:40:46"",""0.0"""
"[101705] TARJETERO BILL (BRIDGE, CARAMELO),""2025-12-08 21:40:46"",""0.0"""
"[101704] TARJETERO BILL (BRIDGE, AZUL),""2025-12-08 21:40:46"",""0.0"""
"[100454] CARTERA AMARILLA SET SOBRE (IGUANA, NEGRO),""2025-12-08 21:40:46"",""0.0"""
"[100455] CARTERA AMARILLA SET SOBRE (IGUANA, ROJO),""2025-12-08 21:40:46"",""0.0"""
"[100452] CARTERA AMARILLA SET SOBRE (IGUANA, AZUL),""2025-12-08 21:40:46"",""0.0"""
"[100142] BILLETERA BEIJING (BRIDGE, CARAMELO),""2025-12-08 21:40:46"",""0.0"""
"[100713] CINTURON LOPA (120, NEGRO),""2025-12-08 21:40:46"",""0.0"""
"[100547] CARTERA LISBOA (IGUANA, NEGRO),""2025-12-08 21:40:46"",""0.0"""
"[100548] CARTERA LISBOA (IGUANA, ROJO),""2025-12-08 21:40:46"",""0.0"""
"[100553] CARTERA LISBOA (NAPADO, NEGRO),""2025-12-08 21:40:46"",""0.0"""
"[100551] CARTERA LISBOA (NAPADO, CARAMELO),""2025-12-08 21:40:46"",""0.0"""
"[101574] RIÑONERA EVAN CHICA (NEGRO),""2025-12-08 21:40:46"",""0.0"""
"[100254] BOLSO TUBO GRANDE (BRIDGE, TABACO),""2025-12-08 21:40:46"",""0.0"""
"[101166] MORRAL ANGOSTO (BRIDGE, NEGRO),""2025-12-08 21:40:46"",""0.0"""
"[100059] BANDOLERA NATY SIMPLE (BRIDGE, CARAMELO),""2025-12-08 21:40:46"",""0.0"""
"[101452] PORTAPASAPORTE CHESTER (IGUANA, NEGRO),""2025-12-08 21:40:46"",""0.0"""
"[101453] PORTAPASAPORTE CHESTER (IGUANA, ROJO),""2025-12-08 21:40:46"",""0.0"""
"[101451] PORTAPASAPORTE CHESTER (IGUANA, CARAMELO),""2025-12-08 21:40:46"",""0.0"""
"[101395] PORTALENTES LUZ (IGUANA, NEGRO),""2025-12-08 21:40:46"",""0.0"""
"[101793] TARJETERO RUBI (IGUANA, NEGRO),""2025-12-08 21:40:46"",""0.0"""
"[101470] PORTAPASAPORTE RON (IGUANA, NEGRO),""2025-12-08 21:40:46"",""0.0"""
"[101471] PORTAPASAPORTE RON (IGUANA, ROJO),""2025-12-08 21:40:46"",""0.0"""
"[100544] CARTERA LISBOA (GAMUZA, VESUBIO/TABACO),""2025-12-08 21:40:46"",""0.0"""
"[101353] PORTALAPTOP LES (BRIDGE, NEGRO),""2025-12-08 21:40:46"",""0.0"""
"[100164] BILLETERA FICHERO (NAPADO, ROJO),""2025-12-08 21:40:46"",""0.0"""
"[101351] PORTALAPTOP LES (BRIDGE, CARAMELO),""2025-12-08 21:40:46"",""0.0"""
"[101227] NECESSAIRE MINI MARCOS (BRIDGE, NEGRO),""2025-12-08 21:40:46"",""0.0"""
"[101224] NECESSAIRE MINI MARCOS (BRIDGE, AZUL),""2025-12-08 21:40:46"",""0.0"""
"[101714] TARJETERO BILL (IGUANA, NEGRO),""2025-12-08 21:40:46"",""0.0"""
"[101712] TARJETERO BILL (IGUANA, CARAMELO),""2025-12-08 21:40:46"",""0.0"""
"[101715] TARJETERO BILL (IGUANA, ROJO),""2025-12-08 21:40:46"",""0.0"""
"[101303] PORTAFOLIO OLDIE (BRIDGE, CARAMELO),""2025-12-08 21:40:46"",""0.0"""
"[101393] PORTALENTES LUZ (IGUANA, AZUL),""2025-12-08 21:40:46"",""0.0"""
"[101225] NECESSAIRE MINI MARCOS (BRIDGE, CARAMELO),""2025-12-08 21:40:46"",""0.0"""
"[100477] CARTERA APHOLO SET SOBRE (TABACO),""2025-12-08 21:40:46"",""0.0"""
"[100550] CARTERA LISBOA (NAPADO, AZUL),""2025-12-08 21:40:46"",""0.0"""
"[100554] CARTERA LISBOA (NAPADO, ROJO),""2025-12-08 21:40:46"",""0.0"""
"[100288] BOTINERO MARCOS 30 (BRIDGE, NEGRO),""2025-12-08 21:40:46"",""0.0"""
"[100291] BOTINERO MARCOS 30 (GAMUZA, VESUBIO/TABACO),""2025-12-08 21:40:46"",""0.0"""
"[100796] CINTURON TINO (120, SUELA),""2025-12-08 21:40:46"",""0.0"""
"[100152] BILLETERA BEIJING (NAPADO, ROJO),""2025-12-08 21:40:46"",""0.0"""
"[101158] MORRAL ADI VINTAGE (BRIDGE, CARAMELO),""2025-12-08 21:40:46"",""0.0"""
"[100773] CINTURON TINO (85, CARAMELO),""2025-12-08 21:40:46"",""0.0"""
"[100780] CINTURON TINO (120, CARAMELO),""2025-12-08 21:40:46"",""0.0"""
"[100715] CINTURON LOPA (90, SUELA),""2025-12-08 21:40:46"",""0.0"""
"[100148] BILLETERA BEIJING (IGUANA, NEGRO),""2025-12-08 21:40:46"",""0.0"""
"[100062] BANDOLERA NATY SIMPLE (BRIDGE, TABACO),""2025-12-08 21:40:46"",""0.0"""
"[100491] CARTERA BAULITO (TAMPONATO, NEGRO),""2025-12-08 21:40:46"",""0.0"""
"[100479] CARTERA BAULITO (BRIDGE, NEGRO),""2025-12-08 21:40:46"",""0.0"""
"[101177] MORRAL CARLOS (TABACO),""2025-12-08 21:40:46"",""0.0"""
"[101658] SOBRE OMEGA (GAMUZA, VESUBIO),""2025-12-08 21:40:46"",""0.0"""
"[101653] SOBRE OMEGA (GAMUZA, AVELLANA),""2025-12-08 21:40:46"",""0.0"""
"[100545] CARTERA LISBOA (IGUANA, AZUL),""2025-12-08 21:40:46"",""0.0"""
"[100546] CARTERA LISBOA (IGUANA, CARAMELO),""2025-12-08 21:40:46"",""0.0"""
"[101305] PORTAFOLIO OLDIE (BRIDGE, NEGRO),""2025-12-08 21:40:46"",""0.0"""
"[100497] CARTERA CHALTEN (BRIDGE, NEGRO),""2025-12-08 21:40:46"",""0.0"""
"[100494] CARTERA CHALTEN (BRIDGE, CARAMELO),""2025-12-08 21:40:46"",""0.0"""
"[100498] CARTERA CHALTEN (BRIDGE, ROJO),""2025-12-08 21:40:46"",""0.0"""
"[100427] CARTERA ACONCAGUA (BRIDGE, NEGRO),""2025-12-08 21:40:46"",""0.0"""
"[100425] CARTERA ACONCAGUA (BRIDGE, CARAMELO),""2025-12-08 21:40:46"",""0.0"""
"[100428] CARTERA ACONCAGUA (BRIDGE, ROJO),""2025-12-08 21:40:46"",""0.0"""
"[100430] CARTERA ACONCAGUA (BRIDGE, VERDE),""2025-12-08 21:40:46"",""0.0"""
"[100424] CARTERA ACONCAGUA (BRIDGE, AZUL),""2025-12-08 21:40:46"",""0.0"""
"[101164] MORRAL ANGOSTO (BRIDGE, CARAMELO),""2025-12-08 21:40:46"",""0.0"""
"[101163] MORRAL ANGOSTO (BRIDGE, AZUL),""2025-12-08 21:40:46"",""0.0"""
"[100196] BILLETERA LUCA (IGUANA, ROJO),""2025-12-08 21:40:46"",""0.0"""
"[100601] CARTUCHERA MONT (BRIDGE, CARAMELO),""2025-12-08 21:40:46"",""0.0"""
"[100606] CARTUCHERA MONT (BRIDGE, VERDE),""2025-12-08 21:40:46"",""0.0"""
"[101306] PORTAFOLIO OLDIE (BRIDGE, TABACO),""2025-12-08 21:40:46"",""0.0"""
"[101308] PORTAFOLIO OLDIE (TAMPONATO, SUELA),""2025-12-08 21:40:46"",""0.0"""
"[100803] CINTURON TRENZADO (115),""2025-12-08 21:40:46"",""0.0"""
"[100804] CINTURON TRENZADO (120),""2025-12-08 21:40:46"",""0.0"""
"[100800] CINTURON TRENZADO (90),""2025-12-08 21:40:46"",""0.0"""
"[101186] MORRAL OLDIE (BRIDGE, CARAMELO),""2025-12-08 21:40:46"",""0.0"""
"[101189] MORRAL OLDIE (BRIDGE, TABACO),""2025-12-08 21:40:46"",""0.0"""
"[101191] MORRAL OLDIE (TAMPONATO, SUELA),""2025-12-08 21:40:46"",""0.0"""
"[101562] RIÑONERA CRUZ S (BRIDGE, CARAMELO),""2025-12-08 21:40:46"",""0.0"""
"[101564] RIÑONERA CRUZ S (BRIDGE, LONDON),""2025-12-08 21:40:46"",""0.0"""
"[101566] RIÑONERA CRUZ S (BRIDGE, ROJO),""2025-12-08 21:40:46"",""0.0"""
"[101567] RIÑONERA CRUZ S (BRIDGE, SUELA),""2025-12-08 21:40:46"",""0.0"""
"[100658] CINTURON ESPIGA (115, NEGRO),""2025-12-08 21:40:46"",""0.0"""
"[100659] CINTURON ESPIGA (120, NEGRO),""2025-12-08 21:40:46"",""0.0"""
"[100653] CINTURON ESPIGA (90, NEGRO),""2025-12-08 21:40:46"",""0.0"""
"[100665] CINTURON ESPIGA (115, SUELA),""2025-12-08 21:40:46"",""0.0"""
"[100666] CINTURON ESPIGA (120, SUELA),""2025-12-08 21:40:46"",""0.0"""
"[101355] PORTALAPTOP LES (BRIDGE, TABACO),""2025-12-08 21:40:46"",""0.0"""
"[100650] CINTURON ALFO (115),""2025-12-08 21:40:46"",""0.0"""
"[100651] CINTURON ALFO (120),""2025-12-08 21:40:46"",""0.0"""
"[101102] MOCHILA PORTIA (BRIDGE, CARAMELO),""2025-12-08 21:40:46"",""0.0"""
"[101256] PHONEBAG TAURUS (SUELA),""2025-12-08 21:40:46"",""0.0"""
"[100724] CINTURON MIA (L, AZUL),""2025-12-08 21:40:46"",""0.0"""
"[100723] CINTURON MIA (M, AZUL),""2025-12-08 21:40:46"",""0.0"""
"[100726] CINTURON MIA (L, CARAMELO),""2025-12-08 21:40:46"",""0.0"""
"[100725] CINTURON MIA (M, CARAMELO),""2025-12-08 21:40:46"",""0.0"""
"[100727] CINTURON MIA (L, NEGRO),""2025-12-08 21:40:46"",""0.0"""
"[100731] CINTURON MIA (L, ROJO),""2025-12-08 21:40:46"",""0.0"""
"[100730] CINTURON MIA (M, ROJO),""2025-12-08 21:40:46"",""0.0"""
"[100733] CINTURON MIA (L, TABACO),""2025-12-08 21:40:46"",""0.0"""
"[100737] CINTURON MIA (L, VERDE),""2025-12-08 21:40:46"",""0.0"""
"[100736] CINTURON MIA (M, VERDE),""2025-12-08 21:40:46"",""0.0"""
"[100735] CINTURON MIA (S, VERDE),""2025-12-08 21:40:46"",""0.0"""
"[101468] PORTAPASAPORTE RON (IGUANA, AZUL),""2025-12-08 21:40:46"",""0.0"""
"[101469] PORTAPASAPORTE RON (IGUANA, CARAMELO),""2025-12-08 21:40:46"",""0.0"""
"[100194] BILLETERA LUCA (IGUANA, CARAMELO),""2025-12-08 21:40:46"",""0.0"""
"[101144] MONEDERO GRACE (IGUANA, NEGRO),""2025-12-08 21:40:46"",""0.0"""
"[100018] BANDOLERA ANTONIETA (NAPADO, ROJO),""2025-12-08 21:40:46"",""0.0"""
"[100123] BANDOLERA VICENTA (NAPADO, ROJO),""2025-12-08 21:40:46"",""0.0"""
"[100124] BANDOLERA VICENTA (NAPADO, SUELA),""2025-12-08 21:40:46"",""0.0"""
"[100011] BANDOLERA ANTONIETA (GAMUZA, CAFE),""2025-12-08 21:40:46"",""0.0"""
"[100448] CARTERA AMARILLA SET SOBRE (GAMUZA, AVELLANA/TABACO),""2025-12-08 21:40:46"",""0.0"""
"[100157] BILLETERA COPAHUE (NAPADO, NEGRO),""2025-12-08 21:40:46"",""0.0"""
"[100156] BILLETERA COPAHUE (NAPADO, CARAMELO),""2025-12-08 21:40:46"",""0.0"""
"[100159] BILLETERA COPAHUE (NAPADO, SUELA),""2025-12-08 21:40:46"",""0.0"""
"[100155] BILLETERA COPAHUE (NAPADO, AZUL),""2025-12-08 21:40:46"",""0.0"""
"[100158] BILLETERA COPAHUE (NAPADO, ROJO),""2025-12-08 21:40:46"",""0.0"""
"[101758] TARJETERO KENNY (NAPADO, CARAMELO),""2025-12-08 21:40:46"",""0.0"""
"[101760] TARJETERO KENNY (NAPADO, ROJO),""2025-12-08 21:40:46"",""0.0"""
"[101444] PORTAPASAPORTE CHESTER (BRIDGE, MALBEC),""2025-12-08 21:40:46"",""0.0"""
"[100594] CARTERA YARA (BRIDGE, NEGRO),""2025-12-08 21:40:46"",""0.0"""
"[100596] CARTERA YARA (BRIDGE, TABACO),""2025-12-08 21:40:46"",""0.0"""
"[100595] CARTERA YARA (BRIDGE, ROJO),""2025-12-08 21:40:46"",""0.0"""
"[100591] CARTERA YARA (BRIDGE, AZUL),""2025-12-08 21:40:46"",""0.0"""
"[101387] PORTALENTES LUZ (BRIDGE, MALBEC),""2025-12-08 21:40:46"",""0.0"""
"[100279] BOLSO URBANO FULL BLACK,""2025-12-08 21:40:46"",""0.0"""
"[100613] CARTUCHERA MONT FULL BLACK,""2025-12-08 21:40:46"",""0.0"""
"[101576] RIÑONERA EVAN FULL BLACK CHICA,""2025-12-08 21:40:46"",""0.0"""
"[101577] RIÑONERA EVAN FULL BLACK GRANDE,""2025-12-08 21:40:46"",""0.0"""
"[101108] MOCHILA PORTIA FULL BLACK,""2025-12-08 21:40:46"",""0.0"""
"[101216] NECESSAIRE LANIN FULL BLACK,""2025-12-08 21:40:46"",""0.0"""
"[101234] NECESSAIRE MINI MARCOS FULL BLACK,""2025-12-08 21:40:46"",""0.0"""
"[100121] BANDOLERA VICENTA (NAPADO, CARAMELO),""2025-12-08 21:40:46"",""0.0"""
"[100449] CARTERA AMARILLA SET SOBRE (GAMUZA, CAFE/TABACO),""2025-12-08 21:40:46"",""0.0"""
"[100507] CARTERA DOS HEBILLAS NEW (GAMUZA, CAFE),""2025-12-08 21:40:46"",""0.0"""
"[100698] CINTURON GUS (120, SUELA),""2025-12-08 21:40:46"",""0.0"""
"[100693] CINTURON GUS (85, SUELA),""2025-12-08 21:40:46"",""0.0"""
"[100768] CINTURON REX (120),""2025-12-08 21:40:46"",""0.0"""
"[100763] CINTURON REX (85),""2025-12-08 21:40:46"",""0.0"""
"[103210] PORTAPASAPORTE WARA FULL BLACK,""2025-12-08 21:40:46"",""0.0"""
"[100598] CARTERA YARA (IGUANA, NEGRO),""2025-12-08 21:40:46"",""0.0"""
"[100253] BOLSO TUBO GRANDE (BRIDGE, NEGRO),""2025-12-08 21:40:46"",""0.0"""
"[101088] MOCHILA PACARI (BRIDGE, NEGRO),""2025-12-08 21:40:46"",""0.0"""
"[101085] MOCHILA PACARI (BRIDGE, CARAMELO),""2025-12-08 21:40:46"",""0.0"""
"[101090] MOCHILA PACARI (BRIDGE, TABACO),""2025-12-08 21:40:46"",""0.0"""
"[101089] MOCHILA PACARI (BRIDGE, ROJO),""2025-12-08 21:40:46"",""0.0"""
"[100119] BANDOLERA VICENTA (IGUANA, NEGRO),""2025-12-08 21:40:46"",""0.0"""
"[100118] BANDOLERA VICENTA (IGUANA, CARAMELO),""2025-12-08 21:40:46"",""0.0"""
"[100487] CARTERA BAULITO (IGUANA, NEGRO),""2025-12-08 21:40:46"",""0.0"""
"[100488] CARTERA BAULITO (IGUANA, ROJO),""2025-12-08 21:40:46"",""0.0"""
"[100485] CARTERA BAULITO (IGUANA, AZUL),""2025-12-08 21:40:46"",""0.0"""
"[100489] CARTERA BAULITO (IGUANA, VERDE),""2025-12-08 21:40:46"",""0.0"""
"[100042] BANDOLERA LENA (NAPADO, CARAMELO),""2025-12-08 21:40:46"",""0.0"""
"[100044] BANDOLERA LENA (NAPADO, NEGRO),""2025-12-08 21:40:46"",""0.0"""
"[100243] BOLSO LIHUEN (BRIDGE, CARAMELO),""2025-12-08 21:40:46"",""0.0"""
"[100246] BOLSO LIHUEN (BRIDGE, TABACO),""2025-12-08 21:40:46"",""0.0"""
"[100248] BOLSO LIHUEN FULL BLACK,""2025-12-08 21:40:46"",""0.0"""
"[101301] PORTAFOLIO HUAPI (BRIDGE, TABACO),""2025-12-08 21:40:46"",""0.0"""
"[101298] PORTAFOLIO HUAPI (BRIDGE, CHOCOLATE),""2025-12-08 21:40:46"",""0.0"""
"[101297] PORTAFOLIO HUAPI (BRIDGE, CARAMELO),""2025-12-08 21:40:46"",""0.0"""
"[101299] PORTAFOLIO HUAPI (BRIDGE, MALBEC),""2025-12-08 21:40:46"",""0.0"""
"[100106] BANDOLERA VICENTA (BRIDGE, CARAMELO),""2025-12-08 21:40:46"",""0.0"""
"[100259] BOLSO TUBO GRANDE (GAMUZA, AZUL/TABACO),""2025-12-08 21:40:46"",""0.0"""
"[100258] BOLSO TUBO GRANDE (GAMUZA, AZUL/CARAMELO),""2025-12-08 21:40:46"",""0.0"""
"[100263] BOLSO TUBO GRANDE (GAMUZA, OLIVE/TABACO),""2025-12-08 21:40:46"",""0.0"""
"[101759] TARJETERO KENNY (NAPADO, NEGRO),""2025-12-08 21:40:46"",""0.0"""
"[101097] MOCHILA PIETRO (BRIDGE, NEGRO),""2025-12-08 21:40:46"",""0.0"""
"[101098] MOCHILA PIETRO (BRIDGE, TABACO),""2025-12-08 21:40:46"",""0.0"""
"[100149] BILLETERA BEIJING (IGUANA, ROJO),""2025-12-08 21:40:46"",""0.0"""
"[101803] TARJETERO VINCENT (TABACO),""2025-12-08 21:40:46"",""0.0"""
"[101474] PORTAPASAPORTE WARA (IGUANA, CARAMELO),""2025-12-08 21:40:46"",""0.0"""
"[101476] PORTAPASAPORTE WARA (IGUANA, ROJO),""2025-12-08 21:40:46"",""0.0"""
"[101475] PORTAPASAPORTE WARA (IGUANA, NEGRO),""2025-12-08 21:40:46"",""0.0"""
"[101478] PORTAPASAPORTE WARA (NAPADO, CARAMELO),""2025-12-08 21:40:46"",""0.0"""
"[101480] PORTAPASAPORTE WARA (NAPADO, ROJO),""2025-12-08 21:40:46"",""0.0"""
"[101477] PORTAPASAPORTE WARA (NAPADO, AZUL),""2025-12-08 21:40:46"",""0.0"""
"[101481] PORTAPASAPORTE WARA (NAPADO, VERDE),""2025-12-08 21:40:46"",""0.0"""
"[100446] CARTERA AMARILLA SET SOBRE (CROCO, CANELA),""2025-12-08 21:40:46"",""0.0"""
"[101248] PHONEBAG TANIA (GAMUZA, OLIVE),""2025-12-08 21:40:46"",""0.0"""
"[101246] PHONEBAG TANIA (GAMUZA, CAFE),""2025-12-08 21:40:46"",""0.0"""
"[101247] PHONEBAG TANIA (GAMUZA, GRIS MEDIO),""2025-12-08 21:40:46"",""0.0"""
"[100008] BANDOLERA ANTONIETA (BRIDGE, NEGRO),""2025-12-08 21:40:46"",""0.0"""
"[101213] NECESSAIRE LANIN (BRIDGE, NEGRO),""2025-12-08 21:40:46"",""0.0"""
"[101212] NECESSAIRE LANIN (BRIDGE, CARAMELO),""2025-12-08 21:40:46"",""0.0"""
"[101139] MONEDERO GRACE (BRIDGE, MALBEC),""2025-12-08 21:40:46"",""0.0"""
"[101724] TARJETERO HARRY (BRIDGE, MALBEC),""2025-12-08 21:40:46"",""0.0"""
"[100559] CARTERA LONDRES (BRIDGE, NEGRO),""2025-12-08 21:40:46"",""0.0"""
"[100561] CARTERA LONDRES (BRIDGE, TABACO),""2025-12-08 21:40:46"",""0.0"""
"[103998] CARTERA LONDRES (BRIDGE, CARAMELO),""2025-12-08 21:40:46"",""0.0"""
"[100560] CARTERA LONDRES (BRIDGE, ROJO),""2025-12-08 21:40:46"",""0.0"""
"[101689] TARJETERO ARIES (BRIDGE, MALBEC),""2025-12-08 21:40:46"",""0.0"""
"[100225] BILLETERA PENY (BRIDGE, NEGRO),""2025-12-08 21:40:46"",""0.0"""
"[101072] MOCHILA MARCOS (BRIDGE, CARAMELO),""2025-12-08 21:40:46"",""0.0"""
"[100208] BILLETERA MILO SIMPLE (NAPADO, SUELA),""2025-12-08 21:40:46"",""0.0"""
"[100207] BILLETERA MILO SIMPLE (NAPADO, AZUL),""2025-12-08 21:40:46"",""0.0"""
"[100743] CINTURON PANAMA (85, TOSTADO),""2025-12-08 21:40:46"",""0.0"""
"[100744] CINTURON PANAMA (90, TOSTADO),""2025-12-08 21:40:46"",""0.0"""
"[100748] CINTURON PANAMA (110, TOSTADO),""2025-12-08 21:40:46"",""0.0"""
"[100749] CINTURON PANAMA (115, TOSTADO),""2025-12-08 21:40:46"",""0.0"""
"[100750] CINTURON PANAMA (120, TOSTADO),""2025-12-08 21:40:46"",""0.0"""
"[100751] CINTURON PANAMA (85, VERDE),""2025-12-08 21:40:46"",""0.0"""
"[100756] CINTURON PANAMA (110, VERDE),""2025-12-08 21:40:46"",""0.0"""
"[100757] CINTURON PANAMA (115, VERDE),""2025-12-08 21:40:46"",""0.0"""
"[100758] CINTURON PANAMA (120, VERDE),""2025-12-08 21:40:46"",""0.0"""
"[100741] CINTURON PANAMA (115, AZUL),""2025-12-08 21:40:46"",""0.0"""
"[100742] CINTURON PANAMA (120, AZUL),""2025-12-08 21:40:46"",""0.0"""
"[100041] BANDOLERA LENA (NAPADO, AZUL),""2025-12-08 21:40:46"",""0.0"""
"[100047] BANDOLERA LENA (NAPADO, VERDE),""2025-12-08 21:40:46"",""0.0"""
"[100565] CARTERA MINI APHOLO C/CIERRE (BRIDGE, NEGRO),""2025-12-08 21:40:46"",""0.0"""
"[100566] CARTERA MINI APHOLO C/CIERRE (BRIDGE, ROJO),""2025-12-08 21:40:46"",""0.0"""
"[100687] CINTURON GUS (85, NEGRO),""2025-12-08 21:40:46"",""0.0"""
"[100471] CARTERA APHOLO C/CIERRE (BRIDGE, NEGRO),""2025-12-08 21:40:46"",""0.0"""
"[100472] CARTERA APHOLO C/CIERRE (BRIDGE, TABACO),""2025-12-08 21:40:46"",""0.0"""
"[100468] CARTERA APHOLO C/CIERRE (BRIDGE, CARAMELO),""2025-12-08 21:40:46"",""0.0"""
"[101304] PORTAFOLIO OLDIE (BRIDGE, CHOCOLATE),""2025-12-08 21:40:46"",""0.0"""
"[100558] CARTERA LONDRES (BRIDGE, MALBEC),""2025-12-08 21:40:46"",""0.0"""
"[100181] BILLETERA LIAM (NAPADO, CARAMELO),""2025-12-08 21:40:46"",""0.0"""
"[100180] BILLETERA LIAM (NAPADO, AZUL),""2025-12-08 21:40:46"",""0.0"""
"[100183] BILLETERA LIAM (NAPADO, NEGRO),""2025-12-08 21:40:46"",""0.0"""
"[100475] CARTERA APHOLO SET SOBRE (NEGRO),""2025-12-08 21:40:46"",""0.0"""
"[101169] MORRAL ANGOSTO (GAMUZA, VESUBIO/TABACO),""2025-12-08 21:40:46"",""0.0"""
"[101165] MORRAL ANGOSTO (BRIDGE, CHOCOLATE),""2025-12-08 21:40:46"",""0.0"""
"[101756] TARJETERO KENNY (BRIDGE, TABACO),""2025-12-08 21:40:46"",""0.0"""
"[103155] BOLSO TUBO GRANDE (BRIDGE, GRIS OSCURO/TABACO),""2025-12-08 21:40:46"",""0.0"""
"[100260] BOLSO TUBO GRANDE (GAMUZA, CAFE/NEGRO),""2025-12-08 21:40:46"",""0.0"""
"[100509] CARTERA DOS HEBILLAS NEW (GAMUZA, OLIVE/TABACO),""2025-12-08 21:40:46"",""0.0"""
"[100508] CARTERA DOS HEBILLAS NEW (GAMUZA, GRIS MEDIO/TABACO),""2025-12-08 21:40:46"",""0.0"""
"[100555] CARTERA LISBOA (NAPADO, VERDE),""2025-12-08 21:40:46"",""0.0"""
"[100273] BOLSO URBANO (BRIDGE, CHOCOLATE),""2025-12-08 21:40:46"",""0.0"""
"[100564] CARTERA MINI APHOLO C/CIERRE (BRIDGE, MALBEC),""2025-12-08 21:40:46"",""0.0"""
"[100563] CARTERA MINI APHOLO C/CIERRE (BRIDGE, CARAMELO),""2025-12-08 21:40:46"",""0.0"""
"[101342] PORTALAPTOP ELOY (FIORENTINO, CEDRO),""2025-12-08 21:40:46"",""0.0"""
"[101159] MORRAL ADI VINTAGE (BRIDGE, NEGRO),""2025-12-08 21:40:46"",""0.0"""
"[101160] MORRAL ADI VINTAGE (BRIDGE, TABACO),""2025-12-08 21:40:46"",""0.0"""
"[101352] PORTALAPTOP LES (BRIDGE, CHOCOLATE),""2025-12-08 21:40:46"",""0.0"""
"[100178] BILLETERA LEXI (TABACO),""2025-12-08 21:40:46"",""0.0"""
"[100447] CARTERA AMARILLA SET SOBRE (FIORENTINO, CEDRO),""2025-12-08 21:40:46"",""0.0"""
"[101386] PORTALENTES LUZ (BRIDGE, CHOCOLATE),""2025-12-08 21:40:46"",""0.0"""
"[101790] TARJETERO RUBI (FIORENTINO, CEDRO),""2025-12-08 21:40:46"",""0.0"""
"[100150] BILLETERA BEIJING (NAPADO, AZUL),""2025-12-08 21:40:46"",""0.0"""
"[100095] BANDOLERA NOE (TOLEDO, HAVANA),""2025-12-08 21:40:46"",""0.0"""
"[100255] BOLSO TUBO GRANDE (FIORENTINO, CEDRO),""2025-12-08 21:40:46"",""0.0"""
"[100262] BOLSO TUBO GRANDE (GAMUZA, OLIVE/CARAMELO),""2025-12-08 21:40:46"",""0.0"""
"[100536] CARTERA LISBOA (FIORENTINO, CEDRO),""2025-12-08 21:40:46"",""0.0"""
"[101302] PORTAFOLIO HUAPI (FIORENTINO, CEDRO),""2025-12-08 21:40:46"",""0.0"""
"[101300] PORTAFOLIO HUAPI (BRIDGE, NEGRO),""2025-12-08 21:40:46"",""0.0"""
"[101738] TARJETERO JUAN (BRIDGE, MALBEC),""2025-12-08 21:40:46"",""0.0"""
"[101654] SOBRE OMEGA (GAMUZA, AZUL),""2025-12-08 21:40:46"",""0.0"""
"SOBRE OMEGA (GAMUZA, GRIS MEDIO),""2025-12-08 21:40:46"",""0.0"""
"[100113] BANDOLERA VICENTA (GAMUZA, GRIS MEDIO),""2025-12-08 21:40:46"",""0.0"""
"[100114] BANDOLERA VICENTA (GAMUZA, GRIS OSCURO),""2025-12-08 21:40:46"",""0.0"""
"[101853] ZAPATILLA URBANA (39, NEGRO),""2025-12-08 21:40:46"",""0.0"""
"[101854] ZAPATILLA URBANA (40, NEGRO),""2025-12-08 21:40:46"",""0.0"""
"[101855] ZAPATILLA URBANA (41, NEGRO),""2025-12-08 21:40:46"",""0.0"""
"[101856] ZAPATILLA URBANA (42, NEGRO),""2025-12-08 21:40:46"",""0.0"""
"[101857] ZAPATILLA URBANA (43, NEGRO),""2025-12-08 21:40:46"",""0.0"""
"[101858] ZAPATILLA URBANA (44, NEGRO),""2025-12-08 21:40:46"",""0.0"""
"[101859] ZAPATILLA URBANA (45, NEGRO),""2025-12-08 21:40:46"",""0.0"""
"[101860] ZAPATILLA URBANA (39, SUELA),""2025-12-08 21:40:46"",""0.0"""
"[101861] ZAPATILLA URBANA (40, SUELA),""2025-12-08 21:40:46"",""0.0"""
"[101862] ZAPATILLA URBANA (41, SUELA),""2025-12-08 21:40:46"",""0.0"""
"[101865] ZAPATILLA URBANA (44, SUELA),""2025-12-08 21:40:46"",""0.0"""
"[101866] ZAPATILLA URBANA (45, SUELA),""2025-12-08 21:40:46"",""0.0"""
"[101863] ZAPATILLA URBANA (42, SUELA),""2025-12-08 21:40:46"",""0.0"""
"[100247] BOLSO LIHUEN (FIORENTINO, CEDRO),""2025-12-08 21:40:46"",""0.0"""
"[100281] BOTA MORRIS (39),""2025-12-08 21:40:46"",""0.0"""
"[100282] BOTA MORRIS (40),""2025-12-08 21:40:46"",""0.0"""
"[103098] SOMBRERO ALGODON (XS, TOSTADO/NEGRO),""2025-12-08 21:40:46"",""0.0"""
"[103100] SOMBRERO ALGODON (M, TOSTADO/NEGRO),""2025-12-08 21:40:46"",""0.0"""
"[103101] SOMBRERO ALGODON (L, TOSTADO/NEGRO),""2025-12-08 21:40:46"",""0.0"""
"[103102] SOMBRERO ALGODON (XL, TOSTADO/NEGRO),""2025-12-08 21:40:46"",""0.0"""
"[103103] SOMBRERO ALGODON (2XL, TOSTADO/NEGRO),""2025-12-08 21:40:46"",""0.0"""
"[103099] SOMBRERO ALGODON (S, TOSTADO/NEGRO),""2025-12-08 21:40:46"",""0.0"""
"[103221] SOMBRERO RAFIA (XS, TOSTADO/BLANCO),""2025-12-08 21:40:46"",""0.0"""
"[103116] SOMBRERO RAFIA (L, TOSTADO/BLANCO),""2025-12-08 21:40:46"",""0.0"""
"[103117] SOMBRERO RAFIA (XL, TOSTADO/BLANCO),""2025-12-08 21:40:46"",""0.0"""
"[103222] SOMBRERO RAFIA (XS, NATURAL/AZUL),""2025-12-08 21:40:46"",""0.0"""
"[103118] SOMBRERO RAFIA (S, NATURAL/AZUL),""2025-12-08 21:40:46"",""0.0"""
"[103227] SOMBRERO RAFIA (L, NATURAL/AZUL),""2025-12-08 21:40:46"",""0.0"""
"[103233] SOMBRERO RAFIA (2XL, NATURAL/AZUL),""2025-12-08 21:40:46"",""0.0"""
"[103104] SOMBRERO ALGODON (XS, NATURAL/NEGRO),""2025-12-08 21:40:46"",""0.0"""
"[103105] SOMBRERO ALGODON (S, NATURAL/NEGRO),""2025-12-08 21:40:46"",""0.0"""
"[103106] SOMBRERO ALGODON (M, NATURAL/NEGRO),""2025-12-08 21:40:46"",""0.0"""
"[103107] SOMBRERO ALGODON (L, NATURAL/NEGRO),""2025-12-08 21:40:46"",""0.0"""
"[103108] SOMBRERO ALGODON (XL, NATURAL/NEGRO),""2025-12-08 21:40:46"",""0.0"""
"[103109] SOMBRERO ALGODON (2XL, NATURAL/NEGRO),""2025-12-08 21:40:46"",""0.0"""
"[101190] MORRAL OLDIE (FIORENTINO, CEDRO),""2025-12-08 21:40:46"",""0.0"""
"[101093] MOCHILA PACARI (FIORENTINO, CEDRO),""2025-12-08 21:40:46"",""0.0"""
"[101371] PORTALENTES COLBY (FIORENTINO, CEDRO),""2025-12-08 21:40:46"",""0.0"""
"[101368] PORTALENTES COLBY (BRIDGE, NEGRO),""2025-12-08 21:40:46"",""0.0"""
"[101683] TAG SIMPLE (NEGRO),""2025-12-08 21:40:46"",""0.0"""
"[101685] TAG SIMPLE (TABACO),""2025-12-08 21:40:46"",""0.0"""
"[101100] MOCHILA PIETRO (FIORENTINO, CEDRO),""2025-12-08 21:40:46"",""0.0"""
"[100193] BILLETERA LUCA (FIORENTINO, CEDRO),""2025-12-08 21:40:46"",""0.0"""
"[101070] MOCHILA LIBRA (NEGRO),""2025-12-08 21:40:46"",""0.0"""
"[101068] MOCHILA LIBRA (CARAMELO),""2025-12-08 21:40:46"",""0.0"""
"[101071] MOCHILA LIBRA (TABACO),""2025-12-08 21:40:46"",""0.0"""
"[101069] MOCHILA LIBRA (MALBEC),""2025-12-08 21:40:46"",""0.0"""
"[101678] TAG INICIALES (VAQUETA, NEGRO),""2025-12-08 21:40:46"",""0.0"""
"[101679] TAG INICIALES (VAQUETA, SUELA),""2025-12-08 21:40:46"",""0.0"""
"[101677] TAG INICIALES (VAQUETA, NATURAL),""2025-12-08 21:40:46"",""0.0"""
"[101680] TAG INICIALES (VAQUETA, VISON),""2025-12-08 21:40:46"",""0.0"""
"[101676] TAG INICIALES (VAQUETA, CHOCOLATE),""2025-12-08 21:40:46"",""0.0"""
"[101449] PORTAPASAPORTE CHESTER (FIORENTINO, CEDRO),""2025-12-08 21:40:46"",""0.0"""
"[100969] LLAVERO INICIALES (NAPADO, AZUL),""2025-12-08 21:40:46"",""0.0"""
"[100972] LLAVERO INICIALES (NAPADO, ROJO),""2025-12-08 21:40:46"",""0.0"""
"[100975] LLAVERO INICIALES (NAPADO, VERDE),""2025-12-08 21:40:46"",""0.0"""
"[101402] PORTALENTES LUZ (NAPADO, ROJO),""2025-12-08 21:40:46"",""0.0"""
"[101670] TAG AMAYA (VISON),""2025-12-08 21:40:46"",""0.0"""
"[101439] PORTALLAVES COLT (PONT, WHISKY),""2025-12-08 21:40:46"",""0.0"""
"[101437] PORTALLAVES COLT (BRIDGE, NEGRO),""2025-12-08 21:40:46"",""0.0"""
"[101293] PORTACINTO LOU (MODENA, NEGRO),""2025-12-08 21:40:46"",""0.0"""
"[101294] PORTACINTO LOU (MODENA, TABACO),""2025-12-08 21:40:46"",""0.0"""
"[101292] PORTACINTO LOU (FIORENTINO, CEDRO),""2025-12-08 21:40:46"",""0.0"""
"[101081] MOCHILA MARCOS FULL BLACK (NAPADO),""2025-12-08 21:40:46"",""0.0"""
"[101079] MOCHILA MARCOS FULL BLACK (BRIDGE),""2025-12-08 21:40:46"",""0.0"""
"[101101] MOCHILA PIETRO FULL BLACK,""2025-12-08 21:40:46"",""0.0"""
"[100333] CAMISA CUADROS (38),""2025-12-08 21:40:46"",""0.0"""
"[100334] CAMISA CUADROS (40),""2025-12-08 21:40:46"",""0.0"""
"[100341] CAMISA LISA ALGODON (40, BEIGE),""2025-12-08 21:40:46"",""0.0"""
"[100342] CAMISA LISA ALGODON (42, BEIGE),""2025-12-08 21:40:46"",""0.0"""
"[100330] CAMISA CUADRITOS (40),""2025-12-08 21:40:46"",""0.0"""
"[100336] CAMISA LISA ALGODON (40, AMARILLO),""2025-12-08 21:40:46"",""0.0"""
"[100337] CAMISA LISA ALGODON (42, AMARILLO),""2025-12-08 21:40:46"",""0.0"""
"[100338] CAMISA LISA ALGODON (44, AMARILLO),""2025-12-08 21:40:46"",""0.0"""
"[100065] BANDOLERA NATY SIMPLE (GAMUZA, AZUL),""2025-12-08 21:40:46"",""0.0"""
"[100067] BANDOLERA NATY SIMPLE (GAMUZA, OLIVE),""2025-12-08 21:40:46"",""0.0"""
"[100066] BANDOLERA NATY SIMPLE (GAMUZA, GRIS MEDIO),""2025-12-08 21:40:46"",""0.0"""
"[100821] CORREA LOLI (NEGRO),""2025-12-08 21:40:46"",""0.0"""
"[100819] CORREA LOLI (CARAMELO),""2025-12-08 21:40:46"",""0.0"""
"[100823] CORREA LOLI (TABACO),""2025-12-08 21:40:46"",""0.0"""
"[100822] CORREA LOLI (ROJO),""2025-12-08 21:40:46"",""0.0"""
"[100820] CORREA LOLI (MALBEC),""2025-12-08 21:40:46"",""0.0"""
"[100824] CORREA LOLI (VERDE),""2025-12-08 21:40:46"",""0.0"""
"[100818] CORREA LOLI (AZUL),""2025-12-08 21:40:46"",""0.0"""
"[100826] CORREA LORE (NEGRO),""2025-12-08 21:40:46"",""0.0"""
"[100825] CORREA LORE (CARAMELO),""2025-12-08 21:40:46"",""0.0"""
"[101272] PORTACABLES (2) (FIORENTINO, CEDRO),""2025-12-08 21:40:46"",""0.0"""
"[101273] PORTACABLES (2) (MODENA, NEGRO),""2025-12-08 21:40:46"",""0.0"""
"[101274] PORTACABLES (2) (VAQUETA, CHOCOLATE),""2025-12-08 21:40:46"",""0.0"""
"[101275] PORTACABLES (2) (VAQUETA, DULCE DE LECHE),""2025-12-08 21:40:46"",""0.0"""
"[101277] PORTACABLES (2) (VAQUETA, NEGRO),""2025-12-08 21:40:46"",""0.0"""
"[101278] PORTACABLES (2) (VAQUETA, SUELA),""2025-12-08 21:40:46"",""0.0"""
"[101345] PORTALAPTOP ELOY (MODENA, TABACO),""2025-12-08 21:40:46"",""0.0"""
"[101344] PORTALAPTOP ELOY (MODENA, NEGRO),""2025-12-08 21:40:46"",""0.0"""
"[101373] PORTALENTES COLBY (IGUANA, CARAMELO),""2025-12-08 21:40:46"",""0.0"""
"[101372] PORTALENTES COLBY (IGUANA, AZUL),""2025-12-08 21:40:46"",""0.0"""
"[101375] PORTALENTES COLBY (IGUANA, ROJO),""2025-12-08 21:40:46"",""0.0"""
"[101366] PORTALENTES COLBY (BRIDGE, CARAMELO),""2025-12-08 21:40:46"",""0.0"""
"[101369] PORTALENTES COLBY (BRIDGE, ROJO),""2025-12-08 21:40:46"",""0.0"""
"[101374] PORTALENTES COLBY (IGUANA, NEGRO),""2025-12-08 21:40:46"",""0.0"""
"[101560] RIÑONERA CRUZ L (BRIDGE, TABACO),""2025-12-08 21:40:46"",""0.0"""
"[101557] RIÑONERA CRUZ L (BRIDGE, CARAMELO),""2025-12-08 21:40:46"",""0.0"""
"[101231] NECESSAIRE MINI MARCOS (FIORENTINO, CEDRO),""2025-12-08 21:40:46"",""0.0"""
"[101347] PORTALAPTOP JOY (FIORENTINO, CEDRO),""2025-12-08 21:40:46"",""0.0"""
"[101411] PORTALENTES MANU (BRIDGE, NEGRO),""2025-12-08 21:40:46"",""0.0"""
"[101287] PORTACINTO ELIAS (FIORENTINO, CEDRO),""2025-12-08 21:40:46"",""0.0"""
"[101288] PORTACINTO ELIAS (MODENA, NEGRO),""2025-12-08 21:40:46"",""0.0"""
"[101289] PORTACINTO ELIAS (MODENA, TABACO),""2025-12-08 21:40:46"",""0.0"""
"[101350] PORTALAPTOP JOY (MODENA, TABACO),""2025-12-08 21:40:46"",""0.0"""
"[100734] CINTURON MIA (XS, VERDE),""2025-12-08 21:40:46"",""0.0"""
"[103113] SOMBRERO ALGODON (L, TOSTADO/CHOCOLATE),""2025-12-08 21:40:46"",""0.0"""
"[103112] SOMBRERO ALGODON (M, TOSTADO/CHOCOLATE),""2025-12-08 21:40:46"",""0.0"""
"[103111] SOMBRERO ALGODON (S, TOSTADO/CHOCOLATE),""2025-12-08 21:40:46"",""0.0"""
"[103114] SOMBRERO ALGODON (XL, TOSTADO/CHOCOLATE),""2025-12-08 21:40:46"",""0.0"""
"[103110] SOMBRERO ALGODON (XS, TOSTADO/CHOCOLATE),""2025-12-08 21:40:46"",""0.0"""
"[103213] SOMBRERO ALGODON (2XL, TOSTADO/CHOCOLATE),""2025-12-08 21:40:46"",""0.0"""
"[103128] SOMBRERO RAFIA (L, NATURAL/NEGRO),""2025-12-08 21:40:46"",""0.0"""
"[103127] SOMBRERO RAFIA (M, NATURAL/NEGRO),""2025-12-08 21:40:46"",""0.0"""
"[103126] SOMBRERO RAFIA (S, NATURAL/NEGRO),""2025-12-08 21:40:46"",""0.0"""
"[103129] SOMBRERO RAFIA (XL, NATURAL/NEGRO),""2025-12-08 21:40:46"",""0.0"""
"[103125] SOMBRERO RAFIA (XS, NATURAL/NEGRO),""2025-12-08 21:40:46"",""0.0"""
"[103231] SOMBRERO RAFIA (2XL, NATURAL/NEGRO),""2025-12-08 21:40:46"",""0.0"""
"[103121] SOMBRERO RAFIA (M, TOSTADO/NEGRO),""2025-12-08 21:40:46"",""0.0"""
"[103120] SOMBRERO RAFIA (S, TOSTADO/NEGRO),""2025-12-08 21:40:46"",""0.0"""
"[103119] SOMBRERO RAFIA (XS, TOSTADO/NEGRO),""2025-12-08 21:40:46"",""0.0"""
"[100143] BILLETERA BEIJING (BRIDGE, MALBEC),""2025-12-08 21:40:46"",""0.0"""
"[100205] BILLETERA MILO SIMPLE (FIORENTINO, CEDRO),""2025-12-08 21:40:46"",""0.0"""
"[100602] CARTUCHERA MONT (BRIDGE, MALBEC),""2025-12-08 21:40:46"",""0.0"""
"[101441] PORTALLAVES RONAN (WHISKY),""2025-12-08 21:40:46"",""0.0"""
"[101666] TAG AMAYA (CHOCOLATE),""2025-12-08 21:40:46"",""0.0"""
"[101667] TAG AMAYA (NATURAL),""2025-12-08 21:40:46"",""0.0"""
"[101422] PORTALENTES ORION (BRIDGE, MALBEC),""2025-12-08 21:40:46"",""0.0"""
"[100057] BANDOLERA NATY (VERDE),""2025-12-08 21:40:46"",""0.0"""
"[101846] ZAPATILLA URBANA (39, BORGOÑA),""2025-12-08 21:40:46"",""0.0"""
"[101847] ZAPATILLA URBANA (40, BORGOÑA),""2025-12-08 21:40:46"",""0.0"""
"[101849] ZAPATILLA URBANA (42, BORGOÑA),""2025-12-08 21:40:46"",""0.0"""
"[101850] ZAPATILLA URBANA (43, BORGOÑA),""2025-12-08 21:40:46"",""0.0"""
"[101851] ZAPATILLA URBANA (44, BORGOÑA),""2025-12-08 21:40:46"",""0.0"""
"[101852] ZAPATILLA URBANA (45, BORGOÑA),""2025-12-08 21:40:46"",""0.0"""
"[101096] MOCHILA PIETRO (BRIDGE, CARAMELO),""2025-12-08 21:40:46"",""0.0"""
"[100978] LLAVERO KAREN (AZUL/AVELLANA),""2025-12-08 21:40:46"",""0.0"""
"[100980] LLAVERO KAREN (AZUL/MARSALA),""2025-12-08 21:40:46"",""0.0"""
"[100985] LLAVERO KAREN (CARAMELO/CAFE),""2025-12-08 21:40:46"",""0.0"""
"[100988] LLAVERO KAREN (CARAMELO/OLIVE),""2025-12-08 21:40:46"",""0.0"""
"[100993] LLAVERO KAREN (NEGRO/GRIS MEDIO),""2025-12-08 21:40:46"",""0.0"""
"[100996] LLAVERO KAREN (NEGRO/OXIDO),""2025-12-08 21:40:46"",""0.0"""
"[100997] LLAVERO KAREN (NEGRO/VESUBIO),""2025-12-08 21:40:46"",""0.0"""
"[101784] TARJETERO RUBI (BRIDGE, MALBEC),""2025-12-08 21:40:46"",""0.0"""
"[101789] TARJETERO RUBI (DUNA, NEGRO),""2025-12-08 21:40:46"",""0.0"""
"[101867] ZAPATILLA URBANA (39, TABACO),""2025-12-08 21:40:46"",""0.0"""
"[100874] GORRO VENTO (L, BEIGE),""2025-12-08 21:40:46"",""0.0"""
"[100875] GORRO VENTO (XL, BEIGE),""2025-12-08 21:40:46"",""0.0"""
"[100876] GORRO VENTO (2XL, BEIGE),""2025-12-08 21:40:46"",""0.0"""
"[100877] GORRO VENTO (M, GRIS),""2025-12-08 21:40:46"",""0.0"""
"[100879] GORRO VENTO (S, NEGRO),""2025-12-08 21:40:46"",""0.0"""
"[100880] GORRO VENTO (M, NEGRO),""2025-12-08 21:40:46"",""0.0"""
"[103190] GORRO VENTO (XL, NEGRO),""2025-12-08 21:40:46"",""0.0"""
"[100882] GORRO VENTO (2XL, NEGRO),""2025-12-08 21:40:46"",""0.0"""
"[100388] CAMPERA CHANDRA (L, AZUL MARINO),""2025-12-08 21:40:46"",""0.0"""
"[100387] CAMPERA CHANDRA (M, AZUL MARINO),""2025-12-08 21:40:46"",""0.0"""
"[100389] CAMPERA CHANDRA (XL, AZUL MARINO),""2025-12-08 21:40:46"",""0.0"""
"[100390] CAMPERA CHANDRA (2XL, AZUL MARINO),""2025-12-08 21:40:46"",""0.0"""
"[100393] CAMPERA CHANDRA (XL, CEMENTO),""2025-12-08 21:40:46"",""0.0"""
"[100397] CAMPERA CHANDRA (L, NEGRO),""2025-12-08 21:40:46"",""0.0"""
"[100398] CAMPERA CHANDRA (XL, NEGRO),""2025-12-08 21:40:46"",""0.0"""
"[100399] CAMPERA CHANDRA (2XL, NEGRO),""2025-12-08 21:40:46"",""0.0"""
"[100400] CAMPERA CHANDRA (S, VERDE),""2025-12-08 21:40:46"",""0.0"""
"[100404] CAMPERA CHANDRA (2XL, VERDE),""2025-12-08 21:40:46"",""0.0"""
"[101829] ZAPATILLA MATEO (44, AZUL),""2025-12-08 21:40:46"",""0.0"""
"[103156] ZAPATILLA MATEO (40, BORGOÑA),""2025-12-08 21:40:46"",""0.0"""
"[103217] ZAPATILLA MATEO (42, BORGOÑA),""2025-12-08 21:40:46"",""0.0"""
"[101834] ZAPATILLA MATEO (44, BORGOÑA),""2025-12-08 21:40:46"",""0.0"""
"[101836] ZAPATILLA MATEO (39, NEGRO),""2025-12-08 21:40:46"",""0.0"""
"[103130] ZAPATILLA MATEO (43, NEGRO),""2025-12-08 21:40:46"",""0.0"""
"[101837] ZAPATILLA MATEO (44, NEGRO),""2025-12-08 21:40:46"",""0.0"""
"[101838] ZAPATILLA MATEO (45, NEGRO),""2025-12-08 21:40:46"",""0.0"""
"[101843] ZAPATILLA MATEO (39, VERDE),""2025-12-08 21:40:46"",""0.0"""
"[103157] ZAPATILLA URBANA (45, TABACO),""2025-12-08 21:40:46"",""0.0"""
"[101872] ZAPATILLA URBANA (44, TABACO),""2025-12-08 21:40:46"",""0.0"""
"[101870] ZAPATILLA URBANA (42, TABACO),""2025-12-08 21:40:46"",""0.0"""
"[101868] ZAPATILLA URBANA (40, TABACO),""2025-12-08 21:40:46"",""0.0"""
"[100849] GORRO PAÑO (S, GRIS TOPO),""2025-12-08 21:40:46"",""0.0"""
"[100365] CAMISA RAYADA (40),""2025-12-08 21:40:46"",""0.0"""
"CARTERA LISBOA (GAMUZA, AZUL),""2025-12-08 21:40:46"",""0.0"""
"[100542] CARTERA LISBOA (GAMUZA, OLIVE/TABACO),""2025-12-08 21:40:46"",""0.0"""
"[101634] SEÑALADOR (CHOCOLATE),""2025-12-08 21:40:46"",""0.0"""
"[101636] SEÑALADOR (SUELA),""2025-12-08 21:40:46"",""0.0"""
"[100369] CAMISA RAYITAS (42),""2025-12-08 21:40:46"",""0.0"""
"[101120] MONEDERO AMBAR (NAPADO, CARAMELO),""2025-12-08 21:40:46"",""0.0"""
"[101121] MONEDERO AMBAR (NAPADO, NEGRO),""2025-12-08 21:40:46"",""0.0"""
"[101123] MONEDERO AMBAR (NAPADO, TABACO),""2025-12-08 21:40:46"",""0.0"""
"[101119] MONEDERO AMBAR (NAPADO, AZUL),""2025-12-08 21:40:46"",""0.0"""
"[101336] PORTALAPICERAS (FIORENTINO, CEDRO),""2025-12-08 21:40:46"",""0.0"""
"[101341] PORTALAPICERAS (VAQUETA, VISON),""2025-12-08 21:40:46"",""0.0"""
"[101711] TARJETERO BILL (DUNA, NEGRO),""2025-12-08 21:40:46"",""0.0"""
"[100215] BILLETERA OSADIA (BRIDGE, MALBEC),""2025-12-08 21:40:46"",""0.0"""
"[100506] CARTERA DOS HEBILLAS NEW (GAMUZA, AZUL/TABACO),""2025-12-08 21:40:46"",""0.0"""
"[101207] NECESSAIRE FELI (BRIDGE, ROJO),""2025-12-08 21:40:46"",""0.0"""
"[100184] BILLETERA LIAM (NAPADO, SUELA),""2025-12-08 21:40:46"",""0.0"""
"[101217] NECESSAIRE LARA (BRIDGE, CARAMELO),""2025-12-08 21:40:46"",""0.0"""
"[101218] NECESSAIRE LARA (BRIDGE, MALBEC),""2025-12-08 21:40:46"",""0.0"""
"[101219] NECESSAIRE LARA (BRIDGE, NEGRO),""2025-12-08 21:40:46"",""0.0"""
"[101220] NECESSAIRE LARA (FIORENTINO, CEDRO),""2025-12-08 21:40:46"",""0.0"""
"[101221] NECESSAIRE LARA (IGUANA, CARAMELO),""2025-12-08 21:40:46"",""0.0"""
"[101222] NECESSAIRE LARA (IGUANA, NEGRO),""2025-12-08 21:40:46"",""0.0"""
"[101223] NECESSAIRE LARA (IGUANA, ROJO),""2025-12-08 21:40:46"",""0.0"""
"[101241] PHONEBAG TANIA (BRIDGE, CARAMELO),""2025-12-08 21:40:46"",""0.0"""
"[101242] PHONEBAG TANIA (BRIDGE, NEGRO),""2025-12-08 21:40:46"",""0.0"""
"[101243] PHONEBAG TANIA (BRIDGE, ROJO),""2025-12-08 21:40:46"",""0.0"""
"[101244] PHONEBAG TANIA (BRIDGE, TABACO),""2025-12-08 21:40:46"",""0.0"""
"[100096] BANDOLERA RUFINA (DUNA, NEGRO),""2025-12-08 21:40:46"",""0.0"""
"[100098] BANDOLERA RUFINA (NAPADO, ROJO),""2025-12-08 21:40:46"",""0.0"""
"[100431] CARTERA ACONCAGUA (DUNA, NEGRO),""2025-12-08 21:40:46"",""0.0"""
"[101638] SOBRE GEMINI (DUNA, NEGRO),""2025-12-08 21:40:46"",""0.0"""
"[101226] NECESSAIRE MINI MARCOS (BRIDGE, CHOCOLATE),""2025-12-08 21:40:46"",""0.0"""
"[101270] PORTACABLES  (1) (VAQUETA, NATURAL),""2025-12-08 21:40:46"",""0.0"""
"[101290] PORTACINTO LOU (BRIDGE, NEGRO),""2025-12-08 21:40:46"",""0.0"""
"[101291] PORTACINTO LOU (BRIDGE, TABACO),""2025-12-08 21:40:46"",""0.0"""
"[100126] BILLETERA ADAM (BRIDGE, CARAMELO),""2025-12-08 21:40:46"",""0.0"""
"[100128] BILLETERA ADAM (BRIDGE, NEGRO),""2025-12-08 21:40:46"",""0.0"""
"[100258] BOLSO TUBO GRANDE (GAMUZA, AZUL/CARAMELO),""2025-12-08 21:40:46"",""0.0"""
"[101285] PORTACINTO ELIAS (BRIDGE, NEGRO),""2025-12-08 21:40:46"",""0.0"""
"[101286] PORTACINTO ELIAS (BRIDGE, TABACO),""2025-12-08 21:40:46"",""0.0"""
"[101641] SOBRE GEMINI (NAPADO, MALBEC),""2025-12-08 21:40:46"",""0.0"""
"[101681] TAG SIMPLE (AZUL),""2025-12-08 21:40:46"",""0.0"""
"[101682] TAG SIMPLE (CARAMELO),""2025-12-08 21:40:46"",""0.0"""
"[101684] TAG SIMPLE (ROJO),""2025-12-08 21:40:46"",""0.0"""
"[100129] BILLETERA ADAM (BRIDGE, TABACO),""2025-12-08 21:40:46"",""0.0"""
"[100131] BILLETERA ADAM (NAPADO, AZUL),""2025-12-08 21:40:46"",""0.0"""
"[100132] BILLETERA ADAM (NAPADO, NEGRO),""2025-12-08 21:40:46"",""0.0"""
"[100133] BILLETERA ADAM (NAPADO, SUELA),""2025-12-08 21:40:46"",""0.0"""
"[100529] CARTERA LEANDRA (DUNA, NEGRO),""2025-12-08 21:40:46"",""0.0"""
"[100530] CARTERA LEANDRA (NAPADO, CARAMELO),""2025-12-08 21:40:46"",""0.0"""
"[100533] CARTERA LEANDRA (NAPADO, ROJO),""2025-12-08 21:40:46"",""0.0"""
"[100534] CARTERA LEANDRA (NAPADO, SUELA),""2025-12-08 21:40:46"",""0.0"""
"[101129] MONEDERO CORY (IGUANA, CARAMELO),""2025-12-08 21:40:46"",""0.0"""
"[101130] MONEDERO CORY (IGUANA, NEGRO),""2025-12-08 21:40:46"",""0.0"""
"[101770] TARJETERO NEW KENNY (BRIDGE, CARAMELO),""2025-12-08 21:40:46"",""0.0"""
"[101771] TARJETERO NEW KENNY (BRIDGE, MALBEC),""2025-12-08 21:40:46"",""0.0"""
"[101772] TARJETERO NEW KENNY (BRIDGE, NEGRO),""2025-12-08 21:40:46"",""0.0"""
"[101773] TARJETERO NEW KENNY (BRIDGE, ROJO),""2025-12-08 21:40:46"",""0.0"""
"[100027] BANDOLERA CARLA (BRIDGE, CARAMELO),""2025-12-08 21:40:46"",""0.0"""
"[100030] BANDOLERA CARLA (BRIDGE, NEGRO),""2025-12-08 21:40:46"",""0.0"""
"[100032] BANDOLERA CARLA (FIORENTINO, CEDRO),""2025-12-08 21:40:46"",""0.0"""
"[101080] MOCHILA MARCOS FULL BLACK (DUNA),""2025-12-08 21:40:46"",""0.0"""
"[100535] CARTERA LISBOA (DUNA, NEGRO),""2025-12-08 21:40:46"",""0.0"""
"[101359] PORTALAPTOP MILTON (BRIDGE, CARAMELO),""2025-12-08 21:40:46"",""0.0"""
"[101360] PORTALAPTOP MILTON (BRIDGE, MALBEC),""2025-12-08 21:40:46"",""0.0"""
"[101361] PORTALAPTOP MILTON (BRIDGE, NEGRO),""2025-12-08 21:40:46"",""0.0"""
"[101362] PORTALAPTOP MILTON (BRIDGE, TABACO),""2025-12-08 21:40:46"",""0.0"""
"[101323] PORTAHIGIENE (BRIDGE, AZUL),""2025-12-08 21:40:46"",""0.0"""
"[101324] PORTAHIGIENE (BRIDGE, CARAMELO),""2025-12-08 21:40:46"",""0.0"""
"[101839] ZAPATILLA MATEO (39, TABACO),""2025-12-08 21:40:46"",""0.0"""
"[101842] ZAPATILLA MATEO (45, TABACO),""2025-12-08 21:40:46"",""0.0"""
"[100989] LLAVERO KAREN (MALBEC/AZUL),""2025-12-08 21:40:46"",""0.0"""
"[100991] LLAVERO KAREN (MALBEC/OXIDO),""2025-12-08 21:40:46"",""0.0"""
"[100994] LLAVERO KAREN (NEGRO/GRIS OSCURO),""2025-12-08 21:40:46"",""0.0"""
"[101099] MOCHILA PIETRO (DUNA, NEGRO),""2025-12-08 21:40:46"",""0.0"""
"[100984] LLAVERO KAREN (CARAMELO/AZUL),""2025-12-08 21:40:46"",""0.0"""
"[101128] MONEDERO CORY (DUNA, NEGRO),""2025-12-08 21:40:46"",""0.0"""
"[101132] MONEDERO CORY (NAPADO, CARAMELO),""2025-12-08 21:40:46"",""0.0"""
"[101133] MONEDERO CORY (NAPADO, MALBEC),""2025-12-08 21:40:46"",""0.0"""
"[101134] MONEDERO CORY (NAPADO, ROJO),""2025-12-08 21:40:46"",""0.0"""
"[101135] MONEDERO CORY (NAPADO, SUELA),""2025-12-08 21:40:46"",""0.0"""
"[101205] NECESSAIRE FELI (BRIDGE, CARAMELO),""2025-12-08 21:40:46"",""0.0"""
"[101206] NECESSAIRE FELI (BRIDGE, NEGRO),""2025-12-08 21:40:46"",""0.0"""
"[101208] NECESSAIRE FELI (BRIDGE, TABACO),""2025-12-08 21:40:46"",""0.0"""
"[101210] NECESSAIRE FELI (IGUANA, NEGRO),""2025-12-08 21:40:46"",""0.0"""
"[101325] PORTAHIGIENE (BRIDGE, NEGRO),""2025-12-08 21:40:46"",""0.0"""
"[101326] PORTAHIGIENE (BRIDGE, TABACO),""2025-12-08 21:40:46"",""0.0"""
"[101328] PORTAHIGIENE (FIORENTINO, CEDRO),""2025-12-08 21:40:46"",""0.0"""
"[101832] ZAPATILLA MATEO (39, BORGOÑA),""2025-12-08 21:40:46"",""0.0"""
"[101835] ZAPATILLA MATEO (45, BORGOÑA),""2025-12-08 21:40:46"",""0.0"""
"[101762] TARJETERO MULTI (DUNA, NEGRO),""2025-12-08 21:40:46"",""0.0"""
"[101763] TARJETERO MULTI (IGUANA, CARAMELO),""2025-12-08 21:40:46"",""0.0"""
"[101764] TARJETERO MULTI (IGUANA, NEGRO),""2025-12-08 21:40:46"",""0.0"""
"[101768] TARJETERO MULTI (NAPADO, ROJO),""2025-12-08 21:40:46"",""0.0"""
"[101769] TARJETERO MULTI (NAPADO, SUELA),""2025-12-08 21:40:46"",""0.0"""
"[100640] CHOMBA POLO NAOS (S, NEGRO),""2025-12-08 21:40:46"",""0.0"""
"[100641] CHOMBA POLO NAOS (M, NEGRO),""2025-12-08 21:40:46"",""0.0"""
"[100642] CHOMBA POLO NAOS (L, NEGRO),""2025-12-08 21:40:46"",""0.0"""
"[100643] CHOMBA POLO NAOS (XL, NEGRO),""2025-12-08 21:40:46"",""0.0"""
"[100644] CHOMBA POLO NAOS (2XL, NEGRO),""2025-12-08 21:40:46"",""0.0"""
"[100645] CHOMBA POLO NAOS (3XL, NEGRO),""2025-12-08 21:40:46"",""0.0"""
"[100630] CHOMBA POLO NAOS (L, BLANCO),""2025-12-08 21:40:46"",""0.0"""
"[100629] CHOMBA POLO NAOS (M, BLANCO),""2025-12-08 21:40:46"",""0.0"""
"[100628] CHOMBA POLO NAOS (S, BLANCO),""2025-12-08 21:40:46"",""0.0"""
"[100631] CHOMBA POLO NAOS (XL, BLANCO),""2025-12-08 21:40:46"",""0.0"""
"[100632] CHOMBA POLO NAOS (2XL, BLANCO),""2025-12-08 21:40:46"",""0.0"""
"[100633] CHOMBA POLO NAOS (3XL, BLANCO),""2025-12-08 21:40:46"",""0.0"""
"[100624] CHOMBA POLO NAOS (L, AZUL MARINO),""2025-12-08 21:40:46"",""0.0"""
"[100623] CHOMBA POLO NAOS (M, AZUL MARINO),""2025-12-08 21:40:46"",""0.0"""
"[100622] CHOMBA POLO NAOS (S, AZUL MARINO),""2025-12-08 21:40:46"",""0.0"""
"[100625] CHOMBA POLO NAOS (XL, AZUL MARINO),""2025-12-08 21:40:46"",""0.0"""
"[100626] CHOMBA POLO NAOS (2XL, AZUL MARINO),""2025-12-08 21:40:46"",""0.0"""
"[100627] CHOMBA POLO NAOS (3XL, AZUL MARINO),""2025-12-08 21:40:46"",""0.0"""
"[100636] CHOMBA POLO NAOS (L, DENIM GASTADO),""2025-12-08 21:40:46"",""0.0"""
"[100635] CHOMBA POLO NAOS (M, DENIM GASTADO),""2025-12-08 21:40:46"",""0.0"""
"[100634] CHOMBA POLO NAOS (S, DENIM GASTADO),""2025-12-08 21:40:46"",""0.0"""
"[100637] CHOMBA POLO NAOS (XL, DENIM GASTADO),""2025-12-08 21:40:46"",""0.0"""
"[100638] CHOMBA POLO NAOS (2XL, DENIM GASTADO),""2025-12-08 21:40:46"",""0.0"""
"[100639] CHOMBA POLO NAOS (3XL, DENIM GASTADO),""2025-12-08 21:40:46"",""0.0"""
"[101086] MOCHILA PACARI (BRIDGE, CHOCOLATE),""2025-12-08 21:40:46"",""0.0"""
"[101094] MOCHILA PACARI (FIORENTINO, NEGRO),""2025-12-08 21:40:46"",""0.0"""
"[100439] CARTERA AMARILLA SET SOBRE (BRIDGE, CHOCOLATE),""2025-12-08 21:40:46"",""0.0"""
"[100244] BOLSO LIHUEN (BRIDGE, CHOCOLATE),""2025-12-08 21:40:46"",""0.0"""
"[100029] BANDOLERA CARLA (BRIDGE, MALBEC),""2025-12-08 21:40:46"",""0.0"""
"[100028] BANDOLERA CARLA (BRIDGE, LONDON),""2025-12-08 21:40:46"",""0.0"""
"[100429] CARTERA ACONCAGUA (BRIDGE, TABACO),""2025-12-08 21:40:46"",""0.0"""
"[101777] TARJETERO ROMA (BRIDGE, CHOCOLATE),""2025-12-08 21:40:46"",""0.0"""
"[101780] TARJETERO ROMA (DUNA, NEGRO),""2025-12-08 21:40:46"",""0.0"""
"[101781] TARJETERO ROMA (NAPADO, ROJO),""2025-12-08 21:40:46"",""0.0"""
"[101800] TARJETERO VINCENT (CHOCOLATE),""2025-12-08 21:40:46"",""0.0"""
"[100212] BILLETERA MILO SIMPLE (DUNA, NEGRO),""2025-12-08 21:40:46"",""0.0"""
"[101254] PHONEBAG TAURUS (CHOCOLATE),""2025-12-08 21:40:46"",""0.0"""
"[100175] BILLETERA LEXI (MALBEC),""2025-12-08 21:40:46"",""0.0"""
"[100971] LLAVERO INICIALES (NAPADO, NEGRO),""2025-12-08 21:40:46"",""0.0"""
"[100016] BANDOLERA ANTONIETA (NAPADO, MALBEC),""2025-12-08 21:40:46"",""0.0"""
"[100033] BANDOLERA CARLA (FIORENTINO, NEGRO),""2025-12-08 21:40:46"",""0.0"""
"[100571] CARTERA MINI APHOLO SET SOBRE (BRIDGE, CHOCOLATE),""2025-12-08 21:40:46"",""0.0"""
"[101569] RIÑONERA CRUZ S (FIORENTINO, CEDRO),""2025-12-08 21:40:46"",""0.0"""
"[101095] MOCHILA PACARI (VINTAGE, LIGHT),""2025-12-08 21:40:46"",""0.0"""
"[101151] MONEDERO GRACE (VINTAGE, MEDIO),""2025-12-08 21:40:46"",""0.0"""
"[101434] PORTALENTES ORION (VINTAGE, MEDIO),""2025-12-08 21:40:46"",""0.0"""
"[100192] BILLETERA LUCA (DUNA, NEGRO),""2025-12-08 21:40:46"",""0.0"""
"[100979] LLAVERO KAREN (AZUL/AZUL),""2025-12-08 21:40:46"",""0.0"""
"[100990] LLAVERO KAREN (MALBEC/MARSALA),""2025-12-08 21:40:46"",""0.0"""
"[101427] PORTALENTES ORION (NAPADO, MALBEC),""2025-12-08 21:40:46"",""0.0"""
"[101154] MONEDERO LUISA (BRIDGE, NEGRO),""2025-12-08 21:40:46"",""0.0"""
"[101155] MONEDERO LUISA (BRIDGE, ROJO),""2025-12-08 21:40:46"",""0.0"""
"[101156] MONEDERO LUISA (BRIDGE, TABACO),""2025-12-08 21:40:46"",""0.0"""
"[101157] MONEDERO LUISA (NAPADO, CARAMELO),""2025-12-08 21:40:46"",""0.0"""
"[101235] NECESSAIRE TOM (BRIDGE, CARAMELO),""2025-12-08 21:40:46"",""0.0"""
"[101236] NECESSAIRE TOM (BRIDGE, CHOCOLATE),""2025-12-08 21:40:46"",""0.0"""
"[101238] NECESSAIRE TOM (BRIDGE, ROJO),""2025-12-08 21:40:46"",""0.0"""
"[101239] NECESSAIRE TOM (BRIDGE, TABACO),""2025-12-08 21:40:46"",""0.0"""
"[101057] MOCHILA ATLAS FULL BLACK (1),""2025-12-08 21:40:46"",""0.0"""
"[101058] MOCHILA ATLAS FULL BLACK (2),""2025-12-08 21:40:46"",""0.0"""
"[100080] BANDOLERA NEW VICENTA (GAMUZA, VESUBIO/TABACO),""2025-12-08 21:40:46"",""0.0"""
"[100081] BANDOLERA NEW VICENTA (NAPADO, CARAMELO),""2025-12-08 21:40:46"",""0.0"""
"[100083] BANDOLERA NEW VICENTA (NAPADO, NEGRO),""2025-12-08 21:40:46"",""0.0"""
"[100585] CARTERA MINI EMMA (NAPADO, NEGRO),""2025-12-08 21:40:46"",""0.0"""
"[100587] CARTERA MINI EMMA (NAPADO, SUELA),""2025-12-08 21:40:46"",""0.0"""
"[100583] CARTERA MINI EMMA (NAPADO, CARAMELO),""2025-12-08 21:40:46"",""0.0"""
"[100201] BILLETERA LUCA (NAPADO, ROJO),""2025-12-08 21:40:46"",""0.0"""
"[100285] BOTINERO MARCOS 30 (BRIDGE, CARAMELO),""2025-12-08 21:40:46"",""0.0"""
"[100286] BOTINERO MARCOS 30 (BRIDGE, CHOCOLATE),""2025-12-08 21:40:46"",""0.0"""
"[100287] BOTINERO MARCOS 30 (BRIDGE, MALBEC),""2025-12-08 21:40:46"",""0.0"""
"[100289] BOTINERO MARCOS 30 (BRIDGE, TABACO),""2025-12-08 21:40:46"",""0.0"""
"[100290] BOTINERO MARCOS 30 (GAMUZA, AZUL/CARAMELO),""2025-12-08 21:40:46"",""0.0"""
"[100283] BOTINERO MARCOS 30 (BRIDGE, CAFE/NEGRO),""2025-12-08 21:40:46"",""0.0"""
"[100284] BOTINERO MARCOS 30 (BRIDGE, CAFE/TABACO),""2025-12-08 21:40:46"",""0.0"""
"[100199] BILLETERA LUCA (NAPADO, MALBEC),""2025-12-08 21:40:46"",""0.0"""
"[101125] MONEDERO CIRCULAR (NEGRO),""2025-12-08 21:40:46"",""0.0"""
"[101126] MONEDERO CIRCULAR (ROJO),""2025-12-08 21:40:46"",""0.0"""
"[101317] PORTAFOLIO VENUS CHICO (GAMUZA, AZUL/CARAMELO),""2025-12-08 21:40:46"",""0.0"""
"[101320] PORTAFOLIO VENUS CHICO (GAMUZA, OLIVE/TABACO),""2025-12-08 21:40:46"",""0.0"""
"[101317] PORTAFOLIO VENUS CHICO (GAMUZA, AZUL/CARAMELO),""2025-12-08 21:40:46"",""0.0"""
"[101319] PORTAFOLIO VENUS CHICO (GAMUZA, OLIVE/CARAMELO),""2025-12-08 21:40:46"",""0.0"""
"[100531] CARTERA LEANDRA (NAPADO, MALBEC),""2025-12-08 21:40:46"",""0.0"""
"[100532] CARTERA LEANDRA (NAPADO, NEGRO),""2025-12-08 21:40:46"",""0.0"""
"[100043] BANDOLERA LENA (NAPADO, MALBEC),""2025-12-08 21:40:46"",""0.0"""
"[101103] MOCHILA PORTIA (BRIDGE, CHOCOLATE),""2025-12-08 21:40:46"",""0.0"""
"[101310] PORTAFOLIO RUBEN (CHOCOLATE),""2025-12-08 21:40:46"",""0.0"""
"[101343] PORTALAPTOP ELOY (FIORENTINO, NEGRO),""2025-12-08 21:40:46"",""0.0"""
"[101331] PORTALAPICERAS (BRIDGE, CARAMELO),""2025-12-08 21:40:46"",""0.0"""
"[101332] PORTALAPICERAS (BRIDGE, CHOCOLATE),""2025-12-08 21:40:46"",""0.0"""
"[101333] PORTALAPICERAS (BRIDGE, MALBEC),""2025-12-08 21:40:46"",""0.0"""
"[101335] PORTALAPICERAS (BRIDGE, ROJO),""2025-12-08 21:40:46"",""0.0"""
"[100511] CARTERA EMILIA (CRASH, NEGRO),""2025-12-08 21:40:46"",""0.0"""
"[100512] CARTERA EMILIA (DUNA, NEGRO),""2025-12-08 21:40:46"",""0.0"""
"[100513] CARTERA EMILIA (NAPADO, CARAMELO),""2025-12-08 21:40:46"",""0.0"""
"[100514] CARTERA EMILIA (NAPADO, MALBEC),""2025-12-08 21:40:46"",""0.0"""
"[101122] MONEDERO AMBAR (NAPADO, ROJO),""2025-12-08 21:40:46"",""0.0"""
"[100586] CARTERA MINI EMMA (NAPADO, ROJO),""2025-12-08 21:40:46"",""0.0"""
"[100085] BANDOLERA NEW VICENTA (NAPADO, SUELA),""2025-12-08 21:40:46"",""0.0"""
"[101237] NECESSAIRE TOM (BRIDGE, NEGRO),""2025-12-08 21:40:46"",""0.0"""
"[103124] SOMBRERO RAFIA (XS, TOSTADO/CHOCOLATE),""2025-12-08 21:40:46"",""0.0"""
"[100161] BILLETERA FICHERO (DUNA, NEGRO),""2025-12-08 21:40:46"",""0.0"""
"[103223] SOMBRERO RAFIA (S, TOSTADO/CHOCOLATE),""2025-12-08 21:40:46"",""0.0"""
"[103122] SOMBRERO RAFIA (L, TOSTADO/NEGRO),""2025-12-08 21:40:46"",""0.0"""
"[103123] SOMBRERO RAFIA (XL, TOSTADO/NEGRO),""2025-12-08 21:40:46"",""0.0"""
"[100075] BANDOLERA NATY SIMPLE (NAPADO, SUELA),""2025-12-08 21:40:46"",""0.0"""
"[100127] BILLETERA ADAM (BRIDGE, CHOCOLATE),""2025-12-08 21:40:46"",""0.0"""
"[101006] LLAVERO MIRLO (SUELA),""2025-12-08 21:40:46"",""0.0"""
"[101005] LLAVERO MIRLO (ROJO),""2025-12-08 21:40:46"",""0.0"""
"[101002] LLAVERO MIRLO (AZUL),""2025-12-08 21:40:46"",""0.0"""
"[100082] BANDOLERA NEW VICENTA (NAPADO, MALBEC),""2025-12-08 21:40:46"",""0.0"""
"[100179] BILLETERA LIAM (DUNA, NEGRO),""2025-12-08 21:40:46"",""0.0"""
"[100797] CINTURON TOKIO (110),""2025-12-08 21:40:46"",""0.0"""
"[100798] CINTURON TOKIO (13),""2025-12-08 21:40:46"",""0.0"""
"[101118] MONEDERO AMBAR (DUNA, NEGRO),""2025-12-08 21:40:46"",""0.0"""
"[101467] PORTAPASAPORTE RON (CRASH, AZUL),""2025-12-08 21:40:46"",""0.0"""
"[101507] REMERA AMADEO (S, BLANCO),""2025-12-08 21:40:46"",""0.0"""
"[101508] REMERA AMADEO (M, BLANCO),""2025-12-08 21:40:46"",""0.0"""
"[101509] REMERA AMADEO (L, BLANCO),""2025-12-08 21:40:46"",""0.0"""
"[101510] REMERA AMADEO (XL, BLANCO),""2025-12-08 21:40:46"",""0.0"""
"[101511] REMERA AMADEO (2XL, BLANCO),""2025-12-08 21:40:46"",""0.0"""
"[101517] REMERA AMADEO (S, NEGRO),""2025-12-08 21:40:46"",""0.0"""
"[101518] REMERA AMADEO (M, NEGRO),""2025-12-08 21:40:46"",""0.0"""
"[101519] REMERA AMADEO (L, NEGRO),""2025-12-08 21:40:46"",""0.0"""
"[101520] REMERA AMADEO (XL, NEGRO),""2025-12-08 21:40:46"",""0.0"""
"[101521] REMERA AMADEO (2XL, NEGRO),""2025-12-08 21:40:46"",""0.0"""
"[101512] REMERA AMADEO (S, CHARCOAL),""2025-12-08 21:40:46"",""0.0"""
"[101513] REMERA AMADEO (M, CHARCOAL),""2025-12-08 21:40:46"",""0.0"""
"[101514] REMERA AMADEO (L, CHARCOAL),""2025-12-08 21:40:46"",""0.0"""
"[101515] REMERA AMADEO (XL, CHARCOAL),""2025-12-08 21:40:46"",""0.0"""
"[101516] REMERA AMADEO (2XL, CHARCOAL),""2025-12-08 21:40:46"",""0.0"""
"[101530] REMERA DANA (L, BLANCO),""2025-12-08 21:40:46"",""0.0"""
"[101529] REMERA DANA (M, BLANCO),""2025-12-08 21:40:46"",""0.0"""
"[101528] REMERA DANA (S, BLANCO),""2025-12-08 21:40:46"",""0.0"""
"[101527] REMERA DANA (XS, BLANCO),""2025-12-08 21:40:46"",""0.0"""
"[101545] REMERA DANA (L, NEGRO),""2025-12-08 21:40:46"",""0.0"""
"[101544] REMERA DANA (M, NEGRO),""2025-12-08 21:40:46"",""0.0"""
"[101543] REMERA DANA (S, NEGRO),""2025-12-08 21:40:46"",""0.0"""
"[101546] REMERA DANA (XL, NEGRO),""2025-12-08 21:40:46"",""0.0"""
"[101542] REMERA DANA (XS, NEGRO),""2025-12-08 21:40:46"",""0.0"""
"[101535] REMERA DANA (L, CHARCOAL),""2025-12-08 21:40:46"",""0.0"""
"[101534] REMERA DANA (M, CHARCOAL),""2025-12-08 21:40:46"",""0.0"""
"[101533] REMERA DANA (S, CHARCOAL),""2025-12-08 21:40:46"",""0.0"""
"[101532] REMERA DANA (XS, CHARCOAL),""2025-12-08 21:40:46"",""0.0"""
"[101539] REMERA DANA (M, HUESO),""2025-12-08 21:40:46"",""0.0"""
"[101538] REMERA DANA (S, HUESO),""2025-12-08 21:40:46"",""0.0"""
"[101537] REMERA DANA (XS, HUESO),""2025-12-08 21:40:46"",""0.0"""
"[101550] REMERA NOA (L, BLANCO),""2025-12-08 21:40:46"",""0.0"""
"[101549] REMERA NOA (M, BLANCO),""2025-12-08 21:40:46"",""0.0"""
"[101548] REMERA NOA (S, BLANCO),""2025-12-08 21:40:46"",""0.0"""
"[101551] REMERA NOA (XL, BLANCO),""2025-12-08 21:40:46"",""0.0"""
"[101547] REMERA NOA (XS, BLANCO),""2025-12-08 21:40:46"",""0.0"""
"[101555] REMERA NOA (L, NEGRO),""2025-12-08 21:40:46"",""0.0"""
"[101554] REMERA NOA (M, NEGRO),""2025-12-08 21:40:46"",""0.0"""
"[101553] REMERA NOA (S, NEGRO),""2025-12-08 21:40:46"",""0.0"""
"[101556] REMERA NOA (XL, NEGRO),""2025-12-08 21:40:46"",""0.0"""
"[101552] REMERA NOA (XS, NEGRO),""2025-12-08 21:40:46"",""0.0"""
"[101147] MONEDERO GRACE (MODENA, VERDE),""2025-12-08 21:40:46"",""0.0"""
"[100458] CARTERA AMARILLA SET SOBRE (MODENA, VERDE),""2025-12-08 21:40:46"",""0.0"""
"[100562] CARTERA LONDRES (MODENA, VERDE),""2025-12-08 21:40:46"",""0.0"""
"[101531] REMERA DANA (XL, BLANCO),""2025-12-08 21:40:46"",""0.0"""
"[101540] REMERA DANA (L, HUESO),""2025-12-08 21:40:46"",""0.0"""
"[101541] REMERA DANA (XL, HUESO),""2025-12-08 21:40:46"",""0.0"""
"[101536] REMERA DANA (XL, CHARCOAL),""2025-12-08 21:40:46"",""0.0"""
"[100616] CHALINA EXEDRA (BEIGE),""2025-12-08 21:40:46"",""0.0"""
"[100620] CHALINA EXEDRA (OFF WHITE),""2025-12-08 21:40:46"",""0.0"""
"[100619] CHALINA EXEDRA (NEGRO),""2025-12-08 21:40:46"",""0.0"""
"[101473] PORTAPASAPORTE RON (MODENA, VERDE),""2025-12-08 21:40:46"",""0.0"""
"[101472] PORTAPASAPORTE RON (MODENA, AZUL),""2025-12-08 21:40:46"",""0.0"""
"[101020] MEDIAS DE VESTIR 207 (AZUL MARINO),""2025-12-08 21:40:46"",""0.0"""
"[101021] MEDIAS DE VESTIR 207 (CHOCOLATE),""2025-12-08 21:40:46"",""0.0"""
"[101022] MEDIAS DE VESTIR 207 (NEGRO),""2025-12-08 21:40:46"",""0.0"""
"[101023] MEDIAS DE VESTIR 472 (1 (38-41)),""2025-12-08 21:40:46"",""0.0"""
"[101024] MEDIAS DE VESTIR 472 (2 (42-45)),""2025-12-08 21:40:46"",""0.0"""
"[101025] MEDIAS MEDIA CAÑA (BEIGE),""2025-12-08 21:40:46"",""0.0"""
"[101026] MEDIAS MEDIA CAÑA (BLANCO),""2025-12-08 21:40:46"",""0.0"""
"[101028] MEDIAS MEDIA CAÑA (NEGRO),""2025-12-08 21:40:46"",""0.0"""
"[101027] MEDIAS MEDIA CAÑA (GRIS),""2025-12-08 21:40:46"",""0.0"""
"[101029] MEDIAS MEDIA CAÑA (VISON),""2025-12-08 21:40:46"",""0.0"""
"[101334] PORTALAPICERAS (BRIDGE, NEGRO),""2025-12-08 21:40:46"",""0.0"""
"[100219] BILLETERA OSADIA (MODENA, VERDE),""2025-12-08 21:40:46"",""0.0"""
"[104000] CARTERA LONDRES (BRIDGE, CHOCOLATE),""2025-12-08 21:40:46"",""0.0"""
"[100618] CHALINA EXEDRA (GRIS),""2025-12-08 21:40:46"",""0.0"""
"[100046] BANDOLERA LENA (NAPADO, SUELA),""2025-12-08 21:40:46"",""0.0"""
"[100581] CARTERA MINI APHOLO SET SOBRE (MODENA, AZUL),""2025-12-08 21:40:46"",""0.0"""
"[100084] BANDOLERA NEW VICENTA (NAPADO, ROJO),""2025-12-08 21:40:46"",""0.0"""
"[101019] MATERA RENE FULL BLACK,""2025-12-08 21:40:46"",""0.0"""
"[101062] MOCHILA IKER (NEGRO),""2025-12-08 21:40:46"",""0.0"""
"[101031] MEDIAS MEDIA CAÑA CORTAS (BLANCO),""2025-12-08 21:40:46"",""0.0"""
"[101034] MEDIAS MEDIA CAÑA CORTAS (NEGRO),""2025-12-08 21:40:46"",""0.0"""
"[101030] MEDIAS MEDIA CAÑA CORTAS (AZUL MARINO),""2025-12-08 21:40:46"",""0.0"""
"[101033] MEDIAS MEDIA CAÑA CORTAS (GRIS MELANGE 75),""2025-12-08 21:40:46"",""0.0"""
"[101032] MEDIAS MEDIA CAÑA CORTAS (GRIS MELANGE 25),""2025-12-08 21:40:46"",""0.0"""
"[101814] TOTE IRUYA (NAPADO, NEGRO),""2025-12-08 21:40:46"",""0.0"""
"[101815] TOTE IRUYA (NAPADO, SUELA),""2025-12-08 21:40:46"",""0.0"""
"[101812] TOTE IRUYA (NAPADO, CARAMELO),""2025-12-08 21:40:46"",""0.0"""
"[100841] GORRO FLORA (CRUDO),""2025-12-08 21:40:46"",""0.0"""
"[100842] GORRO FLORA (NEGRO),""2025-12-08 21:40:46"",""0.0"""
"[101259] PILUSO DORA (CRUDO),""2025-12-08 21:40:46"",""0.0"""
"[101486] PORTAVINO CAFAYATE (VAQUETA, SUELA),""2025-12-08 21:40:46"",""0.0"""
"[100130] BILLETERA ADAM (MODENA, VERDE),""2025-12-08 21:40:46"",""0.0"""
"[100609] CARTUCHERA MONT (MODENA, VERDE),""2025-12-08 21:40:46"",""0.0"""
"[100608] CARTUCHERA MONT (MODENA, AZUL),""2025-12-08 21:40:46"",""0.0"""
"[100516] CARTERA HARPER (GAMUZA, AZUL/TABACO),""2025-12-08 21:40:46"",""0.0"""
"[100517] CARTERA HARPER (GAMUZA, OLIVE/TABACO),""2025-12-08 21:40:46"",""0.0"""
"[100518] CARTERA HARPER (GAMUZA, VESUBIO/TABACO),""2025-12-08 21:40:46"",""0.0"""
"[100829] ESPEJO RECTANGULAR (NEGRO),""2025-12-08 21:40:46"",""0.0"""
"[100828] ESPEJO RECTANGULAR (CARAMELO),""2025-12-08 21:40:46"",""0.0"""
"[100830] ESPEJO RECTANGULAR (ROJO),""2025-12-08 21:40:46"",""0.0"""
"[101260] PILUSO DORA (NEGRO),""2025-12-08 21:40:46"",""0.0"""
"[100252] BOLSO TUBO GRANDE (BRIDGE, CHOCOLATE),""2025-12-08 21:40:46"",""0.0"""
"[101232] NECESSAIRE MINI MARCOS (MODENA, AZUL),""2025-12-08 21:40:46"",""0.0"""
"[100242] BOLSO ENRICO (TABACO),""2025-12-08 21:40:46"",""0.0"""
"[101063] MOCHILA IKER (TABACO),""2025-12-08 21:40:46"",""0.0"""
"[101109] MOCHILA SIMON,""2025-12-08 21:40:46"",""0.0"""
"[100913] LLAVERO ABC (A, MALBEC/AZUL),""2025-12-08 21:40:46"",""0.0"""
"[100915] LLAVERO ABC (B, CARAMELO/OXIDO),""2025-12-08 21:40:46"",""0.0"""
"[103192] LLAVERO ABC (B, SUELA/OLIVE),""2025-12-08 21:40:46"",""0.0"""
"[100916] LLAVERO ABC (B, MALBEC/AZUL),""2025-12-08 21:40:46"",""0.0"""
"[100919] LLAVERO ABC (C, MALBEC/AZUL),""2025-12-08 21:40:46"",""0.0"""
"[100923] LLAVERO ABC (D, NEGRO/OXIDO),""2025-12-08 21:40:46"",""0.0"""
"[100922] LLAVERO ABC (D, MALBEC/AZUL),""2025-12-08 21:40:46"",""0.0"""
"[100926] LLAVERO ABC (F, NEGRO/OXIDO),""2025-12-08 21:40:46"",""0.0"""
"[100927] LLAVERO ABC (G, CARAMELO/OXIDO),""2025-12-08 21:40:46"",""0.0"""
"[100929] LLAVERO ABC (G, NEGRO/OXIDO),""2025-12-08 21:40:46"",""0.0"""
"[103195] LLAVERO ABC (G, SUELA/OLIVE),""2025-12-08 21:40:46"",""0.0"""
"[100928] LLAVERO ABC (G, MALBEC/AZUL),""2025-12-08 21:40:46"",""0.0"""
"[100946] LLAVERO ABC (V, MALBEC/AZUL),""2025-12-08 21:40:46"",""0.0"""
"[100137] BILLETERA ARLO (BRIDGE, NEGRO),""2025-12-08 21:40:46"",""0.0"""
"[100921] LLAVERO ABC (D, CARAMELO/OXIDO),""2025-12-08 21:40:46"",""0.0"""
"[100958] LLAVERO ABC (L, NEGRO/OXIDO),""2025-12-08 21:40:46"",""0.0"""
"[103197] LLAVERO ABC (L, SUELA/OLIVE),""2025-12-08 21:40:46"",""0.0"""
"[100953] LLAVERO ABC (M, NEGRO/OXIDO),""2025-12-08 21:40:46"",""0.0"""
"[100955] LLAVERO ABC (S, NEGRO/OXIDO),""2025-12-08 21:40:46"",""0.0"""
"[100947] LLAVERO ABC (V, NEGRO/OXIDO),""2025-12-08 21:40:46"",""0.0"""
"[100218] BILLETERA OSADIA (MODENA, AZUL),""2025-12-08 21:40:46"",""0.0"""
"[101409] PORTALENTES MANU (BRIDGE, LONDON),""2025-12-08 21:40:46"",""0.0"""
"[103230] SOMBRERO RAFIA (2XL, TOSTADO/CHOCOLATE),""2025-12-08 21:40:46"",""0.0"""
"[100925] LLAVERO ABC (F, MALBEC/AZUL),""2025-12-08 21:40:46"",""0.0"""
"[100957] LLAVERO ABC (L, MALBEC/AZUL),""2025-12-08 21:40:46"",""0.0"""
"[101249] PHONEBAG TANIA (GAMUZA, OXIDO/CARAMELO),""2025-12-08 21:40:46"",""0.0"""
"[100270] BOLSO TUBO GRANDE (PELO, MARRON),""2025-12-08 21:40:46"",""0.0"""
"[101522] REMERA AMADEO (S, VERDE),""2025-12-08 21:40:46"",""0.0"""
"[103196] LLAVERO ABC (J, SUELA/OLIVE),""2025-12-08 21:40:46"",""0.0"""
"[103198] LLAVERO ABC (N, SUELA/OLIVE),""2025-12-08 21:40:46"",""0.0"""
"[100950] LLAVERO ABC (Y, NEGRO/OXIDO),""2025-12-08 21:40:46"",""0.0"""
"[103999] LLAVERO ABC (Y, SUELA/OLIVE),""2025-12-08 21:40:46"",""0.0"""
"[101813] TOTE IRUYA (NAPADO, MALBEC),""2025-12-08 21:40:46"",""0.0"""
"[101016] MATERA OLI (BRIDGE, NEGRO),""2025-12-08 21:40:46"",""0.0"""
"[101014] MATERA OLI (BRIDGE, CHOCOLATE),""2025-12-08 21:40:46"",""0.0"""
"[101017] MATERA OLI (BRIDGE, TABACO),""2025-12-08 21:40:46"",""0.0"""
"[101489] PORTAVINO TANDIL (BRIDGE, CARAMELO),""2025-12-08 21:40:46"",""0.0"""
"[101491] PORTAVINO TANDIL (BRIDGE, NEGRO),""2025-12-08 21:40:46"",""0.0"""
"[100206] BILLETERA MILO SIMPLE (MODENA, VERDE),""2025-12-08 21:40:46"",""0.0"""
"[100935] LLAVERO ABC (K, NEGRO/OXIDO),""2025-12-08 21:40:46"",""0.0"""
"[100934] LLAVERO ABC (K, MALBEC/AZUL),""2025-12-08 21:40:46"",""0.0"""
"[100949] LLAVERO ABC (Y, MALBEC/AZUL),""2025-12-08 21:40:46"",""0.0"""
"[100948] LLAVERO ABC (Y, CARAMELO/OXIDO),""2025-12-08 21:40:46"",""0.0"""
"[101498] PORTAVINO UCO (BRIDGE, CARAMELO),""2025-12-08 21:40:46"",""0.0"""
"[101500] PORTAVINO UCO (BRIDGE, NEGRO),""2025-12-08 21:40:46"",""0.0"""
"[101501] PORTAVINO UCO (BRIDGE, TABACO),""2025-12-08 21:40:46"",""0.0"""
"[100914] LLAVERO ABC (A, NEGRO/OXIDO),""2025-12-08 21:40:46"",""0.0"""
"[101817] TOTE IRUYA (PELO, HEREFORD),""2025-12-08 21:40:46"",""0.0"""
"[100007] BANDOLERA ANTONIETA (BRIDGE, MALBEC),""2025-12-08 21:40:46"",""0.0"""
"[101495] PORTAVINO TUNUYAN (AZUL/TABACO),""2025-12-08 21:40:46"",""0.0"""
"[101496] PORTAVINO TUNUYAN (OLIVE/TABACO),""2025-12-08 21:40:46"",""0.0"""
"[101497] PORTAVINO TUNUYAN (VESUBIO/TABACO),""2025-12-08 21:40:46"",""0.0"""
"[101406] PORTALENTES LUZ BIFAZ (AZUL),""2025-12-08 21:40:46"",""0.0"""
"[101490] PORTAVINO TANDIL (BRIDGE, MALBEC),""2025-12-08 21:40:46"",""0.0"""
"[101459] PORTAPASAPORTE CHESTER BIFAZ (VERDE/SUELA),""2025-12-08 21:40:46"",""0.0"""
"[101702] TARJETERO ARIES BIFAZ (NEGRO),""2025-12-08 21:40:46"",""0.0"""
"[101701] TARJETERO ARIES BIFAZ (AZUL),""2025-12-08 21:40:46"",""0.0"""
"[101703] TARJETERO ARIES BIFAZ (VERDE),""2025-12-08 21:40:46"",""0.0"""
"[100617] CHALINA EXEDRA (CELESTE),""2025-12-08 21:40:46"",""0.0"""
"[100621] CHALINA EXEDRA (ROSA),""2025-12-08 21:40:46"",""0.0"""
"[100944] LLAVERO ABC (T, NEGRO/OXIDO),""2025-12-08 21:40:46"",""0.0"""
"[101036] MEDIAS MEDIA CAÑA FANTASIA (MULTIRAYAS, NEGRO/GRIS MELANGE),""2025-12-08 21:40:46"",""0.0"""
"[101035] MEDIAS MEDIA CAÑA FANTASIA (MULTIRAYAS, GRIS OSCURO/GRIS CLARO),""2025-12-08 21:40:46"",""0.0"""
"[101038] MEDIAS MEDIA CAÑA FANTASIA (ROMBOS, NEGRO/ROJO),""2025-12-08 21:40:46"",""0.0"""
"[101037] MEDIAS MEDIA CAÑA FANTASIA (ROMBOS, CRUDO/CELESTE),""2025-12-08 21:40:46"",""0.0"""
"[101040] MEDIAS MEDIA CAÑA FANTASIA (ROMBOS CHICOS, GRIS OSCURO/GRIS CLARO),""2025-12-08 21:40:46"",""0.0"""
"[101039] MEDIAS MEDIA CAÑA FANTASIA (ROMBOS CHICOS, GRIS CLARO/GRIS OSCURO),""2025-12-08 21:40:46"",""0.0"""
"[101804] TOTE CACHI  (DUNA, NEGRO),""2025-12-08 21:40:46"",""0.0"""
"[101805] TOTE CACHI  (GAMUZA, CAFE),""2025-12-08 21:40:46"",""0.0"""
"[101807] TOTE CACHI  (NAPADO, CARAMELO),""2025-12-08 21:40:46"",""0.0"""
"[101809] TOTE CACHI  (NAPADO, SUELA),""2025-12-08 21:40:46"",""0.0"""
"[101110] MOCHILA TECH 210512,""2025-12-08 21:40:46"",""0.0"""
"[101111] MOCHILA TECH 21066,""2025-12-08 21:40:46"",""0.0"""
"[101112] MOCHILA TECH 21076,""2025-12-08 21:40:46"",""0.0"""
"[101115] MOCHILA TECH 2551 (NEGRO),""2025-12-08 21:40:46"",""0.0"""
"[101114] MOCHILA TECH 2551 (GRIS MEDIO),""2025-12-08 21:40:46"",""0.0"""
"[101116] MOCHILA TECH 40998,""2025-12-08 21:40:46"",""0.0"""
"[100034] BANDOLERA CARLA (PELO, HEREFORD),""2025-12-08 21:40:46"",""0.0"""
"[100035] BANDOLERA CARLA (PELO, HOLANDO),""2025-12-08 21:40:46"",""0.0"""
"[100269] BOLSO TUBO GRANDE (PELO, HOLANDO/NEGRO),""2025-12-08 21:40:46"",""0.0"""
"[100249] BOLSO ROQUE (NEGRO),""2025-12-08 21:40:46"",""0.0"""
"[100250] BOLSO ROQUE (TABACO),""2025-12-08 21:40:46"",""0.0"""
"[100967] LLAVERO COMBINADO (TABACO),""2025-12-08 21:40:46"",""0.0"""
"[100048] BANDOLERA MATILDA (HEREFORD),""2025-12-08 21:40:46"",""0.0"""
"[100049] BANDOLERA MATILDA (HOLANDO),""2025-12-08 21:40:46"",""0.0"""
"[100522] CARTERA INES (PELO, HEREFORD),""2025-12-08 21:40:46"",""0.0"""
"[100523] CARTERA INES (PELO, HOLANDO),""2025-12-08 21:40:46"",""0.0"""
"[100521] CARTERA INES (BRIDGE, NEGRO),""2025-12-08 21:40:46"",""0.0"""
"[100843] GORRO FRED (M),""2025-12-08 21:40:46"",""0.0"""
"[100859] GORRO SEA (M, GRIS OSCURO),""2025-12-08 21:40:46"",""0.0"""
"[100860] GORRO SEA (L, GRIS OSCURO),""2025-12-08 21:40:46"",""0.0"""
"[100857] GORRO SEA (M, BEIGE),""2025-12-08 21:40:46"",""0.0"""
"[100858] GORRO SEA (L, BEIGE),""2025-12-08 21:40:46"",""0.0"""
"[100770] CINTURON RUS (M-L, BEIGE),""2025-12-08 21:40:46"",""0.0"""
"[100771] CINTURON RUS (S-M, MARRON ROJIZO),""2025-12-08 21:40:46"",""0.0"""
"[100772] CINTURON RUS (M-L, MARRON ROJIZO),""2025-12-08 21:40:46"",""0.0"""
"[101818] TOTE IRUYA (PELO, HOLANDO),""2025-12-08 21:40:46"",""0.0"""
"[101152] MONEDERO LUISA (BRIDGE, CARAMELO),""2025-12-08 21:40:46"",""0.0"""
"[101811] TOTE CACHI  (PELO, HOLANDO),""2025-12-08 21:40:46"",""0.0"""
"[101810] TOTE CACHI  (PELO, HEREFORD),""2025-12-08 21:40:46"",""0.0"""
"[101675] TAG INICIALES (FIORENTINO, CEDRO),""2025-12-08 21:40:46"",""0.0"""
"[100582] CARTERA MINI APHOLO SET SOBRE (MODENA, VERDE),""2025-12-08 21:40:46"",""0.0"""
"[101493] PORTAVINO TANDIL (PELO, HEREFORD),""2025-12-08 21:40:46"",""0.0"""
"[101494] PORTAVINO TANDIL (PELO, HOLANDO),""2025-12-08 21:40:46"",""0.0"""
"[101504] PORTAVINO UCO (PELO, MARRON ROJIZO),""2025-12-08 21:40:46"",""0.0"""
"[100527] CARTERA KALI (OLIVE),""2025-12-08 21:40:46"",""0.0"""
"[101082] MOCHILA MULITA (CARAMELO),""2025-12-08 21:40:46"",""0.0"""
"[101084] MOCHILA MULITA (NEGRO),""2025-12-08 21:40:46"",""0.0"""
"[101059] MOCHILA CASPIO FULL BLACK,""2025-12-08 21:40:46"",""0.0"""
"[101646] SOBRE MAJA (HEREFORD),""2025-12-08 21:40:46"",""0.0"""
"[101647] SOBRE MAJA (HOLANDO),""2025-12-08 21:40:46"",""0.0"""
"[103997] CARTERA VERA (GAMUZA, GRIS OSCURO),""2025-12-08 21:40:46"",""0.0"""
"[100589] CARTERA VERA (GAMUZA, OLIVE),""2025-12-08 21:40:46"",""0.0"""
"[101825] TOTE TILCARA (LONDON),""2025-12-08 21:40:46"",""0.0"""
"[101826] TOTE TILCARA (NEGRO),""2025-12-08 21:40:46"",""0.0"""
"[101060] MOCHILA FRANCIS (CHOCOLATE),""2025-12-08 21:40:46"",""0.0"""
"[101061] MOCHILA FRANCIS (NEGRO),""2025-12-08 21:40:46"",""0.0"""
"CARTERA MINI EMMA (PELO, CARAMELO),""2025-12-08 21:40:46"",""0.0"""
"[101503] PORTAVINO UCO (PELO, HOLANDO),""2025-12-08 21:40:46"",""0.0"""
"[103182] CARTERA HARPER (DESCARNE, VERDE MILITAR),""2025-12-08 21:40:46"",""0.0"""
"[100683] CINTURON FLORA (2) (S-M, TABACO),""2025-12-08 21:40:46"",""0.0"""
"[100677] CINTURON FLORA (2) (S-M, CHOCOLATE),""2025-12-08 21:40:46"",""0.0"""
"[100679] CINTURON FLORA (2) (S-M, GRIS OSCURO),""2025-12-08 21:40:46"",""0.0"""
"[100681] CINTURON FLORA (2) (S-M, MARSALA),""2025-12-08 21:40:46"",""0.0"""
"[100684] CINTURON FLORA (2) (M-L, TABACO),""2025-12-08 21:40:46"",""0.0"""
"[100686] CINTURON FLORA (2) (M-L, VERDE MILITAR),""2025-12-08 21:40:46"",""0.0"""
"[100680] CINTURON FLORA (2) (M-L, GRIS OSCURO),""2025-12-08 21:40:46"",""0.0"""
"[100682] CINTURON FLORA (2) (M-L, MARSALA),""2025-12-08 21:40:46"",""0.0"""
"[100678] CINTURON FLORA (2) (M-L, CHOCOLATE),""2025-12-08 21:40:46"",""0.0"""
"[100673] CINTURON FLORA (1) (S-M, TABACO),""2025-12-08 21:40:46"",""0.0"""
"[100675] CINTURON FLORA (1) (S-M, VERDE MILITAR),""2025-12-08 21:40:46"",""0.0"""
"[100667] CINTURON FLORA (1) (S-M, CHOCOLATE),""2025-12-08 21:40:46"",""0.0"""
"[100671] CINTURON FLORA (1) (S-M, MARSALA),""2025-12-08 21:40:46"",""0.0"""
"[100674] CINTURON FLORA (1) (M-L, TABACO),""2025-12-08 21:40:46"",""0.0"""
"[100676] CINTURON FLORA (1) (M-L, VERDE MILITAR),""2025-12-08 21:40:46"",""0.0"""
"[100670] CINTURON FLORA (1) (M-L, GRIS OSCURO),""2025-12-08 21:40:46"",""0.0"""
"[100672] CINTURON FLORA (1) (M-L, MARSALA),""2025-12-08 21:40:46"",""0.0"""
"[101404] PORTALENTES LUZ (PELO, HEREFORD),""2025-12-08 21:40:46"",""0.0"""
"[103161] MOCHILA PACARI (VINTAGE, DARK),""2025-12-08 21:40:46"",""0.0"""
"[103132] PILUSO HILDA (HEREFORD),""2025-12-08 21:40:46"",""0.0"""
"[103133] PILUSO HILDA (HOLANDO),""2025-12-08 21:40:46"",""0.0"""
"[103201] MOCHILA PACARI (PELO, HEREFORD),""2025-12-08 21:40:46"",""0.0"""
"[103200] MOCHILA PACARI (PELO, HOLANDO),""2025-12-08 21:40:46"",""0.0"""
"[103172] BANDOLERA JADE (LINEA FRUNCES) (NAPADO, NEGRO),""2025-12-08 21:40:46"",""0.0"""
"[103171] BANDOLERA JADE (LINEA FRUNCES) (NAPADO, SUELA),""2025-12-08 21:40:46"",""0.0"""
"[103163] MOCHILA ALAI (LINEA FRUNCES) (MALBEC),""2025-12-08 21:40:46"",""0.0"""
"[103162] MOCHILA ALAI (LINEA FRUNCES) (NEGRO),""2025-12-08 21:40:46"",""0.0"""
"[103164] MOCHILA ALAI (LINEA FRUNCES) (SUELA),""2025-12-08 21:40:46"",""0.0"""
"[103148] PORTALENTES NOLE (LINEA FRUNCES) (BRIDGE, MALBEC),""2025-12-08 21:40:46"",""0.0"""
"[103146] PORTALENTES NOLE (LINEA FRUNCES) (NAPADO, NEGRO),""2025-12-08 21:40:46"",""0.0"""
"[103145] PORTALENTES NOLE (LINEA FRUNCES) (NAPADO, ROJO),""2025-12-08 21:40:46"",""0.0"""
"[103165] MOCHILA LIBRA (CHOCOLATE),""2025-12-08 21:40:46"",""0.0"""
"[103187] CARTERA VERA (NOBUCK, CAFE),""2025-12-08 21:40:46"",""0.0"""
"[101418] PORTALENTES MANU (VAQUETA, DULCE DE LECHE),""2025-12-08 21:40:46"",""0.0"""
"[103184] CARTERA INES (BRIDGE, TABACO),""2025-12-08 21:40:46"",""0.0"""
"[103174] BANDOLERA JADE (LINEA FRUNCES) (GAMUZA, AVELLANA),""2025-12-08 21:40:46"",""0.0"""
"[103175] BANDOLERA JADE (LINEA FRUNCES) (GAMUZA, VESUBIO),""2025-12-08 21:40:46"",""0.0"""
"[103176] BANDOLERA LENA (MODENA, VERDE),""2025-12-08 21:40:46"",""0.0"""
"[103167] TOTE CACHI  (BRIDGE, LONDON),""2025-12-08 21:40:46"",""0.0"""
"[103166] TOTE IRUYA (BRIDGE, LONDON),""2025-12-08 21:40:46"",""0.0"""
"[103207] PORTAFOLIO HUAPI (NAPOLE, TABACO),""2025-12-08 21:40:46"",""0.0"""
"[101660] SOMBRERO FELA,""2025-12-08 21:40:46"",""0.0"""
"[101661] SOMBRERO GIA,""2025-12-08 21:40:46"",""0.0"""
"[101662] SOMBRERO HENY,""2025-12-08 21:40:46"",""0.0"""
"[101663] SOMBRERO NINI,""2025-12-08 21:40:46"",""0.0"""
"[101664] SOMBRERO YULA,""2025-12-08 21:40:46"",""0.0"""
"[103131] PILUSO DORA (BEIGE),""2025-12-08 21:40:46"",""0.0"""
"[103142] PILUSO DORA (CHOCOLATE),""2025-12-08 21:40:46"",""0.0"""
"[101822] TOTE MARGARITA GRANDE (BEIGE),""2025-12-08 21:40:46"",""0.0"""
"[101823] TOTE MARGARITA GRANDE (BLANCO),""2025-12-08 21:40:46"",""0.0"""
"[101824] TOTE MARGARITA GRANDE (NEGRO),""2025-12-08 21:40:46"",""0.0"""
"[103183] CARTERA HARPER (NOBUCK, CAFE),""2025-12-08 21:40:46"",""0.0"""
"[100556] NECESSAIRE LANIN (BRIDGE, CHOCOLATE),""2025-12-08 21:40:46"",""0.0"""
"[103188] CARTERA VERA (NAPOLE, CAOBA),""2025-12-08 21:40:46"",""0.0"""
"[101420] PORTALENTES MANU (VAQUETA, SUELA),""2025-12-08 21:40:46"",""0.0"""
"[100002] BANDEJA CHICA (HOLANDO),""2025-12-08 21:40:46"",""0.0"""
"[103209] PORTAPASAPORTE CHESTER (NAPADO, VERDE),""2025-12-08 21:40:46"",""0.0"""
"[103214] TARJETERO ARIES (NAPADO, VERDE),""2025-12-08 21:40:46"",""0.0"""
"[100466] CARTERA AMARILLA SET SOBRE BIFAZ (NEGRO/SUELA),""2025-12-08 21:40:46"",""0.0"""
"[100465] CARTERA AMARILLA SET SOBRE BIFAZ (AZUL/SUELA),""2025-12-08 21:40:46"",""0.0"""
"[100467] CARTERA AMARILLA SET SOBRE BIFAZ (VERDE/SUELA),""2025-12-08 21:40:46"",""0.0"""
"[101419] PORTALENTES MANU (VAQUETA, NATURAL),""2025-12-08 21:40:46"",""0.0"""
"[103173] BANDOLERA JADE (LINEA FRUNCES) (NAPADO, LONDON),""2025-12-08 21:40:46"",""0.0"""
"[100588] CARTERA KALI (GRIS MEDIO),""2025-12-08 21:40:46"",""0.0"""
"[103153] CINTURON RUS (S-M, HOLANDO),""2025-12-08 21:40:46"",""0.0"""
"[103154] CINTURON RUS (M-L, HOLANDO),""2025-12-08 21:40:46"",""0.0"""
"[103150] NECESSAIRE FELI (BRIDGE, MALBEC),""2025-12-08 21:40:46"",""0.0"""
"[103151] SEÑALADOR (NEGRO),""2025-12-08 21:40:46"",""0.0"""
"[103152] SEÑALADOR (DULCE DE LECHE),""2025-12-08 21:40:46"",""0.0"""
"[103168] CARTERA VERA (NAPOLE, TABACO),""2025-12-08 21:40:46"",""0.0"""
"[103202] MOCHILA PORTIA (NAPOLE, TABACO),""2025-12-08 21:40:46"",""0.0"""
"[103306] ARO PASANTE ARGOLLA GRANDE PLANA (PLATEADO),""2025-12-09 11:30:31"",""0.0"""
"[103305] ARO PASANTE ARGOLLA GRANDE PLANA (DORADO),""2025-12-09 11:30:31"",""0.0"""
"[103404] ARO PASANTE SEMI ARGOLLA CHICA (DORADO),""2025-12-09 11:30:31"",""0.0"""
"[103420] ARO PASANTE SEMI ARGOLLA MEDIANA (DORADO),""2025-12-09 11:30:31"",""0.0"""
"[103413] ARO PASANTE SEMI ARGOLLA ESLABON (PLATEADO),""2025-12-09 11:30:31"",""0.0"""
"[103412] ARO PASANTE SEMI ARGOLLA ESLABON (DORADO),""2025-12-09 11:30:31"",""0.0"""
"[103425] ARO PASANTE SEMI ARGOLLA METAL CAÑO GRUESO (PLATEADO),""2025-12-09 11:30:31"",""0.0"""
"[103424] ARO PASANTE SEMI ARGOLLA METAL CAÑO GRUESO (DORADO),""2025-12-09 11:30:31"",""0.0"""
"[103326] ARO PASANTE ARGOLLA MEDIANA TRENZADA (PLATEADO),""2025-12-09 11:30:31"",""0.0"""
"[103325] ARO PASANTE ARGOLLA MEDIANA TRENZADA (DORADO),""2025-12-09 11:30:31"",""0.0"""
"[103324] ARO PASANTE ARGOLLA MEDIANA TORZADA (PLATEADO),""2025-12-09 11:30:31"",""0.0"""
"[103323] ARO PASANTE ARGOLLA MEDIANA TORZADA (DORADO),""2025-12-09 11:30:31"",""0.0"""
"[103296] ARO PASANTE ARGOLLA CHICA TORZADA (PLATEADO),""2025-12-09 11:30:31"",""0.0"""
"[103295] ARO PASANTE ARGOLLA CHICA TORZADA (DORADO),""2025-12-09 11:30:31"",""0.0"""
"[103385] ARO PASANTE GOTA GRANDE MANCHAS (PLATEADO),""2025-12-09 11:30:31"",""0.0"""
"[103384] ARO PASANTE GOTA GRANDE MANCHAS (DORADO),""2025-12-09 11:30:31"",""0.0"""
"[103379] ARO PASANTE GOTA GRANDE (DORADO),""2025-12-09 11:30:31"",""0.0"""
"[103336] ARO PASANTE COLGANTE GOTA GRANDE PLANA (DORADO),""2025-12-09 11:30:31"",""0.0"""
"[103363] ARO PASANTE FLOR C/ PERLA DORADO,""2025-12-09 11:30:31"",""0.0"""
"[103806] SET PASANTES PRESION PERLA DORADO,""2025-12-09 11:30:31"",""0.0"""
"[103803] SET PASANTES PRESION 3 ESTRELLAS PLATEADO,""2025-12-09 11:30:31"",""0.0"""
"[103804] SET PASANTES PRESION ARGOLLAS DORADO,""2025-12-09 11:30:31"",""0.0"""
"[103805] SET PASANTES PRESION LUNA ESTRELLA PLATEADO,""2025-12-09 11:30:31"",""0.0"""
"[103881] SET X3 PASANTES ARGOLLA GRANDE C/ DIJE PLATEADO,""2025-12-09 11:30:31"",""0.0"""
"[103882] SET X3 PASANTES SEMI ARGOLLA PLATEADO,""2025-12-09 11:30:31"",""0.0"""
"[103299] ARO PASANTE ARGOLLA GRANDE DORADO,""2025-12-09 11:30:31"",""0.0"""
"[103333] ARO PASANTE CIRCULOS DORADO,""2025-12-09 11:30:31"",""0.0"""
"[103364] ARO PASANTE FLOR GRANDE METAL PLATEADO,""2025-12-09 11:30:31"",""0.0"""
"[103444] ARO PASANTE TRIPLE ARGOLLA BOLITAS (DORADO),""2025-12-09 11:30:31"",""0.0"""
"[103445] ARO PASANTE TRIPLE ARGOLLA BOLITAS (PLATEADO),""2025-12-09 11:30:31"",""0.0"""
"[103334] ARO PASANTE CIRCULOS RUSTICOS COLGANTES PLATEADO,""2025-12-09 11:30:31"",""0.0"""
"[103354] ARO PASANTE ESLABON GRANDE DORADO,""2025-12-09 11:30:31"",""0.0"""
"[103332] ARO PASANTE CIRCULO DORADO/NACAR,""2025-12-09 11:30:31"",""0.0"""
"[103367] ARO PASANTE FLOR MEDIANA DORADO/NACAR,""2025-12-09 11:30:31"",""0.0"""
"[103355] ARO PASANTE ESLABON METAL CUADRADO COLGANTE DORADO,""2025-12-09 11:30:31"",""0.0"""
"[103400] ARO PASANTE METAL CRUZADO DORADO,""2025-12-09 11:30:31"",""0.0"""
"[103409] ARO PASANTE SEMI ARGOLLA DORADO/BLANCO,""2025-12-09 11:30:31"",""0.0"""
"[103335] ARO PASANTE COLGANTE ESLABONES COMBINADOS PLATEADO/DORADO,""2025-12-09 11:30:31"",""0.0"""
"[103446] ARO PASANTE TRIPLE ARGOLLA DORADO,""2025-12-09 11:30:31"",""0.0"""
"[103401] ARO PASANTE METAL NIDO DORADO,""2025-12-09 11:30:31"",""0.0"""
"[103341] ARO PASANTE COLGANTE GRANDE CIRCULO (PLATEADO),""2025-12-09 11:30:31"",""0.0"""
"[103340] ARO PASANTE COLGANTE GRANDE CIRCULO (DORADO),""2025-12-09 11:30:31"",""0.0"""
"[103394] ARO PASANTE MEDIO CIRCULO CROMADO (DORADO),""2025-12-09 11:30:31"",""0.0"""
"[103395] ARO PASANTE MEDIO CIRCULO CROMADO (PLATEADO),""2025-12-09 11:30:31"",""0.0"""
"[103438] ARO PASANTE SEMI ESFERA CHICA (PLATEADO),""2025-12-09 11:30:31"",""0.0"""
"[103437] ARO PASANTE SEMI ESFERA CHICA (DORADO),""2025-12-09 11:30:31"",""0.0"""
"[103374] ARO PASANTE GOTA CHICA (PLATEADO),""2025-12-09 11:30:31"",""0.0"""
"[103373] ARO PASANTE GOTA CHICA (DORADO),""2025-12-09 11:30:31"",""0.0"""
"[103377] ARO PASANTE GOTA GRANDE (DORADO),""2025-12-09 11:30:31"",""0.0"""
"[103396] ARO PASANTE MEDIO CIRCULO GRANDE (DORADO),""2025-12-09 11:30:31"",""0.0"""
"[103912] SET X4 OREJITAS C/ POMPON FUCSIA/NEGRO,""2025-12-09 11:30:31"",""0.0"""
"[103908] SET X4 OREJITAS C/ ESTRELLAS NARANJA/BLANCO,""2025-12-09 11:30:31"",""0.0"""
"[103911] SET X4 OREJITAS C/ ESTRELLAS VERDE/BLANCO,""2025-12-09 11:30:31"",""0.0"""
"[103823] SET X2 HEBILLAS BRILLOS C/ MARIPOSAS DORADO,""2025-12-09 11:30:31"",""0.0"""
"[103472] BROCHE GRANDE MATE CRUDO,""2025-12-09 11:30:31"",""0.0"""
"[103473] BROCHE GRANDE MATE ROSA,""2025-12-09 11:30:31"",""0.0"""
"[103464] BROCHE GRANDE ANIMAL PRINT BEIGE OSCURO,""2025-12-09 11:30:31"",""0.0"""
"[103917] SET X5 COLITAS DEGRADE CELESTE,""2025-12-09 11:30:31"",""0.0"""
"[103889] SET X4 BROCHES CHICOS MATE PASTEL,""2025-12-09 11:30:31"",""0.0"""
"[103829] SET X2 HEBILLAS METAL C/ CORAZON ROSA,""2025-12-09 11:30:31"",""0.0"""
"[103826] SET X2 HEBILLAS METAL C/ CARAMELO FUCSIA,""2025-12-09 11:30:31"",""0.0"""
"[103819] SET X2 COLITAS ANANA/FRUTILLA,""2025-12-09 11:30:31"",""0.0"""
"[103849] SET X2 HEBILLAS MOÑOS DE TUL ROSA,""2025-12-09 11:30:31"",""0.0"""
"[103921] SET X6 BROCHES CHICOS MOÑOS PASTEL,""2025-12-09 11:30:31"",""0.0"""
"[103465] BROCHE GRANDE CORAZON CALADO DORADO,""2025-12-09 11:30:31"",""0.0"""
"[103466] BROCHE GRANDE CORAZON CALADO PLATEADO,""2025-12-09 11:30:31"",""0.0"""
"[103875] SET X3 HEBILLAS METAL CORAZONES ROSA,""2025-12-09 11:30:31"",""0.0"""
"[103836] SET X2 HEBILLAS MOÑO C/ CORAZON ROSA,""2025-12-09 11:30:31"",""0.0"""
"[103380] ARO PASANTE GOTA GRANDE (PLATEADO),""2025-12-09 11:30:31"",""0.0"""
"[103402] ARO PASANTE METAL NIDO TRENZADO DORADO,""2025-12-09 11:30:31"",""0.0"""
"[103808] SET PULSERAS INFANTIL MARIPOSA,""2025-12-09 11:30:31"",""0.0"""
"[103807] SET PULSERAS INFANTIL LOVE,""2025-12-09 11:30:31"",""0.0"""
"[103676] PULSERA HILO REGULABLE C/ OJO TURCO AZUL,""2025-12-09 11:30:31"",""0.0"""
"[103677] PULSERA HILO REGULABLE C/ OJO TURCO AZUL/NEGRO,""2025-12-09 11:30:31"",""0.0"""
"[103678] PULSERA HILO REGULABLE C/ OJO TURCO AZUL/PLATEADO,""2025-12-09 11:30:31"",""0.0"""
"[103697] PULSERA HILO TRENZADO REGULABLE C/ OJO TURCO ROMBO AZUL,""2025-12-09 11:30:31"",""0.0"""
"[103694] PULSERA HILO TRENZADO REGULABLE C/ OJO TURCO CELESTE,""2025-12-09 11:30:31"",""0.0"""
"[103679] PULSERA HILO REGULABLE FASCETADO C/ OJO TURCO BLANCO,""2025-12-09 11:30:31"",""0.0"""
"[103695] PULSERA HILO TRENZADO REGULABLE C/ OJO TURCO REDONDO AZUL,""2025-12-09 11:30:31"",""0.0"""
"[103702] PULSERA REGULABLE CANUTILLO C/ TRIANGULO BRILLO ROJO/BLANCO,""2025-12-09 11:30:31"",""0.0"""
"[103699] PULSERA REGULABLE CANUTILLO C/ CORAZON BRILLO ROJO,""2025-12-09 11:30:31"",""0.0"""
"[103704] PULSERA REGULABLE CUENTAS C/ DIJE MANITO ROJO,""2025-12-09 11:30:31"",""0.0"""
"[103709] PULSERA REGULABLE MOSTACILLA C/ CARACOLES ROJO,""2025-12-09 11:30:31"",""0.0"""
"[103713] PULSERA REGULABLE MOSTACILLA C/ OJO ROJO,""2025-12-09 11:30:31"",""0.0"""
"[103714] PULSERA REGULABLE MOSTACILLA DORADO/ROJO,""2025-12-09 11:30:31"",""0.0"""
"[103711] PULSERA REGULABLE MOSTACILLA C/ FLOR ROJO/BLANCO,""2025-12-09 11:30:31"",""0.0"""
"[103701] PULSERA REGULABLE CANUTILLO C/ CORAZON ROJO/BLANCO,""2025-12-09 11:30:31"",""0.0"""
"[103675] PULSERA HILO REGULABLE C/ CRUZ DORADO/NEGRO,""2025-12-09 11:30:31"",""0.0"""
"[103703] PULSERA REGULABLE CRISTAL FASCETADAS C/ OJOS ROJO,""2025-12-09 11:30:31"",""0.0"""
"[103712] PULSERA REGULABLE MOSTACILLA C/ MANITO NEGRO/CELESTE,""2025-12-09 11:30:31"",""0.0"""
"[103716] PULSERA REGULABLE MOSTACILLA FASCETADA C/ OJO TURCO CELESTE,""2025-12-09 11:30:31"",""0.0"""
"[103706] PULSERA REGULABLE FASCETADA/DISCOS NEGRO/CELESTE,""2025-12-09 11:30:31"",""0.0"""
"[103708] PULSERA REGULABLE FASCETADAS/CILINDRICAS C/ OJO AZUL/CELESTE,""2025-12-09 11:30:31"",""0.0"""
"[103710] PULSERA REGULABLE MOSTACILLA C/ CRUZ ROJO/BLANCO/PLATEADO,""2025-12-09 11:30:31"",""0.0"""
"[103707] PULSERA REGULABLE FASCETADAS C/ CORAZON PLATEADO/ROJO,""2025-12-09 11:30:31"",""0.0"""
"[103705] PULSERA REGULABLE FASCETADA C/ MANO FATIMA ROJO/BLANCO,""2025-12-09 11:30:31"",""0.0"""
"[103715] PULSERA REGULABLE MOSTACILLA FASCETADA C/ CRUZ PLATEADO/ROJO,""2025-12-09 11:30:31"",""0.0"""
"[103690] PULSERA HILO REGULABLE SIGNO (PISCIS),""2025-12-09 11:30:31"",""0.0"""
"[103692] PULSERA HILO REGULABLE SIGNO (TAURO),""2025-12-09 11:30:31"",""0.0"""
"[103683] PULSERA HILO REGULABLE SIGNO (GEMINIS),""2025-12-09 11:30:31"",""0.0"""
"[103684] PULSERA HILO REGULABLE SIGNO (LEO),""2025-12-09 11:30:31"",""0.0"""
"[103689] PULSERA HILO REGULABLE SIGNO (LIBRA),""2025-12-09 11:30:31"",""0.0"""
"[103688] PULSERA HILO REGULABLE SIGNO (ESCORPIO),""2025-12-09 11:30:31"",""0.0"""
"[103685] PULSERA HILO REGULABLE SIGNO (SAGITARIO),""2025-12-09 11:30:31"",""0.0"""
"[103674] PULSERA HILO MIXTO REGULABLE C/ OJO TURCO AZUL,""2025-12-09 11:30:31"",""0.0"""
"[103467] BROCHE GRANDE EFECTO VIDRIO CELESTE/LILA,""2025-12-09 11:30:31"",""0.0"""
"[103893] SET X4 COLITAS PRINT PASTEL,""2025-12-09 11:30:31"",""0.0"""
"[103471] BROCHE GRANDE FLOR MATE ROSA,""2025-12-09 11:30:31"",""0.0"""
"[103470] BROCHE GRANDE FLOR MATE NEGRO,""2025-12-09 11:30:31"",""0.0"""
"[103564] HEBILLA METAL MOÑO DORADO,""2025-12-09 11:30:31"",""0.0"""
"[103563] HEBILLA METAL DORADO,""2025-12-09 11:30:31"",""0.0"""
"[103874] SET X3 HEBILLAS CUADRADAS BEIGE/ROSA,""2025-12-09 11:30:31"",""0.0"""
"[103928] SET X6 HEBILLAS NEGRO,""2025-12-09 11:30:31"",""0.0"""
"[103919] SET X5 GOMITAS C/ APLIQUE,""2025-12-09 11:30:31"",""0.0"""
"[103886] SET X4 BROCHES CHICOS FLORES + GOMITAS CONEJO + HEBILLA,""2025-12-09 11:30:31"",""0.0"""
"[103560] GOMITA C/ MOÑO METAL DORADO,""2025-12-09 11:30:31"",""0.0"""
"[103821] SET X2 GOMITAS C/ APLIQUE DONA,""2025-12-09 11:30:31"",""0.0"""
"[103800] SET HEBILLAS + SCUNZI C/ BRILLO DORADO,""2025-12-09 11:30:31"",""0.0"""
"[103827] SET X2 HEBILLAS METAL C/ CARAMELO LILA,""2025-12-09 11:30:31"",""0.0"""
"[103905] SET X4 MINI GOMITAS RAYADAS C/ BOLITAS,""2025-12-09 11:30:31"",""0.0"""
"[103824] SET X2 HEBILLAS C/ CEREZAS,""2025-12-09 11:30:31"",""0.0"""
"[103834] SET X2 HEBILLAS METAL PLATEADO,""2025-12-09 11:30:31"",""0.0"""
"[103789] SCUNZI CORAZON PLATEADO/NEGRO,""2025-12-09 11:30:31"",""0.0"""
"[103922] SET X6 GOMITAS CLASICOS/BRILLOS,""2025-12-09 11:30:31"",""0.0"""
"[103930] SET X6 MINI BROCHES ESTRELLA SURTIDO BRILLANTE,""2025-12-09 11:30:31"",""0.0"""
"[103844] SET X2 HEBILLAS MOÑOS CHICOS CRUDO/ROSA,""2025-12-09 11:30:31"",""0.0"""
"[103918] SET X5 COLITAS DEGRADE ROSA,""2025-12-09 11:30:31"",""0.0"""
"[103910] SET X4 OREJITAS C/ ESTRELLAS ROJO/BLANCO,""2025-12-09 11:30:31"",""0.0"""
"[103934] SET X8 HEBILLAS ANCHAS/FINAS ROSA,""2025-12-09 11:30:31"",""0.0"""
"[103887] SET X4 BROCHES CHICOS FLORES + HEBILLA MOÑO CHICO,""2025-12-09 11:30:31"",""0.0"""
"[103841] SET X2 HEBILLAS MOÑOS CHICOS C/ CORAZONES,""2025-12-09 11:30:31"",""0.0"""
"[103884] SET X4 BROCHES + HEBILLAS CORAZON TRANSPARENTE PASTEL,""2025-12-09 11:30:31"",""0.0"""
"[103851] SET X2 HEBILLAS MOÑOS GLITTER ROSA/BLANCO,""2025-12-09 11:30:31"",""0.0"""
"[103900] SET X4 HEBILLAS DE SILICONA VIOLETA,""2025-12-09 11:30:31"",""0.0"""
"[103876] SET X3 HEBILLAS METAL ONDULADAS PASTEL,""2025-12-09 11:30:31"",""0.0"""
"[103809] SET X10 HEBILLAS PLASTICAS PASTEL,""2025-12-09 11:30:31"",""0.0"""
"[103890] SET X4 BROCHES CHICOS ONDULADOS MATE PASTEL,""2025-12-09 11:30:31"",""0.0"""
"[103915] SET X5 BROCHES CHICOS CORONITA + COLITAS,""2025-12-09 11:30:31"",""0.0"""
"[103831] SET X2 HEBILLAS METAL C/ FLORES VERDE,""2025-12-09 11:30:31"",""0.0"""
"[103837] SET X2 HEBILLAS MOÑO C/ PERLA BLANCO,""2025-12-09 11:30:31"",""0.0"""
"[103848] SET X2 HEBILLAS MOÑOS CHICOS ROSA/VIOLETA,""2025-12-09 11:30:31"",""0.0"""
"[103839] SET X2 HEBILLAS MOÑO TUL C/ CEREZAS,""2025-12-09 11:30:31"",""0.0"""
"[103570] HEBILLA MOÑO GRANDE DOBLE ROJO,""2025-12-09 11:30:31"",""0.0"""
"[103846] SET X2 HEBILLAS MOÑOS CHICOS FUCSIA,""2025-12-09 11:30:31"",""0.0"""
"[103906] SET X4 OREJITAS C/ ESTRELLAS BLANCO/ROSA,""2025-12-09 11:30:31"",""0.0"""
"[103468] BROCHE GRANDE EFECTO VIDRIO ROSA/AMARILLO,""2025-12-09 11:30:31"",""0.0"""
"[103898] SET X4 HEBILLAS + INVISIBLES METAL PASTEL,""2025-12-09 11:30:31"",""0.0"""
"[103830] SET X2 HEBILLAS METAL C/ FLOR CELESTE,""2025-12-09 11:30:31"",""0.0"""
"[103878] SET X3 HEBILLAS MOÑO CORAL,""2025-12-09 11:30:31"",""0.0"""
"[103788] SCUNZI CORAZON DORADO/NEGRO,""2025-12-09 11:30:31"",""0.0"""
"[103825] SET X2 HEBILLAS CORAZON C/ ESTRELLAS,""2025-12-09 11:30:31"",""0.0"""
"[103818] SET X2 BROCHES MEDIANOS C/ MOÑO,""2025-12-09 11:30:31"",""0.0"""
"[103843] SET X2 HEBILLAS MOÑOS CHICOS CELESTE/LILA,""2025-12-09 11:30:31"",""0.0"""
"[103868] SET X3 ANILLOS PIEDRA CUADRADA/LISO PLATEADO,""2025-12-09 11:30:31"",""0.0"""
"[103867] SET X3 ANILLOS PIEDRA CUADRADA/ESLABONES DORADO,""2025-12-09 11:30:31"",""0.0"""
"[103869] SET X3 ANILLOS TORZADO/ABRAZO PLATEADO,""2025-12-09 11:30:31"",""0.0"""
"[103865] SET X3 ANILLOS PERLITA/MANO/CORAZONES PLATEADO,""2025-12-09 11:30:31"",""0.0"""
"[103860] SET X3 ANILLOS BRILLOS DORADO ,""2025-12-09 11:30:31"",""0.0"""
"[103864] SET X3 ANILLOS MOÑO/ESLABON/OJO TURCO DORADO,""2025-12-09 11:30:31"",""0.0"""
"[103866] SET X3 ANILLOS PERLITA/MEDIA CRUZ DORADO,""2025-12-09 11:30:31"",""0.0"""
"[103861] SET X3 ANILLOS CORAZON/LUNA/ESTRELLA DORADO,""2025-12-09 11:30:31"",""0.0"""
"[103793] SET COLLAR + PULSERA INFANTIL FLOR,""2025-12-09 11:30:31"",""0.0"""
"[103883] SET X4 ANILLOS INFANTIL HELADO/FLOR/CORAZON,""2025-12-09 11:30:31"",""0.0"""
"[103895] SET X4 GOMITAS CABLE SURTIDO BRILLANTE,""2025-12-09 11:30:31"",""0.0"""
"[103633] PULSERA CANUTILLO METAL/CUENTAS C/ DIJES METAL TURQUESA,""2025-12-09 11:30:31"",""0.0"""
"[103387] ARO PASANTE GOTA MEDIANA ANCHA (PLATEADO),""2025-12-09 11:30:31"",""0.0"""
"[103386] ARO PASANTE GOTA MEDIANA ANCHA (DORADO),""2025-12-09 11:30:31"",""0.0"""
"[103835] SET X2 HEBILLAS MOÑO ALITAS + GOMITAS PASTEL,""2025-12-09 11:30:31"",""0.0"""
"[103879] SET X3 HEBILLAS MOÑO/HEBILLA CARAMELO INFLABLE ROSA,""2025-12-09 11:30:31"",""0.0"""
"[103853] SET X2 HEBILLAS MOÑOS MEDIANOS DOBLE ROSA,""2025-12-09 11:30:31"",""0.0"""
"[103799] SET HEBILLAS + INVISIBLES METAL BRILLOS,""2025-12-09 11:30:31"",""0.0"""
"[103567] HEBILLA MOÑO DOBLE TUL TORNASOL BLANCO,""2025-12-09 11:30:31"",""0.0"""
"[103802] SET INVISIBLES METAL NEGRO,""2025-12-09 11:30:31"",""0.0"""
"[103863] SET X3 ANILLOS FINITO/CRUZADO DORADO ,""2025-12-09 11:30:31"",""0.0"""
"[103862] SET X3 ANILLOS DORADO/MARRON,""2025-12-09 11:30:31"",""0.0"""
"[103331] ARO PASANTE BOTON GRANDE PLANO PLATEADO,""2025-12-09 11:30:31"",""0.0"""
"[103301] ARO PASANTE ARGOLLA GRANDE ESCAMAS (PLATEADO),""2025-12-09 11:30:31"",""0.0"""
"[103399] ARO PASANTE MEDIO CIRCULO GRANDE ANCHO (PLATEADO),""2025-12-09 11:30:31"",""0.0"""
"[103320] ARO PASANTE ARGOLLA MEDIANA PLATEADO,""2025-12-09 11:30:31"",""0.0"""
"[103356] ARO PASANTE ESTILO GOTA MEDIANO CHUNKY PLATEADO,""2025-12-09 11:30:31"",""0.0"""
"[103294] ARO PASANTE ARGOLLA CHICA PLATEADO,""2025-12-09 11:30:31"",""0.0"""
"[103811] SET X12 GOMITAS INFANTIL SURTIDO PASTEL,""2025-12-09 11:30:31"",""0.0"""
"[103871] SET X3 GOMITAS GRANDES LISAS SURTIDO,""2025-12-09 11:30:31"",""0.0"""
"[103661] PULSERA CUENTAS VIDRIO REDONDAS/FASCETADAS ROJO,""2025-12-09 11:30:31"",""0.0"""
"[103664] PULSERA CUENTAS VIDRIO REDONDAS/FASCETADAS VIOLETA,""2025-12-09 11:30:31"",""0.0"""
"[103666] PULSERA CUENTAS VIDRIO REDONDAS/OVALADAS VERDE,""2025-12-09 11:30:31"",""0.0"""
"[103654] PULSERA CUENTAS VIDRIO REDONDAS/CUADRADAS/FASCETADAS COBRE,""2025-12-09 11:30:31"",""0.0"""
"[103663] PULSERA CUENTAS VIDRIO REDONDAS/FASCETADAS VERDE,""2025-12-09 11:30:31"",""0.0"""
"[103656] PULSERA CUENTAS VIDRIO REDONDAS/CUADRADAS/FASCETADAS ROJO,""2025-12-09 11:30:31"",""0.0"""
"[103637] PULSERA CRISTAL FASCETADO TORNASOL VERDE,""2025-12-09 11:30:31"",""0.0"""
"[103634] PULSERA CANUTILLO METAL/FASCETADAS C/ DIJES,""2025-12-09 11:30:31"",""0.0"""
"[103651] PULSERA CUENTAS FLOREADAS NARANJA,""2025-12-09 11:30:31"",""0.0"""
"[103662] PULSERA CUENTAS VIDRIO REDONDAS/FASCETADAS ROSA,""2025-12-09 11:30:31"",""0.0"""
"[103665] PULSERA CUENTAS VIDRIO REDONDAS/OVALADAS GRIS,""2025-12-09 11:30:31"",""0.0"""
"[103658] PULSERA CUENTAS VIDRIO REDONDAS/CUADRADAS/FASCETADAS VIOLETA,""2025-12-09 11:30:31"",""0.0"""
"[103668] PULSERA DISCOS MADERA C/ VIRGENCITA CHOCOLATE,""2025-12-09 11:30:31"",""0.0"""
"[103667] PULSERA DISCOS MADERA C/ VIRGENCITA CARAMELO,""2025-12-09 11:30:31"",""0.0"""
"[103669] PULSERA DISCOS MADERA C/ VIRGENCITA NEGRO,""2025-12-09 11:30:31"",""0.0"""
"[103635] PULSERA CANUTILLO METAL/FASCETADAS C/ MARIPOSAS,""2025-12-09 11:30:31"",""0.0"""
"[103641] PULSERA CRISTAL REDONDO C/ MARIPOSAS PLATEADO,""2025-12-09 11:30:31"",""0.0"""
"[103698] PULSERA REDONDA ACUARELA CELESTE,""2025-12-09 11:30:31"",""0.0"""
"[103657] PULSERA CUENTAS VIDRIO REDONDAS/CUADRADAS/FASCETADAS ROSA,""2025-12-09 11:30:31"",""0.0"""
"[103655] PULSERA CUENTAS VIDRIO REDONDAS/CUADRADAS/FASCETADAS NEGRO,""2025-12-09 11:30:31"",""0.0"""
"[103640] PULSERA CRISTAL REDONDO C/ MARIPOSAS NEGRO,""2025-12-09 11:30:31"",""0.0"""
"[103660] PULSERA CUENTAS VIDRIO REDONDAS/FASCETADAS COBRE,""2025-12-09 11:30:31"",""0.0"""
"[103638] PULSERA CRISTAL FASCETADO TORNASOL VIOLETA,""2025-12-09 11:30:31"",""0.0"""
"[103650] PULSERA CUENTAS C/ CRUZ MADERA,""2025-12-09 11:30:31"",""0.0"""
"[103636] PULSERA CANUTILLO METAL/REDONDAS TORNASOL PLATEADO,""2025-12-09 11:30:31"",""0.0"""
"[103659] PULSERA CUENTAS VIDRIO REDONDAS/FASCETADAS CELESTE,""2025-12-09 11:30:31"",""0.0"""
"[103426] ARO PASANTE SEMI ARGOLLA PLANA (DORADO),""2025-12-09 11:30:31"",""0.0"""
"[103345] ARO PASANTE CORAZON CHICO (PLATEADO),""2025-12-09 11:30:31"",""0.0"""
"[103435] ARO PASANTE SEMI CUADRADO REDONDEADO (DORADO),""2025-12-09 11:30:31"",""0.0"""
"[103422] ARO PASANTE SEMI ARGOLLA MEDIANA CORRUGADA (DORADO),""2025-12-09 11:30:31"",""0.0"""
"[103313] ARO PASANTE ARGOLLA MEDIANA C/ BOLITAS (DORADO),""2025-12-09 11:30:31"",""0.0"""
"[103440] ARO PASANTE SEMI ESFERA MEDIANA (PLATEADO),""2025-12-09 11:30:31"",""0.0"""
"[103352] ARO PASANTE CURVO CHICO (DORADO),""2025-12-09 11:30:31"",""0.0"""
"[103330] ARO PASANTE BOTON CHICO (PLATEADO),""2025-12-09 11:30:31"",""0.0"""
"[103350] ARO PASANTE CUADRADO CHICO (PLATEADO),""2025-12-09 11:30:31"",""0.0"""
"[103329] ARO PASANTE BOTON CHICO (DORADO),""2025-12-09 11:30:31"",""0.0"""
"[103353] ARO PASANTE CURVO CHICO (PLATEADO),""2025-12-09 11:30:31"",""0.0"""
"[103317] ARO PASANTE ARGOLLA MEDIANA ENROLLADA (PLATEADO),""2025-12-09 11:30:31"",""0.0"""
"[103311] ARO PASANTE ARGOLLA MEDIANA (DORADO),""2025-12-09 11:30:31"",""0.0"""
"[103344] ARO PASANTE CORAZON CHICO (DORADO),""2025-12-09 11:30:31"",""0.0"""
"[103375] ARO PASANTE GOTA GRANDE (DORADO),""2025-12-09 11:30:31"",""0.0"""
"[103376] ARO PASANTE GOTA GRANDE (PLATEADO),""2025-12-09 11:30:31"",""0.0"""
"[103359] ARO PASANTE ESTRELLA CHICO (DORADO),""2025-12-09 11:30:31"",""0.0"""
"[103430] ARO PASANTE SEMI ARGOLLA SECCIONES (DORADO),""2025-12-09 11:30:31"",""0.0"""
"[103427] ARO PASANTE SEMI ARGOLLA PLANA (PLATEADO),""2025-12-09 11:30:31"",""0.0"""
"[103328] ARO PASANTE BOTON (PLATEADO),""2025-12-09 11:30:31"",""0.0"""
"[103349] ARO PASANTE CUADRADO CHICO (DORADO),""2025-12-09 11:30:31"",""0.0"""
"[103303] ARO PASANTE ARGOLLA GRANDE GLOBO (DORADO),""2025-12-09 11:30:31"",""0.0"""
"[103411] ARO PASANTE SEMI ARGOLLA ESCAMAS (PLATEADO),""2025-12-09 11:30:31"",""0.0"""
"[103441] ARO PASANTE SEMI ESLABON MEDIANO (DORADO),""2025-12-09 11:30:31"",""0.0"""
"[103369] ARO PASANTE FLOR MEDIANO (PLATEADO),""2025-12-09 11:30:31"",""0.0"""
"[103639] PULSERA CRISTAL REDONDO C/ MARIPOSAS AZUL,""2025-12-09 11:30:31"",""0.0"""
"[103673] PULSERA FASCETADA REDONDA/OJO TURCO TRANSPARENTE,""2025-12-09 11:30:31"",""0.0"""
"[103670] PULSERA FASCETADA REDONDA/OJO TURCO CELESTE,""2025-12-09 11:30:31"",""0.0"""
"[103671] PULSERA FASCETADA REDONDA/OJO TURCO NEGRO,""2025-12-09 11:30:31"",""0.0"""
"[103672] PULSERA FASCETADA REDONDA/OJO TURCO ROJO,""2025-12-09 11:30:31"",""0.0"""
"[103696] PULSERA HILO TRENZADO REGULABLE C/ OJO TURCO REDONDO CAMEL,""2025-12-09 11:30:31"",""0.0"""
"[103693] PULSERA HILO TRENZADO REGULABLE C/ MANITO CELESTE,""2025-12-09 11:30:31"",""0.0"""
"[103700] PULSERA REGULABLE CANUTILLO C/ CORAZON ROJO,""2025-12-09 11:30:31"",""0.0"""
"[103681] PULSERA HILO REGULABLE SIGNO (ACUARIO),""2025-12-09 11:30:31"",""0.0"""
"[103686] PULSERA HILO REGULABLE SIGNO (ARIES),""2025-12-09 11:30:31"",""0.0"""
"[103691] PULSERA HILO REGULABLE SIGNO (VIRGO),""2025-12-09 11:30:31"",""0.0"""
"[103682] PULSERA HILO REGULABLE SIGNO (CAPRICORNIO),""2025-12-09 11:30:31"",""0.0"""
"[103687] PULSERA HILO REGULABLE SIGNO (CANCER),""2025-12-09 11:30:31"",""0.0"""
"[103652] PULSERA CUENTAS MADERA CARAMELO,""2025-12-09 11:30:31"",""0.0"""
"[103653] PULSERA CUENTAS MADERA CHOCOLATE,""2025-12-09 11:30:31"",""0.0"""
"[103327] ARO PASANTE BOTON (DORADO),""2025-12-09 11:30:31"",""0.0"""
"[103421] ARO PASANTE SEMI ARGOLLA MEDIANA (PLATEADO),""2025-12-09 11:30:31"",""0.0"""
"[103362] ARO PASANTE FLOR BOLITAS (PLATEADO),""2025-12-09 11:30:31"",""0.0"""
"[103361] ARO PASANTE FLOR BOLITAS (DORADO),""2025-12-09 11:30:31"",""0.0"""
"[103410] ARO PASANTE SEMI ARGOLLA ESCAMAS (DORADO),""2025-12-09 11:30:31"",""0.0"""
"[103360] ARO PASANTE ESTRELLA CHICO (PLATEADO),""2025-12-09 11:30:31"",""0.0"""
"[103428] ARO PASANTE SEMI ARGOLLA PLANA RUSTICA (DORADO),""2025-12-09 11:30:31"",""0.0"""
"[103429] ARO PASANTE SEMI ARGOLLA PLANA RUSTICA (PLATEADO),""2025-12-09 11:30:31"",""0.0"""
"[103397] ARO PASANTE MEDIO CIRCULO GRANDE (PLATEADO),""2025-12-09 11:30:31"",""0.0"""
"[103290] ARO PASANTE ARGOLLA BOLITAS (PLATEADO),""2025-12-09 11:30:31"",""0.0"""
"[103289] ARO PASANTE ARGOLLA BOLITAS (DORADO),""2025-12-09 11:30:31"",""0.0"""
"[103347] ARO PASANTE CORAZON MEDIANO (DORADO),""2025-12-09 11:30:31"",""0.0"""
"[103348] ARO PASANTE CORAZON MEDIANO (PLATEADO),""2025-12-09 11:30:31"",""0.0"""
"[103432] ARO PASANTE SEMI CORAZON PLATEADO,""2025-12-09 11:30:31"",""0.0"""
"[103408] ARO PASANTE SEMI ARGOLLA CUADRADA DORADO,""2025-12-09 11:30:31"",""0.0"""
"[103381] ARO PASANTE GOTA GRANDE ANCHA (DORADO),""2025-12-09 11:30:31"",""0.0"""
"[103382] ARO PASANTE GOTA GRANDE ANCHA (PLATEADO),""2025-12-09 11:30:31"",""0.0"""
"[103403] ARO PASANTE PICO GRANDE DORADO,""2025-12-09 11:30:31"",""0.0"""
"[103393] ARO PASANTE MEDIA ESFERA GRANDE (PLATEADO),""2025-12-09 11:30:31"",""0.0"""
"[103392] ARO PASANTE MEDIA ESFERA GRANDE (DORADO),""2025-12-09 11:30:31"",""0.0"""
"[103371] ARO PASANTE GANCHO GRANDE (PLATEADO),""2025-12-09 11:30:31"",""0.0"""
"[103370] ARO PASANTE GANCHO GRANDE (DORADO),""2025-12-09 11:30:31"",""0.0"""
"[103346] ARO PASANTE CORAZON GRANDE DORADO,""2025-12-09 11:30:31"",""0.0"""
"[103351] ARO PASANTE CUADRADO GRANDE PLATEADO,""2025-12-09 11:30:31"",""0.0"""
"[103443] ARO PASANTE TRIANGULO GRANDE DORADO,""2025-12-09 11:30:31"",""0.0"""
"[103339] ARO PASANTE COLGANTE GOTA MEDIANA PLANA (PLATEADO),""2025-12-09 11:30:31"",""0.0"""
"[103315] ARO PASANTE ARGOLLA MEDIANA DORADO,""2025-12-09 11:30:31"",""0.0"""
"[103343] ARO PASANTE CONFITE (PLATEADO),""2025-12-09 11:30:31"",""0.0"""
"[103342] ARO PASANTE CONFITE (DORADO),""2025-12-09 11:30:31"",""0.0"""
"[103431] ARO PASANTE SEMI ARGOLLA SECCIONES (PLATEADO),""2025-12-09 11:30:31"",""0.0"""
"[103439] ARO PASANTE SEMI ESFERA MEDIANA (DORADO),""2025-12-09 11:30:31"",""0.0"""
"[103398] ARO PASANTE MEDIO CIRCULO GRANDE ANCHO (DORADO),""2025-12-09 11:30:31"",""0.0"""
"[103433] ARO PASANTE SEMI CUADRADO GRANDE (DORADO),""2025-12-09 11:30:31"",""0.0"""
"[103920] SET X6 BROCHES CHICOS CUADRADOS PASTEL,""2025-12-09 11:30:31"",""0.0"""
"[103469] BROCHE GRANDE FLOR MATE CRUDO,""2025-12-09 11:30:31"",""0.0"""
"[103474] BROCHE GRANDE MATE VERDE,""2025-12-09 11:30:31"",""0.0"""
"[103463] BROCHE GRANDE ANIMAL PRINT BEIGE CLARO,""2025-12-09 11:30:31"",""0.0"""
"[103892] SET X4 COLITAS C/ MOÑO PASTEL,""2025-12-09 11:30:31"",""0.0"""
"[103894] SET X4 COLITAS RAYADO PASTEL,""2025-12-09 11:30:31"",""0.0"""
"[103888] SET X4 BROCHES CHICOS MATE PASTEL,""2025-12-09 11:30:31"",""0.0"""
"[103828] SET X2 HEBILLAS METAL C/ CORAZON AMARILLO,""2025-12-09 11:30:31"",""0.0"""
"[103916] SET X5 BROCHES CHICOS FLORES + COLITAS,""2025-12-09 11:30:31"",""0.0"""
"[103798] SET HEBILLAS + GOMITAS SIRENAS,""2025-12-09 11:30:31"",""0.0"""
"[103796] SET GOMITAS + HEBILLAS UNICORNIO,""2025-12-09 11:30:31"",""0.0"""
"[103795] SET GOMITAS + HEBILLA MOÑO TORNASOL FUCSIA/ROSA,""2025-12-09 11:30:31"",""0.0"""
"[103797] SET GOMITAS MOÑO + BROCHES HELADO,""2025-12-09 11:30:31"",""0.0"""
"[103933] SET X8 HEBILLAS + GOMITAS PASTEL,""2025-12-09 11:30:31"",""0.0"""
"[103885] SET X4 BROCHES CHICOS C/ CORAZON TRANSPARENTES,""2025-12-09 11:30:31"",""0.0"""
"[103891] SET X4 BROCHES CHICOS TORNASOL ALMEJA,""2025-12-09 11:30:31"",""0.0"""
"[103792] SET COLITAS CONEJO C/ MOÑO,""2025-12-09 11:30:31"",""0.0"""
"[103820] SET X2 COLITAS KIWI/SANDIA,""2025-12-09 11:30:31"",""0.0"""
"[103833] SET X2 HEBILLAS METAL ESTRELLA,""2025-12-09 11:30:31"",""0.0"""
"[103902] SET X4 HEBILLAS METAL LISAS/ESTAMPADAS,""2025-12-09 11:30:31"",""0.0"""
"[103899] SET X4 HEBILLAS CEREZAS ROJO,""2025-12-09 11:30:31"",""0.0"""
"[103801] SET INVISIBLES METAL MIXTOS,""2025-12-09 11:30:31"",""0.0"""
"[103873] SET X3 HEBILLA MOÑO CORAZON C/ LENTEJUELA ROSA/CRUDO,""2025-12-09 11:30:31"",""0.0"""
"[103565] HEBILLA MOÑO C/ CORAZONES CORAL,""2025-12-09 11:30:31"",""0.0"""
"[103794] SET GOMITA MOÑO + PULSERA,""2025-12-09 11:30:31"",""0.0"""
"[103927] SET X6 HEBILLAS MOÑOS CHICOS C/ CORAZONES,""2025-12-09 11:30:31"",""0.0"""
"[103855] SET X2 MOÑOS + GOMITAS FUCSIA,""2025-12-09 11:30:31"",""0.0"""
"[103566] HEBILLA MOÑO DOBLE C/ LENTEJUELAS ESTRELLA ROSA,""2025-12-09 11:30:31"",""0.0"""
"[103852] SET X2 HEBILLAS MOÑOS MEDIANOS BLANCO,""2025-12-09 11:30:31"",""0.0"""
"[103877] SET X3 HEBILLAS MOÑO BRILLOS,""2025-12-09 11:30:31"",""0.0"""
"[103903] SET X4 HEBILLAS MOÑOS / MARIPOSAS CELESTE,""2025-12-09 11:30:31"",""0.0"""
"[103571] HEBILLA MOÑO GRANDE DOBLE ROSA,""2025-12-09 11:30:31"",""0.0"""
"[103568] HEBILLA MOÑO GRANDE DOBLE BORDO,""2025-12-09 11:30:31"",""0.0"""
"[103569] HEBILLA MOÑO GRANDE DOBLE FUCSIA/VIOLETA,""2025-12-09 11:30:31"",""0.0"""
"[103854] SET X2 HEBILLAS MOÑOS PASTEL ROSA,""2025-12-09 11:30:31"",""0.0"""
"[103901] SET X4 HEBILLAS MARIPOSAS/MOÑOS BRILLOS,""2025-12-09 11:30:31"",""0.0"""
"[103880] SET X3 HEBILLAS MOÑOS CINTA LILA,""2025-12-09 11:30:31"",""0.0"""
"[103838] SET X2 HEBILLAS MOÑO C/ PERLA ROSA,""2025-12-09 11:30:31"",""0.0"""
"[103840] SET X2 HEBILLAS MOÑOS C/ APLIQUE HELADO,""2025-12-09 11:30:31"",""0.0"""
"[103562] HEBILLA METAL CORAZONES DORADO,""2025-12-09 11:30:31"",""0.0"""
"[103561] GOMITA C/ PIEZA METAL DORADO,""2025-12-09 11:30:31"",""0.0"""
"[103832] SET X2 HEBILLAS METAL DORADO,""2025-12-09 11:30:31"",""0.0"""
"[103791] SCUNZI TUL C/ FLOR BRILLOS DORADO,""2025-12-09 11:30:31"",""0.0"""
"[103790] SCUNZI TUL C/ FLOR BRILLOS BEIGE,""2025-12-09 11:30:31"",""0.0"""
"[103812] SET X18 GOMITAS SURTIDO PASTEL,""2025-12-09 11:30:31"",""0.0"""
"[103926] SET X6 GOMITAS MEDIANAS MARRON,""2025-12-09 11:30:31"",""0.0"""
"[103896] SET X4 GOMITAS CABLE SURTIDO NUDE,""2025-12-09 11:30:31"",""0.0"""
"[103897] SET X4 GOMITAS CHICAS MARRON,""2025-12-09 11:30:31"",""0.0"""
"[103924] SET X6 GOMITAS MEDIANAS BRILLOS/FRUTILLAS,""2025-12-09 11:30:31"",""0.0"""
"[103914] SET X4 OREJITAS C/ POMPON TURQUESA,""2025-12-09 11:30:31"",""0.0"""
"[103907] SET X4 OREJITAS C/ ESTRELLAS FUCSIA/BLANCO,""2025-12-09 11:30:31"",""0.0"""
"[103909] SET X4 OREJITAS C/ ESTRELLAS NEGRO/BLANCO,""2025-12-09 11:30:31"",""0.0"""
"[103925] SET X6 GOMITAS MEDIANAS C/ ESTRELLA PLATEADO/NEGRO,""2025-12-09 11:30:31"",""0.0"""
"[103929] SET X6 MINI BROCHES ESTRELLA SURTIDO,""2025-12-09 11:30:31"",""0.0"""
"[103870] SET X3 GOMITAS C/ CONEJITOS SILICONA FUCSIA,""2025-12-09 11:30:31"",""0.0"""
"[103845] SET X2 HEBILLAS MOÑOS CHICOS ESTAMPADO CEREZAS,""2025-12-09 11:30:31"",""0.0"""
"[103932] SET X7 MINI BROCHES SURTIDOS PASTEL,""2025-12-09 11:30:31"",""0.0"""
"[103847] SET X2 HEBILLAS MOÑOS CHICOS ROSA,""2025-12-09 11:30:31"",""0.0"""
"[103572] HEBILLA MOÑO SALMON,""2025-12-09 11:30:31"",""0.0"""
"[103850] SET X2 HEBILLAS MOÑOS GLITTER BLANCO/VERDE,""2025-12-09 11:30:31"",""0.0"""
"[103810] SET X12 GOMITAS INFANTIL ROSA,""2025-12-09 11:30:31"",""0.0"""
"[103913] SET X4 OREJITAS C/ POMPON ROSA FLUO,""2025-12-09 11:30:31"",""0.0"""
"[103872] SET X3 GOMITAS GRANDES RAYADO SURTIDO,""2025-12-09 11:30:31"",""0.0"""
"[103931] SET X6 MINI BROCHES FLORCITAS SURTIDO,""2025-12-09 11:30:31"",""0.0"""
"[103822] SET X2 HEBILLA MOÑO CELESTE,""2025-12-09 11:30:31"",""0.0"""
"[103842] SET X2 HEBILLAS MOÑOS CHICOS CELESTE,""2025-12-09 11:30:31"",""0.0"""
"[103368] ARO PASANTE FLOR MEDIANO (DORADO),""2025-12-09 11:30:31"",""0.0"""
"[103442] ARO PASANTE SEMI ESLABON MEDIANO (PLATEADO),""2025-12-09 11:30:31"",""0.0"""
"[103419] ARO PASANTE SEMI ARGOLLA GRANDE PLANA (PLATEADO),""2025-12-09 11:30:31"",""0.0"""
"[103418] ARO PASANTE SEMI ARGOLLA GRANDE PLANA (DORADO),""2025-12-09 11:30:31"",""0.0"""
"[103366] ARO PASANTE FLOR MEDIANA CALADO (PLATEADO),""2025-12-09 11:30:31"",""0.0"""
"[103365] ARO PASANTE FLOR MEDIANA CALADO (DORADO),""2025-12-09 11:30:31"",""0.0"""
"[103436] ARO PASANTE SEMI CUADRADO REDONDEADO (PLATEADO),""2025-12-09 11:30:31"",""0.0"""
"[103423] ARO PASANTE SEMI ARGOLLA MEDIANA CORRUGADA (PLATEADO),""2025-12-09 11:30:31"",""0.0"""
"[103312] ARO PASANTE ARGOLLA MEDIANA (PLATEADO),""2025-12-09 11:30:31"",""0.0"""
"[103314] ARO PASANTE ARGOLLA MEDIANA C/ BOLITAS (PLATEADO),""2025-12-09 11:30:31"",""0.0"""
"[103316] ARO PASANTE ARGOLLA MEDIANA ENROLLADA (DORADO),""2025-12-09 11:30:31"",""0.0"""
"[103310] ARO PASANTE ARGOLLA LISA MEDIANA (PLATEADO),""2025-12-09 11:30:31"",""0.0"""
"[103309] ARO PASANTE ARGOLLA LISA MEDIANA (DORADO),""2025-12-09 11:30:31"",""0.0"""
"[103406] ARO PASANTE SEMI ARGOLLA CORRUGADA (DORADO),""2025-12-09 11:30:31"",""0.0"""
"[103337] ARO PASANTE COLGANTE GOTA GRANDE PLANA (PLATEADO),""2025-12-09 11:30:31"",""0.0"""
"[103319] ARO PASANTE ARGOLLA MEDIANA PLATEADO,""2025-12-09 11:30:31"",""0.0"""
"[103378] ARO PASANTE GOTA GRANDE (PLATEADO),""2025-12-09 11:30:31"",""0.0"""
"[103389] ARO PASANTE IRREGULAR (DORADO),""2025-12-09 11:30:31"",""0.0"""
"[103390] ARO PASANTE IRREGULAR (PLATEADO),""2025-12-09 11:30:31"",""0.0"""
"[103383] ARO PASANTE GOTA GRANDE DORADO,""2025-12-09 11:30:31"",""0.0"""
"[103372] ARO PASANTE GLOBO IRREGULAR PLATEADO,""2025-12-09 11:30:31"",""0.0"""
"[103391] ARO PASANTE IRREGULAR CHICO SIMIL ARGOLLA DORADO,""2025-12-09 11:30:31"",""0.0"""
"[103388] ARO PASANTE HEXAGONAL MEDIANO PLATEADO,""2025-12-09 11:30:31"",""0.0"""
"[103293] ARO PASANTE ARGOLLA CHICA LISA PLATEADO,""2025-12-09 11:30:31"",""0.0"""
"[103292] ARO PASANTE ARGOLLA C/ ARANDELAS (PLATEADO),""2025-12-09 11:30:31"",""0.0"""
"[103291] ARO PASANTE ARGOLLA C/ ARANDELAS (DORADO),""2025-12-09 11:30:31"",""0.0"""
"[103300] ARO PASANTE ARGOLLA GRANDE ESCAMAS (DORADO),""2025-12-09 11:30:31"",""0.0"""
"[103322] ARO PASANTE ARGOLLA MEDIANA TORCIDA (PLATEADO),""2025-12-09 11:30:31"",""0.0"""
"[103321] ARO PASANTE ARGOLLA MEDIANA TORCIDA (DORADO),""2025-12-09 11:30:31"",""0.0"""
"[103416] ARO PASANTE SEMI ARGOLLA GRANDE ESTILO GOTA (DORADO),""2025-12-09 11:30:31"",""0.0"""
"[103417] ARO PASANTE SEMI ARGOLLA GRANDE ESTILO GOTA (PLATEADO),""2025-12-09 11:30:31"",""0.0"""
"[103308] ARO PASANTE ARGOLLA GRANDE PLANA (PLATEADO),""2025-12-09 11:30:31"",""0.0"""
"[103307] ARO PASANTE ARGOLLA GRANDE PLANA (DORADO),""2025-12-09 11:30:31"",""0.0"""
"[103415] ARO PASANTE SEMI ARGOLLA GRANDE CORRUGADO (PLATEADO),""2025-12-09 11:30:31"",""0.0"""
"[103414] ARO PASANTE SEMI ARGOLLA GRANDE CORRUGADO (DORADO),""2025-12-09 11:30:31"",""0.0"""
"[103297] ARO PASANTE ARGOLLA GRANDE (DORADO),""2025-12-09 11:30:31"",""0.0"""
"[103298] ARO PASANTE ARGOLLA GRANDE (PLATEADO),""2025-12-09 11:30:31"",""0.0"""
"[103302] ARO PASANTE ARGOLLA GRANDE GANCHO PLATEADO,""2025-12-09 11:30:31"",""0.0"""
"[103318] ARO PASANTE ARGOLLA MEDIANA GRUESA PLATEADO,""2025-12-09 11:30:31"",""0.0"""
"[103358] ARO PASANTE ESTILO V MEDIANO (PLATEADO),""2025-12-09 11:30:31"",""0.0"""
"[103357] ARO PASANTE ESTILO V MEDIANO (DORADO),""2025-12-09 11:30:31"",""0.0"""
"[103338] ARO PASANTE COLGANTE GOTA MEDIANA PLANA (DORADO),""2025-12-09 11:30:31"",""0.0"""
"[103815] SET X2 ANILLOS INFANTILES FLORES PASTEL,""2025-12-09 11:30:31"",""0.0"""
"[103814] SET X2 ANILLOS INFANTILES FLOR/CORAZON LILA,""2025-12-09 11:30:31"",""0.0"""
"[103817] SET X2 ANILLOS INFANTILES MOÑO/CHERRY,""2025-12-09 11:30:31"",""0.0"""
"[103813] SET X2 ANILLOS INFANTILES CONEJO/CEREZAS,""2025-12-09 11:30:31"",""0.0"""
"[103816] SET X2 ANILLOS INFANTILES HELADO/CORAZON,""2025-12-09 11:30:31"",""0.0"""
"[103857] SET X2 PULSERAS CRISTAL ROMBO CELESTE/AZUL,""2025-12-09 11:30:31"",""0.0"""
"[103856] SET X2 PULSERAS CRISTAL ROMBO BLANCO/BEIGE,""2025-12-09 11:30:31"",""0.0"""
"[103858] SET X2 PULSERAS CRISTAL ROMBO ROSA/ROJO,""2025-12-09 11:30:31"",""0.0"""
"[103859] SET X2 PULSERAS CRISTAL ROMBO VIOLETA/GRIS,""2025-12-09 11:30:31"",""0.0"""
"[103732] ROSARIO MADERA MARRON,""2025-12-09 11:30:31"",""0.0"""
"[103434] ARO PASANTE SEMI CUADRADO GRANDE (PLATEADO),""2025-12-09 11:30:31"",""0.0"""
"[103407] ARO PASANTE SEMI ARGOLLA CORRUGADA (PLATEADO),""2025-12-09 11:30:31"",""0.0"""
"[103405] ARO PASANTE SEMI ARGOLLA CHICA (PLATEADO),""2025-12-09 11:30:31"",""0.0"""
"[103904] SET X4 MINI GOMITAS C/ BOLITAS OREJITAS,""2025-12-09 11:30:31"",""0.0"""
"[103447] BANDOLERA FRIDA (AZUL),""2025-12-09 11:30:31"",""0.0"""
"[103449] BANDOLERA FRIDA (BORDO),""2025-12-09 11:30:31"",""0.0"""
"[103448] BANDOLERA FRIDA (BEIGE),""2025-12-09 11:30:31"",""0.0"""
"[103510] CARTUCHERA CILINDRO (BORDO),""2025-12-09 11:30:31"",""0.0"""
"[103511] CARTUCHERA CILINDRO (CORAL),""2025-12-09 11:30:31"",""0.0"""
"[103509] CARTUCHERA CILINDRO (BLANCO),""2025-12-09 11:30:31"",""0.0"""
"[103512] CARTUCHERA CILINDRO (DURAZNO),""2025-12-09 11:30:31"",""0.0"""
"[103513] CARTUCHERA CILINDRO (NEGRO),""2025-12-09 11:30:31"",""0.0"""
"[103516] CARTUCHERA CILINDRO (VISON),""2025-12-09 11:30:31"",""0.0"""
"[103530] CARTUCHERA LUNA (PU, BORDO),""2025-12-09 11:30:31"",""0.0"""
"[103533] CARTUCHERA LUNA (PU, GRIS),""2025-12-09 11:30:31"",""0.0"""
"[103543] CARTUCHERA MONI (BLANCO),""2025-12-09 11:30:31"",""0.0"""
"[103544] CARTUCHERA MONI (CORAL),""2025-12-09 11:30:31"",""0.0"""
"[103548] CARTUCHERA PU (PU, AZUL),""2025-12-09 11:30:31"",""0.0"""
"[103549] CARTUCHERA PU (PU, BORDO),""2025-12-09 11:30:31"",""0.0"""
"[103551] CARTUCHERA PU (PU, CORAL),""2025-12-09 11:30:31"",""0.0"""
"[103556] CARTUCHERA PU (PU, VISON),""2025-12-09 11:30:31"",""0.0"""
"[103576] MOCHILA LOLA (BLANCO),""2025-12-09 11:30:31"",""0.0"""
"[103578] MOCHILA LOLA (CORAL),""2025-12-09 11:30:31"",""0.0"""
"[103579] MOCHILA LOLA (CRUDO),""2025-12-09 11:30:31"",""0.0"""
"[103580] MOCHILA LOLA (GRIS),""2025-12-09 11:30:31"",""0.0"""
"[103583] MOCHILA MARINERA (CANVA/DENIM, REPTIL),""2025-12-09 11:30:31"",""0.0"""
"[103586] MONEDERO EVA,""2025-12-09 11:30:31"",""0.0"""
"[103593] PHONEBAG 01 (PU, AZUL),""2025-12-09 11:30:31"",""0.0"""
"[103594] PHONEBAG 01 (PU, BLANCO),""2025-12-09 11:30:31"",""0.0"""
"[103595] PHONEBAG 01 (PU, CELESTE),""2025-12-09 11:30:31"",""0.0"""
"[103596] PHONEBAG 01 (PU, CRUDO),""2025-12-09 11:30:31"",""0.0"""
"[103597] PHONEBAG 01 (PU, FUCSIA),""2025-12-09 11:30:31"",""0.0"""
"[103598] PHONEBAG 01 (PU, ROSA),""2025-12-09 11:30:31"",""0.0"""
"[103599] PHONEBAG 01 (PU, VERDE),""2025-12-09 11:30:31"",""0.0"""
"[103592] PHONEBAG 01 (CROCO, VERDE),""2025-12-09 11:30:31"",""0.0"""
"[103611] PORTACOSMETICOS LAURA (NEGRO),""2025-12-09 11:30:31"",""0.0"""
"[103607] PORTACOSMETICOS LAURA (BLANCO),""2025-12-09 11:30:31"",""0.0"""
"[103610] PORTACOSMETICOS LAURA (CRUDO),""2025-12-09 11:30:31"",""0.0"""
"[103616] PORTACOSMETICOS LAURA (VISON),""2025-12-09 11:30:31"",""0.0"""
"[103605] PORTACOSMETICOS LAURA (AZUL),""2025-12-09 11:30:31"",""0.0"""
"[103615] PORTACOSMETICOS LAURA (VERDE),""2025-12-09 11:30:31"",""0.0"""
"[103609] PORTACOSMETICOS LAURA (CELESTE),""2025-12-09 11:30:31"",""0.0"""
"[103617] PORTACOSMETICOS UMA (AZUL),""2025-12-09 11:30:31"",""0.0"""
"[103618] PORTACOSMETICOS UMA (BEIGE),""2025-12-09 11:30:31"",""0.0"""
"[103620] PORTACOSMETICOS UMA (BORDO),""2025-12-09 11:30:31"",""0.0"""
"[103623] PORTACOSMETICOS UMA (DURAZNO),""2025-12-09 11:30:31"",""0.0"""
"[103621] PORTACOSMETICOS UMA (CORAL),""2025-12-09 11:30:31"",""0.0"""
"[103622] PORTACOSMETICOS UMA (CRUDO),""2025-12-09 11:30:31"",""0.0"""
"[103624] PORTACOSMETICOS UMA (GRIS),""2025-12-09 11:30:31"",""0.0"""
"[103625] PORTACOSMETICOS UMA (NEGRO),""2025-12-09 11:30:31"",""0.0"""
"[103628] PORTACOSMETICOS UMA (ROSA),""2025-12-09 11:30:31"",""0.0"""
"[103631] PORTALENTES LUZ (ANIMAL PRINT),""2025-12-09 11:30:31"",""0.0"""
"[103632] PORTALENTES LUZ (VERDE),""2025-12-09 11:30:31"",""0.0"""
"[103718] RIÑONERA CARLA (AZUL),""2025-12-09 11:30:31"",""0.0"""
"[103719] RIÑONERA CARLA (BLANCO),""2025-12-09 11:30:31"",""0.0"""
"[103720] RIÑONERA CARLA (BORDO),""2025-12-09 11:30:31"",""0.0"""
"[103721] RIÑONERA CARLA (CRUDO),""2025-12-09 11:30:31"",""0.0"""
"[103723] RIÑONERA CARLA (NEGRO TRAMA),""2025-12-09 11:30:31"",""0.0"""
"[103724] RIÑONERA CARLA (ROJO),""2025-12-09 11:30:31"",""0.0"""
"[103725] RIÑONERA CARLA (ROSA),""2025-12-09 11:30:31"",""0.0"""
"[103726] RIÑONERA FLAT (AZUL),""2025-12-09 11:30:31"",""0.0"""
"[103727] RIÑONERA FLAT (BLANCO),""2025-12-09 11:30:31"",""0.0"""
"[103731] RIÑONERA FLAT (NEGRO TRAMA),""2025-12-09 11:30:31"",""0.0"""
"[103729] RIÑONERA FLAT (ROJO),""2025-12-09 11:30:31"",""0.0"""
"[103730] RIÑONERA FLAT (ROSA),""2025-12-09 11:30:31"",""0.0"""
"[103935] SHOPPER CORA (CORAL),""2025-12-09 11:30:31"",""0.0"""
"[103938] SHOPPER FLORES,""2025-12-09 11:30:31"",""0.0"""
"[103939] SHOPPER MARU (AZUL),""2025-12-09 11:30:31"",""0.0"""
"[103940] SHOPPER MARU (BLANCO),""2025-12-09 11:30:31"",""0.0"""
"[103941] SHOPPER MARU (BORDO),""2025-12-09 11:30:31"",""0.0"""
"[103943] SHOPPER MARU (CORAL),""2025-12-09 11:30:31"",""0.0"""
"[103944] SHOPPER MARU (CRUDO),""2025-12-09 11:30:31"",""0.0"""
"[103942] SHOPPER MARU (CELESTE),""2025-12-09 11:30:31"",""0.0"""
"[103945] SHOPPER MARU (NEGRO),""2025-12-09 11:30:31"",""0.0"""
"[103946] SHOPPER MARU (ROJO),""2025-12-09 11:30:31"",""0.0"""
"[103948] SHOPPER MARU (VERDE),""2025-12-09 11:30:31"",""0.0"""
"[103951] SOBRE ANALIA CHICO (PU, AZUL),""2025-12-09 11:30:31"",""0.0"""
"[103952] SOBRE ANALIA CHICO (PU, BLANCO),""2025-12-09 11:30:31"",""0.0"""
"[103953] SOBRE ANALIA CHICO (PU, BORDO),""2025-12-09 11:30:31"",""0.0"""
"[103954] SOBRE ANALIA CHICO (PU, CORAL),""2025-12-09 11:30:31"",""0.0"""
"[103956] SOBRE ANALIA CHICO (PU, NEGRO),""2025-12-09 11:30:31"",""0.0"""
"[103961] SOBRE ANALIA GRANDE (PU, AZUL),""2025-12-09 11:30:31"",""0.0"""
"[103962] SOBRE ANALIA GRANDE (PU, BEIGE),""2025-12-09 11:30:31"",""0.0"""
"[103963] SOBRE ANALIA GRANDE (PU, BLANCO),""2025-12-09 11:30:31"",""0.0"""
"[103964] SOBRE ANALIA GRANDE (PU, BORDO),""2025-12-09 11:30:31"",""0.0"""
"[103966] SOBRE ANALIA GRANDE (PU, GRIS),""2025-12-09 11:30:31"",""0.0"""
"[103967] SOBRE ANALIA GRANDE (PU, NEGRO),""2025-12-09 11:30:31"",""0.0"""
"[103970] SOBRE ANALIA GRANDE (PU, VISON),""2025-12-09 11:30:31"",""0.0"""
"[103601] PHONEBAG SOFIA (CRUDO),""2025-12-09 11:30:31"",""0.0"""
"[103602] PHONEBAG SOFIA (NEGRO),""2025-12-09 11:30:31"",""0.0"""
"[103600] PHONEBAG SOFIA (BLANCO),""2025-12-09 11:30:31"",""0.0"""
"[103604] PHONEBAG SOFIA (ROSA),""2025-12-09 11:30:31"",""0.0"""
"[103514] CARTUCHERA CILINDRO (SALMON),""2025-12-09 11:30:31"",""0.0"""
"[103521] CARTUCHERA JANA (SALMON),""2025-12-09 11:30:31"",""0.0"""
"[103535] CARTUCHERA LUNA (PU, SALMON),""2025-12-09 11:30:31"",""0.0"""
"[103547] CARTUCHERA MONI (SALMON),""2025-12-09 11:30:31"",""0.0"""
"[103619] PORTACOSMETICOS UMA (BLANCO),""2025-12-09 11:30:31"",""0.0"""
"[103949] SHOPPER MARU (SALMON),""2025-12-09 11:30:31"",""0.0"""
"[103957] SOBRE ANALIA CHICO (PU, SALMON),""2025-12-09 11:30:31"",""0.0"""
"[103959] SOBRE ANALIA CHICO (PU, VISON),""2025-12-09 11:30:31"",""0.0"""
"[103969] SOBRE ANALIA GRANDE (PU, SALMON),""2025-12-09 11:30:31"",""0.0"""
"[103629] PORTACOSMETICOS UMA (SALMON),""2025-12-09 11:30:31"",""0.0"""
"[103613] PORTACOSMETICOS LAURA (ROSA),""2025-12-09 11:30:31"",""0.0"""
"[103606] PORTACOSMETICOS LAURA (BEIGE),""2025-12-09 11:30:31"",""0.0"""
"[103947] SHOPPER MARU (ROSA),""2025-12-09 11:30:31"",""0.0"""
"[103462] BOLSO PATRICIA,""2025-12-09 11:30:31"",""0.0"""
"[103977] SOBRE PRAGA (BORDO),""2025-12-09 11:30:31"",""0.0"""
"[103490] CADENA LETRA (A, PLATEADO),""2025-12-09 11:30:31"",""0.0"""
"[103491] CADENA LETRA (B, PLATEADO),""2025-12-09 11:30:31"",""0.0"""
"[103492] CADENA LETRA (C, PLATEADO),""2025-12-09 11:30:31"",""0.0"""
"[103493] CADENA LETRA (D, PLATEADO),""2025-12-09 11:30:31"",""0.0"""
"[103494] CADENA LETRA (E, PLATEADO),""2025-12-09 11:30:31"",""0.0"""
"[103495] CADENA LETRA (F, PLATEADO),""2025-12-09 11:30:31"",""0.0"""
"[103496] CADENA LETRA (G, PLATEADO),""2025-12-09 11:30:31"",""0.0"""
"[103497] CADENA LETRA (J, PLATEADO),""2025-12-09 11:30:31"",""0.0"""
"[103508] CADENA LETRA (L, PLATEADO),""2025-12-09 11:30:31"",""0.0"""
"[103506] CADENA LETRA (M, PLATEADO),""2025-12-09 11:30:31"",""0.0"""
"[103498] CADENA LETRA (N, PLATEADO),""2025-12-09 11:30:31"",""0.0"""
"[103499] CADENA LETRA (R, PLATEADO),""2025-12-09 11:30:31"",""0.0"""
"[103504] CADENA LETRA (S, PLATEADO),""2025-12-09 11:30:31"",""0.0"""
"[103500] CADENA LETRA (T, PLATEADO),""2025-12-09 11:30:31"",""0.0"""
"[103501] CADENA LETRA (V, PLATEADO),""2025-12-09 11:30:31"",""0.0"""
"[103502] CADENA LETRA (Y, PLATEADO),""2025-12-09 11:30:31"",""0.0"""
"[103477] CADENA LETRA (A, DORADO),""2025-12-09 11:30:31"",""0.0"""
"[103478] CADENA LETRA (B, DORADO),""2025-12-09 11:30:31"",""0.0"""
"[103479] CADENA LETRA (C, DORADO),""2025-12-09 11:30:31"",""0.0"""
"[103480] CADENA LETRA (D, DORADO),""2025-12-09 11:30:31"",""0.0"""
"[103481] CADENA LETRA (E, DORADO),""2025-12-09 11:30:31"",""0.0"""
"[103482] CADENA LETRA (F, DORADO),""2025-12-09 11:30:31"",""0.0"""
"[103483] CADENA LETRA (G, DORADO),""2025-12-09 11:30:31"",""0.0"""
"[103484] CADENA LETRA (J, DORADO),""2025-12-09 11:30:31"",""0.0"""
"[103507] CADENA LETRA (L, DORADO),""2025-12-09 11:30:31"",""0.0"""
"[103505] CADENA LETRA (M, DORADO),""2025-12-09 11:30:31"",""0.0"""
"[103485] CADENA LETRA (N, DORADO),""2025-12-09 11:30:31"",""0.0"""
"[103486] CADENA LETRA (R, DORADO),""2025-12-09 11:30:31"",""0.0"""
"[103503] CADENA LETRA (S, DORADO),""2025-12-09 11:30:31"",""0.0"""
"[103487] CADENA LETRA (T, DORADO),""2025-12-09 11:30:31"",""0.0"""
"[103488] CADENA LETRA (V, DORADO),""2025-12-09 11:30:31"",""0.0"""
"[103489] CADENA LETRA (Y, DORADO),""2025-12-09 11:30:31"",""0.0"""
"[103475] CADENA CRUZ BRILLOS RECTA PLATEADO,""2025-12-09 11:30:31"",""0.0"""
"[103476] CADENA CRUZ BRILLOS REDONDOS PLATEADO,""2025-12-09 11:30:31"",""0.0"""
"[103975] SOBRE PAMPA CHICO (SUELA),""2025-12-09 11:30:31"",""0.0"""
"[103972] SOBRE PAMPA CHICO (NEGRO),""2025-12-09 11:30:31"",""0.0"""
"[103974] SOBRE PAMPA CHICO (ROJO),""2025-12-09 11:30:31"",""0.0"""
"[103591] NECESSAIRE TOM,""2025-12-09 11:30:31"",""0.0"""
"[103973] SOBRE PAMPA CHICO (RAYAS),""2025-12-09 11:30:31"",""0.0"""
"[103630] PORTACOSMETICOS UMA (VISON),""2025-12-09 11:30:31"",""0.0"""
"[103515] CARTUCHERA CILINDRO (VERDE),""2025-12-09 11:30:31"",""0.0"""
"[103976] SOBRE PAMPA GRANDE,""2025-12-09 11:30:31"",""0.0"""
"[103680] PULSERA HILO REGULABLE OJO TURCO CELESTE/PLATEADO ,""2025-12-09 11:30:31"",""0.0"""
"[103958] SOBRE ANALIA CHICO (PU, VERDE),""2025-12-09 11:30:31"",""0.0"""
"[103978] SOBRE PRAGA (CELESTE),""2025-12-09 11:30:31"",""0.0"""
"[103519] CARTUCHERA CILINDRO (ROSA),""2025-12-09 11:30:31"",""0.0"""
"[103517] CARTUCHERA CILINDRO (AZUL),""2025-12-09 11:30:31"",""0.0"""
"[103518] CARTUCHERA CILINDRO (GRIS),""2025-12-09 11:30:31"",""0.0"""
"[103522] CARTUCHERA JANA (AZUL),""2025-12-09 11:30:31"",""0.0"""
"[103526] CARTUCHERA JANA (ROSA),""2025-12-09 11:30:31"",""0.0"""
"[103524] CARTUCHERA JANA (CRUDO),""2025-12-09 11:30:31"",""0.0"""
"[103527] CARTUCHERA JANA (VISON),""2025-12-09 11:30:31"",""0.0"""
"[103537] CARTUCHERA LUNA (PU, AZUL),""2025-12-09 11:30:31"",""0.0"""
"[103540] CARTUCHERA LUNA (PU, VISON),""2025-12-09 11:30:31"",""0.0"""
"[103539] CARTUCHERA LUNA (PU, NEGRO),""2025-12-09 11:30:31"",""0.0"""
"[103525] CARTUCHERA JANA (NEGRO),""2025-12-09 11:30:31"",""0.0"""
"[103772] SCRAP MARRO GRANDE 44990,""2025-12-09 11:30:31"",""0.0"""
"[103766] SCRAP MARRO GRANDE 14990,""2025-12-09 11:30:31"",""0.0"""
"[103767] SCRAP MARRO GRANDE 19990,""2025-12-09 11:30:31"",""0.0"""
"[103768] SCRAP MARRO GRANDE 24990,""2025-12-09 11:30:31"",""0.0"""
"[103769] SCRAP MARRO GRANDE 29990,""2025-12-09 11:30:31"",""0.0"""
"[103770] SCRAP MARRO GRANDE 34990,""2025-12-09 11:30:31"",""0.0"""
"[103771] SCRAP MARRO GRANDE 39990,""2025-12-09 11:30:31"",""0.0"""
"[103759] SCRAP MARRO CHICA 3990,""2025-12-09 11:30:31"",""0.0"""
"[103760] SCRAP MARRO CHICA 4990,""2025-12-09 11:30:31"",""0.0"""
"[103761] SCRAP MARRO CHICA 5990,""2025-12-09 11:30:31"",""0.0"""
"[103762] SCRAP MARRO CHICA 6990,""2025-12-09 11:30:31"",""0.0"""
"[103763] SCRAP MARRO CHICA 7990,""2025-12-09 11:30:31"",""0.0"""
"[103764] SCRAP MARRO CHICA 8990,""2025-12-09 11:30:31"",""0.0"""
"[103765] SCRAP MARRO CHICA 9990,""2025-12-09 11:30:31"",""0.0"""
"[103758] SCRAP MARRO CHICA 14990,""2025-12-09 11:30:31"",""0.0"""
"[103751] SCRAP HOME 3990,""2025-12-09 11:30:31"",""0.0"""
"[103752] SCRAP HOME 4990,""2025-12-09 11:30:31"",""0.0"""
"[103753] SCRAP HOME 5990,""2025-12-09 11:30:31"",""0.0"""
"[103754] SCRAP HOME 6990,""2025-12-09 11:30:31"",""0.0"""
"[103755] SCRAP HOME 7990,""2025-12-09 11:30:31"",""0.0"""
"[103756] SCRAP HOME 8990,""2025-12-09 11:30:31"",""0.0"""
"[103757] SCRAP HOME 9990,""2025-12-09 11:30:31"",""0.0"""
"[103746] SCRAP HOME 14990,""2025-12-09 11:30:31"",""0.0"""
"[103785] SCRAP TEXTIL 7990,""2025-12-09 11:30:31"",""0.0"""
"[103786] SCRAP TEXTIL 8990,""2025-12-09 11:30:31"",""0.0"""
"[103787] SCRAP TEXTIL 9990,""2025-12-09 11:30:31"",""0.0"""
"[103778] SCRAP TEXTIL 14990,""2025-12-09 11:30:31"",""0.0"""
"[103780] SCRAP TEXTIL 24990,""2025-12-09 11:30:31"",""0.0"""
"[103781] SCRAP TEXTIL 29990,""2025-12-09 11:30:31"",""0.0"""
"[103782] SCRAP TEXTIL 34990,""2025-12-09 11:30:31"",""0.0"""
"[103783] SCRAP TEXTIL 39990,""2025-12-09 11:30:31"",""0.0"""
"[103784] SCRAP TEXTIL 44990,""2025-12-09 11:30:31"",""0.0"""
"[103733] SCRAP BEAUTY 3990,""2025-12-09 11:30:31"",""0.0"""
"[103734] SCRAP BEAUTY 4990,""2025-12-09 11:30:31"",""0.0"""
"[103735] SCRAP BEAUTY 5990,""2025-12-09 11:30:31"",""0.0"""
"[103736] SCRAP BEAUTY 6990,""2025-12-09 11:30:31"",""0.0"""
"[103737] SCRAP BEAUTY 7990,""2025-12-09 11:30:31"",""0.0"""
"[103738] SCRAP BEAUTY 8990,""2025-12-09 11:30:31"",""0.0"""
"[103739] SCRAP BEAUTY 9990,""2025-12-09 11:30:31"",""0.0"""
"[103750] SCRAP HOME 29990,""2025-12-09 11:30:31"",""0.0"""
"[103936] SHOPPER CORA (BORDO),""2025-12-09 11:30:31"",""0.0"""
"[103538] CARTUCHERA LUNA (PU, CELESTE),""2025-12-09 11:30:31"",""0.0"""
"[103740] SCRAP BIJOU 1990,""2025-12-09 11:30:31"",""0.0"""
"[103741] SCRAP BIJOU 2990,""2025-12-09 11:30:31"",""0.0"""
"[103742] SCRAP BIJOU 3990,""2025-12-09 11:30:31"",""0.0"""
"[103743] SCRAP BIJOU 4990,""2025-12-09 11:30:31"",""0.0"""
"[103744] SCRAP BIJOU 5990,""2025-12-09 11:30:31"",""0.0"""
"[103745] SCRAP BIJOU 6990,""2025-12-09 11:30:31"",""0.0"""
"[103285] ARMA TU LOOK (CORAZONES GRANDES),""2025-12-09 11:30:31"",""0.0"""
"[103287] ARMA TU LOOK (LETRAS COLORES CUBOS BLANCOS),""2025-12-09 11:30:31"",""0.0"""
"[103286] ARMA TU LOOK (LETRAS BYN CUBOS),""2025-12-09 11:30:31"",""0.0"""
"[103288] ARMA TU LOOK (LETRAS CUBO NEGRO),""2025-12-09 11:30:31"",""0.0"""
"[103979] SOBRE PRAGA (VERDE),""2025-12-09 11:30:31"",""0.0"""
"[103557] CARTUCHERA PU (PU, VERDE),""2025-12-09 11:30:31"",""0.0"""
"[103523] CARTUCHERA JANA (BORDO),""2025-12-09 11:30:31"",""0.0"""
"[103960] SOBRE ANALIA CHICO (PU, NEGRO TRAMA),""2025-12-09 11:30:31"",""0.0"""
"[103177] ARMA TU LOOK (CORAZONES PASTEL GRANDES),""2025-12-09 11:30:31"",""0.0"""
"[103276] ARMA TU LOOK (LETRAS CUBOS PLATEADOS),""2025-12-09 11:30:31"",""0.0"""
"[103275] ARMA TU LOOK (LETRAS CUBOS DORADOS),""2025-12-09 11:30:31"",""0.0"""
"[103278] ARMA TU LOOK (LETRAS CUBOS COLORES MEDIANOS),""2025-12-09 11:30:31"",""0.0"""
"[103277] ARMA TU LOOK (LETRAS CUBOS COLORES CHICOS),""2025-12-09 11:30:31"",""0.0"""
"[103272] ARMA TU LOOK (LETRAS TRANSPARENTES COLORES),""2025-12-09 11:30:31"",""0.0"""
"[103273] ARMA TU LOOK (LETRAS COLORES/BLANCO REDONDAS),""2025-12-09 11:30:31"",""0.0"""
"[103271] ARMA TU LOOK (LETRAS BYN REDONDAS),""2025-12-09 11:30:31"",""0.0"""
"[103279] ARMA TU LOOK (LETRAS DORADAS),""2025-12-09 11:30:31"",""0.0"""
"[103274] ARMA TU LOOK (LETRAS CORAZONES CHICOS),""2025-12-09 11:30:31"",""0.0"""
"[103270] ARMA TU LOOK (LETRAS BYN CUBO NEGRO),""2025-12-09 11:30:31"",""0.0"""
"[103283] ARMA TU LOOK (LETRAS PASTEL CUBOS BLANCOS),""2025-12-09 11:30:31"",""0.0"""
"[103269] ARMA TU LOOK (DIBUJOS TRANSPARENTES),""2025-12-09 11:30:31"",""0.0"""
"[103267] ARMA TU LOOK (CUBOS BLANCOS CARITAS),""2025-12-09 11:30:31"",""0.0"""
"[103268] ARMA TU LOOK (CUBOS COLORES CARITAS),""2025-12-09 11:30:31"",""0.0"""
"[103280] ARMA TU LOOK (LETRAS FLUO TRANSPARENTES),""2025-12-09 11:30:31"",""0.0"""
"[103284] ARMA TU LOOK (LETRAS FLUO TRANSPARENTES CHICAS),""2025-12-09 11:30:31"",""0.0"""
"[103266] ARMA TU LOOK (CORAZONES LETRAS PLATEADOS),""2025-12-09 11:30:31"",""0.0"""
"[103265] ARMA TU LOOK (CORAZONES LETRAS DORADOS),""2025-12-09 11:30:31"",""0.0"""
"[103282] ARMA TU LOOK (LETRAS METALIZADAS TRANSPARENTES),""2025-12-09 11:30:31"",""0.0"""
"[100893] ARMA TU LOOK (CARITAS PASTEL REDONDAS),""2025-12-09 11:30:31"",""0.0"""
"[103996] ARMA TU LOOK (CARITAS TRANSPARENTES),""2025-12-09 11:30:31"",""0.0"""
"[100892] ARMA TU LOOK (CARITAS TRANSPARENTES FLUO),""2025-12-09 11:30:31"",""0.0"""
"[100557] ARMA TU LOOK (CARITAS MATE FLUO),""2025-12-09 11:30:31"",""0.0"""
"[103773] SCRAP PELO 1490,""2025-12-09 11:30:31"",""0.0"""
"[103774] SCRAP PELO 1990,""2025-12-09 11:30:31"",""0.0"""
"[103775] SCRAP PELO 2990,""2025-12-09 11:30:31"",""0.0"""
"[103776] SCRAP PELO 3990,""2025-12-09 11:30:31"",""0.0"""
"[103777] SCRAP PELO 6990,""2025-12-09 11:30:31"",""0.0"""
"[103559] CHALINA SELECCION,""2025-12-09 11:30:31"",""0.0"""
"[103747] SCRAP HOME 1990,""2025-12-09 11:30:31"",""0.0"""
"[103749] SCRAP HOME 2990,""2025-12-09 11:30:31"",""0.0"""
"[103923] SET X6 GOMITAS GRANDES MARRON,""2025-12-09 11:32:30"",""0.0"""
"[101873] ANILLO BOMBE (1) (15),""2025-12-09 11:58:10"",""0.0"""
"[101874] ANILLO BOMBE (1) (19),""2025-12-09 11:58:10"",""0.0"""
"[101877] ANILLO BOMBE (2) (13),""2025-12-09 11:58:10"",""0.0"""
"[101879] ANILLO BOMBE (2) (15),""2025-12-09 11:58:10"",""0.0"""
"[101881] ANILLO BOMBE (3) (12),""2025-12-09 11:58:10"",""0.0"""
"[101882] ANILLO BOMBE (3) (16),""2025-12-09 11:58:10"",""0.0"""
"[101884] ANILLO BOMBE (4) (13),""2025-12-09 11:58:10"",""0.0"""
"[101885] ANILLO BOMBE (4) (15),""2025-12-09 11:58:10"",""0.0"""
"[101887] ANILLO CORAZON (1) (10),""2025-12-09 11:58:10"",""0.0"""
"[101888] ANILLO CORAZON (1) (13),""2025-12-09 11:58:10"",""0.0"""
"[101889] ANILLO CORAZON (1) (15),""2025-12-09 11:58:10"",""0.0"""
"[101890] ANILLO CORAZON (1) (19),""2025-12-09 11:58:10"",""0.0"""
"[101892] ANILLO CORAZON (2) (13),""2025-12-09 11:58:10"",""0.0"""
"[101896] ANILLO CORAZON (3) (15),""2025-12-09 11:58:10"",""0.0"""
"[101899] ANILLO CORAZON (4) (13),""2025-12-09 11:58:10"",""0.0"""
"[101901] ANILLO CORAZON (4) (17),""2025-12-09 11:58:10"",""0.0"""
"[101904] ANILLO CRUZ (15),""2025-12-09 11:58:10"",""0.0"""
"[101908] ANILLO CRUZ VASCA (10),""2025-12-09 11:58:10"",""0.0"""
"[101909] ANILLO CRUZ VASCA (13),""2025-12-09 11:58:10"",""0.0"""
"[101914] ANILLO CURVAS (1) (11),""2025-12-09 11:58:10"",""0.0"""
"[101917] ANILLO CURVAS (2) (19),""2025-12-09 11:58:10"",""0.0"""
"[101922] ANILLO DOS LETRAS (13, AG),""2025-12-09 11:58:10"",""0.0"""
"[101928] ANILLO DOS LETRAS (15, CM),""2025-12-09 11:58:10"",""0.0"""
"[101931] ANILLO DOS LETRAS (14, CP),""2025-12-09 11:58:10"",""0.0"""
"[101933] ANILLO DOS LETRAS (12, LC),""2025-12-09 11:58:10"",""0.0"""
"[101937] ANILLO DOS LETRAS (13, LM),""2025-12-09 11:58:10"",""0.0"""
"[101939] ANILLO DOS LETRAS (12, MC),""2025-12-09 11:58:10"",""0.0"""
"[101944] ANILLO DOS LETRAS (15, MV),""2025-12-09 11:58:10"",""0.0"""
"[101945] ANILLO DOS LETRAS (11, RM),""2025-12-09 11:58:10"",""0.0"""
"[101946] ANILLO DOS LETRAS (14, RM),""2025-12-09 11:58:10"",""0.0"""
"[101952] ANILLO GEOMETRICO (1) (17),""2025-12-09 11:58:10"",""0.0"""
"[101955] ANILLO GEOMETRICO (2) (16),""2025-12-09 11:58:10"",""0.0"""
"[101957] ANILLO GEOMETRICO (2) (21),""2025-12-09 11:58:10"",""0.0"""
"[101958] ANILLO GEOMETRICO (3) (13),""2025-12-09 11:58:10"",""0.0"""
"[101959] ANILLO GEOMETRICO (3) (14),""2025-12-09 11:58:10"",""0.0"""
"[101964] ANILLO INICIAL (1) (16, M),""2025-12-09 11:58:10"",""0.0"""
"[101965] ANILLO INICIAL (1) (16, S),""2025-12-09 11:58:10"",""0.0"""
"[101967] ANILLO INICIAL (1) (17, B),""2025-12-09 11:58:10"",""0.0"""
"[101972] ANILLO INICIAL (1) (16, K),""2025-12-09 11:58:10"",""0.0"""
"[101976] ANILLO INICIAL (1) (17, R),""2025-12-09 11:58:10"",""0.0"""
"[101977] ANILLO INICIAL (1) (17, T),""2025-12-09 11:58:10"",""0.0"""
"[101978] ANILLO INICIAL (1) (17, V),""2025-12-09 11:58:10"",""0.0"""
"[101984] ANILLO ONDAS (1) (14),""2025-12-09 11:58:10"",""0.0"""
"[101986] ANILLO ONDAS (1) (18),""2025-12-09 11:58:10"",""0.0"""
"[101988] ANILLO ONDAS (1) (20),""2025-12-09 11:58:10"",""0.0"""
"[101991] ANILLO ONDAS (2) (13),""2025-12-09 11:58:10"",""0.0"""
"[101999] ANILLO ONDULADO (1) (18),""2025-12-09 11:58:10"",""0.0"""
"[102000] ANILLO ONDULADO (1) (21),""2025-12-09 11:58:10"",""0.0"""
"[102003] ANILLO ONDULADO (2) (17),""2025-12-09 11:58:10"",""0.0"""
"[102005] ANILLO ONDULADO (2) (20),""2025-12-09 11:58:10"",""0.0"""
"[102008] ANILLO PAMPA (16),""2025-12-09 11:58:10"",""0.0"""
"[102012] ANILLO PIEDRA CUBIC BARRITA (1) (13, NEGRO),""2025-12-09 11:58:10"",""0.0"""
"[102013] ANILLO PIEDRA CUBIC BARRITA (1) (14, OLIVINA),""2025-12-09 11:58:10"",""0.0"""
"[102014] ANILLO PIEDRA CUBIC BARRITA (1) (18, ROSA),""2025-12-09 11:58:10"",""0.0"""
"[102015] ANILLO PIEDRA CUBIC BARRITA (2) (14, ROSA),""2025-12-09 11:58:10"",""0.0"""
"[102016] ANILLO PIEDRA CUBIC BARRITA (2) (16, NEGRO),""2025-12-09 11:58:10"",""0.0"""
"[102021] ANILLO PIEDRA CUBIC HALO (17),""2025-12-09 11:58:10"",""0.0"""
"[102022] ANILLO PIEDRA CUBIC HALO (19),""2025-12-09 11:58:10"",""0.0"""
"[102026] ANILLO PIEDRA CUBIC MEDIO SIN FIN (1) (16, CHAMPAGNE),""2025-12-09 11:58:10"",""0.0"""
"[102027] ANILLO PIEDRA CUBIC MEDIO SIN FIN (1) (16, NEGRO),""2025-12-09 11:58:10"",""0.0"""
"[102032] ANILLO PIEDRA CUBIC MULTI (1) (14, CHAMPAGNE/TRANSPARENTE),""2025-12-09 11:58:10"",""0.0"""
"[102033] ANILLO PIEDRA CUBIC MULTI (1) (19, NEGRO/TRANSPARENTE),""2025-12-09 11:58:10"",""0.0"""
"[102034] ANILLO PIEDRA CUBIC MULTI (1) (15, OLIVINA/TRANSPARENTE),""2025-12-09 11:58:10"",""0.0"""
"[102036] ANILLO PIEDRA CUBIC MULTI (1) (14, TRANSPARENTE),""2025-12-09 11:58:10"",""0.0"""
"[102037] ANILLO PIEDRA CUBIC MULTI (2) (17, AGUAMARINA),""2025-12-09 11:58:10"",""0.0"""
"[102038] ANILLO PIEDRA CUBIC MULTI (2) (11, ESMERALDA),""2025-12-09 11:58:10"",""0.0"""
"[102040] ANILLO PIEDRA CUBIC MULTI (2) (14, TRANSPARENTE),""2025-12-09 11:58:10"",""0.0"""
"[102043] ANILLO PIEDRA CUBIC MULTI (3) (13, NEGRO),""2025-12-09 11:58:10"",""0.0"""
"[102045] ANILLO PIEDRA CUBIC MULTI (3) (18, ROSA),""2025-12-09 11:58:10"",""0.0"""
"[102046] ANILLO PIEDRA CUBIC MULTI (3) (18, TRANSPARENTE),""2025-12-09 11:58:10"",""0.0"""
"[102057] ANILLO GEOMETRICO (3) (15),""2025-12-09 11:58:10"",""0.0"""
"[102061] ANILLO PIEDRA CUBIC OVAL (1) (14, HUMO),""2025-12-09 11:58:10"",""0.0"""
"[102064] ANILLO PIEDRA CUBIC OVAL (1) (15, ROSA),""2025-12-09 11:58:10"",""0.0"""
"[102067] ANILLO PIEDRA CUBIC OVAL (3) (14, CHAMPAGNE),""2025-12-09 11:58:10"",""0.0"""
"[102068] ANILLO PIEDRA CUBIC OVAL (3) (12, TRANSPARENTE),""2025-12-09 11:58:10"",""0.0"""
"[102071] ANILLO PIEDRA CUBIC OVAL (5) (17, AZUL),""2025-12-09 11:58:10"",""0.0"""
"[102072] ANILLO PIEDRA CUBIC OVAL (5) (17, OLIVINA),""2025-12-09 11:58:10"",""0.0"""
"[102088] ANILLO PIEDRA CUBIC SOLITARIO (2) (15, NEGRO),""2025-12-09 11:58:10"",""0.0"""
"[102091] ANILLO PIEDRA CUBIC SOLITARIO (2) (18, TRANSPARENTE),""2025-12-09 11:58:10"",""0.0"""
"[102100] ANILLO PIEDRA CUBIC SOLITARIO (4) (21, TRANSPARENTE),""2025-12-09 11:58:10"",""0.0"""
"[102102] ANILLO PIEDRA SEMI PRECIOSA CIRCULAR (1) (13, RODOCROSITA),""2025-12-09 11:58:10"",""0.0"""
"[102105] ANILLO PIEDRA SEMI PRECIOSA CIRCULAR (1) (16, ONIX),""2025-12-09 11:58:10"",""0.0"""
"[102106] ANILLO PIEDRA SEMI PRECIOSA CIRCULAR (1) (18, RODOCROSITA),""2025-12-09 11:58:10"",""0.0"""
"[102107] ANILLO PIEDRA SEMI PRECIOSA CIRCULAR (2) (13, ONIX),""2025-12-09 11:58:10"",""0.0"""
"[102108] ANILLO PIEDRA SEMI PRECIOSA CIRCULAR (2) (17, ONIX),""2025-12-09 11:58:10"",""0.0"""
"[102109] ANILLO PIEDRA SEMI PRECIOSA CIRCULAR (2) (15, RODOCROSITA),""2025-12-09 11:58:10"",""0.0"""
"[102110] ANILLO PIEDRA SEMI PRECIOSA CIRCULAR (2) (17, RODOCROSITA),""2025-12-09 11:58:10"",""0.0"""
"[102112] ANILLO PIEDRA SEMI PRECIOSA CIRCULAR (3) (14, ONIX),""2025-12-09 11:58:10"",""0.0"""
"[102115] ANILLO PIEDRA SEMI PRECIOSA CIRCULAR (3) (18, RODOCROSITA),""2025-12-09 11:58:10"",""0.0"""
"[102125] ANILLO PIEDRA SEMI PRECIOSA OVAL (16, LAPISLAZULI),""2025-12-09 11:58:10"",""0.0"""
"[102126] ANILLO PIEDRA SEMI PRECIOSA OVAL (17, MADREPERLA),""2025-12-09 11:58:10"",""0.0"""
"[102128] ANILLO PIEDRA SEMI PRECIOSA OVAL (19, ONIX),""2025-12-09 11:58:10"",""0.0"""
"[102129] ANILLO PIEDRA SEMI PRECIOSA OVAL (22, ONIX),""2025-12-09 11:58:10"",""0.0"""
"[102139] ARO COLGANTE CIRCULAR (1) (PAR),""2025-12-09 11:58:10"",""0.0"""
"[102141] ARO COLGANTE CUBIC BARRITA (PAR) (AGUAMARINA),""2025-12-09 11:58:10"",""0.0"""
"[102142] ARO COLGANTE CUBIC BARRITA (PAR) (NEGRO),""2025-12-09 11:58:10"",""0.0"""
"[102143] ARO COLGANTE CUBIC BARRITA (PAR) (TRANSPARENTE),""2025-12-09 11:58:10"",""0.0"""
"[102148] ARO COLGANTE ESTRELLA (PAR),""2025-12-09 11:58:10"",""0.0"""
"[102149] ARO PASANTE ARGOLLA (UN),""2025-12-09 11:58:10"",""0.0"""
"[102151] ARO PASANTE BARRITA (1) (UN),""2025-12-09 11:58:10"",""0.0"""
"[102152] ARO PASANTE BARRITA (2) (UN),""2025-12-09 11:58:10"",""0.0"""
"[102153] ARO PASANTE BARRITA (4) (UN),""2025-12-09 11:58:10"",""0.0"""
"[102154] ARO PASANTE CIRCULAR (1) (UN),""2025-12-09 11:58:10"",""0.0"""
"[102156] ARO PASANTE CORAZON (1) (UN),""2025-12-09 11:58:10"",""0.0"""
"[102158] ARO PASANTE CORAZON (3) (UN),""2025-12-09 11:58:10"",""0.0"""
"[102159] ARO PASANTE CORAZON (5) (UN),""2025-12-09 11:58:10"",""0.0"""
"[102161] ARO PASANTE CRUZ (UN),""2025-12-09 11:58:10"",""0.0"""
"[102164] ARO PASANTE CUBIC GEOMETRICO (1) (UN) (NEGRO),""2025-12-09 11:58:10"",""0.0"""
"[102166] ARO PASANTE CUBIC GEOMETRICO (1) (UN) (TRANSPARENTE),""2025-12-09 11:58:10"",""0.0"""
"[102170] ARO PASANTE CUBIC GEOMETRICO (2) (UN) (TRANSPARENTE),""2025-12-09 11:58:10"",""0.0"""
"[102174] ARO PASANTE CUBIC SOLITARIO (1) (UN),""2025-12-09 11:58:10"",""0.0"""
"[102176] ARO PASANTE DELFIN (UN),""2025-12-09 11:58:10"",""0.0"""
"[102177] ARO PASANTE ESTRELLA (3) (UN),""2025-12-09 11:58:10"",""0.0"""
"[102178] ARO PASANTE GEOMETRICO (2) (UN),""2025-12-09 11:58:10"",""0.0"""
"[102179] ARO PASANTE GEOMETRICO (3) (UN),""2025-12-09 11:58:10"",""0.0"""
"[102180] ARO PASANTE GEOMETRICO (4) (UN),""2025-12-09 11:58:10"",""0.0"""
"[102181] ARO PASANTE ONDAS (UN),""2025-12-09 11:58:10"",""0.0"""
"[102182] ARO PASANTE PAZ (UN),""2025-12-09 11:58:10"",""0.0"""
"[102183] ARO PASANTE PEZ (UN),""2025-12-09 11:58:10"",""0.0"""
"[102184] ARO PASANTE RACIMO (UN),""2025-12-09 11:58:10"",""0.0"""
"[102185] ARO PASANTE RAYO (UN),""2025-12-09 11:58:10"",""0.0"""
"[102188] CADENA BIZANTINA 0.6 (50),""2025-12-09 11:58:10"",""0.0"""
"[102189] CADENA BIZANTINA 0.6 (60),""2025-12-09 11:58:10"",""0.0"""
"[102190] CADENA CARACOL 1.25 (40),""2025-12-09 11:58:10"",""0.0"""
"[102191] CADENA CARACOL 1.25 (45),""2025-12-09 11:58:10"",""0.0"""
"[102192] CADENA CARACOL 0.8 (40),""2025-12-09 11:58:10"",""0.0"""
"[102193] CADENA CARACOL 0.8 (45),""2025-12-09 11:58:10"",""0.0"""
"[102194] CADENA ESPIGA 0.45,""2025-12-09 11:58:10"",""0.0"""
"[102197] CADENA FORCET 0.35 (40),""2025-12-09 11:58:10"",""0.0"""
"[102198] CADENA FORCET 0.35 (45),""2025-12-09 11:58:10"",""0.0"""
"[102199] CADENA FORCET 0.35 (50),""2025-12-09 11:58:10"",""0.0"""
"[102200] CADENA FORCET 2.0,""2025-12-09 11:58:10"",""0.0"""
"[102201] CADENA FORCET FACETADA 1.0 (50),""2025-12-09 11:58:10"",""0.0"""
"[102202] CADENA FORCET FACETADA 1.0 (60),""2025-12-09 11:58:10"",""0.0"""
"[102203] CADENA FORCET FACETADA 0.4 (40),""2025-12-09 11:58:10"",""0.0"""
"[102204] CADENA FORCET FACETADA 0.4 (45),""2025-12-09 11:58:10"",""0.0"""
"[102205] CADENA FORCET FACETADA 0.4 (50),""2025-12-09 11:58:10"",""0.0"""
"[102207] CADENA FORCET FACETADA 0.7 (60),""2025-12-09 11:58:10"",""0.0"""
"CADENA FORCET LAMINADA LARGA 0.8 (45),""2025-12-09 11:58:10"",""0.0"""
"CADENA FORCET LAMINADA LARGA 0.8 (50),""2025-12-09 11:58:10"",""0.0"""
"[102212] CADENA FORCET FACETADA 1.5 (70),""2025-12-09 11:58:10"",""0.0"""
"[102213] CADENA FORCET FACETADA 2.0 (60),""2025-12-09 11:58:10"",""0.0"""
"[102215] CADENA FORCET FACETADA LARGA 0.3 (40),""2025-12-09 11:58:10"",""0.0"""
"[102217] CADENA FORCET FACETADA LARGA 0.4 (40),""2025-12-09 11:58:10"",""0.0"""
"[102218] CADENA FORCET FACETADA LARGA 0.4 (45),""2025-12-09 11:58:10"",""0.0"""
"[102219] CADENA FORCET FACETADA LARGA 0.4 (50),""2025-12-09 11:58:10"",""0.0"""
"[102220] CADENA FORCET FACETADA LARGA 1.0 (45),""2025-12-09 11:58:10"",""0.0"""
"[102221] CADENA FORCET FACETADA LARGA 1.0 (50),""2025-12-09 11:58:10"",""0.0"""
"[102224] CADENA GRUMET ALTERNADA 0.35 (45),""2025-12-09 11:58:10"",""0.0"""
"[102225] CADENA GRUMET ALTERNADA 0.4 (40),""2025-12-09 11:58:10"",""0.0"""
"[102226] CADENA GRUMET ALTERNADA 0.4 (45),""2025-12-09 11:58:10"",""0.0"""
"[102227] CADENA GRUMET DIAMANTADA 0.35 (40),""2025-12-09 11:58:10"",""0.0"""
"[102229] CADENA GRUMET DIAMANTADA 0.4 (40),""2025-12-09 11:58:10"",""0.0"""
"[102230] CADENA GRUMET DIAMANTADA 0.4 (45),""2025-12-09 11:58:10"",""0.0"""
"[102231] CADENA GRUMET DOBLE LAMINADA 0.8,""2025-12-09 11:58:10"",""0.0"""
"[102232] CADENA ROLO 0.6 (40),""2025-12-09 11:58:10"",""0.0"""
"[102233] CADENA ROLO 0.6 (45),""2025-12-09 11:58:10"",""0.0"""
"[102234] CADENA ROLO 0.6 (50),""2025-12-09 11:58:10"",""0.0"""
"[102235] CADENA ROLO 0.25 (40),""2025-12-09 11:58:10"",""0.0"""
"[102236] CADENA ROLO 0.25 (45),""2025-12-09 11:58:10"",""0.0"""
"[102237] CADENA ROLO 0.25 (50),""2025-12-09 11:58:10"",""0.0"""
"[102238] CADENA ROLO 0.4 (40),""2025-12-09 11:58:10"",""0.0"""
"[102239] CADENA ROLO 0.4 (45),""2025-12-09 11:58:10"",""0.0"""
"[102243] CADENA VALERIA REDONDA 1.0,""2025-12-09 11:58:10"",""0.0"""
"[102245] CADENA VENECIANA Nº 2 (45),""2025-12-09 11:58:10"",""0.0"""
"[102246] CADENA VENECIANA Nº 2 (50),""2025-12-09 11:58:10"",""0.0"""
"[102248] COLGANTE CIRCULAR (1),""2025-12-09 11:58:10"",""0.0"""
"[102251] COLGANTE CRUCIFIJO (2),""2025-12-09 11:58:10"",""0.0"""
"[102253] COLGANTE CRUZ (2),""2025-12-09 11:58:10"",""0.0"""
"[102254] COLGANTE CRUZ (3),""2025-12-09 11:58:10"",""0.0"""
"[102255] COLGANTE CRUZ ANKH,""2025-12-09 11:58:10"",""0.0"""
"[102256] COLGANTE CURVAS,""2025-12-09 11:58:10"",""0.0"""
"[102257] COLGANTE GEOMETRICO,""2025-12-09 11:58:10"",""0.0"""
"[102258] COLGANTE PIEDRA SEMI PRECIOSA CIRCULAR (1),""2025-12-09 11:58:10"",""0.0"""
"[102259] COLGANTE PIEDRA SEMI PRECIOSA CIRCULAR (2),""2025-12-09 11:58:10"",""0.0"""
"[102260] COLGANTE SERPIENTE,""2025-12-09 11:58:10"",""0.0"""
"[102262] DIJE CRUZ (1),""2025-12-09 11:58:10"",""0.0"""
"[102264] DIJE CRUZ (3),""2025-12-09 11:58:10"",""0.0"""
"[102265] DIJE CRUZ (4),""2025-12-09 11:58:10"",""0.0"""
"[102266] DIJE HIJO NIÑA,""2025-12-09 11:58:10"",""0.0"""
"[102268] DIJE MANO DE FATIMA,""2025-12-09 11:58:10"",""0.0"""
"[102269] DIJE MEDALLA SAN EXPEDITO,""2025-12-09 11:58:10"",""0.0"""
"[102270] DIJE PAZ,""2025-12-09 11:58:10"",""0.0"""
"[102271] DIJE PIEDRA CUBIC CRUZ (1),""2025-12-09 11:58:10"",""0.0"""
"[102276] DIJE PIEDRA CUBIC FLOR (AGUAMARINA),""2025-12-09 11:58:10"",""0.0"""
"[102277] DIJE PIEDRA CUBIC FLOR (CHAMPAGNE),""2025-12-09 11:58:10"",""0.0"""
"[102278] DIJE PIEDRA CUBIC FLOR (OLIVINA),""2025-12-09 11:58:10"",""0.0"""
"[102279] DIJE PIEDRA CUBIC FLOR (RUBI),""2025-12-09 11:58:10"",""0.0"""
"[102282] DIJE PIEDRA CUBIC OVAL (1) (ROSA),""2025-12-09 11:58:10"",""0.0"""
"[102283] DIJE PIEDRA CUBIC OVAL (1) (TRANSPARENTE),""2025-12-09 11:58:10"",""0.0"""
"[102287] DIJE PIEDRA CUBIC RECTANGULAR (OLIVINA),""2025-12-09 11:58:10"",""0.0"""
"[102291] DIJE PIEDRA SEMI PRECIOSA CIRCULAR,""2025-12-09 11:58:10"",""0.0"""
"[102292] DIJE PIEDRA SEMI PRECIOSA OVAL (ONIX),""2025-12-09 11:58:10"",""0.0"""
"[102294] DIJE PIES,""2025-12-09 11:58:10"",""0.0"""
"[102295] DIJE VIRGEN NIÑA,""2025-12-09 11:58:10"",""0.0"""
"[102296] MEDALLA SAN BENITO (1),""2025-12-09 11:58:10"",""0.0"""
"[102297] MEDALLA SAN BENITO (2),""2025-12-09 11:58:10"",""0.0"""
"[102298] MEDALLA VIRGEN MILAGROSA (1),""2025-12-09 11:58:10"",""0.0"""
"[102300] MEDALLA VIRGEN NIÑA,""2025-12-09 11:58:10"",""0.0"""
"[102302] PULSERA CARACOL 1.25 (21),""2025-12-09 11:58:10"",""0.0"""
"[102303] PULSERA CARACOL 0.8,""2025-12-09 11:58:10"",""0.0"""
"[102304] PULSERA ESPIGA 0.45 (18),""2025-12-09 11:58:10"",""0.0"""
"[102305] PULSERA ESPIGA 0.45 (19.5),""2025-12-09 11:58:10"",""0.0"""
"[102306] PULSERA ESPIGA 1.25 (18),""2025-12-09 11:58:10"",""0.0"""
"[102307] PULSERA ESPIGA 1.25 (19.5),""2025-12-09 11:58:10"",""0.0"""
"[102308] PULSERA FLOR DE LIS,""2025-12-09 11:58:10"",""0.0"""
"[102310] PULSERA FORCET 1.15 (19),""2025-12-09 11:58:10"",""0.0"""
"[102311] PULSERA FORCET 2.0 (18),""2025-12-09 11:58:10"",""0.0"""
"[102312] PULSERA FORCET 2.0 (19.5),""2025-12-09 11:58:10"",""0.0"""
"[102313] PULSERA FORCET FACETADA 1.0,""2025-12-09 11:58:10"",""0.0"""
"[102315] PULSERA FORCET FACETADA 1.5 (19),""2025-12-09 11:58:10"",""0.0"""
"[102316] PULSERA FORCET FACETADA 1.5 (21),""2025-12-09 11:58:10"",""0.0"""
"[102317] PULSERA FORCET FACETADA 2.0 (18),""2025-12-09 11:58:10"",""0.0"""
"[102318] PULSERA FORCET FACETADA 2.0 (19),""2025-12-09 11:58:10"",""0.0"""
"[102319] PULSERA FORCET FACETADA 2.0 (21),""2025-12-09 11:58:10"",""0.0"""
"[102320] PULSERA FORCET FACETADA LARGA 1.0,""2025-12-09 11:58:10"",""0.0"""
"[102322] PULSERA FORCET FACETADA LARGA 1.2 (19),""2025-12-09 11:58:10"",""0.0"""
"[102323] PULSERA FORCET PLANA DOBLE 1.0 (18),""2025-12-09 11:58:10"",""0.0"""
"[102324] PULSERA FORCET PLANA DOBLE 1.0 (21),""2025-12-09 11:58:10"",""0.0"""
"[102325] PULSERA GRUMET ALTERNADA 0.8 (18),""2025-12-09 11:58:10"",""0.0"""
"[102326] PULSERA GRUMET ALTERNADA 0.8 (19.5),""2025-12-09 11:58:10"",""0.0"""
"[102327] PULSERA GRUMET ALTERNADA 1.0 (18),""2025-12-09 11:58:10"",""0.0"""
"[102328] PULSERA GRUMET ALTERNADA 1.0 (19.5),""2025-12-09 11:58:10"",""0.0"""
"[102329] PULSERA GRUMET ALTERNADA 1.25 (18),""2025-12-09 11:58:10"",""0.0"""
"[102330] PULSERA GRUMET ALTERNADA 1.25 (19.5),""2025-12-09 11:58:10"",""0.0"""
"[102332] PULSERA GRUMET ALTERNADA 1.5 (19.5),""2025-12-09 11:58:10"",""0.0"""
"[102334] PULSERA GRUMET ALTERNADA 2.0 (19.5),""2025-12-09 11:58:10"",""0.0"""
"[102335] PULSERA GRUMET DOBLE LAMINADA 0.8,""2025-12-09 11:58:10"",""0.0"""
"[102336] PULSERA GRUMET PLANA 1.5 (18),""2025-12-09 11:58:10"",""0.0"""
"[102338] PULSERA GRUMET PLANA LAMINADA 2.0,""2025-12-09 11:58:10"",""0.0"""
"[102339] PULSERA GRUMET PLANA LAMINADA 1.0 (18),""2025-12-09 11:58:10"",""0.0"""
"[102343] PULSERA ROLO 1.0 (18),""2025-12-09 11:58:10"",""0.0"""
"[102344] PULSERA ROLO 1.0 (19.5),""2025-12-09 11:58:10"",""0.0"""
"[102345] PULSERA ROLO 2.0 (18),""2025-12-09 11:58:10"",""0.0"""
"[102347] PULSERA ROLO 2.5 (18),""2025-12-09 11:58:10"",""0.0"""
"[102348] PULSERA ROLO 2.5 (19.5),""2025-12-09 11:58:10"",""0.0"""
"[102349] PULSERA ROLO OVAL 1.5 (18),""2025-12-09 11:58:10"",""0.0"""
"[102350] PULSERA ROLO OVAL 1.5 (19.5),""2025-12-09 11:58:10"",""0.0"""
"[102351] PULSERA ROLO OVAL 2.0 (18),""2025-12-09 11:58:10"",""0.0"""
"[102352] PULSERA ROLO OVAL 2.0 (19.5),""2025-12-09 11:58:10"",""0.0"""
"[102353] PULSERA ROSARIO,""2025-12-09 11:58:10"",""0.0"""
"[102354] PULSERA TEJIDO 4.0 (18),""2025-12-09 11:58:10"",""0.0"""
"[102357] PULSERA TEJIDO 6.0 (19.5),""2025-12-09 11:58:10"",""0.0"""
"[102359] PULSERA TRAVERSINO 1.2 (18),""2025-12-09 11:58:10"",""0.0"""
"[102360] PULSERA TRAVERSINO 1.2 (19.5),""2025-12-09 11:58:10"",""0.0"""
"[102361] PULSERA VALERIA PLANA BOMBE 0.6,""2025-12-09 11:58:10"",""0.0"""
"[102362] PULSERA VALERIA PLANA BOMBE 0.8,""2025-12-09 11:58:10"",""0.0"""
"[102363] PULSERA VALERIA REDONDA 0.4 (18),""2025-12-09 11:58:10"",""0.0"""
"[102367] PULSERA VALERIA REDONDA 1.0 (18),""2025-12-09 11:58:10"",""0.0"""
"[102372] PULSERA ANIVERSARIO 1.5 (65),""2025-12-09 11:58:10"",""0.0"""
"[102374] PULSERA ANIVERSARIO 1.75 (65),""2025-12-09 11:58:10"",""0.0"""
"[102377] PULSERA ANIVERSARIO 2.0 (68),""2025-12-09 11:58:10"",""0.0"""
"[102379] ANILLO ZODIACO (12, GEMINIS),""2025-12-09 11:58:10"",""0.0"""
"[102381] ANILLO ZODIACO (15, GEMINIS),""2025-12-09 11:58:10"",""0.0"""
"[102383] ANILLO ZODIACO (17, GEMINIS),""2025-12-09 11:58:10"",""0.0"""
"[102384] ANILLO ZODIACO (19, GEMINIS),""2025-12-09 11:58:10"",""0.0"""
"[102385] ANILLO ZODIACO (14, VIRGO),""2025-12-09 11:58:10"",""0.0"""
"[102387] ANILLO ZODIACO (17, VIRGO),""2025-12-09 11:58:10"",""0.0"""
"[102388] ANILLO ZODIACO (18, VIRGO),""2025-12-09 11:58:10"",""0.0"""
"[102389] ANILLO ZODIACO (13, LEO),""2025-12-09 11:58:10"",""0.0"""
"[102392] ANILLO ZODIACO (17, LEO),""2025-12-09 11:58:10"",""0.0"""
"[102393] ANILLO ZODIACO (19, LEO),""2025-12-09 11:58:10"",""0.0"""
"[102394] ANILLO ZODIACO (12, TAURO),""2025-12-09 11:58:10"",""0.0"""
"[102396] ANILLO ZODIACO (15, TAURO),""2025-12-09 11:58:10"",""0.0"""
"[102400] ANILLO ZODIACO (12, PISCIS),""2025-12-09 11:58:10"",""0.0"""
"[102401] ANILLO ZODIACO (14, PISCIS),""2025-12-09 11:58:10"",""0.0"""
"[102403] ANILLO ZODIACO (16, PISCIS),""2025-12-09 11:58:10"",""0.0"""
"[102404] ANILLO ZODIACO (19, PISCIS),""2025-12-09 11:58:10"",""0.0"""
"[102406] ANILLO ZODIACO (13, ARIES),""2025-12-09 11:58:10"",""0.0"""
"[102408] ANILLO ZODIACO (15, ARIES),""2025-12-09 11:58:10"",""0.0"""
"[102409] ANILLO ZODIACO (17, ARIES),""2025-12-09 11:58:10"",""0.0"""
"[102411] ANILLO ZODIACO (20, ARIES),""2025-12-09 11:58:10"",""0.0"""
"[102412] ANILLO ZODIACO (11, CAPRICORNIO),""2025-12-09 11:58:10"",""0.0"""
"[102414] ANILLO ZODIACO (14, CAPRICORNIO),""2025-12-09 11:58:10"",""0.0"""
"[102417] ANILLO ZODIACO (18, CAPRICORNIO),""2025-12-09 11:58:10"",""0.0"""
"[102420] ANILLO ZODIACO (13, ESCORPIO),""2025-12-09 11:58:10"",""0.0"""
"[102421] ANILLO ZODIACO (15, ESCORPIO),""2025-12-09 11:58:10"",""0.0"""
"[102422] ANILLO ZODIACO (17, ESCORPIO),""2025-12-09 11:58:10"",""0.0"""
"[102423] ANILLO ZODIACO (18, ESCORPIO),""2025-12-09 11:58:10"",""0.0"""
"[102424] ANILLO ZODIACO (19, ESCORPIO),""2025-12-09 11:58:10"",""0.0"""
"[102426] ANILLO ZODIACO (12, LIBRA),""2025-12-09 11:58:10"",""0.0"""
"[102427] ANILLO ZODIACO (14, LIBRA),""2025-12-09 11:58:10"",""0.0"""
"[102429] ANILLO ZODIACO (16, LIBRA),""2025-12-09 11:58:10"",""0.0"""
"[102430] ANILLO ZODIACO (18, LIBRA),""2025-12-09 11:58:10"",""0.0"""
"[102431] ANILLO ZODIACO (19, LIBRA),""2025-12-09 11:58:10"",""0.0"""
"[102432] ANILLO ZODIACO (12, SAGITARIO),""2025-12-09 11:58:10"",""0.0"""
"[102434] ANILLO ZODIACO (14, SAGITARIO),""2025-12-09 11:58:10"",""0.0"""
"[102436] ANILLO ZODIACO (17, SAGITARIO),""2025-12-09 11:58:10"",""0.0"""
"[102438] ANILLO ZODIACO (19, SAGITARIO),""2025-12-09 11:58:10"",""0.0"""
"[102439] ANILLO ZODIACO (12, ACUARIO),""2025-12-09 11:58:10"",""0.0"""
"[102441] ANILLO ZODIACO (15, ACUARIO),""2025-12-09 11:58:10"",""0.0"""
"[102443] ANILLO ZODIACO (18, ACUARIO),""2025-12-09 11:58:10"",""0.0"""
"[102444] ANILLO ZODIACO (19, ACUARIO),""2025-12-09 11:58:10"",""0.0"""
"[102446] ANILLO ZODIACO (12, CANCER),""2025-12-09 11:58:10"",""0.0"""
"[102448] ANILLO ZODIACO (16, CANCER),""2025-12-09 11:58:10"",""0.0"""
"[102449] ANILLO ZODIACO (17, CANCER),""2025-12-09 11:58:10"",""0.0"""
"[102452] ARO PASANTE ARGOLLITAS (UN),""2025-12-09 11:58:10"",""0.0"""
"[102453] ARO PASANTE GEOMETRICO (1) (UN),""2025-12-09 11:58:10"",""0.0"""
"[102455] ARO PASANTE FLOR (2) (UN),""2025-12-09 11:58:10"",""0.0"""
"[102459] DIJE INICIAL (D),""2025-12-09 11:58:10"",""0.0"""
"[102462] DIJE INICIAL (G),""2025-12-09 11:58:10"",""0.0"""
"[102463] DIJE INICIAL (H),""2025-12-09 11:58:10"",""0.0"""
"[102466] DIJE INICIAL (K),""2025-12-09 11:58:10"",""0.0"""
"[102469] DIJE INICIAL (N),""2025-12-09 11:58:10"",""0.0"""
"[102470] DIJE INICIAL (O),""2025-12-09 11:58:10"",""0.0"""
"[102471] DIJE INICIAL (P),""2025-12-09 11:58:10"",""0.0"""
"[102472] DIJE INICIAL (R),""2025-12-09 11:58:10"",""0.0"""
"[102474] DIJE INICIAL (T),""2025-12-09 11:58:10"",""0.0"""
"[102490] DIJE BUDA,""2025-12-09 11:58:10"",""0.0"""
"[102491] DIJE CRUZ DEL EQUILIBRIO,""2025-12-09 11:58:10"",""0.0"""
"[102492] DIJE FLOR,""2025-12-09 11:58:10"",""0.0"""
"[102493] CADENA BOLITA ALTERNADA,""2025-12-09 11:58:10"",""0.0"""
"[102494] CADENA BOLITA,""2025-12-09 11:58:10"",""0.0"""
"[102495] CADENA VALERIA,""2025-12-09 11:58:10"",""0.0"""
"[102497] CADENA FORCET,""2025-12-09 11:58:10"",""0.0"""
"[102500] ARO PASANTE INICIAL (2) (UN) (A),""2025-12-09 11:58:10"",""0.0"""
"[102501] ARO PASANTE FLORES (UN),""2025-12-09 11:58:10"",""0.0"""
"[102503] ARO PASANTE CADENA MOÑO (UN),""2025-12-09 11:58:10"",""0.0"""
"[102504] PIERCING BOLITA (UN),""2025-12-09 11:58:10"",""0.0"""
"[102505] ARO ARGOLLA (2) (UN),""2025-12-09 11:58:10"",""0.0"""
"[102506] ARO ARGOLLA (1) (UN),""2025-12-09 11:58:10"",""0.0"""
"[102507] ARO PASANTE ESTRELLA (2) (UN),""2025-12-09 11:58:10"",""0.0"""
"[102508] ARO PASANTE CORAZON (4) (UN),""2025-12-09 11:58:10"",""0.0"""
"[102509] ARO PASANTE PIEDRA (UN),""2025-12-09 11:58:10"",""0.0"""
"[102510] ARO PASANTE ESTRELLA (1) (UN),""2025-12-09 11:58:10"",""0.0"""
"[102511] ARO PASANTE MOÑO (UN),""2025-12-09 11:58:10"",""0.0"""
"[102512] ARO PASANTE CADENA BOLITA (UN),""2025-12-09 11:58:10"",""0.0"""
"[102513] ARO PASANTE INICIAL (1) (UN),""2025-12-09 11:58:10"",""0.0"""
"[102514] ARO PASANTE CADENA PIEDRA (UN),""2025-12-09 11:58:10"",""0.0"""
"[102515] ARO PASANTE CADENA CUBO (UN),""2025-12-09 11:58:10"",""0.0"""
"[102516] ARO ARGOLLA CORAZON (UN),""2025-12-09 11:58:10"",""0.0"""
"[102517] ARO APRETADOR ARGOLLA BOLITA (UN),""2025-12-09 11:58:10"",""0.0"""
"[102530] ANILLO DOS LETRAS (22, BC),""2025-12-09 11:58:10"",""0.0"""
"[102531] PULSERA RODOCROSITA MINI,""2025-12-09 11:58:10"",""0.0"""
"[102533] PULSERA RODOCROSITA MEDIANA,""2025-12-09 11:58:10"",""0.0"""
"[102535] PULSERA PIEDRA NATURAL CHICA,""2025-12-09 11:58:10"",""0.0"""
"[102536] PULSERA PIEDRA NATURAL MEDIANA,""2025-12-09 11:58:10"",""0.0"""
"[102537] PULSERA PIEDRA NATURAL GRANDE,""2025-12-09 11:58:10"",""0.0"""
"[102538] ANILLO CRUZ (12),""2025-12-09 11:58:10"",""0.0"""
"[102539] PULSERA INFLADA GRUMET PLANA (1),""2025-12-09 11:58:10"",""0.0"""
"[102540] PULSERA INFLADA GRUMET ,""2025-12-09 11:58:10"",""0.0"""
"[102542] PULSERA INFLADA,""2025-12-09 11:58:10"",""0.0"""
"[102543] PULSERA INFLADA GRUMET ALTERNADA PLANA 1X1,""2025-12-09 11:58:10"",""0.0"""
"[102544] PULSERA INFLADA GUCCI,""2025-12-09 11:58:10"",""0.0"""
"[102545] PULSERA INFLADA GUCCI CHICA,""2025-12-09 11:58:10"",""0.0"""
"[102546] PULSERA INFLADA FORCET TOURBILLON ALTERNADA 1X1,""2025-12-09 11:58:10"",""0.0"""
"[102547] PULSERA BIZANTINA 0.6 (18),""2025-12-09 11:58:10"",""0.0"""
"[102548] PULSERA BIZANTINA 0.6 (21),""2025-12-09 11:58:10"",""0.0"""
"[102549] PULSERA BIZANTINA PLANA 0.6 (18),""2025-12-09 11:58:10"",""0.0"""
"[102550] PULSERA BIZANTINA PLANA 0.6 (21),""2025-12-09 11:58:10"",""0.0"""
"[102557] PULSERA GRUMET ALTERNADA PLANA 1X1,""2025-12-09 11:58:10"",""0.0"""
"[102559] PULSERA INFLADA GRUMET PLANA (2),""2025-12-09 11:58:10"",""0.0"""
"[102584] ANILLO DOS LETRAS (15, GA),""2025-12-09 11:58:10"",""0.0"""
"[103081] ANILLO ZODIACO (14, ACUARIO),""2025-12-09 11:58:10"",""0.0"""
"[103082] ANILLO ZODIACO (14, TAURO),""2025-12-09 11:58:10"",""0.0"""
"[103083] ANILLO INICIAL (1) (16, A),""2025-12-09 11:58:10"",""0.0"""
"[103084] ANILLO INICIAL (1) (17, F),""2025-12-09 11:58:10"",""0.0"""
"[103085] ANILLO INICIAL (1) (16, D),""2025-12-09 11:58:10"",""0.0"""
"[103086] ANILLO INICIAL (1) (16, N),""2025-12-09 11:58:10"",""0.0"""
"[103087] ANILLO INICIAL (1) (16, P),""2025-12-09 11:58:10"",""0.0"""
"[103088] ANILLO DOS LETRAS (13, CA),""2025-12-09 11:58:10"",""0.0"""
"[103089] ANILLO ONDAS (1) (15),""2025-12-09 11:58:10"",""0.0"""
"[103090] ANILLO ONDULADO (2) (15),""2025-12-09 11:58:10"",""0.0"""
"[103091] ANILLO PIEDRA CUBIC OVAL (1) (16, OLIVINA),""2025-12-09 11:58:10"",""0.0"""
"[103092] ANILLO PIEDRA SEMI PRECIOSA CIRCULAR (4) (16),""2025-12-09 11:58:10"",""0.0"""
"[102113] ANILLO PIEDRA SEMI PRECIOSA CIRCULAR (3) (18, ONIX),""2025-12-09 11:58:10"",""0.0"""
"[102565] ANILLO MULTI (14),""2025-12-09 11:58:10"",""0.0"""
"[102560] ANILLO GEOMETRICO (4) (16),""2025-12-09 11:58:10"",""0.0"""
"[102564] ANILLO MULTI (13),""2025-12-09 11:58:10"",""0.0"""
"[101996] ANILLO PIEDRA CUBIC OVAL (2),""2025-12-09 11:58:10"",""0.0"""
"[102563] ANILLO GEOMETRICO (4) (22),""2025-12-09 11:58:10"",""0.0"""
"[102567] ANILLO MULTI (18),""2025-12-09 11:58:10"",""0.0"""
"[102069] ANILLO PIEDRA CUBIC OVAL (5) (19, CHAMPAGNE),""2025-12-09 11:58:10"",""0.0"""
"[102565] ANILLO MULTI (14),""2025-12-09 11:58:10"",""0.0"""
"[103096] ANILLO ESLABONES (14),""2025-12-09 11:58:10"",""0.0"""
"[102562] ANILLO GEOMETRICO (4) (20),""2025-12-09 11:58:10"",""0.0"""
"[102561] ANILLO GEOMETRICO (4) (18),""2025-12-09 11:58:10"",""0.0"""
"[103093] ANILLO PIEDRA CUBIC OVAL (3) (19, TRANSPARENTE),""2025-12-09 11:58:10"",""0.0"""
"[101966] ANILLO INICIAL (1) (17, A),""2025-12-09 11:58:10"",""0.0"""
"[102554] PULSERA ANIVERSARIO 2.2,""2025-12-09 11:58:10"",""0.0"""
"[102488] DIJE CRUZ (8),""2025-12-09 11:58:10"",""0.0"""
"[102489] DIJE CRUZ (9),""2025-12-09 11:58:10"",""0.0"""
"[102980] DIJE CRUZ (10),""2025-12-09 11:58:10"",""0.0"""
"[102541] ARO COLGANTE PAMPA (PAR),""2025-12-09 11:58:10"",""0.0"""
"[102534] ARO PASANTE MANO HAMSA (UN),""2025-12-09 11:58:10"",""0.0"""
"[102552] DIJE OVALADO,""2025-12-09 11:58:10"",""0.0"""
"[102980] DIJE CRUZ (10),""2025-12-09 11:58:10"",""0.0"""
"[102428] ANILLO ZODIACO (15, LIBRA),""2025-12-09 11:58:10"",""0.0"""
"[102386] ANILLO ZODIACO (15, VIRGO),""2025-12-09 11:58:10"",""0.0"""
"[102397] ANILLO ZODIACO (18, TAURO),""2025-12-09 11:58:10"",""0.0"""
"[102585] ANILLO ESLABONES (11),""2025-12-09 11:58:10"",""0.0"""
"[102518] ANILLO INFINITO (18),""2025-12-09 11:58:10"",""0.0"""
"[101980] ANILLO INICIAL (1) (18, J),""2025-12-09 11:58:10"",""0.0"""
"[101981] ANILLO INICIAL (1) (18, V),""2025-12-09 11:58:10"",""0.0"""
"[101813] TOTE IRUYA (NAPADO, MALBEC),""2025-12-09 14:56:02"",""0.0"""
"[103813] SET X2 ANILLOS INFANTILES CONEJO/CEREZAS,""2025-12-09 16:00:45"",""0.0"""
"[103814] SET X2 ANILLOS INFANTILES FLOR/CORAZON LILA,""2025-12-09 16:00:45"",""0.0"""
"[103815] SET X2 ANILLOS INFANTILES FLORES PASTEL,""2025-12-09 16:00:45"",""0.0"""
"[103816] SET X2 ANILLOS INFANTILES HELADO/CORAZON,""2025-12-09 16:00:45"",""0.0"""
"[103817] SET X2 ANILLOS INFANTILES MOÑO/CHERRY,""2025-12-09 16:00:45"",""0.0"""
"[103860] SET X3 ANILLOS BRILLOS DORADO ,""2025-12-09 16:00:45"",""0.0"""
"[103861] SET X3 ANILLOS CORAZON/LUNA/ESTRELLA DORADO,""2025-12-09 16:00:45"",""0.0"""
"[103863] SET X3 ANILLOS FINITO/CRUZADO DORADO ,""2025-12-09 16:00:45"",""0.0"""
"[103862] SET X3 ANILLOS DORADO/MARRON,""2025-12-09 16:00:45"",""0.0"""
"[103864] SET X3 ANILLOS MOÑO/ESLABON/OJO TURCO DORADO,""2025-12-09 16:00:45"",""0.0"""
"[103865] SET X3 ANILLOS PERLITA/MANO/CORAZONES PLATEADO,""2025-12-09 16:00:45"",""0.0"""
"[103866] SET X3 ANILLOS PERLITA/MEDIA CRUZ DORADO,""2025-12-09 16:00:45"",""0.0"""
"[103867] SET X3 ANILLOS PIEDRA CUADRADA/ESLABONES DORADO,""2025-12-09 16:00:45"",""0.0"""
"[103868] SET X3 ANILLOS PIEDRA CUADRADA/LISO PLATEADO,""2025-12-09 16:00:45"",""0.0"""
"[103869] SET X3 ANILLOS TORZADO/ABRAZO PLATEADO,""2025-12-09 16:00:45"",""0.0"""
"[103883] SET X4 ANILLOS INFANTIL HELADO/FLOR/CORAZON,""2025-12-09 16:00:45"",""0.0"""
"[103299] ARO PASANTE ARGOLLA GRANDE DORADO,""2025-12-09 16:00:45"",""0.0"""
"[103319] ARO PASANTE ARGOLLA MEDIANA PLATEADO,""2025-12-09 16:00:45"",""0.0"""
"[103335] ARO PASANTE COLGANTE ESLABONES COMBINADOS PLATEADO/DORADO,""2025-12-09 16:00:45"",""0.0"""
"[103375] ARO PASANTE GOTA GRANDE (DORADO),""2025-12-09 16:00:45"",""0.0"""
"[103376] ARO PASANTE GOTA GRANDE (PLATEADO),""2025-12-09 16:00:45"",""0.0"""
"[103289] ARO PASANTE ARGOLLA BOLITAS (DORADO),""2025-12-09 16:00:45"",""0.0"""
"[103290] ARO PASANTE ARGOLLA BOLITAS (PLATEADO),""2025-12-09 16:00:45"",""0.0"""
"[103291] ARO PASANTE ARGOLLA C/ ARANDELAS (DORADO),""2025-12-09 16:00:45"",""0.0"""
"[103292] ARO PASANTE ARGOLLA C/ ARANDELAS (PLATEADO),""2025-12-09 16:00:45"",""0.0"""
"[103294] ARO PASANTE ARGOLLA CHICA PLATEADO,""2025-12-09 16:00:45"",""0.0"""
"[103295] ARO PASANTE ARGOLLA CHICA TORZADA (DORADO),""2025-12-09 16:00:45"",""0.0"""
"[103296] ARO PASANTE ARGOLLA CHICA TORZADA (PLATEADO),""2025-12-09 16:00:45"",""0.0"""
"[103293] ARO PASANTE ARGOLLA CHICA LISA PLATEADO,""2025-12-09 16:00:45"",""0.0"""
"[103297] ARO PASANTE ARGOLLA GRANDE (DORADO),""2025-12-09 16:00:45"",""0.0"""
"[103300] ARO PASANTE ARGOLLA GRANDE ESCAMAS (DORADO),""2025-12-09 16:00:45"",""0.0"""
"[103301] ARO PASANTE ARGOLLA GRANDE ESCAMAS (PLATEADO),""2025-12-09 16:00:45"",""0.0"""
"[103302] ARO PASANTE ARGOLLA GRANDE GANCHO PLATEADO,""2025-12-09 16:00:45"",""0.0"""
"[103303] ARO PASANTE ARGOLLA GRANDE GLOBO (DORADO),""2025-12-09 16:00:45"",""0.0"""
"[103304] ARO PASANTE ARGOLLA GRANDE GLOBO (PLATEADO),""2025-12-09 16:00:45"",""0.0"""
"[103305] ARO PASANTE ARGOLLA GRANDE PLANA (DORADO),""2025-12-09 16:00:45"",""0.0"""
"[103306] ARO PASANTE ARGOLLA GRANDE PLANA (PLATEADO),""2025-12-09 16:00:45"",""0.0"""
"[103298] ARO PASANTE ARGOLLA GRANDE (PLATEADO),""2025-12-09 16:00:45"",""0.0"""
"[103320] ARO PASANTE ARGOLLA MEDIANA PLATEADO,""2025-12-09 16:00:45"",""0.0"""
"[103323] ARO PASANTE ARGOLLA MEDIANA TORZADA (DORADO),""2025-12-09 16:00:45"",""0.0"""
"[103324] ARO PASANTE ARGOLLA MEDIANA TORZADA (PLATEADO),""2025-12-09 16:00:45"",""0.0"""
"[103325] ARO PASANTE ARGOLLA MEDIANA TRENZADA (DORADO),""2025-12-09 16:00:45"",""0.0"""
"[103326] ARO PASANTE ARGOLLA MEDIANA TRENZADA (PLATEADO),""2025-12-09 16:00:45"",""0.0"""
"[103315] ARO PASANTE ARGOLLA MEDIANA DORADO,""2025-12-09 16:00:45"",""0.0"""
"[103331] ARO PASANTE BOTON GRANDE PLANO PLATEADO,""2025-12-09 16:00:45"",""0.0"""
"[103329] ARO PASANTE BOTON CHICO (DORADO),""2025-12-09 16:00:45"",""0.0"""
"[103330] ARO PASANTE BOTON CHICO (PLATEADO),""2025-12-09 16:00:45"",""0.0"""
"[103327] ARO PASANTE BOTON (DORADO),""2025-12-09 16:00:45"",""0.0"""
"[103328] ARO PASANTE BOTON (PLATEADO),""2025-12-09 16:00:45"",""0.0"""
"[103332] ARO PASANTE CIRCULO DORADO/NACAR,""2025-12-09 16:00:45"",""0.0"""
"[103428] ARO PASANTE SEMI ARGOLLA PLANA RUSTICA (DORADO),""2025-12-09 16:00:45"",""0.0"""
"[103429] ARO PASANTE SEMI ARGOLLA PLANA RUSTICA (PLATEADO),""2025-12-09 16:00:45"",""0.0"""
"[103333] ARO PASANTE CIRCULOS DORADO,""2025-12-09 16:00:45"",""0.0"""
"[103334] ARO PASANTE CIRCULOS RUSTICOS COLGANTES PLATEADO,""2025-12-09 16:00:45"",""0.0"""
"[103340] ARO PASANTE COLGANTE GRANDE CIRCULO (DORADO),""2025-12-09 16:00:45"",""0.0"""
"[103341] ARO PASANTE COLGANTE GRANDE CIRCULO (PLATEADO),""2025-12-09 16:00:45"",""0.0"""
"[103336] ARO PASANTE COLGANTE GOTA GRANDE PLANA (DORADO),""2025-12-09 16:00:45"",""0.0"""
"[103337] ARO PASANTE COLGANTE GOTA GRANDE PLANA (PLATEADO),""2025-12-09 16:00:45"",""0.0"""
"[103338] ARO PASANTE COLGANTE GOTA MEDIANA PLANA (DORADO),""2025-12-09 16:00:45"",""0.0"""
"[103339] ARO PASANTE COLGANTE GOTA MEDIANA PLANA (PLATEADO),""2025-12-09 16:00:45"",""0.0"""
"[103342] ARO PASANTE CONFITE (DORADO),""2025-12-09 16:00:45"",""0.0"""
"[103343] ARO PASANTE CONFITE (PLATEADO),""2025-12-09 16:00:45"",""0.0"""
"[103344] ARO PASANTE CORAZON CHICO (DORADO),""2025-12-09 16:00:45"",""0.0"""
"[103345] ARO PASANTE CORAZON CHICO (PLATEADO),""2025-12-09 16:00:45"",""0.0"""
"[103346] ARO PASANTE CORAZON GRANDE DORADO,""2025-12-09 16:00:45"",""0.0"""
"[103347] ARO PASANTE CORAZON MEDIANO (DORADO),""2025-12-09 16:00:45"",""0.0"""
"[103348] ARO PASANTE CORAZON MEDIANO (PLATEADO),""2025-12-09 16:00:45"",""0.0"""
"[103349] ARO PASANTE CUADRADO CHICO (DORADO),""2025-12-09 16:00:45"",""0.0"""
"[103350] ARO PASANTE CUADRADO CHICO (PLATEADO),""2025-12-09 16:00:45"",""0.0"""
"[103351] ARO PASANTE CUADRADO GRANDE PLATEADO,""2025-12-09 16:00:45"",""0.0"""
"[103352] ARO PASANTE CURVO CHICO (DORADO),""2025-12-09 16:00:45"",""0.0"""
"[103353] ARO PASANTE CURVO CHICO (PLATEADO),""2025-12-09 16:00:45"",""0.0"""
"[103354] ARO PASANTE ESLABON GRANDE DORADO,""2025-12-09 16:00:45"",""0.0"""
"[103355] ARO PASANTE ESLABON METAL CUADRADO COLGANTE DORADO,""2025-12-09 16:00:45"",""0.0"""
"[103359] ARO PASANTE ESTRELLA CHICO (DORADO),""2025-12-09 16:00:45"",""0.0"""
"[103360] ARO PASANTE ESTRELLA CHICO (PLATEADO),""2025-12-09 16:00:45"",""0.0"""
"[103361] ARO PASANTE FLOR BOLITAS (DORADO),""2025-12-09 16:00:45"",""0.0"""
"[103362] ARO PASANTE FLOR BOLITAS (PLATEADO),""2025-12-09 16:00:45"",""0.0"""
"[103363] ARO PASANTE FLOR C/ PERLA DORADO,""2025-12-09 16:00:45"",""0.0"""
"[103365] ARO PASANTE FLOR MEDIANA CALADO (DORADO),""2025-12-09 16:00:45"",""0.0"""
"[103366] ARO PASANTE FLOR MEDIANA CALADO (PLATEADO),""2025-12-09 16:00:45"",""0.0"""
"[103364] ARO PASANTE FLOR GRANDE METAL PLATEADO,""2025-12-09 16:00:45"",""0.0"""
"[103367] ARO PASANTE FLOR MEDIANA DORADO/NACAR,""2025-12-09 16:00:45"",""0.0"""
"[103372] ARO PASANTE GLOBO IRREGULAR PLATEADO,""2025-12-09 16:00:45"",""0.0"""
"[103381] ARO PASANTE GOTA GRANDE ANCHA (DORADO),""2025-12-09 16:00:45"",""0.0"""
"[103382] ARO PASANTE GOTA GRANDE ANCHA (PLATEADO),""2025-12-09 16:00:45"",""0.0"""
"[103386] ARO PASANTE GOTA MEDIANA ANCHA (DORADO),""2025-12-09 16:00:45"",""0.0"""
"[103387] ARO PASANTE GOTA MEDIANA ANCHA (PLATEADO),""2025-12-09 16:00:45"",""0.0"""
"[103373] ARO PASANTE GOTA CHICA (DORADO),""2025-12-09 16:00:45"",""0.0"""
"[103374] ARO PASANTE GOTA CHICA (PLATEADO),""2025-12-09 16:00:45"",""0.0"""
"[103379] ARO PASANTE GOTA GRANDE (DORADO),""2025-12-09 16:00:45"",""0.0"""
"[103377] ARO PASANTE GOTA GRANDE (DORADO),""2025-12-09 16:00:45"",""0.0"""
"[103383] ARO PASANTE GOTA GRANDE DORADO,""2025-12-09 16:00:45"",""0.0"""
"[103380] ARO PASANTE GOTA GRANDE (PLATEADO),""2025-12-09 16:00:45"",""0.0"""
"[103378] ARO PASANTE GOTA GRANDE (PLATEADO),""2025-12-09 16:00:45"",""0.0"""
"[103384] ARO PASANTE GOTA GRANDE MANCHAS (DORADO),""2025-12-09 16:00:45"",""0.0"""
"[103385] ARO PASANTE GOTA GRANDE MANCHAS (PLATEADO),""2025-12-09 16:00:45"",""0.0"""
"[103307] ARO PASANTE ARGOLLA GRANDE PLANA (DORADO),""2025-12-09 16:00:45"",""0.0"""
"[103308] ARO PASANTE ARGOLLA GRANDE PLANA (PLATEADO),""2025-12-09 16:00:45"",""0.0"""
"[103370] ARO PASANTE GANCHO GRANDE (DORADO),""2025-12-09 16:00:45"",""0.0"""
"[103371] ARO PASANTE GANCHO GRANDE (PLATEADO),""2025-12-09 16:00:45"",""0.0"""
"[103414] ARO PASANTE SEMI ARGOLLA GRANDE CORRUGADO (DORADO),""2025-12-09 16:00:45"",""0.0"""
"[103415] ARO PASANTE SEMI ARGOLLA GRANDE CORRUGADO (PLATEADO),""2025-12-09 16:00:45"",""0.0"""
"[103416] ARO PASANTE SEMI ARGOLLA GRANDE ESTILO GOTA (DORADO),""2025-12-09 16:00:45"",""0.0"""
"[103417] ARO PASANTE SEMI ARGOLLA GRANDE ESTILO GOTA (PLATEADO),""2025-12-09 16:00:45"",""0.0"""
"[103418] ARO PASANTE SEMI ARGOLLA GRANDE PLANA (DORADO),""2025-12-09 16:00:45"",""0.0"""
"[103419] ARO PASANTE SEMI ARGOLLA GRANDE PLANA (PLATEADO),""2025-12-09 16:00:45"",""0.0"""
"[103433] ARO PASANTE SEMI CUADRADO GRANDE (DORADO),""2025-12-09 16:00:45"",""0.0"""
"[103434] ARO PASANTE SEMI CUADRADO GRANDE (PLATEADO),""2025-12-09 16:00:45"",""0.0"""
"[103389] ARO PASANTE IRREGULAR (DORADO),""2025-12-09 16:00:45"",""0.0"""
"[103390] ARO PASANTE IRREGULAR (PLATEADO),""2025-12-09 16:00:45"",""0.0"""
"[103391] ARO PASANTE IRREGULAR CHICO SIMIL ARGOLLA DORADO,""2025-12-09 16:00:45"",""0.0"""
"[103409] ARO PASANTE SEMI ARGOLLA DORADO/BLANCO,""2025-12-09 16:00:45"",""0.0"""
"[103404] ARO PASANTE SEMI ARGOLLA CHICA (DORADO),""2025-12-09 16:00:45"",""0.0"""
"[103405] ARO PASANTE SEMI ARGOLLA CHICA (PLATEADO),""2025-12-09 16:00:45"",""0.0"""
"[103412] ARO PASANTE SEMI ARGOLLA ESLABON (DORADO),""2025-12-09 16:00:45"",""0.0"""
"[103413] ARO PASANTE SEMI ARGOLLA ESLABON (PLATEADO),""2025-12-09 16:00:45"",""0.0"""
"[103420] ARO PASANTE SEMI ARGOLLA MEDIANA (DORADO),""2025-12-09 16:00:45"",""0.0"""
"[103421] ARO PASANTE SEMI ARGOLLA MEDIANA (PLATEADO),""2025-12-09 16:00:45"",""0.0"""
"[103424] ARO PASANTE SEMI ARGOLLA METAL CAÑO GRUESO (DORADO),""2025-12-09 16:00:45"",""0.0"""
"[103425] ARO PASANTE SEMI ARGOLLA METAL CAÑO GRUESO (PLATEADO),""2025-12-09 16:00:45"",""0.0"""
"[103392] ARO PASANTE MEDIA ESFERA GRANDE (DORADO),""2025-12-09 16:00:45"",""0.0"""
"[103393] ARO PASANTE MEDIA ESFERA GRANDE (PLATEADO),""2025-12-09 16:00:45"",""0.0"""
"[103313] ARO PASANTE ARGOLLA MEDIANA C/ BOLITAS (DORADO),""2025-12-09 16:00:45"",""0.0"""
"[103314] ARO PASANTE ARGOLLA MEDIANA C/ BOLITAS (PLATEADO),""2025-12-09 16:00:45"",""0.0"""
"[103311] ARO PASANTE ARGOLLA MEDIANA (DORADO),""2025-12-09 16:00:45"",""0.0"""
"[103316] ARO PASANTE ARGOLLA MEDIANA ENROLLADA (DORADO),""2025-12-09 16:00:45"",""0.0"""
"[103317] ARO PASANTE ARGOLLA MEDIANA ENROLLADA (PLATEADO),""2025-12-09 16:00:45"",""0.0"""
"[103318] ARO PASANTE ARGOLLA MEDIANA GRUESA PLATEADO,""2025-12-09 16:00:45"",""0.0"""
"[103309] ARO PASANTE ARGOLLA LISA MEDIANA (DORADO),""2025-12-09 16:00:45"",""0.0"""
"[103310] ARO PASANTE ARGOLLA LISA MEDIANA (PLATEADO),""2025-12-09 16:00:45"",""0.0"""
"[103312] ARO PASANTE ARGOLLA MEDIANA (PLATEADO),""2025-12-09 16:00:45"",""0.0"""
"[103321] ARO PASANTE ARGOLLA MEDIANA TORCIDA (DORADO),""2025-12-09 16:00:45"",""0.0"""
"[103322] ARO PASANTE ARGOLLA MEDIANA TORCIDA (PLATEADO),""2025-12-09 16:00:45"",""0.0"""
"[103356] ARO PASANTE ESTILO GOTA MEDIANO CHUNKY PLATEADO,""2025-12-09 16:00:45"",""0.0"""
"[103357] ARO PASANTE ESTILO V MEDIANO (DORADO),""2025-12-09 16:00:45"",""0.0"""
"[103358] ARO PASANTE ESTILO V MEDIANO (PLATEADO),""2025-12-09 16:00:45"",""0.0"""
"[103368] ARO PASANTE FLOR MEDIANO (DORADO),""2025-12-09 16:00:45"",""0.0"""
"[103369] ARO PASANTE FLOR MEDIANO (PLATEADO),""2025-12-09 16:00:45"",""0.0"""
"[103388] ARO PASANTE HEXAGONAL MEDIANO PLATEADO,""2025-12-09 16:00:45"",""0.0"""
"[103422] ARO PASANTE SEMI ARGOLLA MEDIANA CORRUGADA (DORADO),""2025-12-09 16:00:45"",""0.0"""
"[103423] ARO PASANTE SEMI ARGOLLA MEDIANA CORRUGADA (PLATEADO),""2025-12-09 16:00:45"",""0.0"""
"[103398] ARO PASANTE MEDIO CIRCULO GRANDE ANCHO (DORADO),""2025-12-09 16:00:45"",""0.0"""
"[103399] ARO PASANTE MEDIO CIRCULO GRANDE ANCHO (PLATEADO),""2025-12-09 16:00:45"",""0.0"""
"[103395] ARO PASANTE MEDIO CIRCULO CROMADO (PLATEADO),""2025-12-09 16:00:45"",""0.0"""
"[103394] ARO PASANTE MEDIO CIRCULO CROMADO (DORADO),""2025-12-09 16:00:45"",""0.0"""
"[103396] ARO PASANTE MEDIO CIRCULO GRANDE (DORADO),""2025-12-09 16:00:45"",""0.0"""
"[103397] ARO PASANTE MEDIO CIRCULO GRANDE (PLATEADO),""2025-12-09 16:00:45"",""0.0"""
"[103400] ARO PASANTE METAL CRUZADO DORADO,""2025-12-09 16:00:45"",""0.0"""
"[103401] ARO PASANTE METAL NIDO DORADO,""2025-12-09 16:00:45"",""0.0"""
"[103402] ARO PASANTE METAL NIDO TRENZADO DORADO,""2025-12-09 16:00:45"",""0.0"""
"[103403] ARO PASANTE PICO GRANDE DORADO,""2025-12-09 16:00:45"",""0.0"""
"[103406] ARO PASANTE SEMI ARGOLLA CORRUGADA (DORADO),""2025-12-09 16:00:45"",""0.0"""
"[103407] ARO PASANTE SEMI ARGOLLA CORRUGADA (PLATEADO),""2025-12-09 16:00:45"",""0.0"""
"[103408] ARO PASANTE SEMI ARGOLLA CUADRADA DORADO,""2025-12-09 16:00:45"",""0.0"""
"[103410] ARO PASANTE SEMI ARGOLLA ESCAMAS (DORADO),""2025-12-09 16:00:45"",""0.0"""
"[103411] ARO PASANTE SEMI ARGOLLA ESCAMAS (PLATEADO),""2025-12-09 16:00:45"",""0.0"""
"[103426] ARO PASANTE SEMI ARGOLLA PLANA (DORADO),""2025-12-09 16:00:45"",""0.0"""
"[103427] ARO PASANTE SEMI ARGOLLA PLANA (PLATEADO),""2025-12-09 16:00:45"",""0.0"""
"[103430] ARO PASANTE SEMI ARGOLLA SECCIONES (DORADO),""2025-12-09 16:00:45"",""0.0"""
"[103431] ARO PASANTE SEMI ARGOLLA SECCIONES (PLATEADO),""2025-12-09 16:00:45"",""0.0"""
"[103432] ARO PASANTE SEMI CORAZON PLATEADO,""2025-12-09 16:00:45"",""0.0"""
"[103435] ARO PASANTE SEMI CUADRADO REDONDEADO (DORADO),""2025-12-09 16:00:45"",""0.0"""
"[103436] ARO PASANTE SEMI CUADRADO REDONDEADO (PLATEADO),""2025-12-09 16:00:45"",""0.0"""
"[103437] ARO PASANTE SEMI ESFERA CHICA (DORADO),""2025-12-09 16:00:45"",""0.0"""
"[103439] ARO PASANTE SEMI ESFERA MEDIANA (DORADO),""2025-12-09 16:00:45"",""0.0"""
"[103440] ARO PASANTE SEMI ESFERA MEDIANA (PLATEADO),""2025-12-09 16:00:45"",""0.0"""
"[103438] ARO PASANTE SEMI ESFERA CHICA (PLATEADO),""2025-12-09 16:00:45"",""0.0"""
"[103441] ARO PASANTE SEMI ESLABON MEDIANO (DORADO),""2025-12-09 16:00:45"",""0.0"""
"[103442] ARO PASANTE SEMI ESLABON MEDIANO (PLATEADO),""2025-12-09 16:00:45"",""0.0"""
"[103443] ARO PASANTE TRIANGULO GRANDE DORADO,""2025-12-09 16:00:45"",""0.0"""
"[103444] ARO PASANTE TRIPLE ARGOLLA BOLITAS (DORADO),""2025-12-09 16:00:45"",""0.0"""
"[103445] ARO PASANTE TRIPLE ARGOLLA BOLITAS (PLATEADO),""2025-12-09 16:00:45"",""0.0"""
"[103446] ARO PASANTE TRIPLE ARGOLLA DORADO,""2025-12-09 16:00:45"",""0.0"""
"[103881] SET X3 PASANTES ARGOLLA GRANDE C/ DIJE PLATEADO,""2025-12-09 16:00:45"",""0.0"""
"[103882] SET X3 PASANTES SEMI ARGOLLA PLATEADO,""2025-12-09 16:00:45"",""0.0"""
"[103803] SET PASANTES PRESION 3 ESTRELLAS PLATEADO,""2025-12-09 16:00:45"",""0.0"""
"[103805] SET PASANTES PRESION LUNA ESTRELLA PLATEADO,""2025-12-09 16:00:45"",""0.0"""
"[103806] SET PASANTES PRESION PERLA DORADO,""2025-12-09 16:00:45"",""0.0"""
"[103477] CADENA LETRA (A, DORADO),""2025-12-09 16:00:45"",""0.0"""
"[103490] CADENA LETRA (A, PLATEADO),""2025-12-09 16:00:45"",""0.0"""
"[103478] CADENA LETRA (B, DORADO),""2025-12-09 16:00:45"",""0.0"""
"[103491] CADENA LETRA (B, PLATEADO),""2025-12-09 16:00:45"",""0.0"""
"[103479] CADENA LETRA (C, DORADO),""2025-12-09 16:00:45"",""0.0"""
"[103492] CADENA LETRA (C, PLATEADO),""2025-12-09 16:00:45"",""0.0"""
"[103480] CADENA LETRA (D, DORADO),""2025-12-09 16:00:45"",""0.0"""
"[103493] CADENA LETRA (D, PLATEADO),""2025-12-09 16:00:45"",""0.0"""
"[103481] CADENA LETRA (E, DORADO),""2025-12-09 16:00:45"",""0.0"""
"[103494] CADENA LETRA (E, PLATEADO),""2025-12-09 16:00:45"",""0.0"""
"[103482] CADENA LETRA (F, DORADO),""2025-12-09 16:00:45"",""0.0"""
"[103495] CADENA LETRA (F, PLATEADO),""2025-12-09 16:00:45"",""0.0"""
"[103483] CADENA LETRA (G, DORADO),""2025-12-09 16:00:45"",""0.0"""
"[103496] CADENA LETRA (G, PLATEADO),""2025-12-09 16:00:45"",""0.0"""
"[103484] CADENA LETRA (J, DORADO),""2025-12-09 16:00:45"",""0.0"""
"[103497] CADENA LETRA (J, PLATEADO),""2025-12-09 16:00:45"",""0.0"""
"[103507] CADENA LETRA (L, DORADO),""2025-12-09 16:00:45"",""0.0"""
"[103508] CADENA LETRA (L, PLATEADO),""2025-12-09 16:00:45"",""0.0"""
"[103505] CADENA LETRA (M, DORADO),""2025-12-09 16:00:45"",""0.0"""
"[103506] CADENA LETRA (M, PLATEADO),""2025-12-09 16:00:45"",""0.0"""
"[103485] CADENA LETRA (N, DORADO),""2025-12-09 16:00:45"",""0.0"""
"[103498] CADENA LETRA (N, PLATEADO),""2025-12-09 16:00:45"",""0.0"""
"[103486] CADENA LETRA (R, DORADO),""2025-12-09 16:00:45"",""0.0"""
"[103499] CADENA LETRA (R, PLATEADO),""2025-12-09 16:00:45"",""0.0"""
"[103503] CADENA LETRA (S, DORADO),""2025-12-09 16:00:45"",""0.0"""
"[103504] CADENA LETRA (S, PLATEADO),""2025-12-09 16:00:45"",""0.0"""
"[103487] CADENA LETRA (T, DORADO),""2025-12-09 16:00:45"",""0.0"""
"[103500] CADENA LETRA (T, PLATEADO),""2025-12-09 16:00:45"",""0.0"""
"[103488] CADENA LETRA (V, DORADO),""2025-12-09 16:00:45"",""0.0"""
"[103501] CADENA LETRA (V, PLATEADO),""2025-12-09 16:00:45"",""0.0"""
"[103489] CADENA LETRA (Y, DORADO),""2025-12-09 16:00:45"",""0.0"""
"[103502] CADENA LETRA (Y, PLATEADO),""2025-12-09 16:00:45"",""0.0"""
"[103732] ROSARIO MADERA MARRON,""2025-12-09 16:00:45"",""0.0"""
"[103793] SET COLLAR + PULSERA INFANTIL FLOR,""2025-12-09 16:00:45"",""0.0"""
"[103633] PULSERA CANUTILLO METAL/CUENTAS C/ DIJES METAL TURQUESA,""2025-12-09 16:00:45"",""0.0"""
"[103634] PULSERA CANUTILLO METAL/FASCETADAS C/ DIJES,""2025-12-09 16:00:45"",""0.0"""
"[103635] PULSERA CANUTILLO METAL/FASCETADAS C/ MARIPOSAS,""2025-12-09 16:00:45"",""0.0"""
"[103636] PULSERA CANUTILLO METAL/REDONDAS TORNASOL PLATEADO,""2025-12-09 16:00:45"",""0.0"""
"[103637] PULSERA CRISTAL FASCETADO TORNASOL VERDE,""2025-12-09 16:00:45"",""0.0"""
"[103638] PULSERA CRISTAL FASCETADO TORNASOL VIOLETA,""2025-12-09 16:00:45"",""0.0"""
"[103639] PULSERA CRISTAL REDONDO C/ MARIPOSAS AZUL,""2025-12-09 16:00:45"",""0.0"""
"[103640] PULSERA CRISTAL REDONDO C/ MARIPOSAS NEGRO,""2025-12-09 16:00:45"",""0.0"""
"[103641] PULSERA CRISTAL REDONDO C/ MARIPOSAS PLATEADO,""2025-12-09 16:00:45"",""0.0"""
"[103642] PULSERA CRISTAL ROMBO AZUL,""2025-12-09 16:00:45"",""0.0"""
"[103643] PULSERA CRISTAL ROMBO BEIGE,""2025-12-09 16:00:45"",""0.0"""
"[103644] PULSERA CRISTAL ROMBO BLANCO,""2025-12-09 16:00:45"",""0.0"""
"[103645] PULSERA CRISTAL ROMBO CELESTE,""2025-12-09 16:00:45"",""0.0"""
"[103646] PULSERA CRISTAL ROMBO GRIS,""2025-12-09 16:00:45"",""0.0"""
"[103647] PULSERA CRISTAL ROMBO ROJO,""2025-12-09 16:00:45"",""0.0"""
"[103648] PULSERA CRISTAL ROMBO ROSA,""2025-12-09 16:00:45"",""0.0"""
"[103649] PULSERA CRISTAL ROMBO VIOLETA,""2025-12-09 16:00:45"",""0.0"""
"[103650] PULSERA CUENTAS C/ CRUZ MADERA,""2025-12-09 16:00:45"",""0.0"""
"[103651] PULSERA CUENTAS FLOREADAS NARANJA,""2025-12-09 16:00:45"",""0.0"""
"[103652] PULSERA CUENTAS MADERA CARAMELO,""2025-12-09 16:00:45"",""0.0"""
"[103653] PULSERA CUENTAS MADERA CHOCOLATE,""2025-12-09 16:00:45"",""0.0"""
"[103654] PULSERA CUENTAS VIDRIO REDONDAS/CUADRADAS/FASCETADAS COBRE,""2025-12-09 16:00:45"",""0.0"""
"[103655] PULSERA CUENTAS VIDRIO REDONDAS/CUADRADAS/FASCETADAS NEGRO,""2025-12-09 16:00:45"",""0.0"""
"[103656] PULSERA CUENTAS VIDRIO REDONDAS/CUADRADAS/FASCETADAS ROJO,""2025-12-09 16:00:45"",""0.0"""
"[103657] PULSERA CUENTAS VIDRIO REDONDAS/CUADRADAS/FASCETADAS ROSA,""2025-12-09 16:00:45"",""0.0"""
"[103658] PULSERA CUENTAS VIDRIO REDONDAS/CUADRADAS/FASCETADAS VIOLETA,""2025-12-09 16:00:45"",""0.0"""
"[103659] PULSERA CUENTAS VIDRIO REDONDAS/FASCETADAS CELESTE,""2025-12-09 16:00:45"",""0.0"""
"[103660] PULSERA CUENTAS VIDRIO REDONDAS/FASCETADAS COBRE,""2025-12-09 16:00:45"",""0.0"""
"[103661] PULSERA CUENTAS VIDRIO REDONDAS/FASCETADAS ROJO,""2025-12-09 16:00:45"",""0.0"""
"[103662] PULSERA CUENTAS VIDRIO REDONDAS/FASCETADAS ROSA,""2025-12-09 16:00:45"",""0.0"""
"[103663] PULSERA CUENTAS VIDRIO REDONDAS/FASCETADAS VERDE,""2025-12-09 16:00:45"",""0.0"""
"[103664] PULSERA CUENTAS VIDRIO REDONDAS/FASCETADAS VIOLETA,""2025-12-09 16:00:45"",""0.0"""
"[103665] PULSERA CUENTAS VIDRIO REDONDAS/OVALADAS GRIS,""2025-12-09 16:00:45"",""0.0"""
"[103666] PULSERA CUENTAS VIDRIO REDONDAS/OVALADAS VERDE,""2025-12-09 16:00:45"",""0.0"""
"[103667] PULSERA DISCOS MADERA C/ VIRGENCITA CARAMELO,""2025-12-09 16:00:45"",""0.0"""
"[103668] PULSERA DISCOS MADERA C/ VIRGENCITA CHOCOLATE,""2025-12-09 16:00:45"",""0.0"""
"[103669] PULSERA DISCOS MADERA C/ VIRGENCITA NEGRO,""2025-12-09 16:00:45"",""0.0"""
"[103670] PULSERA FASCETADA REDONDA/OJO TURCO CELESTE,""2025-12-09 16:00:45"",""0.0"""
"[103671] PULSERA FASCETADA REDONDA/OJO TURCO NEGRO,""2025-12-09 16:00:45"",""0.0"""
"[103672] PULSERA FASCETADA REDONDA/OJO TURCO ROJO,""2025-12-09 16:00:45"",""0.0"""
"[103673] PULSERA FASCETADA REDONDA/OJO TURCO TRANSPARENTE,""2025-12-09 16:00:45"",""0.0"""
"[103674] PULSERA HILO MIXTO REGULABLE C/ OJO TURCO AZUL,""2025-12-09 16:00:45"",""0.0"""
"[103679] PULSERA HILO REGULABLE FASCETADO C/ OJO TURCO BLANCO,""2025-12-09 16:00:45"",""0.0"""
"[103675] PULSERA HILO REGULABLE C/ CRUZ DORADO/NEGRO,""2025-12-09 16:00:45"",""0.0"""
"[103676] PULSERA HILO REGULABLE C/ OJO TURCO AZUL,""2025-12-09 16:00:45"",""0.0"""
"[103678] PULSERA HILO REGULABLE C/ OJO TURCO AZUL/PLATEADO,""2025-12-09 16:00:45"",""0.0"""
"[103677] PULSERA HILO REGULABLE C/ OJO TURCO AZUL/NEGRO,""2025-12-09 16:00:45"",""0.0"""
"[103681] PULSERA HILO REGULABLE SIGNO (ACUARIO),""2025-12-09 16:00:45"",""0.0"""
"[103686] PULSERA HILO REGULABLE SIGNO (ARIES),""2025-12-09 16:00:45"",""0.0"""
"[103687] PULSERA HILO REGULABLE SIGNO (CANCER),""2025-12-09 16:00:45"",""0.0"""
"[103682] PULSERA HILO REGULABLE SIGNO (CAPRICORNIO),""2025-12-09 16:00:45"",""0.0"""
"[103688] PULSERA HILO REGULABLE SIGNO (ESCORPIO),""2025-12-09 16:00:45"",""0.0"""
"[103683] PULSERA HILO REGULABLE SIGNO (GEMINIS),""2025-12-09 16:00:45"",""0.0"""
"[103684] PULSERA HILO REGULABLE SIGNO (LEO),""2025-12-09 16:00:45"",""0.0"""
"[103689] PULSERA HILO REGULABLE SIGNO (LIBRA),""2025-12-09 16:00:45"",""0.0"""
"[103690] PULSERA HILO REGULABLE SIGNO (PISCIS),""2025-12-09 16:00:45"",""0.0"""
"[103685] PULSERA HILO REGULABLE SIGNO (SAGITARIO),""2025-12-09 16:00:45"",""0.0"""
"[103692] PULSERA HILO REGULABLE SIGNO (TAURO),""2025-12-09 16:00:45"",""0.0"""
"[103691] PULSERA HILO REGULABLE SIGNO (VIRGO),""2025-12-09 16:00:45"",""0.0"""
"[103693] PULSERA HILO TRENZADO REGULABLE C/ MANITO CELESTE,""2025-12-09 16:00:45"",""0.0"""
"[103694] PULSERA HILO TRENZADO REGULABLE C/ OJO TURCO CELESTE,""2025-12-09 16:00:45"",""0.0"""
"[103695] PULSERA HILO TRENZADO REGULABLE C/ OJO TURCO REDONDO AZUL,""2025-12-09 16:00:45"",""0.0"""
"[103696] PULSERA HILO TRENZADO REGULABLE C/ OJO TURCO REDONDO CAMEL,""2025-12-09 16:00:45"",""0.0"""
"[103697] PULSERA HILO TRENZADO REGULABLE C/ OJO TURCO ROMBO AZUL,""2025-12-09 16:00:45"",""0.0"""
"[103698] PULSERA REDONDA ACUARELA CELESTE,""2025-12-09 16:00:45"",""0.0"""
"[103701] PULSERA REGULABLE CANUTILLO C/ CORAZON ROJO/BLANCO,""2025-12-09 16:00:45"",""0.0"""
"[103700] PULSERA REGULABLE CANUTILLO C/ CORAZON ROJO,""2025-12-09 16:00:45"",""0.0"""
"[103699] PULSERA REGULABLE CANUTILLO C/ CORAZON BRILLO ROJO,""2025-12-09 16:00:45"",""0.0"""
"[103702] PULSERA REGULABLE CANUTILLO C/ TRIANGULO BRILLO ROJO/BLANCO,""2025-12-09 16:00:45"",""0.0"""
"[103703] PULSERA REGULABLE CRISTAL FASCETADAS C/ OJOS ROJO,""2025-12-09 16:00:45"",""0.0"""
"[103704] PULSERA REGULABLE CUENTAS C/ DIJE MANITO ROJO,""2025-12-09 16:00:45"",""0.0"""
"[103708] PULSERA REGULABLE FASCETADAS/CILINDRICAS C/ OJO AZUL/CELESTE,""2025-12-09 16:00:45"",""0.0"""
"[103706] PULSERA REGULABLE FASCETADA/DISCOS NEGRO/CELESTE,""2025-12-09 16:00:45"",""0.0"""
"[103707] PULSERA REGULABLE FASCETADAS C/ CORAZON PLATEADO/ROJO,""2025-12-09 16:00:45"",""0.0"""
"[103705] PULSERA REGULABLE FASCETADA C/ MANO FATIMA ROJO/BLANCO,""2025-12-09 16:00:45"",""0.0"""
"[103713] PULSERA REGULABLE MOSTACILLA C/ OJO ROJO,""2025-12-09 16:00:45"",""0.0"""
"[103716] PULSERA REGULABLE MOSTACILLA FASCETADA C/ OJO TURCO CELESTE,""2025-12-09 16:00:45"",""0.0"""
"[103712] PULSERA REGULABLE MOSTACILLA C/ MANITO NEGRO/CELESTE,""2025-12-09 16:00:45"",""0.0"""
"[103715] PULSERA REGULABLE MOSTACILLA FASCETADA C/ CRUZ PLATEADO/ROJO,""2025-12-09 16:00:45"",""0.0"""
"[103709] PULSERA REGULABLE MOSTACILLA C/ CARACOLES ROJO,""2025-12-09 16:00:45"",""0.0"""
"[103711] PULSERA REGULABLE MOSTACILLA C/ FLOR ROJO/BLANCO,""2025-12-09 16:00:45"",""0.0"""
"[103710] PULSERA REGULABLE MOSTACILLA C/ CRUZ ROJO/BLANCO/PLATEADO,""2025-12-09 16:00:45"",""0.0"""
"[103714] PULSERA REGULABLE MOSTACILLA DORADO/ROJO,""2025-12-09 16:00:45"",""0.0"""
"[103807] SET PULSERAS INFANTIL LOVE,""2025-12-09 16:00:45"",""0.0"""
"[103808] SET PULSERAS INFANTIL MARIPOSA,""2025-12-09 16:00:45"",""0.0"""
"[103856] SET X2 PULSERAS CRISTAL ROMBO BLANCO/BEIGE,""2025-12-09 16:00:45"",""0.0"""
"[103857] SET X2 PULSERAS CRISTAL ROMBO CELESTE/AZUL,""2025-12-09 16:00:45"",""0.0"""
"[103858] SET X2 PULSERAS CRISTAL ROMBO ROSA/ROJO,""2025-12-09 16:00:45"",""0.0"""
"[103859] SET X2 PULSERAS CRISTAL ROMBO VIOLETA/GRIS,""2025-12-09 16:00:45"",""0.0"""
"[103550] CARTUCHERA PU (PU, CELESTE),""2025-12-09 16:00:45"",""0.0"""
"[103960] SOBRE ANALIA CHICO (PU, NEGRO TRAMA),""2025-12-09 16:00:45"",""0.0"""
"[103509] CARTUCHERA CILINDRO (BLANCO),""2025-12-09 16:00:45"",""0.0"""
"[103510] CARTUCHERA CILINDRO (BORDO),""2025-12-09 16:00:45"",""0.0"""
"[103511] CARTUCHERA CILINDRO (CORAL),""2025-12-09 16:00:45"",""0.0"""
"[103513] CARTUCHERA CILINDRO (NEGRO),""2025-12-09 16:00:45"",""0.0"""
"[103519] CARTUCHERA CILINDRO (ROSA),""2025-12-09 16:00:45"",""0.0"""
"[103514] CARTUCHERA CILINDRO (SALMON),""2025-12-09 16:00:45"",""0.0"""
"[103516] CARTUCHERA CILINDRO (VISON),""2025-12-09 16:00:45"",""0.0"""
"[103522] CARTUCHERA JANA (AZUL),""2025-12-09 16:00:45"",""0.0"""
"[103523] CARTUCHERA JANA (BORDO),""2025-12-09 16:00:45"",""0.0"""
"[103525] CARTUCHERA JANA (NEGRO),""2025-12-09 16:00:45"",""0.0"""
"[103526] CARTUCHERA JANA (ROSA),""2025-12-09 16:00:45"",""0.0"""
"[103521] CARTUCHERA JANA (SALMON),""2025-12-09 16:00:45"",""0.0"""
"[103537] CARTUCHERA LUNA (PU, AZUL),""2025-12-09 16:00:45"",""0.0"""
"[103530] CARTUCHERA LUNA (PU, BORDO),""2025-12-09 16:00:45"",""0.0"""
"[103538] CARTUCHERA LUNA (PU, CELESTE),""2025-12-09 16:00:45"",""0.0"""
"[103540] CARTUCHERA LUNA (PU, VISON),""2025-12-09 16:00:45"",""0.0"""
"[103543] CARTUCHERA MONI (BLANCO),""2025-12-09 16:00:45"",""0.0"""
"[103547] CARTUCHERA MONI (SALMON),""2025-12-09 16:00:45"",""0.0"""
"[103548] CARTUCHERA PU (PU, AZUL),""2025-12-09 16:00:45"",""0.0"""
"[103549] CARTUCHERA PU (PU, BORDO),""2025-12-09 16:00:45"",""0.0"""
"[103551] CARTUCHERA PU (PU, CORAL),""2025-12-09 16:00:45"",""0.0"""
"[103557] CARTUCHERA PU (PU, VERDE),""2025-12-09 16:00:45"",""0.0"""
"[103556] CARTUCHERA PU (PU, VISON),""2025-12-09 16:00:45"",""0.0"""
"[103606] PORTACOSMETICOS LAURA (BEIGE),""2025-12-09 16:00:45"",""0.0"""
"[103613] PORTACOSMETICOS LAURA (ROSA),""2025-12-09 16:00:45"",""0.0"""
"[103605] PORTACOSMETICOS LAURA (AZUL),""2025-12-09 16:00:45"",""0.0"""
"[103607] PORTACOSMETICOS LAURA (BLANCO),""2025-12-09 16:00:45"",""0.0"""
"[103609] PORTACOSMETICOS LAURA (CELESTE),""2025-12-09 16:00:45"",""0.0"""
"[103610] PORTACOSMETICOS LAURA (CRUDO),""2025-12-09 16:00:45"",""0.0"""
"[103615] PORTACOSMETICOS LAURA (VERDE),""2025-12-09 16:00:45"",""0.0"""
"[103616] PORTACOSMETICOS LAURA (VISON),""2025-12-09 16:00:45"",""0.0"""
"[103617] PORTACOSMETICOS UMA (AZUL),""2025-12-09 16:00:45"",""0.0"""
"[103618] PORTACOSMETICOS UMA (BEIGE),""2025-12-09 16:00:45"",""0.0"""
"[103619] PORTACOSMETICOS UMA (BLANCO),""2025-12-09 16:00:45"",""0.0"""
"[103620] PORTACOSMETICOS UMA (BORDO),""2025-12-09 16:00:45"",""0.0"""
"[103623] PORTACOSMETICOS UMA (DURAZNO),""2025-12-09 16:00:45"",""0.0"""
"[103624] PORTACOSMETICOS UMA (GRIS),""2025-12-09 16:00:45"",""0.0"""
"[103625] PORTACOSMETICOS UMA (NEGRO),""2025-12-09 16:00:45"",""0.0"""
"[103628] PORTACOSMETICOS UMA (ROSA),""2025-12-09 16:00:45"",""0.0"""
"[103629] PORTACOSMETICOS UMA (SALMON),""2025-12-09 16:00:45"",""0.0"""
"[103631] PORTALENTES LUZ (ANIMAL PRINT),""2025-12-09 16:00:45"",""0.0"""
"[103632] PORTALENTES LUZ (VERDE),""2025-12-09 16:00:45"",""0.0"""
"[103949] SHOPPER MARU (SALMON),""2025-12-09 16:00:45"",""0.0"""
"[103952] SOBRE ANALIA CHICO (PU, BLANCO),""2025-12-09 16:00:45"",""0.0"""
"[103953] SOBRE ANALIA CHICO (PU, BORDO),""2025-12-09 16:00:45"",""0.0"""
"[103954] SOBRE ANALIA CHICO (PU, CORAL),""2025-12-09 16:00:45"",""0.0"""
"[103956] SOBRE ANALIA CHICO (PU, NEGRO),""2025-12-09 16:00:45"",""0.0"""
"[103961] SOBRE ANALIA GRANDE (PU, AZUL),""2025-12-09 16:00:45"",""0.0"""
"[103962] SOBRE ANALIA GRANDE (PU, BEIGE),""2025-12-09 16:00:45"",""0.0"""
"[103963] SOBRE ANALIA GRANDE (PU, BLANCO),""2025-12-09 16:00:45"",""0.0"""
"[103964] SOBRE ANALIA GRANDE (PU, BORDO),""2025-12-09 16:00:45"",""0.0"""
"[103967] SOBRE ANALIA GRANDE (PU, NEGRO),""2025-12-09 16:00:45"",""0.0"""
"[103979] SOBRE PRAGA (VERDE),""2025-12-09 16:00:45"",""0.0"""
"[103447] BANDOLERA FRIDA (AZUL),""2025-12-09 16:00:45"",""0.0"""
"[103449] BANDOLERA FRIDA (BORDO),""2025-12-09 16:00:45"",""0.0"""
"[103576] MOCHILA LOLA (BLANCO),""2025-12-09 16:00:45"",""0.0"""
"[103579] MOCHILA LOLA (CRUDO),""2025-12-09 16:00:45"",""0.0"""
"[103580] MOCHILA LOLA (GRIS),""2025-12-09 16:00:45"",""0.0"""
"[103583] MOCHILA MARINERA (CANVA/DENIM, REPTIL),""2025-12-09 16:00:45"",""0.0"""
"[103593] PHONEBAG 01 (PU, AZUL),""2025-12-09 16:00:45"",""0.0"""
"[103594] PHONEBAG 01 (PU, BLANCO),""2025-12-09 16:00:45"",""0.0"""
"[103595] PHONEBAG 01 (PU, CELESTE),""2025-12-09 16:00:45"",""0.0"""
"[103597] PHONEBAG 01 (PU, FUCSIA),""2025-12-09 16:00:45"",""0.0"""
"[103599] PHONEBAG 01 (PU, VERDE),""2025-12-09 16:00:45"",""0.0"""
"[103592] PHONEBAG 01 (CROCO, VERDE),""2025-12-09 16:00:45"",""0.0"""
"[103600] PHONEBAG SOFIA (BLANCO),""2025-12-09 16:00:45"",""0.0"""
"[103601] PHONEBAG SOFIA (CRUDO),""2025-12-09 16:00:45"",""0.0"""
"[103602] PHONEBAG SOFIA (NEGRO),""2025-12-09 16:00:45"",""0.0"""
"[103630] PORTACOSMETICOS UMA (VISON),""2025-12-09 16:00:45"",""0.0"""
"[103718] RIÑONERA CARLA (AZUL),""2025-12-09 16:00:45"",""0.0"""
"[103719] RIÑONERA CARLA (BLANCO),""2025-12-09 16:00:45"",""0.0"""
"[103720] RIÑONERA CARLA (BORDO),""2025-12-09 16:00:45"",""0.0"""
"[103721] RIÑONERA CARLA (CRUDO),""2025-12-09 16:00:45"",""0.0"""
"[103723] RIÑONERA CARLA (NEGRO TRAMA),""2025-12-09 16:00:45"",""0.0"""
"[103724] RIÑONERA CARLA (ROJO),""2025-12-09 16:00:45"",""0.0"""
"[103725] RIÑONERA CARLA (ROSA),""2025-12-09 16:00:45"",""0.0"""
"[103726] RIÑONERA FLAT (AZUL),""2025-12-09 16:00:45"",""0.0"""
"[103727] RIÑONERA FLAT (BLANCO),""2025-12-09 16:00:45"",""0.0"""
"[103731] RIÑONERA FLAT (NEGRO TRAMA),""2025-12-09 16:00:45"",""0.0"""
"[103938] SHOPPER FLORES,""2025-12-09 16:00:45"",""0.0"""
"[103939] SHOPPER MARU (AZUL),""2025-12-09 16:00:45"",""0.0"""
"[103940] SHOPPER MARU (BLANCO),""2025-12-09 16:00:45"",""0.0"""
"[103941] SHOPPER MARU (BORDO),""2025-12-09 16:00:45"",""0.0"""
"[103942] SHOPPER MARU (CELESTE),""2025-12-09 16:00:45"",""0.0"""
"[103943] SHOPPER MARU (CORAL),""2025-12-09 16:00:45"",""0.0"""
"[103944] SHOPPER MARU (CRUDO),""2025-12-09 16:00:45"",""0.0"""
"[103945] SHOPPER MARU (NEGRO),""2025-12-09 16:00:45"",""0.0"""
"[103946] SHOPPER MARU (ROJO),""2025-12-09 16:00:45"",""0.0"""
"[103947] SHOPPER MARU (ROSA),""2025-12-09 16:00:45"",""0.0"""
"[103948] SHOPPER MARU (VERDE),""2025-12-09 16:00:45"",""0.0"""
"[103951] SOBRE ANALIA CHICO (PU, AZUL),""2025-12-09 16:00:45"",""0.0"""
"[103958] SOBRE ANALIA CHICO (PU, VERDE),""2025-12-09 16:00:45"",""0.0"""
"[103959] SOBRE ANALIA CHICO (PU, VISON),""2025-12-09 16:00:45"",""0.0"""
"[103966] SOBRE ANALIA GRANDE (PU, GRIS),""2025-12-09 16:00:45"",""0.0"""
"[103969] SOBRE ANALIA GRANDE (PU, SALMON),""2025-12-09 16:00:45"",""0.0"""
"[103973] SOBRE PAMPA CHICO (RAYAS),""2025-12-09 16:00:45"",""0.0"""
"[103977] SOBRE PRAGA (BORDO),""2025-12-09 16:00:45"",""0.0"""
"[103978] SOBRE PRAGA (CELESTE),""2025-12-09 16:00:45"",""0.0"""
"[103463] BROCHE GRANDE ANIMAL PRINT BEIGE CLARO,""2025-12-09 16:00:45"",""0.0"""
"[103464] BROCHE GRANDE ANIMAL PRINT BEIGE OSCURO,""2025-12-09 16:00:45"",""0.0"""
"[103465] BROCHE GRANDE CORAZON CALADO DORADO,""2025-12-09 16:00:45"",""0.0"""
"[103466] BROCHE GRANDE CORAZON CALADO PLATEADO,""2025-12-09 16:00:45"",""0.0"""
"[103467] BROCHE GRANDE EFECTO VIDRIO CELESTE/LILA,""2025-12-09 16:00:45"",""0.0"""
"[103468] BROCHE GRANDE EFECTO VIDRIO ROSA/AMARILLO,""2025-12-09 16:00:45"",""0.0"""
"[103469] BROCHE GRANDE FLOR MATE CRUDO,""2025-12-09 16:00:45"",""0.0"""
"[103470] BROCHE GRANDE FLOR MATE NEGRO,""2025-12-09 16:00:45"",""0.0"""
"[103471] BROCHE GRANDE FLOR MATE ROSA,""2025-12-09 16:00:45"",""0.0"""
"[103472] BROCHE GRANDE MATE CRUDO,""2025-12-09 16:00:45"",""0.0"""
"[103473] BROCHE GRANDE MATE ROSA,""2025-12-09 16:00:45"",""0.0"""
"[103474] BROCHE GRANDE MATE VERDE,""2025-12-09 16:00:45"",""0.0"""
"[103818] SET X2 BROCHES MEDIANOS C/ MOÑO,""2025-12-09 16:00:45"",""0.0"""
"[103884] SET X4 BROCHES + HEBILLAS CORAZON TRANSPARENTE PASTEL,""2025-12-09 16:00:45"",""0.0"""
"[103885] SET X4 BROCHES CHICOS C/ CORAZON TRANSPARENTES,""2025-12-09 16:00:45"",""0.0"""
"[103886] SET X4 BROCHES CHICOS FLORES + GOMITAS CONEJO + HEBILLA,""2025-12-09 16:00:45"",""0.0"""
"[103887] SET X4 BROCHES CHICOS FLORES + HEBILLA MOÑO CHICO,""2025-12-09 16:00:45"",""0.0"""
"[103889] SET X4 BROCHES CHICOS MATE PASTEL,""2025-12-09 16:00:45"",""0.0"""
"[103888] SET X4 BROCHES CHICOS MATE PASTEL,""2025-12-09 16:00:45"",""0.0"""
"[103890] SET X4 BROCHES CHICOS ONDULADOS MATE PASTEL,""2025-12-09 16:00:45"",""0.0"""
"[103891] SET X4 BROCHES CHICOS TORNASOL ALMEJA,""2025-12-09 16:00:45"",""0.0"""
"[103915] SET X5 BROCHES CHICOS CORONITA + COLITAS,""2025-12-09 16:00:45"",""0.0"""
"[103916] SET X5 BROCHES CHICOS FLORES + COLITAS,""2025-12-09 16:00:45"",""0.0"""
"[103920] SET X6 BROCHES CHICOS CUADRADOS PASTEL,""2025-12-09 16:00:45"",""0.0"""
"[103921] SET X6 BROCHES CHICOS MOÑOS PASTEL,""2025-12-09 16:00:45"",""0.0"""
"[103929] SET X6 MINI BROCHES ESTRELLA SURTIDO,""2025-12-09 16:00:45"",""0.0"""
"[103930] SET X6 MINI BROCHES ESTRELLA SURTIDO BRILLANTE,""2025-12-09 16:00:45"",""0.0"""
"[103931] SET X6 MINI BROCHES FLORCITAS SURTIDO,""2025-12-09 16:00:45"",""0.0"""
"[103932] SET X7 MINI BROCHES SURTIDOS PASTEL,""2025-12-09 16:00:45"",""0.0"""
"[103562] HEBILLA METAL CORAZONES DORADO,""2025-12-09 16:00:45"",""0.0"""
"[103563] HEBILLA METAL DORADO,""2025-12-09 16:00:45"",""0.0"""
"[103564] HEBILLA METAL MOÑO DORADO,""2025-12-09 16:00:45"",""0.0"""
"[103567] HEBILLA MOÑO DOBLE TUL TORNASOL BLANCO,""2025-12-09 16:00:45"",""0.0"""
"[103565] HEBILLA MOÑO C/ CORAZONES CORAL,""2025-12-09 16:00:45"",""0.0"""
"[103566] HEBILLA MOÑO DOBLE C/ LENTEJUELAS ESTRELLA ROSA,""2025-12-09 16:00:45"",""0.0"""
"[103568] HEBILLA MOÑO GRANDE DOBLE BORDO,""2025-12-09 16:00:45"",""0.0"""
"[103570] HEBILLA MOÑO GRANDE DOBLE ROJO,""2025-12-09 16:00:45"",""0.0"""
"[103571] HEBILLA MOÑO GRANDE DOBLE ROSA,""2025-12-09 16:00:45"",""0.0"""
"[103569] HEBILLA MOÑO GRANDE DOBLE FUCSIA/VIOLETA,""2025-12-09 16:00:45"",""0.0"""
"[103572] HEBILLA MOÑO SALMON,""2025-12-09 16:00:45"",""0.0"""
"[103828] SET X2 HEBILLAS METAL C/ CORAZON AMARILLO,""2025-12-09 16:00:45"",""0.0"""
"[103824] SET X2 HEBILLAS C/ CEREZAS,""2025-12-09 16:00:45"",""0.0"""
"[103830] SET X2 HEBILLAS METAL C/ FLOR CELESTE,""2025-12-09 16:00:45"",""0.0"""
"[103825] SET X2 HEBILLAS CORAZON C/ ESTRELLAS,""2025-12-09 16:00:45"",""0.0"""
"[103826] SET X2 HEBILLAS METAL C/ CARAMELO FUCSIA,""2025-12-09 16:00:45"",""0.0"""
"[103827] SET X2 HEBILLAS METAL C/ CARAMELO LILA,""2025-12-09 16:00:45"",""0.0"""
"[103833] SET X2 HEBILLAS METAL ESTRELLA,""2025-12-09 16:00:45"",""0.0"""
"[103843] SET X2 HEBILLAS MOÑOS CHICOS CELESTE/LILA,""2025-12-09 16:00:45"",""0.0"""
"[103844] SET X2 HEBILLAS MOÑOS CHICOS CRUDO/ROSA,""2025-12-09 16:00:45"",""0.0"""
"[103848] SET X2 HEBILLAS MOÑOS CHICOS ROSA/VIOLETA,""2025-12-09 16:00:45"",""0.0"""
"[103850] SET X2 HEBILLAS MOÑOS GLITTER BLANCO/VERDE,""2025-12-09 16:00:45"",""0.0"""
"[103851] SET X2 HEBILLAS MOÑOS GLITTER ROSA/BLANCO,""2025-12-09 16:00:45"",""0.0"""
"[103853] SET X2 HEBILLAS MOÑOS MEDIANOS DOBLE ROSA,""2025-12-09 16:00:45"",""0.0"""
"[103849] SET X2 HEBILLAS MOÑOS DE TUL ROSA,""2025-12-09 16:00:45"",""0.0"""
"[103829] SET X2 HEBILLAS METAL C/ CORAZON ROSA,""2025-12-09 16:00:45"",""0.0"""
"[103831] SET X2 HEBILLAS METAL C/ FLORES VERDE,""2025-12-09 16:00:45"",""0.0"""
"[103799] SET HEBILLAS + INVISIBLES METAL BRILLOS,""2025-12-09 16:00:45"",""0.0"""
"[103800] SET HEBILLAS + SCUNZI C/ BRILLO DORADO,""2025-12-09 16:00:45"",""0.0"""
"[103835] SET X2 HEBILLAS MOÑO ALITAS + GOMITAS PASTEL,""2025-12-09 16:00:45"",""0.0"""
"[103903] SET X4 HEBILLAS MOÑOS / MARIPOSAS CELESTE,""2025-12-09 16:00:45"",""0.0"""
"[103880] SET X3 HEBILLAS MOÑOS CINTA LILA,""2025-12-09 16:00:45"",""0.0"""
"[103933] SET X8 HEBILLAS + GOMITAS PASTEL,""2025-12-09 16:00:45"",""0.0"""
"[103798] SET HEBILLAS + GOMITAS SIRENAS,""2025-12-09 16:00:45"",""0.0"""
"[103801] SET INVISIBLES METAL MIXTOS,""2025-12-09 16:00:45"",""0.0"""
"[103802] SET INVISIBLES METAL NEGRO,""2025-12-09 16:00:45"",""0.0"""
"[103855] SET X2 MOÑOS + GOMITAS FUCSIA,""2025-12-09 16:00:45"",""0.0"""
"[103809] SET X10 HEBILLAS PLASTICAS PASTEL,""2025-12-09 16:00:45"",""0.0"""
"[103822] SET X2 HEBILLA MOÑO CELESTE,""2025-12-09 16:00:45"",""0.0"""
"[103823] SET X2 HEBILLAS BRILLOS C/ MARIPOSAS DORADO,""2025-12-09 16:00:45"",""0.0"""
"[103832] SET X2 HEBILLAS METAL DORADO,""2025-12-09 16:00:45"",""0.0"""
"[103834] SET X2 HEBILLAS METAL PLATEADO,""2025-12-09 16:00:45"",""0.0"""
"[103837] SET X2 HEBILLAS MOÑO C/ PERLA BLANCO,""2025-12-09 16:00:45"",""0.0"""
"[103836] SET X2 HEBILLAS MOÑO C/ CORAZON ROSA,""2025-12-09 16:00:45"",""0.0"""
"[103838] SET X2 HEBILLAS MOÑO C/ PERLA ROSA,""2025-12-09 16:00:45"",""0.0"""
"[103839] SET X2 HEBILLAS MOÑO TUL C/ CEREZAS,""2025-12-09 16:00:45"",""0.0"""
"[103841] SET X2 HEBILLAS MOÑOS CHICOS C/ CORAZONES,""2025-12-09 16:00:45"",""0.0"""
"[103842] SET X2 HEBILLAS MOÑOS CHICOS CELESTE,""2025-12-09 16:00:45"",""0.0"""
"[103845] SET X2 HEBILLAS MOÑOS CHICOS ESTAMPADO CEREZAS,""2025-12-09 16:00:45"",""0.0"""
"[103846] SET X2 HEBILLAS MOÑOS CHICOS FUCSIA,""2025-12-09 16:00:45"",""0.0"""
"[103847] SET X2 HEBILLAS MOÑOS CHICOS ROSA,""2025-12-09 16:00:45"",""0.0"""
"[103852] SET X2 HEBILLAS MOÑOS MEDIANOS BLANCO,""2025-12-09 16:00:45"",""0.0"""
"[103854] SET X2 HEBILLAS MOÑOS PASTEL ROSA,""2025-12-09 16:00:45"",""0.0"""
"[103840] SET X2 HEBILLAS MOÑOS C/ APLIQUE HELADO,""2025-12-09 16:00:45"",""0.0"""
"[103874] SET X3 HEBILLAS CUADRADAS BEIGE/ROSA,""2025-12-09 16:00:45"",""0.0"""
"[103875] SET X3 HEBILLAS METAL CORAZONES ROSA,""2025-12-09 16:00:45"",""0.0"""
"[103876] SET X3 HEBILLAS METAL ONDULADAS PASTEL,""2025-12-09 16:00:45"",""0.0"""
"[103877] SET X3 HEBILLAS MOÑO BRILLOS,""2025-12-09 16:00:45"",""0.0"""
"[103878] SET X3 HEBILLAS MOÑO CORAL,""2025-12-09 16:00:45"",""0.0"""
"[103879] SET X3 HEBILLAS MOÑO/HEBILLA CARAMELO INFLABLE ROSA,""2025-12-09 16:00:45"",""0.0"""
"[103873] SET X3 HEBILLA MOÑO CORAZON C/ LENTEJUELA ROSA/CRUDO,""2025-12-09 16:00:45"",""0.0"""
"[103899] SET X4 HEBILLAS CEREZAS ROJO,""2025-12-09 16:00:45"",""0.0"""
"[103900] SET X4 HEBILLAS DE SILICONA VIOLETA,""2025-12-09 16:00:45"",""0.0"""
"[103901] SET X4 HEBILLAS MARIPOSAS/MOÑOS BRILLOS,""2025-12-09 16:00:45"",""0.0"""
"[103902] SET X4 HEBILLAS METAL LISAS/ESTAMPADAS,""2025-12-09 16:00:45"",""0.0"""
"[103927] SET X6 HEBILLAS MOÑOS CHICOS C/ CORAZONES,""2025-12-09 16:00:45"",""0.0"""
"[103928] SET X6 HEBILLAS NEGRO,""2025-12-09 16:00:45"",""0.0"""
"[103934] SET X8 HEBILLAS ANCHAS/FINAS ROSA,""2025-12-09 16:00:45"",""0.0"""
"[103898] SET X4 HEBILLAS + INVISIBLES METAL PASTEL,""2025-12-09 16:00:45"",""0.0"""
"[103560] GOMITA C/ MOÑO METAL DORADO,""2025-12-09 16:00:45"",""0.0"""
"[103561] GOMITA C/ PIEZA METAL DORADO,""2025-12-09 16:00:45"",""0.0"""
"[103788] SCUNZI CORAZON DORADO/NEGRO,""2025-12-09 16:00:45"",""0.0"""
"[103789] SCUNZI CORAZON PLATEADO/NEGRO,""2025-12-09 16:00:45"",""0.0"""
"[103790] SCUNZI TUL C/ FLOR BRILLOS BEIGE,""2025-12-09 16:00:45"",""0.0"""
"[103791] SCUNZI TUL C/ FLOR BRILLOS DORADO,""2025-12-09 16:00:45"",""0.0"""
"[103792] SET COLITAS CONEJO C/ MOÑO,""2025-12-09 16:00:45"",""0.0"""
"[103894] SET X4 COLITAS RAYADO PASTEL,""2025-12-09 16:00:45"",""0.0"""
"[103794] SET GOMITA MOÑO + PULSERA,""2025-12-09 16:00:45"",""0.0"""
"[103796] SET GOMITAS + HEBILLAS UNICORNIO,""2025-12-09 16:00:45"",""0.0"""
"[103795] SET GOMITAS + HEBILLA MOÑO TORNASOL FUCSIA/ROSA,""2025-12-09 16:00:45"",""0.0"""
"[103797] SET GOMITAS MOÑO + BROCHES HELADO,""2025-12-09 16:00:45"",""0.0"""
"[103922] SET X6 GOMITAS CLASICOS/BRILLOS,""2025-12-09 16:00:45"",""0.0"""
"[103810] SET X12 GOMITAS INFANTIL ROSA,""2025-12-09 16:00:45"",""0.0"""
"[103811] SET X12 GOMITAS INFANTIL SURTIDO PASTEL,""2025-12-09 16:00:45"",""0.0"""
"[103812] SET X18 GOMITAS SURTIDO PASTEL,""2025-12-09 16:00:45"",""0.0"""
"[103819] SET X2 COLITAS ANANA/FRUTILLA,""2025-12-09 16:00:45"",""0.0"""
"[103820] SET X2 COLITAS KIWI/SANDIA,""2025-12-09 16:00:45"",""0.0"""
"[103870] SET X3 GOMITAS C/ CONEJITOS SILICONA FUCSIA,""2025-12-09 16:00:45"",""0.0"""
"[103871] SET X3 GOMITAS GRANDES LISAS SURTIDO,""2025-12-09 16:00:45"",""0.0"""
"[103872] SET X3 GOMITAS GRANDES RAYADO SURTIDO,""2025-12-09 16:00:45"",""0.0"""
"[103892] SET X4 COLITAS C/ MOÑO PASTEL,""2025-12-09 16:00:45"",""0.0"""
"[103893] SET X4 COLITAS PRINT PASTEL,""2025-12-09 16:00:45"",""0.0"""
"[103895] SET X4 GOMITAS CABLE SURTIDO BRILLANTE,""2025-12-09 16:00:45"",""0.0"""
"[103896] SET X4 GOMITAS CABLE SURTIDO NUDE,""2025-12-09 16:00:45"",""0.0"""
"[103897] SET X4 GOMITAS CHICAS MARRON,""2025-12-09 16:00:45"",""0.0"""
"[103904] SET X4 MINI GOMITAS C/ BOLITAS OREJITAS,""2025-12-09 16:00:45"",""0.0"""
"[103905] SET X4 MINI GOMITAS RAYADAS C/ BOLITAS,""2025-12-09 16:00:45"",""0.0"""
"[103906] SET X4 OREJITAS C/ ESTRELLAS BLANCO/ROSA,""2025-12-09 16:00:45"",""0.0"""
"[103907] SET X4 OREJITAS C/ ESTRELLAS FUCSIA/BLANCO,""2025-12-09 16:00:45"",""0.0"""
"[103912] SET X4 OREJITAS C/ POMPON FUCSIA/NEGRO,""2025-12-09 16:00:45"",""0.0"""
"[103908] SET X4 OREJITAS C/ ESTRELLAS NARANJA/BLANCO,""2025-12-09 16:00:45"",""0.0"""
"[103909] SET X4 OREJITAS C/ ESTRELLAS NEGRO/BLANCO,""2025-12-09 16:00:45"",""0.0"""
"[103910] SET X4 OREJITAS C/ ESTRELLAS ROJO/BLANCO,""2025-12-09 16:00:45"",""0.0"""
"[103913] SET X4 OREJITAS C/ POMPON ROSA FLUO,""2025-12-09 16:00:45"",""0.0"""
"[103914] SET X4 OREJITAS C/ POMPON TURQUESA,""2025-12-09 16:00:45"",""0.0"""
"[103911] SET X4 OREJITAS C/ ESTRELLAS VERDE/BLANCO,""2025-12-09 16:00:45"",""0.0"""
"[103917] SET X5 COLITAS DEGRADE CELESTE,""2025-12-09 16:00:45"",""0.0"""
"[103918] SET X5 COLITAS DEGRADE ROSA,""2025-12-09 16:00:45"",""0.0"""
"[103919] SET X5 GOMITAS C/ APLIQUE,""2025-12-09 16:00:45"",""0.0"""
"[103923] SET X6 GOMITAS GRANDES MARRON,""2025-12-09 16:00:45"",""0.0"""
"[103924] SET X6 GOMITAS MEDIANAS BRILLOS/FRUTILLAS,""2025-12-09 16:00:45"",""0.0"""
"[103925] SET X6 GOMITAS MEDIANAS C/ ESTRELLA PLATEADO/NEGRO,""2025-12-09 16:00:45"",""0.0"""
"[103926] SET X6 GOMITAS MEDIANAS MARRON,""2025-12-09 16:00:45"",""0.0"""
"[103821] SET X2 GOMITAS C/ APLIQUE DONA,""2025-12-09 16:00:45"",""0.0"""
"[103733] SCRAP BEAUTY 3990,""2025-12-09 16:00:45"",""0.0"""
"[103734] SCRAP BEAUTY 4990,""2025-12-09 16:00:45"",""0.0"""
"[103735] SCRAP BEAUTY 5990,""2025-12-09 16:00:45"",""0.0"""
"[103736] SCRAP BEAUTY 6990,""2025-12-09 16:00:45"",""0.0"""
"[103737] SCRAP BEAUTY 7990,""2025-12-09 16:00:45"",""0.0"""
"[103738] SCRAP BEAUTY 8990,""2025-12-09 16:00:45"",""0.0"""
"[103751] SCRAP HOME 3990,""2025-12-09 16:00:45"",""0.0"""
"[103754] SCRAP HOME 6990,""2025-12-09 16:00:45"",""0.0"""
"[103746] SCRAP HOME 14990,""2025-12-09 16:00:45"",""0.0"""
"[103752] SCRAP HOME 4990,""2025-12-09 16:00:45"",""0.0"""
"[103757] SCRAP HOME 9990,""2025-12-09 16:00:45"",""0.0"""
"[103758] SCRAP MARRO CHICA 14990,""2025-12-09 16:00:45"",""0.0"""
"[103759] SCRAP MARRO CHICA 3990,""2025-12-09 16:00:45"",""0.0"""
"[103760] SCRAP MARRO CHICA 4990,""2025-12-09 16:00:45"",""0.0"""
"[103761] SCRAP MARRO CHICA 5990,""2025-12-09 16:00:45"",""0.0"""
"[103762] SCRAP MARRO CHICA 6990,""2025-12-09 16:00:45"",""0.0"""
"[103763] SCRAP MARRO CHICA 7990,""2025-12-09 16:00:45"",""0.0"""
"[103764] SCRAP MARRO CHICA 8990,""2025-12-09 16:00:45"",""0.0"""
"[103765] SCRAP MARRO CHICA 9990,""2025-12-09 16:00:45"",""0.0"""
"[103766] SCRAP MARRO GRANDE 14990,""2025-12-09 16:00:45"",""0.0"""
"[103767] SCRAP MARRO GRANDE 19990,""2025-12-09 16:00:45"",""0.0"""
"[103768] SCRAP MARRO GRANDE 24990,""2025-12-09 16:00:45"",""0.0"""
"[103769] SCRAP MARRO GRANDE 29990,""2025-12-09 16:00:45"",""0.0"""
"[103770] SCRAP MARRO GRANDE 34990,""2025-12-09 16:00:45"",""0.0"""
"[103771] SCRAP MARRO GRANDE 39990,""2025-12-09 16:00:45"",""0.0"""
"[103772] SCRAP MARRO GRANDE 44990,""2025-12-09 16:00:45"",""0.0"""
"[103559] CHALINA SELECCION,""2025-12-09 16:00:45"",""0.0"""
"[103782] SCRAP TEXTIL 34990,""2025-12-09 16:00:45"",""0.0"""
"[103783] SCRAP TEXTIL 39990,""2025-12-09 16:00:45"",""0.0"""
"[103785] SCRAP TEXTIL 7990,""2025-12-09 16:00:45"",""0.0"""
"[103787] SCRAP TEXTIL 9990,""2025-12-09 16:00:45"",""0.0"""
"[103747] SCRAP HOME 1990,""2025-12-09 16:00:45"",""0.0"""
"[103749] SCRAP HOME 2990,""2025-12-09 16:00:45"",""0.0"""
"[103986] ANILLO INFANTIL (CEREZAS),""2025-12-09 16:00:45"",""0.0"""
"[103987] ANILLO INFANTIL (CHERRY),""2025-12-09 16:00:45"",""0.0"""
"[103988] ANILLO INFANTIL (CONEJO),""2025-12-09 16:00:45"",""0.0"""
"[103989] ANILLO INFANTIL (CORAZON),""2025-12-09 16:00:45"",""0.0"""
"[103990] ANILLO INFANTIL (CORAZON LILA Y ROSA),""2025-12-09 16:00:45"",""0.0"""
"[103991] ANILLO INFANTIL (FLOR),""2025-12-09 16:00:45"",""0.0"""
"[103992] ANILLO INFANTIL (FLOR PASTEL),""2025-12-09 16:00:45"",""0.0"""
"[103993] ANILLO INFANTIL (FLOR ROSA),""2025-12-09 16:00:45"",""0.0"""
"[103994] ANILLO INFANTIL (HELADO),""2025-12-09 16:00:45"",""0.0"""
"[103995] ANILLO INFANTIL (MOÑO),""2025-12-09 16:00:45"",""0.0"""
"[103813] SET X2 ANILLOS INFANTILES CONEJO/CEREZAS,""2025-12-09 16:02:03"",""0.0"""
"[103814] SET X2 ANILLOS INFANTILES FLOR/CORAZON LILA,""2025-12-09 16:02:03"",""0.0"""
"[103815] SET X2 ANILLOS INFANTILES FLORES PASTEL,""2025-12-09 16:02:03"",""0.0"""
"[103816] SET X2 ANILLOS INFANTILES HELADO/CORAZON,""2025-12-09 16:02:03"",""0.0"""
"[103817] SET X2 ANILLOS INFANTILES MOÑO/CHERRY,""2025-12-09 16:02:03"",""0.0"""
"[103860] SET X3 ANILLOS BRILLOS DORADO ,""2025-12-09 16:02:03"",""0.0"""
"[103861] SET X3 ANILLOS CORAZON/LUNA/ESTRELLA DORADO,""2025-12-09 16:02:03"",""0.0"""
"[103863] SET X3 ANILLOS FINITO/CRUZADO DORADO ,""2025-12-09 16:02:03"",""0.0"""
"[103862] SET X3 ANILLOS DORADO/MARRON,""2025-12-09 16:02:03"",""0.0"""
"[103864] SET X3 ANILLOS MOÑO/ESLABON/OJO TURCO DORADO,""2025-12-09 16:02:03"",""0.0"""
"[103865] SET X3 ANILLOS PERLITA/MANO/CORAZONES PLATEADO,""2025-12-09 16:02:03"",""0.0"""
"[103866] SET X3 ANILLOS PERLITA/MEDIA CRUZ DORADO,""2025-12-09 16:02:03"",""0.0"""
"[103867] SET X3 ANILLOS PIEDRA CUADRADA/ESLABONES DORADO,""2025-12-09 16:02:03"",""0.0"""
"[103868] SET X3 ANILLOS PIEDRA CUADRADA/LISO PLATEADO,""2025-12-09 16:02:03"",""0.0"""
"[103869] SET X3 ANILLOS TORZADO/ABRAZO PLATEADO,""2025-12-09 16:02:03"",""0.0"""
"[103883] SET X4 ANILLOS INFANTIL HELADO/FLOR/CORAZON,""2025-12-09 16:02:03"",""0.0"""
"[103299] ARO PASANTE ARGOLLA GRANDE DORADO,""2025-12-09 16:02:03"",""0.0"""
"[103319] ARO PASANTE ARGOLLA MEDIANA PLATEADO,""2025-12-09 16:02:03"",""0.0"""
"[103335] ARO PASANTE COLGANTE ESLABONES COMBINADOS PLATEADO/DORADO,""2025-12-09 16:02:03"",""0.0"""
"[103375] ARO PASANTE GOTA GRANDE (DORADO),""2025-12-09 16:02:03"",""0.0"""
"[103376] ARO PASANTE GOTA GRANDE (PLATEADO),""2025-12-09 16:02:03"",""0.0"""
"[103289] ARO PASANTE ARGOLLA BOLITAS (DORADO),""2025-12-09 16:02:03"",""0.0"""
"[103290] ARO PASANTE ARGOLLA BOLITAS (PLATEADO),""2025-12-09 16:02:03"",""0.0"""
"[103291] ARO PASANTE ARGOLLA C/ ARANDELAS (DORADO),""2025-12-09 16:02:03"",""0.0"""
"[103292] ARO PASANTE ARGOLLA C/ ARANDELAS (PLATEADO),""2025-12-09 16:02:03"",""0.0"""
"[103294] ARO PASANTE ARGOLLA CHICA PLATEADO,""2025-12-09 16:02:03"",""0.0"""
"[103295] ARO PASANTE ARGOLLA CHICA TORZADA (DORADO),""2025-12-09 16:02:03"",""0.0"""
"[103296] ARO PASANTE ARGOLLA CHICA TORZADA (PLATEADO),""2025-12-09 16:02:03"",""0.0"""
"[103293] ARO PASANTE ARGOLLA CHICA LISA PLATEADO,""2025-12-09 16:02:03"",""0.0"""
"[103297] ARO PASANTE ARGOLLA GRANDE (DORADO),""2025-12-09 16:02:03"",""0.0"""
"[103300] ARO PASANTE ARGOLLA GRANDE ESCAMAS (DORADO),""2025-12-09 16:02:03"",""0.0"""
"[103301] ARO PASANTE ARGOLLA GRANDE ESCAMAS (PLATEADO),""2025-12-09 16:02:03"",""0.0"""
"[103302] ARO PASANTE ARGOLLA GRANDE GANCHO PLATEADO,""2025-12-09 16:02:03"",""0.0"""
"[103303] ARO PASANTE ARGOLLA GRANDE GLOBO (DORADO),""2025-12-09 16:02:03"",""0.0"""
"[103304] ARO PASANTE ARGOLLA GRANDE GLOBO (PLATEADO),""2025-12-09 16:02:03"",""0.0"""
"[103305] ARO PASANTE ARGOLLA GRANDE PLANA (DORADO),""2025-12-09 16:02:03"",""0.0"""
"[103306] ARO PASANTE ARGOLLA GRANDE PLANA (PLATEADO),""2025-12-09 16:02:03"",""0.0"""
"[103298] ARO PASANTE ARGOLLA GRANDE (PLATEADO),""2025-12-09 16:02:03"",""0.0"""
"[103320] ARO PASANTE ARGOLLA MEDIANA PLATEADO,""2025-12-09 16:02:03"",""0.0"""
"[103323] ARO PASANTE ARGOLLA MEDIANA TORZADA (DORADO),""2025-12-09 16:02:03"",""0.0"""
"[103324] ARO PASANTE ARGOLLA MEDIANA TORZADA (PLATEADO),""2025-12-09 16:02:03"",""0.0"""
"[103325] ARO PASANTE ARGOLLA MEDIANA TRENZADA (DORADO),""2025-12-09 16:02:03"",""0.0"""
"[103326] ARO PASANTE ARGOLLA MEDIANA TRENZADA (PLATEADO),""2025-12-09 16:02:03"",""0.0"""
"[103315] ARO PASANTE ARGOLLA MEDIANA DORADO,""2025-12-09 16:02:03"",""0.0"""
"[103331] ARO PASANTE BOTON GRANDE PLANO PLATEADO,""2025-12-09 16:02:03"",""0.0"""
"[103329] ARO PASANTE BOTON CHICO (DORADO),""2025-12-09 16:02:03"",""0.0"""
"[103330] ARO PASANTE BOTON CHICO (PLATEADO),""2025-12-09 16:02:03"",""0.0"""
"[103327] ARO PASANTE BOTON (DORADO),""2025-12-09 16:02:03"",""0.0"""
"[103328] ARO PASANTE BOTON (PLATEADO),""2025-12-09 16:02:03"",""0.0"""
"[103332] ARO PASANTE CIRCULO DORADO/NACAR,""2025-12-09 16:02:03"",""0.0"""
"[103428] ARO PASANTE SEMI ARGOLLA PLANA RUSTICA (DORADO),""2025-12-09 16:02:03"",""0.0"""
"[103429] ARO PASANTE SEMI ARGOLLA PLANA RUSTICA (PLATEADO),""2025-12-09 16:02:03"",""0.0"""
"[103333] ARO PASANTE CIRCULOS DORADO,""2025-12-09 16:02:03"",""0.0"""
"[103334] ARO PASANTE CIRCULOS RUSTICOS COLGANTES PLATEADO,""2025-12-09 16:02:03"",""0.0"""
"[103340] ARO PASANTE COLGANTE GRANDE CIRCULO (DORADO),""2025-12-09 16:02:03"",""0.0"""
"[103341] ARO PASANTE COLGANTE GRANDE CIRCULO (PLATEADO),""2025-12-09 16:02:03"",""0.0"""
"[103336] ARO PASANTE COLGANTE GOTA GRANDE PLANA (DORADO),""2025-12-09 16:02:03"",""0.0"""
"[103337] ARO PASANTE COLGANTE GOTA GRANDE PLANA (PLATEADO),""2025-12-09 16:02:03"",""0.0"""
"[103338] ARO PASANTE COLGANTE GOTA MEDIANA PLANA (DORADO),""2025-12-09 16:02:03"",""0.0"""
"[103339] ARO PASANTE COLGANTE GOTA MEDIANA PLANA (PLATEADO),""2025-12-09 16:02:03"",""0.0"""
"[103342] ARO PASANTE CONFITE (DORADO),""2025-12-09 16:02:03"",""0.0"""
"[103343] ARO PASANTE CONFITE (PLATEADO),""2025-12-09 16:02:03"",""0.0"""
"[103344] ARO PASANTE CORAZON CHICO (DORADO),""2025-12-09 16:02:03"",""0.0"""
"[103345] ARO PASANTE CORAZON CHICO (PLATEADO),""2025-12-09 16:02:03"",""0.0"""
"[103346] ARO PASANTE CORAZON GRANDE DORADO,""2025-12-09 16:02:03"",""0.0"""
"[103347] ARO PASANTE CORAZON MEDIANO (DORADO),""2025-12-09 16:02:03"",""0.0"""
"[103348] ARO PASANTE CORAZON MEDIANO (PLATEADO),""2025-12-09 16:02:03"",""0.0"""
"[103349] ARO PASANTE CUADRADO CHICO (DORADO),""2025-12-09 16:02:03"",""0.0"""
"[103350] ARO PASANTE CUADRADO CHICO (PLATEADO),""2025-12-09 16:02:03"",""0.0"""
"[103351] ARO PASANTE CUADRADO GRANDE PLATEADO,""2025-12-09 16:02:03"",""0.0"""
"[103352] ARO PASANTE CURVO CHICO (DORADO),""2025-12-09 16:02:03"",""0.0"""
"[103353] ARO PASANTE CURVO CHICO (PLATEADO),""2025-12-09 16:02:03"",""0.0"""
"[103354] ARO PASANTE ESLABON GRANDE DORADO,""2025-12-09 16:02:03"",""0.0"""
"[103355] ARO PASANTE ESLABON METAL CUADRADO COLGANTE DORADO,""2025-12-09 16:02:03"",""0.0"""
"[103359] ARO PASANTE ESTRELLA CHICO (DORADO),""2025-12-09 16:02:03"",""0.0"""
"[103360] ARO PASANTE ESTRELLA CHICO (PLATEADO),""2025-12-09 16:02:03"",""0.0"""
"[103361] ARO PASANTE FLOR BOLITAS (DORADO),""2025-12-09 16:02:03"",""0.0"""
"[103362] ARO PASANTE FLOR BOLITAS (PLATEADO),""2025-12-09 16:02:03"",""0.0"""
"[103363] ARO PASANTE FLOR C/ PERLA DORADO,""2025-12-09 16:02:03"",""0.0"""
"[103365] ARO PASANTE FLOR MEDIANA CALADO (DORADO),""2025-12-09 16:02:03"",""0.0"""
"[103366] ARO PASANTE FLOR MEDIANA CALADO (PLATEADO),""2025-12-09 16:02:03"",""0.0"""
"[103364] ARO PASANTE FLOR GRANDE METAL PLATEADO,""2025-12-09 16:02:03"",""0.0"""
"[103367] ARO PASANTE FLOR MEDIANA DORADO/NACAR,""2025-12-09 16:02:03"",""0.0"""
"[103372] ARO PASANTE GLOBO IRREGULAR PLATEADO,""2025-12-09 16:02:03"",""0.0"""
"[103381] ARO PASANTE GOTA GRANDE ANCHA (DORADO),""2025-12-09 16:02:03"",""0.0"""
"[103382] ARO PASANTE GOTA GRANDE ANCHA (PLATEADO),""2025-12-09 16:02:03"",""0.0"""
"[103386] ARO PASANTE GOTA MEDIANA ANCHA (DORADO),""2025-12-09 16:02:03"",""0.0"""
"[103387] ARO PASANTE GOTA MEDIANA ANCHA (PLATEADO),""2025-12-09 16:02:03"",""0.0"""
"[103373] ARO PASANTE GOTA CHICA (DORADO),""2025-12-09 16:02:03"",""0.0"""
"[103374] ARO PASANTE GOTA CHICA (PLATEADO),""2025-12-09 16:02:03"",""0.0"""
"[103379] ARO PASANTE GOTA GRANDE (DORADO),""2025-12-09 16:02:03"",""0.0"""
"[103377] ARO PASANTE GOTA GRANDE (DORADO),""2025-12-09 16:02:03"",""0.0"""
"[103383] ARO PASANTE GOTA GRANDE DORADO,""2025-12-09 16:02:03"",""0.0"""
"[103380] ARO PASANTE GOTA GRANDE (PLATEADO),""2025-12-09 16:02:03"",""0.0"""
"[103378] ARO PASANTE GOTA GRANDE (PLATEADO),""2025-12-09 16:02:03"",""0.0"""
"[103384] ARO PASANTE GOTA GRANDE MANCHAS (DORADO),""2025-12-09 16:02:03"",""0.0"""
"[103385] ARO PASANTE GOTA GRANDE MANCHAS (PLATEADO),""2025-12-09 16:02:03"",""0.0"""
"[103307] ARO PASANTE ARGOLLA GRANDE PLANA (DORADO),""2025-12-09 16:02:03"",""0.0"""
"[103308] ARO PASANTE ARGOLLA GRANDE PLANA (PLATEADO),""2025-12-09 16:02:03"",""0.0"""
"[103370] ARO PASANTE GANCHO GRANDE (DORADO),""2025-12-09 16:02:03"",""0.0"""
"[103371] ARO PASANTE GANCHO GRANDE (PLATEADO),""2025-12-09 16:02:03"",""0.0"""
"[103414] ARO PASANTE SEMI ARGOLLA GRANDE CORRUGADO (DORADO),""2025-12-09 16:02:03"",""0.0"""
"[103415] ARO PASANTE SEMI ARGOLLA GRANDE CORRUGADO (PLATEADO),""2025-12-09 16:02:03"",""0.0"""
"[103416] ARO PASANTE SEMI ARGOLLA GRANDE ESTILO GOTA (DORADO),""2025-12-09 16:02:03"",""0.0"""
"[103417] ARO PASANTE SEMI ARGOLLA GRANDE ESTILO GOTA (PLATEADO),""2025-12-09 16:02:03"",""0.0"""
"[103418] ARO PASANTE SEMI ARGOLLA GRANDE PLANA (DORADO),""2025-12-09 16:02:03"",""0.0"""
"[103419] ARO PASANTE SEMI ARGOLLA GRANDE PLANA (PLATEADO),""2025-12-09 16:02:03"",""0.0"""
"[103433] ARO PASANTE SEMI CUADRADO GRANDE (DORADO),""2025-12-09 16:02:03"",""0.0"""
"[103389] ARO PASANTE IRREGULAR (DORADO),""2025-12-09 16:02:03"",""0.0"""
"[103390] ARO PASANTE IRREGULAR (PLATEADO),""2025-12-09 16:02:03"",""0.0"""
"[103391] ARO PASANTE IRREGULAR CHICO SIMIL ARGOLLA DORADO,""2025-12-09 16:02:03"",""0.0"""
"[103409] ARO PASANTE SEMI ARGOLLA DORADO/BLANCO,""2025-12-09 16:02:03"",""0.0"""
"[103404] ARO PASANTE SEMI ARGOLLA CHICA (DORADO),""2025-12-09 16:02:03"",""0.0"""
"[103405] ARO PASANTE SEMI ARGOLLA CHICA (PLATEADO),""2025-12-09 16:02:03"",""0.0"""
"[103412] ARO PASANTE SEMI ARGOLLA ESLABON (DORADO),""2025-12-09 16:02:03"",""0.0"""
"[103413] ARO PASANTE SEMI ARGOLLA ESLABON (PLATEADO),""2025-12-09 16:02:03"",""0.0"""
"[103420] ARO PASANTE SEMI ARGOLLA MEDIANA (DORADO),""2025-12-09 16:02:03"",""0.0"""
"[103421] ARO PASANTE SEMI ARGOLLA MEDIANA (PLATEADO),""2025-12-09 16:02:03"",""0.0"""
"[103424] ARO PASANTE SEMI ARGOLLA METAL CAÑO GRUESO (DORADO),""2025-12-09 16:02:03"",""0.0"""
"[103425] ARO PASANTE SEMI ARGOLLA METAL CAÑO GRUESO (PLATEADO),""2025-12-09 16:02:03"",""0.0"""
"[103392] ARO PASANTE MEDIA ESFERA GRANDE (DORADO),""2025-12-09 16:02:03"",""0.0"""
"[103393] ARO PASANTE MEDIA ESFERA GRANDE (PLATEADO),""2025-12-09 16:02:03"",""0.0"""
"[103313] ARO PASANTE ARGOLLA MEDIANA C/ BOLITAS (DORADO),""2025-12-09 16:02:03"",""0.0"""
"[103314] ARO PASANTE ARGOLLA MEDIANA C/ BOLITAS (PLATEADO),""2025-12-09 16:02:03"",""0.0"""
"[103311] ARO PASANTE ARGOLLA MEDIANA (DORADO),""2025-12-09 16:02:03"",""0.0"""
"[103316] ARO PASANTE ARGOLLA MEDIANA ENROLLADA (DORADO),""2025-12-09 16:02:03"",""0.0"""
"[103317] ARO PASANTE ARGOLLA MEDIANA ENROLLADA (PLATEADO),""2025-12-09 16:02:03"",""0.0"""
"[103318] ARO PASANTE ARGOLLA MEDIANA GRUESA PLATEADO,""2025-12-09 16:02:03"",""0.0"""
"[103309] ARO PASANTE ARGOLLA LISA MEDIANA (DORADO),""2025-12-09 16:02:03"",""0.0"""
"[103310] ARO PASANTE ARGOLLA LISA MEDIANA (PLATEADO),""2025-12-09 16:02:03"",""0.0"""
"[103312] ARO PASANTE ARGOLLA MEDIANA (PLATEADO),""2025-12-09 16:02:03"",""0.0"""
"[103321] ARO PASANTE ARGOLLA MEDIANA TORCIDA (DORADO),""2025-12-09 16:02:03"",""0.0"""
"[103322] ARO PASANTE ARGOLLA MEDIANA TORCIDA (PLATEADO),""2025-12-09 16:02:03"",""0.0"""
"[103356] ARO PASANTE ESTILO GOTA MEDIANO CHUNKY PLATEADO,""2025-12-09 16:02:03"",""0.0"""
"[103357] ARO PASANTE ESTILO V MEDIANO (DORADO),""2025-12-09 16:02:03"",""0.0"""
"[103358] ARO PASANTE ESTILO V MEDIANO (PLATEADO),""2025-12-09 16:02:03"",""0.0"""
"[103368] ARO PASANTE FLOR MEDIANO (DORADO),""2025-12-09 16:02:03"",""0.0"""
"[103369] ARO PASANTE FLOR MEDIANO (PLATEADO),""2025-12-09 16:02:03"",""0.0"""
"[103388] ARO PASANTE HEXAGONAL MEDIANO PLATEADO,""2025-12-09 16:02:03"",""0.0"""
"[103422] ARO PASANTE SEMI ARGOLLA MEDIANA CORRUGADA (DORADO),""2025-12-09 16:02:03"",""0.0"""
"[103423] ARO PASANTE SEMI ARGOLLA MEDIANA CORRUGADA (PLATEADO),""2025-12-09 16:02:03"",""0.0"""
"[103398] ARO PASANTE MEDIO CIRCULO GRANDE ANCHO (DORADO),""2025-12-09 16:02:03"",""0.0"""
"[103399] ARO PASANTE MEDIO CIRCULO GRANDE ANCHO (PLATEADO),""2025-12-09 16:02:03"",""0.0"""
"[103395] ARO PASANTE MEDIO CIRCULO CROMADO (PLATEADO),""2025-12-09 16:02:03"",""0.0"""
"[103394] ARO PASANTE MEDIO CIRCULO CROMADO (DORADO),""2025-12-09 16:02:03"",""0.0"""
"[103396] ARO PASANTE MEDIO CIRCULO GRANDE (DORADO),""2025-12-09 16:02:03"",""0.0"""
"[103397] ARO PASANTE MEDIO CIRCULO GRANDE (PLATEADO),""2025-12-09 16:02:03"",""0.0"""
"[103400] ARO PASANTE METAL CRUZADO DORADO,""2025-12-09 16:02:03"",""0.0"""
"[103401] ARO PASANTE METAL NIDO DORADO,""2025-12-09 16:02:03"",""0.0"""
"[103402] ARO PASANTE METAL NIDO TRENZADO DORADO,""2025-12-09 16:02:03"",""0.0"""
"[103403] ARO PASANTE PICO GRANDE DORADO,""2025-12-09 16:02:03"",""0.0"""
"[103406] ARO PASANTE SEMI ARGOLLA CORRUGADA (DORADO),""2025-12-09 16:02:03"",""0.0"""
"[103407] ARO PASANTE SEMI ARGOLLA CORRUGADA (PLATEADO),""2025-12-09 16:02:03"",""0.0"""
"[103408] ARO PASANTE SEMI ARGOLLA CUADRADA DORADO,""2025-12-09 16:02:03"",""0.0"""
"[103410] ARO PASANTE SEMI ARGOLLA ESCAMAS (DORADO),""2025-12-09 16:02:03"",""0.0"""
"[103411] ARO PASANTE SEMI ARGOLLA ESCAMAS (PLATEADO),""2025-12-09 16:02:03"",""0.0"""
"[103426] ARO PASANTE SEMI ARGOLLA PLANA (DORADO),""2025-12-09 16:02:03"",""0.0"""
"[103427] ARO PASANTE SEMI ARGOLLA PLANA (PLATEADO),""2025-12-09 16:02:03"",""0.0"""
"[103430] ARO PASANTE SEMI ARGOLLA SECCIONES (DORADO),""2025-12-09 16:02:03"",""0.0"""
"[103431] ARO PASANTE SEMI ARGOLLA SECCIONES (PLATEADO),""2025-12-09 16:02:03"",""0.0"""
"[103432] ARO PASANTE SEMI CORAZON PLATEADO,""2025-12-09 16:02:03"",""0.0"""
"[103435] ARO PASANTE SEMI CUADRADO REDONDEADO (DORADO),""2025-12-09 16:02:03"",""0.0"""
"[103436] ARO PASANTE SEMI CUADRADO REDONDEADO (PLATEADO),""2025-12-09 16:02:03"",""0.0"""
"[103437] ARO PASANTE SEMI ESFERA CHICA (DORADO),""2025-12-09 16:02:03"",""0.0"""
"[103439] ARO PASANTE SEMI ESFERA MEDIANA (DORADO),""2025-12-09 16:02:03"",""0.0"""
"[103440] ARO PASANTE SEMI ESFERA MEDIANA (PLATEADO),""2025-12-09 16:02:03"",""0.0"""
"[103438] ARO PASANTE SEMI ESFERA CHICA (PLATEADO),""2025-12-09 16:02:03"",""0.0"""
"[103441] ARO PASANTE SEMI ESLABON MEDIANO (DORADO),""2025-12-09 16:02:03"",""0.0"""
"[103442] ARO PASANTE SEMI ESLABON MEDIANO (PLATEADO),""2025-12-09 16:02:03"",""0.0"""
"[103443] ARO PASANTE TRIANGULO GRANDE DORADO,""2025-12-09 16:02:03"",""0.0"""
"[103444] ARO PASANTE TRIPLE ARGOLLA BOLITAS (DORADO),""2025-12-09 16:02:03"",""0.0"""
"[103445] ARO PASANTE TRIPLE ARGOLLA BOLITAS (PLATEADO),""2025-12-09 16:02:03"",""0.0"""
"[103446] ARO PASANTE TRIPLE ARGOLLA DORADO,""2025-12-09 16:02:03"",""0.0"""
"[103881] SET X3 PASANTES ARGOLLA GRANDE C/ DIJE PLATEADO,""2025-12-09 16:02:03"",""0.0"""
"[103882] SET X3 PASANTES SEMI ARGOLLA PLATEADO,""2025-12-09 16:02:03"",""0.0"""
"[103803] SET PASANTES PRESION 3 ESTRELLAS PLATEADO,""2025-12-09 16:02:03"",""0.0"""
"[103804] SET PASANTES PRESION ARGOLLAS DORADO,""2025-12-09 16:02:03"",""0.0"""
"[103805] SET PASANTES PRESION LUNA ESTRELLA PLATEADO,""2025-12-09 16:02:03"",""0.0"""
"[103806] SET PASANTES PRESION PERLA DORADO,""2025-12-09 16:02:03"",""0.0"""
"[100557] ARMA TU LOOK (CARITAS MATE FLUO),""2025-12-09 16:02:03"",""0.0"""
"[100892] ARMA TU LOOK (CARITAS TRANSPARENTES FLUO),""2025-12-09 16:02:03"",""0.0"""
"[100893] ARMA TU LOOK (CARITAS PASTEL REDONDAS),""2025-12-09 16:02:03"",""0.0"""
"[103996] ARMA TU LOOK (CARITAS TRANSPARENTES),""2025-12-09 16:02:03"",""0.0"""
"[103177] ARMA TU LOOK (CORAZONES PASTEL GRANDES),""2025-12-09 16:02:03"",""0.0"""
"[103265] ARMA TU LOOK (CORAZONES LETRAS DORADOS),""2025-12-09 16:02:03"",""0.0"""
"[103266] ARMA TU LOOK (CORAZONES LETRAS PLATEADOS),""2025-12-09 16:02:03"",""0.0"""
"[103267] ARMA TU LOOK (CUBOS BLANCOS CARITAS),""2025-12-09 16:02:03"",""0.0"""
"[103268] ARMA TU LOOK (CUBOS COLORES CARITAS),""2025-12-09 16:02:03"",""0.0"""
"[103269] ARMA TU LOOK (DIBUJOS TRANSPARENTES),""2025-12-09 16:02:03"",""0.0"""
"[103270] ARMA TU LOOK (LETRAS BYN CUBO NEGRO),""2025-12-09 16:02:03"",""0.0"""
"[103271] ARMA TU LOOK (LETRAS BYN REDONDAS),""2025-12-09 16:02:03"",""0.0"""
"[103272] ARMA TU LOOK (LETRAS TRANSPARENTES COLORES),""2025-12-09 16:02:03"",""0.0"""
"[103273] ARMA TU LOOK (LETRAS COLORES/BLANCO REDONDAS),""2025-12-09 16:02:03"",""0.0"""
"[103274] ARMA TU LOOK (LETRAS CORAZONES CHICOS),""2025-12-09 16:02:03"",""0.0"""
"[103275] ARMA TU LOOK (LETRAS CUBOS DORADOS),""2025-12-09 16:02:03"",""0.0"""
"[103276] ARMA TU LOOK (LETRAS CUBOS PLATEADOS),""2025-12-09 16:02:03"",""0.0"""
"[103277] ARMA TU LOOK (LETRAS CUBOS COLORES CHICOS),""2025-12-09 16:02:03"",""0.0"""
"[103278] ARMA TU LOOK (LETRAS CUBOS COLORES MEDIANOS),""2025-12-09 16:02:03"",""0.0"""
"[103279] ARMA TU LOOK (LETRAS DORADAS),""2025-12-09 16:02:03"",""0.0"""
"[103280] ARMA TU LOOK (LETRAS FLUO TRANSPARENTES),""2025-12-09 16:02:03"",""0.0"""
"[103282] ARMA TU LOOK (LETRAS METALIZADAS TRANSPARENTES),""2025-12-09 16:02:03"",""0.0"""
"[103283] ARMA TU LOOK (LETRAS PASTEL CUBOS BLANCOS),""2025-12-09 16:02:03"",""0.0"""
"[103284] ARMA TU LOOK (LETRAS FLUO TRANSPARENTES CHICAS),""2025-12-09 16:02:03"",""0.0"""
"[103285] ARMA TU LOOK (CORAZONES GRANDES),""2025-12-09 16:02:03"",""0.0"""
"[103286] ARMA TU LOOK (LETRAS BYN CUBOS),""2025-12-09 16:02:03"",""0.0"""
"[103287] ARMA TU LOOK (LETRAS COLORES CUBOS BLANCOS),""2025-12-09 16:02:03"",""0.0"""
"[103288] ARMA TU LOOK (LETRAS CUBO NEGRO),""2025-12-09 16:02:03"",""0.0"""
"[103476] CADENA CRUZ BRILLOS REDONDOS PLATEADO,""2025-12-09 16:02:03"",""0.0"""
"[103475] CADENA CRUZ BRILLOS RECTA PLATEADO,""2025-12-09 16:02:03"",""0.0"""
"[103477] CADENA LETRA (A, DORADO),""2025-12-09 16:02:03"",""0.0"""
"[103490] CADENA LETRA (A, PLATEADO),""2025-12-09 16:02:03"",""0.0"""
"[103478] CADENA LETRA (B, DORADO),""2025-12-09 16:02:03"",""0.0"""
"[103491] CADENA LETRA (B, PLATEADO),""2025-12-09 16:02:03"",""0.0"""
"[103479] CADENA LETRA (C, DORADO),""2025-12-09 16:02:03"",""0.0"""
"[103492] CADENA LETRA (C, PLATEADO),""2025-12-09 16:02:03"",""0.0"""
"[103480] CADENA LETRA (D, DORADO),""2025-12-09 16:02:03"",""0.0"""
"[103493] CADENA LETRA (D, PLATEADO),""2025-12-09 16:02:03"",""0.0"""
"[103481] CADENA LETRA (E, DORADO),""2025-12-09 16:02:03"",""0.0"""
"[103494] CADENA LETRA (E, PLATEADO),""2025-12-09 16:02:03"",""0.0"""
"[103482] CADENA LETRA (F, DORADO),""2025-12-09 16:02:03"",""0.0"""
"[103495] CADENA LETRA (F, PLATEADO),""2025-12-09 16:02:03"",""0.0"""
"[103483] CADENA LETRA (G, DORADO),""2025-12-09 16:02:03"",""0.0"""
"[103496] CADENA LETRA (G, PLATEADO),""2025-12-09 16:02:03"",""0.0"""
"[103484] CADENA LETRA (J, DORADO),""2025-12-09 16:02:03"",""0.0"""
"[103497] CADENA LETRA (J, PLATEADO),""2025-12-09 16:02:03"",""0.0"""
"[103507] CADENA LETRA (L, DORADO),""2025-12-09 16:02:03"",""0.0"""
"[103508] CADENA LETRA (L, PLATEADO),""2025-12-09 16:02:03"",""0.0"""
"[103505] CADENA LETRA (M, DORADO),""2025-12-09 16:02:03"",""0.0"""
"[103506] CADENA LETRA (M, PLATEADO),""2025-12-09 16:02:03"",""0.0"""
"[103485] CADENA LETRA (N, DORADO),""2025-12-09 16:02:03"",""0.0"""
"[103498] CADENA LETRA (N, PLATEADO),""2025-12-09 16:02:03"",""0.0"""
"[103486] CADENA LETRA (R, DORADO),""2025-12-09 16:02:03"",""0.0"""
"[103499] CADENA LETRA (R, PLATEADO),""2025-12-09 16:02:03"",""0.0"""
"[103503] CADENA LETRA (S, DORADO),""2025-12-09 16:02:03"",""0.0"""
"[103504] CADENA LETRA (S, PLATEADO),""2025-12-09 16:02:03"",""0.0"""
"[103487] CADENA LETRA (T, DORADO),""2025-12-09 16:02:03"",""0.0"""
"[103500] CADENA LETRA (T, PLATEADO),""2025-12-09 16:02:03"",""0.0"""
"[103488] CADENA LETRA (V, DORADO),""2025-12-09 16:02:03"",""0.0"""
"[103501] CADENA LETRA (V, PLATEADO),""2025-12-09 16:02:03"",""0.0"""
"[103489] CADENA LETRA (Y, DORADO),""2025-12-09 16:02:03"",""0.0"""
"[103502] CADENA LETRA (Y, PLATEADO),""2025-12-09 16:02:03"",""0.0"""
"[103732] ROSARIO MADERA MARRON,""2025-12-09 16:02:03"",""0.0"""
"[103793] SET COLLAR + PULSERA INFANTIL FLOR,""2025-12-09 16:02:03"",""0.0"""
"[103633] PULSERA CANUTILLO METAL/CUENTAS C/ DIJES METAL TURQUESA,""2025-12-09 16:02:03"",""0.0"""
"[103634] PULSERA CANUTILLO METAL/FASCETADAS C/ DIJES,""2025-12-09 16:02:03"",""0.0"""
"[103635] PULSERA CANUTILLO METAL/FASCETADAS C/ MARIPOSAS,""2025-12-09 16:02:03"",""0.0"""
"[103636] PULSERA CANUTILLO METAL/REDONDAS TORNASOL PLATEADO,""2025-12-09 16:02:03"",""0.0"""
"[103637] PULSERA CRISTAL FASCETADO TORNASOL VERDE,""2025-12-09 16:02:03"",""0.0"""
"[103638] PULSERA CRISTAL FASCETADO TORNASOL VIOLETA,""2025-12-09 16:02:03"",""0.0"""
"[103639] PULSERA CRISTAL REDONDO C/ MARIPOSAS AZUL,""2025-12-09 16:02:03"",""0.0"""
"[103640] PULSERA CRISTAL REDONDO C/ MARIPOSAS NEGRO,""2025-12-09 16:02:03"",""0.0"""
"[103641] PULSERA CRISTAL REDONDO C/ MARIPOSAS PLATEADO,""2025-12-09 16:02:03"",""0.0"""
"[103650] PULSERA CUENTAS C/ CRUZ MADERA,""2025-12-09 16:02:03"",""0.0"""
"[103651] PULSERA CUENTAS FLOREADAS NARANJA,""2025-12-09 16:02:03"",""0.0"""
"[103652] PULSERA CUENTAS MADERA CARAMELO,""2025-12-09 16:02:03"",""0.0"""
"[103653] PULSERA CUENTAS MADERA CHOCOLATE,""2025-12-09 16:02:03"",""0.0"""
"[103654] PULSERA CUENTAS VIDRIO REDONDAS/CUADRADAS/FASCETADAS COBRE,""2025-12-09 16:02:03"",""0.0"""
"[103655] PULSERA CUENTAS VIDRIO REDONDAS/CUADRADAS/FASCETADAS NEGRO,""2025-12-09 16:02:03"",""0.0"""
"[103656] PULSERA CUENTAS VIDRIO REDONDAS/CUADRADAS/FASCETADAS ROJO,""2025-12-09 16:02:03"",""0.0"""
"[103657] PULSERA CUENTAS VIDRIO REDONDAS/CUADRADAS/FASCETADAS ROSA,""2025-12-09 16:02:03"",""0.0"""
"[103658] PULSERA CUENTAS VIDRIO REDONDAS/CUADRADAS/FASCETADAS VIOLETA,""2025-12-09 16:02:03"",""0.0"""
"[103659] PULSERA CUENTAS VIDRIO REDONDAS/FASCETADAS CELESTE,""2025-12-09 16:02:03"",""0.0"""
"[103660] PULSERA CUENTAS VIDRIO REDONDAS/FASCETADAS COBRE,""2025-12-09 16:02:03"",""0.0"""
"[103661] PULSERA CUENTAS VIDRIO REDONDAS/FASCETADAS ROJO,""2025-12-09 16:02:03"",""0.0"""
"[103662] PULSERA CUENTAS VIDRIO REDONDAS/FASCETADAS ROSA,""2025-12-09 16:02:03"",""0.0"""
"[103663] PULSERA CUENTAS VIDRIO REDONDAS/FASCETADAS VERDE,""2025-12-09 16:02:03"",""0.0"""
"[103664] PULSERA CUENTAS VIDRIO REDONDAS/FASCETADAS VIOLETA,""2025-12-09 16:02:03"",""0.0"""
"[103665] PULSERA CUENTAS VIDRIO REDONDAS/OVALADAS GRIS,""2025-12-09 16:02:03"",""0.0"""
"[103666] PULSERA CUENTAS VIDRIO REDONDAS/OVALADAS VERDE,""2025-12-09 16:02:03"",""0.0"""
"[103667] PULSERA DISCOS MADERA C/ VIRGENCITA CARAMELO,""2025-12-09 16:02:03"",""0.0"""
"[103668] PULSERA DISCOS MADERA C/ VIRGENCITA CHOCOLATE,""2025-12-09 16:02:03"",""0.0"""
"[103669] PULSERA DISCOS MADERA C/ VIRGENCITA NEGRO,""2025-12-09 16:02:03"",""0.0"""
"[103670] PULSERA FASCETADA REDONDA/OJO TURCO CELESTE,""2025-12-09 16:02:03"",""0.0"""
"[103671] PULSERA FASCETADA REDONDA/OJO TURCO NEGRO,""2025-12-09 16:02:03"",""0.0"""
"[103672] PULSERA FASCETADA REDONDA/OJO TURCO ROJO,""2025-12-09 16:02:03"",""0.0"""
"[103673] PULSERA FASCETADA REDONDA/OJO TURCO TRANSPARENTE,""2025-12-09 16:02:03"",""0.0"""
"[103674] PULSERA HILO MIXTO REGULABLE C/ OJO TURCO AZUL,""2025-12-09 16:02:03"",""0.0"""
"[103675] PULSERA HILO REGULABLE C/ CRUZ DORADO/NEGRO,""2025-12-09 16:02:03"",""0.0"""
"[103676] PULSERA HILO REGULABLE C/ OJO TURCO AZUL,""2025-12-09 16:02:03"",""0.0"""
"[103678] PULSERA HILO REGULABLE C/ OJO TURCO AZUL/PLATEADO,""2025-12-09 16:02:03"",""0.0"""
"[103677] PULSERA HILO REGULABLE C/ OJO TURCO AZUL/NEGRO,""2025-12-09 16:02:03"",""0.0"""
"[103681] PULSERA HILO REGULABLE SIGNO (ACUARIO),""2025-12-09 16:02:03"",""0.0"""
"[103686] PULSERA HILO REGULABLE SIGNO (ARIES),""2025-12-09 16:02:03"",""0.0"""
"[103687] PULSERA HILO REGULABLE SIGNO (CANCER),""2025-12-09 16:02:03"",""0.0"""
"[103682] PULSERA HILO REGULABLE SIGNO (CAPRICORNIO),""2025-12-09 16:02:03"",""0.0"""
"[103688] PULSERA HILO REGULABLE SIGNO (ESCORPIO),""2025-12-09 16:02:03"",""0.0"""
"[103683] PULSERA HILO REGULABLE SIGNO (GEMINIS),""2025-12-09 16:02:03"",""0.0"""
"[103684] PULSERA HILO REGULABLE SIGNO (LEO),""2025-12-09 16:02:03"",""0.0"""
"[103689] PULSERA HILO REGULABLE SIGNO (LIBRA),""2025-12-09 16:02:03"",""0.0"""
"[103690] PULSERA HILO REGULABLE SIGNO (PISCIS),""2025-12-09 16:02:03"",""0.0"""
"[103685] PULSERA HILO REGULABLE SIGNO (SAGITARIO),""2025-12-09 16:02:03"",""0.0"""
"[103692] PULSERA HILO REGULABLE SIGNO (TAURO),""2025-12-09 16:02:03"",""0.0"""
"[103691] PULSERA HILO REGULABLE SIGNO (VIRGO),""2025-12-09 16:02:03"",""0.0"""
"[103693] PULSERA HILO TRENZADO REGULABLE C/ MANITO CELESTE,""2025-12-09 16:02:03"",""0.0"""
"[103694] PULSERA HILO TRENZADO REGULABLE C/ OJO TURCO CELESTE,""2025-12-09 16:02:03"",""0.0"""
"[103695] PULSERA HILO TRENZADO REGULABLE C/ OJO TURCO REDONDO AZUL,""2025-12-09 16:02:03"",""0.0"""
"[103697] PULSERA HILO TRENZADO REGULABLE C/ OJO TURCO ROMBO AZUL,""2025-12-09 16:02:03"",""0.0"""
"[103698] PULSERA REDONDA ACUARELA CELESTE,""2025-12-09 16:02:03"",""0.0"""
"[103701] PULSERA REGULABLE CANUTILLO C/ CORAZON ROJO/BLANCO,""2025-12-09 16:02:03"",""0.0"""
"[103700] PULSERA REGULABLE CANUTILLO C/ CORAZON ROJO,""2025-12-09 16:02:03"",""0.0"""
"[103699] PULSERA REGULABLE CANUTILLO C/ CORAZON BRILLO ROJO,""2025-12-09 16:02:03"",""0.0"""
"[103702] PULSERA REGULABLE CANUTILLO C/ TRIANGULO BRILLO ROJO/BLANCO,""2025-12-09 16:02:03"",""0.0"""
"[103703] PULSERA REGULABLE CRISTAL FASCETADAS C/ OJOS ROJO,""2025-12-09 16:02:03"",""0.0"""
"[103704] PULSERA REGULABLE CUENTAS C/ DIJE MANITO ROJO,""2025-12-09 16:02:03"",""0.0"""
"[103708] PULSERA REGULABLE FASCETADAS/CILINDRICAS C/ OJO AZUL/CELESTE,""2025-12-09 16:02:03"",""0.0"""
"[103706] PULSERA REGULABLE FASCETADA/DISCOS NEGRO/CELESTE,""2025-12-09 16:02:03"",""0.0"""
"[103707] PULSERA REGULABLE FASCETADAS C/ CORAZON PLATEADO/ROJO,""2025-12-09 16:02:03"",""0.0"""
"[103705] PULSERA REGULABLE FASCETADA C/ MANO FATIMA ROJO/BLANCO,""2025-12-09 16:02:03"",""0.0"""
"[103713] PULSERA REGULABLE MOSTACILLA C/ OJO ROJO,""2025-12-09 16:02:03"",""0.0"""
"[103712] PULSERA REGULABLE MOSTACILLA C/ MANITO NEGRO/CELESTE,""2025-12-09 16:02:03"",""0.0"""
"[103715] PULSERA REGULABLE MOSTACILLA FASCETADA C/ CRUZ PLATEADO/ROJO,""2025-12-09 16:02:03"",""0.0"""
"[103709] PULSERA REGULABLE MOSTACILLA C/ CARACOLES ROJO,""2025-12-09 16:02:03"",""0.0"""
"[103711] PULSERA REGULABLE MOSTACILLA C/ FLOR ROJO/BLANCO,""2025-12-09 16:02:03"",""0.0"""
"[103710] PULSERA REGULABLE MOSTACILLA C/ CRUZ ROJO/BLANCO/PLATEADO,""2025-12-09 16:02:03"",""0.0"""
"[103714] PULSERA REGULABLE MOSTACILLA DORADO/ROJO,""2025-12-09 16:02:03"",""0.0"""
"[103807] SET PULSERAS INFANTIL LOVE,""2025-12-09 16:02:03"",""0.0"""
"[103808] SET PULSERAS INFANTIL MARIPOSA,""2025-12-09 16:02:03"",""0.0"""
"[103856] SET X2 PULSERAS CRISTAL ROMBO BLANCO/BEIGE,""2025-12-09 16:02:03"",""0.0"""
"[103857] SET X2 PULSERAS CRISTAL ROMBO CELESTE/AZUL,""2025-12-09 16:02:03"",""0.0"""
"[103858] SET X2 PULSERAS CRISTAL ROMBO ROSA/ROJO,""2025-12-09 16:02:03"",""0.0"""
"[103859] SET X2 PULSERAS CRISTAL ROMBO VIOLETA/GRIS,""2025-12-09 16:02:03"",""0.0"""
"[103680] PULSERA HILO REGULABLE OJO TURCO CELESTE/PLATEADO ,""2025-12-09 16:02:03"",""0.0"""
"[103463] BROCHE GRANDE ANIMAL PRINT BEIGE CLARO,""2025-12-09 16:02:03"",""0.0"""
"[103464] BROCHE GRANDE ANIMAL PRINT BEIGE OSCURO,""2025-12-09 16:02:03"",""0.0"""
"[103465] BROCHE GRANDE CORAZON CALADO DORADO,""2025-12-09 16:02:03"",""0.0"""
"[103466] BROCHE GRANDE CORAZON CALADO PLATEADO,""2025-12-09 16:02:03"",""0.0"""
"[103467] BROCHE GRANDE EFECTO VIDRIO CELESTE/LILA,""2025-12-09 16:02:03"",""0.0"""
"[103468] BROCHE GRANDE EFECTO VIDRIO ROSA/AMARILLO,""2025-12-09 16:02:03"",""0.0"""
"[103469] BROCHE GRANDE FLOR MATE CRUDO,""2025-12-09 16:02:03"",""0.0"""
"[103470] BROCHE GRANDE FLOR MATE NEGRO,""2025-12-09 16:02:03"",""0.0"""
"[103471] BROCHE GRANDE FLOR MATE ROSA,""2025-12-09 16:02:03"",""0.0"""
"[103472] BROCHE GRANDE MATE CRUDO,""2025-12-09 16:02:03"",""0.0"""
"[103473] BROCHE GRANDE MATE ROSA,""2025-12-09 16:02:03"",""0.0"""
"[103474] BROCHE GRANDE MATE VERDE,""2025-12-09 16:02:03"",""0.0"""
"[103818] SET X2 BROCHES MEDIANOS C/ MOÑO,""2025-12-09 16:02:03"",""0.0"""
"[103884] SET X4 BROCHES + HEBILLAS CORAZON TRANSPARENTE PASTEL,""2025-12-09 16:02:03"",""0.0"""
"[103885] SET X4 BROCHES CHICOS C/ CORAZON TRANSPARENTES,""2025-12-09 16:02:03"",""0.0"""
"[103886] SET X4 BROCHES CHICOS FLORES + GOMITAS CONEJO + HEBILLA,""2025-12-09 16:02:03"",""0.0"""
"[103887] SET X4 BROCHES CHICOS FLORES + HEBILLA MOÑO CHICO,""2025-12-09 16:02:03"",""0.0"""
"[103889] SET X4 BROCHES CHICOS MATE PASTEL,""2025-12-09 16:02:03"",""0.0"""
"[103888] SET X4 BROCHES CHICOS MATE PASTEL,""2025-12-09 16:02:03"",""0.0"""
"[103890] SET X4 BROCHES CHICOS ONDULADOS MATE PASTEL,""2025-12-09 16:02:03"",""0.0"""
"[103891] SET X4 BROCHES CHICOS TORNASOL ALMEJA,""2025-12-09 16:02:03"",""0.0"""
"[103915] SET X5 BROCHES CHICOS CORONITA + COLITAS,""2025-12-09 16:02:03"",""0.0"""
"[103916] SET X5 BROCHES CHICOS FLORES + COLITAS,""2025-12-09 16:02:03"",""0.0"""
"[103920] SET X6 BROCHES CHICOS CUADRADOS PASTEL,""2025-12-09 16:02:03"",""0.0"""
"[103921] SET X6 BROCHES CHICOS MOÑOS PASTEL,""2025-12-09 16:02:03"",""0.0"""
"[103929] SET X6 MINI BROCHES ESTRELLA SURTIDO,""2025-12-09 16:02:03"",""0.0"""
"[103930] SET X6 MINI BROCHES ESTRELLA SURTIDO BRILLANTE,""2025-12-09 16:02:03"",""0.0"""
"[103931] SET X6 MINI BROCHES FLORCITAS SURTIDO,""2025-12-09 16:02:03"",""0.0"""
"[103932] SET X7 MINI BROCHES SURTIDOS PASTEL,""2025-12-09 16:02:03"",""0.0"""
"[103562] HEBILLA METAL CORAZONES DORADO,""2025-12-09 16:02:03"",""0.0"""
"[103563] HEBILLA METAL DORADO,""2025-12-09 16:02:03"",""0.0"""
"[103564] HEBILLA METAL MOÑO DORADO,""2025-12-09 16:02:03"",""0.0"""
"[103567] HEBILLA MOÑO DOBLE TUL TORNASOL BLANCO,""2025-12-09 16:02:03"",""0.0"""
"[103565] HEBILLA MOÑO C/ CORAZONES CORAL,""2025-12-09 16:02:03"",""0.0"""
"[103566] HEBILLA MOÑO DOBLE C/ LENTEJUELAS ESTRELLA ROSA,""2025-12-09 16:02:03"",""0.0"""
"[103568] HEBILLA MOÑO GRANDE DOBLE BORDO,""2025-12-09 16:02:03"",""0.0"""
"[103570] HEBILLA MOÑO GRANDE DOBLE ROJO,""2025-12-09 16:02:03"",""0.0"""
"[103571] HEBILLA MOÑO GRANDE DOBLE ROSA,""2025-12-09 16:02:03"",""0.0"""
"[103569] HEBILLA MOÑO GRANDE DOBLE FUCSIA/VIOLETA,""2025-12-09 16:02:03"",""0.0"""
"[103572] HEBILLA MOÑO SALMON,""2025-12-09 16:02:03"",""0.0"""
"[103828] SET X2 HEBILLAS METAL C/ CORAZON AMARILLO,""2025-12-09 16:02:03"",""0.0"""
"[103824] SET X2 HEBILLAS C/ CEREZAS,""2025-12-09 16:02:03"",""0.0"""
"[103830] SET X2 HEBILLAS METAL C/ FLOR CELESTE,""2025-12-09 16:02:03"",""0.0"""
"[103825] SET X2 HEBILLAS CORAZON C/ ESTRELLAS,""2025-12-09 16:02:03"",""0.0"""
"[103826] SET X2 HEBILLAS METAL C/ CARAMELO FUCSIA,""2025-12-09 16:02:03"",""0.0"""
"[103827] SET X2 HEBILLAS METAL C/ CARAMELO LILA,""2025-12-09 16:02:03"",""0.0"""
"[103833] SET X2 HEBILLAS METAL ESTRELLA,""2025-12-09 16:02:03"",""0.0"""
"[103843] SET X2 HEBILLAS MOÑOS CHICOS CELESTE/LILA,""2025-12-09 16:02:03"",""0.0"""
"[103844] SET X2 HEBILLAS MOÑOS CHICOS CRUDO/ROSA,""2025-12-09 16:02:03"",""0.0"""
"[103848] SET X2 HEBILLAS MOÑOS CHICOS ROSA/VIOLETA,""2025-12-09 16:02:03"",""0.0"""
"[103850] SET X2 HEBILLAS MOÑOS GLITTER BLANCO/VERDE,""2025-12-09 16:02:03"",""0.0"""
"[103851] SET X2 HEBILLAS MOÑOS GLITTER ROSA/BLANCO,""2025-12-09 16:02:03"",""0.0"""
"[103853] SET X2 HEBILLAS MOÑOS MEDIANOS DOBLE ROSA,""2025-12-09 16:02:03"",""0.0"""
"[103849] SET X2 HEBILLAS MOÑOS DE TUL ROSA,""2025-12-09 16:02:03"",""0.0"""
"[103829] SET X2 HEBILLAS METAL C/ CORAZON ROSA,""2025-12-09 16:02:03"",""0.0"""
"[103831] SET X2 HEBILLAS METAL C/ FLORES VERDE,""2025-12-09 16:02:03"",""0.0"""
"[103799] SET HEBILLAS + INVISIBLES METAL BRILLOS,""2025-12-09 16:02:03"",""0.0"""
"[103800] SET HEBILLAS + SCUNZI C/ BRILLO DORADO,""2025-12-09 16:02:03"",""0.0"""
"[103835] SET X2 HEBILLAS MOÑO ALITAS + GOMITAS PASTEL,""2025-12-09 16:02:03"",""0.0"""
"[103903] SET X4 HEBILLAS MOÑOS / MARIPOSAS CELESTE,""2025-12-09 16:02:03"",""0.0"""
"[103880] SET X3 HEBILLAS MOÑOS CINTA LILA,""2025-12-09 16:02:03"",""0.0"""
"[103933] SET X8 HEBILLAS + GOMITAS PASTEL,""2025-12-09 16:02:03"",""0.0"""
"[103798] SET HEBILLAS + GOMITAS SIRENAS,""2025-12-09 16:02:03"",""0.0"""
"[103801] SET INVISIBLES METAL MIXTOS,""2025-12-09 16:02:03"",""0.0"""
"[103802] SET INVISIBLES METAL NEGRO,""2025-12-09 16:02:03"",""0.0"""
"[103855] SET X2 MOÑOS + GOMITAS FUCSIA,""2025-12-09 16:02:03"",""0.0"""
"[103809] SET X10 HEBILLAS PLASTICAS PASTEL,""2025-12-09 16:02:03"",""0.0"""
"[103822] SET X2 HEBILLA MOÑO CELESTE,""2025-12-09 16:02:03"",""0.0"""
"[103823] SET X2 HEBILLAS BRILLOS C/ MARIPOSAS DORADO,""2025-12-09 16:02:03"",""0.0"""
"[103832] SET X2 HEBILLAS METAL DORADO,""2025-12-09 16:02:03"",""0.0"""
"[103834] SET X2 HEBILLAS METAL PLATEADO,""2025-12-09 16:02:03"",""0.0"""
"[103837] SET X2 HEBILLAS MOÑO C/ PERLA BLANCO,""2025-12-09 16:02:03"",""0.0"""
"[103836] SET X2 HEBILLAS MOÑO C/ CORAZON ROSA,""2025-12-09 16:02:03"",""0.0"""
"[103838] SET X2 HEBILLAS MOÑO C/ PERLA ROSA,""2025-12-09 16:02:03"",""0.0"""
"[103839] SET X2 HEBILLAS MOÑO TUL C/ CEREZAS,""2025-12-09 16:02:03"",""0.0"""
"[103841] SET X2 HEBILLAS MOÑOS CHICOS C/ CORAZONES,""2025-12-09 16:02:03"",""0.0"""
"[103842] SET X2 HEBILLAS MOÑOS CHICOS CELESTE,""2025-12-09 16:02:03"",""0.0"""
"[103845] SET X2 HEBILLAS MOÑOS CHICOS ESTAMPADO CEREZAS,""2025-12-09 16:02:03"",""0.0"""
"[103846] SET X2 HEBILLAS MOÑOS CHICOS FUCSIA,""2025-12-09 16:02:03"",""0.0"""
"[103847] SET X2 HEBILLAS MOÑOS CHICOS ROSA,""2025-12-09 16:02:03"",""0.0"""
"[103852] SET X2 HEBILLAS MOÑOS MEDIANOS BLANCO,""2025-12-09 16:02:03"",""0.0"""
"[103854] SET X2 HEBILLAS MOÑOS PASTEL ROSA,""2025-12-09 16:02:03"",""0.0"""
"[103840] SET X2 HEBILLAS MOÑOS C/ APLIQUE HELADO,""2025-12-09 16:02:03"",""0.0"""
"[103874] SET X3 HEBILLAS CUADRADAS BEIGE/ROSA,""2025-12-09 16:02:03"",""0.0"""
"[103875] SET X3 HEBILLAS METAL CORAZONES ROSA,""2025-12-09 16:02:03"",""0.0"""
"[103876] SET X3 HEBILLAS METAL ONDULADAS PASTEL,""2025-12-09 16:02:03"",""0.0"""
"[103877] SET X3 HEBILLAS MOÑO BRILLOS,""2025-12-09 16:02:03"",""0.0"""
"[103878] SET X3 HEBILLAS MOÑO CORAL,""2025-12-09 16:02:03"",""0.0"""
"[103879] SET X3 HEBILLAS MOÑO/HEBILLA CARAMELO INFLABLE ROSA,""2025-12-09 16:02:03"",""0.0"""
"[103873] SET X3 HEBILLA MOÑO CORAZON C/ LENTEJUELA ROSA/CRUDO,""2025-12-09 16:02:03"",""0.0"""
"[103899] SET X4 HEBILLAS CEREZAS ROJO,""2025-12-09 16:02:03"",""0.0"""
"[103900] SET X4 HEBILLAS DE SILICONA VIOLETA,""2025-12-09 16:02:03"",""0.0"""
"[103901] SET X4 HEBILLAS MARIPOSAS/MOÑOS BRILLOS,""2025-12-09 16:02:03"",""0.0"""
"[103902] SET X4 HEBILLAS METAL LISAS/ESTAMPADAS,""2025-12-09 16:02:03"",""0.0"""
"[103927] SET X6 HEBILLAS MOÑOS CHICOS C/ CORAZONES,""2025-12-09 16:02:03"",""0.0"""
"[103928] SET X6 HEBILLAS NEGRO,""2025-12-09 16:02:03"",""0.0"""
"[103934] SET X8 HEBILLAS ANCHAS/FINAS ROSA,""2025-12-09 16:02:03"",""0.0"""
"[103898] SET X4 HEBILLAS + INVISIBLES METAL PASTEL,""2025-12-09 16:02:03"",""0.0"""
"[103560] GOMITA C/ MOÑO METAL DORADO,""2025-12-09 16:02:03"",""0.0"""
"[103561] GOMITA C/ PIEZA METAL DORADO,""2025-12-09 16:02:03"",""0.0"""
"[103788] SCUNZI CORAZON DORADO/NEGRO,""2025-12-09 16:02:03"",""0.0"""
"[103789] SCUNZI CORAZON PLATEADO/NEGRO,""2025-12-09 16:02:03"",""0.0"""
"[103790] SCUNZI TUL C/ FLOR BRILLOS BEIGE,""2025-12-09 16:02:03"",""0.0"""
"[103791] SCUNZI TUL C/ FLOR BRILLOS DORADO,""2025-12-09 16:02:03"",""0.0"""
"[103792] SET COLITAS CONEJO C/ MOÑO,""2025-12-09 16:02:03"",""0.0"""
"[103894] SET X4 COLITAS RAYADO PASTEL,""2025-12-09 16:02:03"",""0.0"""
"[103794] SET GOMITA MOÑO + PULSERA,""2025-12-09 16:02:03"",""0.0"""
"[103796] SET GOMITAS + HEBILLAS UNICORNIO,""2025-12-09 16:02:03"",""0.0"""
"[103795] SET GOMITAS + HEBILLA MOÑO TORNASOL FUCSIA/ROSA,""2025-12-09 16:02:03"",""0.0"""
"[103797] SET GOMITAS MOÑO + BROCHES HELADO,""2025-12-09 16:02:03"",""0.0"""
"[103922] SET X6 GOMITAS CLASICOS/BRILLOS,""2025-12-09 16:02:03"",""0.0"""
"[103810] SET X12 GOMITAS INFANTIL ROSA,""2025-12-09 16:02:03"",""0.0"""
"[103811] SET X12 GOMITAS INFANTIL SURTIDO PASTEL,""2025-12-09 16:02:03"",""0.0"""
"[103812] SET X18 GOMITAS SURTIDO PASTEL,""2025-12-09 16:02:03"",""0.0"""
"[103819] SET X2 COLITAS ANANA/FRUTILLA,""2025-12-09 16:02:03"",""0.0"""
"[103820] SET X2 COLITAS KIWI/SANDIA,""2025-12-09 16:02:03"",""0.0"""
"[103870] SET X3 GOMITAS C/ CONEJITOS SILICONA FUCSIA,""2025-12-09 16:02:03"",""0.0"""
"[103871] SET X3 GOMITAS GRANDES LISAS SURTIDO,""2025-12-09 16:02:03"",""0.0"""
"[103872] SET X3 GOMITAS GRANDES RAYADO SURTIDO,""2025-12-09 16:02:03"",""0.0"""
"[103892] SET X4 COLITAS C/ MOÑO PASTEL,""2025-12-09 16:02:03"",""0.0"""
"[103893] SET X4 COLITAS PRINT PASTEL,""2025-12-09 16:02:03"",""0.0"""
"[103895] SET X4 GOMITAS CABLE SURTIDO BRILLANTE,""2025-12-09 16:02:03"",""0.0"""
"[103896] SET X4 GOMITAS CABLE SURTIDO NUDE,""2025-12-09 16:02:03"",""0.0"""
"[103897] SET X4 GOMITAS CHICAS MARRON,""2025-12-09 16:02:03"",""0.0"""
"[103904] SET X4 MINI GOMITAS C/ BOLITAS OREJITAS,""2025-12-09 16:02:03"",""0.0"""
"[103905] SET X4 MINI GOMITAS RAYADAS C/ BOLITAS,""2025-12-09 16:02:03"",""0.0"""
"[103906] SET X4 OREJITAS C/ ESTRELLAS BLANCO/ROSA,""2025-12-09 16:02:03"",""0.0"""
"[103907] SET X4 OREJITAS C/ ESTRELLAS FUCSIA/BLANCO,""2025-12-09 16:02:03"",""0.0"""
"[103912] SET X4 OREJITAS C/ POMPON FUCSIA/NEGRO,""2025-12-09 16:02:03"",""0.0"""
"[103908] SET X4 OREJITAS C/ ESTRELLAS NARANJA/BLANCO,""2025-12-09 16:02:03"",""0.0"""
"[103909] SET X4 OREJITAS C/ ESTRELLAS NEGRO/BLANCO,""2025-12-09 16:02:03"",""0.0"""
"[103910] SET X4 OREJITAS C/ ESTRELLAS ROJO/BLANCO,""2025-12-09 16:02:03"",""0.0"""
"[103913] SET X4 OREJITAS C/ POMPON ROSA FLUO,""2025-12-09 16:02:03"",""0.0"""
"[103914] SET X4 OREJITAS C/ POMPON TURQUESA,""2025-12-09 16:02:03"",""0.0"""
"[103911] SET X4 OREJITAS C/ ESTRELLAS VERDE/BLANCO,""2025-12-09 16:02:03"",""0.0"""
"[103917] SET X5 COLITAS DEGRADE CELESTE,""2025-12-09 16:02:03"",""0.0"""
"[103918] SET X5 COLITAS DEGRADE ROSA,""2025-12-09 16:02:03"",""0.0"""
"[103919] SET X5 GOMITAS C/ APLIQUE,""2025-12-09 16:02:03"",""0.0"""
"[103923] SET X6 GOMITAS GRANDES MARRON,""2025-12-09 16:02:03"",""0.0"""
"[103924] SET X6 GOMITAS MEDIANAS BRILLOS/FRUTILLAS,""2025-12-09 16:02:03"",""0.0"""
"[103925] SET X6 GOMITAS MEDIANAS C/ ESTRELLA PLATEADO/NEGRO,""2025-12-09 16:02:03"",""0.0"""
"[103926] SET X6 GOMITAS MEDIANAS MARRON,""2025-12-09 16:02:03"",""0.0"""
"[103821] SET X2 GOMITAS C/ APLIQUE DONA,""2025-12-09 16:02:03"",""0.0"""
"[103740] SCRAP BIJOU 1990,""2025-12-09 16:02:03"",""0.0"""
"[103741] SCRAP BIJOU 2990,""2025-12-09 16:02:03"",""0.0"""
"[103742] SCRAP BIJOU 3990,""2025-12-09 16:02:03"",""0.0"""
"[103743] SCRAP BIJOU 4990,""2025-12-09 16:02:03"",""0.0"""
"[103744] SCRAP BIJOU 5990,""2025-12-09 16:02:03"",""0.0"""
"[103745] SCRAP BIJOU 6990,""2025-12-09 16:02:03"",""0.0"""
"[103776] SCRAP PELO 3990,""2025-12-09 16:02:03"",""0.0"""
"[101157] MONEDERO LUISA (NAPADO, CARAMELO),""2025-12-09 16:42:47"",""0.0"""
"[100590] CARTERA VERA (GAMUZA, TABACO),""2025-12-10 13:38:08"",""0.0"""
"[103151] SEÑALADOR (NEGRO),""2025-12-10 13:56:09"",""0.0"""
"[103558] CHALINA OPORTUNIDAD,""2025-12-10 16:46:00"",""0.0"""
"[101231] NECESSAIRE MINI MARCOS (FIORENTINO, CEDRO),""2025-12-11 16:10:48"",""0.0"""
"[103559] CHALINA SELECCION,""2025-12-11 18:18:27"",""0.0"""
"[100502] CARTERA DOS HEBILLAS NEW (BRIDGE, CARAMELO),""2025-12-11 19:01:26"",""0.0"""
"[102531] PULSERA RODOCROSITA MINI,""2025-12-12 11:12:12"",""0.0"""
"[104051] SOMBRERO LOLI,""2025-12-12 11:44:27"",""0.0"""
"[101501] PORTAVINO UCO (BRIDGE, TABACO),""2025-12-12 13:26:07"",""14047.93"""
"[101498] PORTAVINO UCO (BRIDGE, CARAMELO),""2025-12-12 13:26:07"",""14047.93"""
"[101500] PORTAVINO UCO (BRIDGE, NEGRO),""2025-12-12 13:26:07"",""14047.93"""
"[101499] PORTAVINO UCO (BRIDGE, MALBEC),""2025-12-12 13:26:07"",""14047.93"""
"[101818] TOTE IRUYA (PELO, HOLANDO),""2025-12-12 13:28:16"",""0.0"""
"[103210] PORTAPASAPORTE WARA FULL BLACK,""2025-12-12 13:35:54"",""28097.52"""
"[101478] PORTAPASAPORTE WARA (NAPADO, CARAMELO),""2025-12-12 13:41:40"",""28097.52"""
"[101479] PORTAPASAPORTE WARA (NAPADO, NEGRO),""2025-12-12 13:41:40"",""28097.52"""
"[100189] BILLETERA LUCA (BRIDGE, NEGRO),""2025-12-12 13:58:11"",""0.0"""
"[104064] TIENTO CUERO (100, NEGRO, 3 mm, NAPADO),""2025-12-12 13:58:11"",""0.0"""
"[104065] TIENTO CUERO (100, SUELA, 3 mm, NAPADO),""2025-12-12 13:58:11"",""0.0"""
"[104066] TIENTO CUERO (100, ROJO, 3 mm, NAPADO),""2025-12-12 13:58:11"",""0.0"""
"TIENTO CUERO (120, VERDE, 3 mm, NAPADO),""2025-12-12 13:58:11"",""0.0"""
"[104068] TIENTO CUERO (100, NEGRO, 4 mm, NAPADO),""2025-12-12 13:58:11"",""0.0"""
"[104069] TIENTO CUERO (100, VERDE, 4 mm, NAPADO),""2025-12-12 13:58:11"",""0.0"""
"[104070] TIENTO CUERO (100, SUELA, 4 mm, NAPADO),""2025-12-12 13:58:11"",""0.0"""
"[104071] TIENTO CUERO (100, ROJO, 4 mm, NAPADO),""2025-12-12 13:58:11"",""0.0"""
"[104072] TIENTO CUERO (100, CHOCOLATE, 4 mm, NAPADO),""2025-12-12 13:58:11"",""0.0"""
"TIENTO CUERO (120, NEGRO, 4 mm, NAPADO),""2025-12-12 13:58:11"",""0.0"""
"TIENTO CUERO (120, CARAMELO, 4 mm, NAPADO),""2025-12-12 13:58:11"",""0.0"""
"TIENTO CUERO (130, NEGRO, 4 mm, NAPADO),""2025-12-12 13:58:11"",""0.0"""
"[104076] TIENTO CUERO (100, MARSALA, 3 mm, GAMUZA),""2025-12-12 13:58:11"",""0.0"""
"[104077] TIENTO CUERO (100, AZUL, 3 mm, GAMUZA),""2025-12-12 13:58:11"",""0.0"""
"[104078] TIENTO CUERO (100, OXIDO, 3 mm, GAMUZA),""2025-12-12 13:58:11"",""0.0"""
"[104079] TIENTO CUERO (100, TABACO, 3 mm, GAMUZA),""2025-12-12 13:58:11"",""0.0"""
"TIENTO CUERO (120, CHOCOLATE, 3 mm, GAMUZA),""2025-12-12 13:58:11"",""0.0"""
"TIENTO CUERO (120, VERDE, 3 mm, GAMUZA),""2025-12-12 13:58:11"",""0.0"""
"TIENTO CUERO (100, VERDE, 4 mm, GAMUZA),""2025-12-12 13:58:11"",""0.0"""
"[104083] TIENTO CUERO (100, OXIDO, 4 mm, GAMUZA),""2025-12-12 13:58:11"",""0.0"""
"[104084] TIENTO CUERO (100, GRIS OSCURO, 4 mm, GAMUZA),""2025-12-12 13:58:11"",""0.0"""
"TIENTO CUERO (120, CHOCOLATE, 4 mm, GAMUZA),""2025-12-12 13:58:11"",""0.0"""
"TIENTO CUERO (120, MARSALA, 4 mm, GAMUZA),""2025-12-12 13:58:11"",""0.0"""
"TIENTO CUERO (120, AZUL, 4 mm, GAMUZA),""2025-12-12 13:58:11"",""0.0"""
"TIENTO CUERO (120, TABACO, 4 mm, GAMUZA),""2025-12-12 13:58:11"",""0.0"""
"TIENTO CUERO (120, VESUBIO, 4 mm, GAMUZA),""2025-12-12 13:58:11"",""0.0"""
"TIENTO CUERO (130, MARSALA, 4 mm, GAMUZA),""2025-12-12 13:58:11"",""0.0"""
"TIENTO CUERO (130, GRIS OSCURO, 4 mm, GAMUZA),""2025-12-12 13:58:11"",""0.0"""
"[104067] TIENTO CUERO (120, VERDE, 3 mm, NAPADO),""2025-12-12 20:00:56"",""0.0"""
"[104093] TIENTO CUERO (120, SUELA, 3 mm, NAPADO),""2025-12-12 20:00:56"",""0.0"""
"[104094] TIENTO CUERO (120, CHOCOLATE, 3 mm, NAPADO),""2025-12-12 20:00:56"",""0.0"""
"[104095] TIENTO CUERO (120, AZUL, 3 mm, NAPADO),""2025-12-12 20:00:56"",""0.0"""
"[104073] TIENTO CUERO (120, NEGRO, 4 mm, NAPADO),""2025-12-12 20:00:56"",""0.0"""
"[104081] TIENTO CUERO (120, OLIVE, 3 mm, GAMUZA),""2025-12-12 20:00:56"",""0.0"""
"[104086] TIENTO CUERO (120, MARSALA, 4 mm, GAMUZA),""2025-12-12 20:00:56"",""0.0"""
"[104087] TIENTO CUERO (120, AZUL, 4 mm, GAMUZA),""2025-12-12 20:00:56"",""0.0"""
"[104089] TIENTO CUERO (120, VESUBIO, 4 mm, GAMUZA),""2025-12-12 20:00:56"",""0.0"""
"[104067] TIENTO CUERO (120, VERDE, 3 mm, NAPADO),""2025-12-12 20:00:56"",""0.0"""
"[104093] TIENTO CUERO (120, SUELA, 3 mm, NAPADO),""2025-12-12 20:00:56"",""0.0"""
"[104094] TIENTO CUERO (120, CHOCOLATE, 3 mm, NAPADO),""2025-12-12 20:00:56"",""0.0"""
"[104064] TIENTO CUERO (100, NEGRO, 3 mm, NAPADO),""2025-12-12 20:00:56"",""826.45"""
"[104065] TIENTO CUERO (100, SUELA, 3 mm, NAPADO),""2025-12-12 20:00:56"",""826.45"""
"[104097] TIENTO CUERO (100, CHOCOLATE, 3 mm, NAPADO),""2025-12-12 20:00:56"",""0.0"""
"[104092] TIENTO CUERO (100, AZUL, 3 mm, NAPADO),""2025-12-12 20:00:56"",""0.0"""
"[104081] TIENTO CUERO (120, OLIVE, 3 mm, GAMUZA),""2025-12-12 20:00:56"",""0.0"""
"[104078] TIENTO CUERO (100, OXIDO, 3 mm, GAMUZA),""2025-12-12 20:00:56"",""826.45"""
"[104067] TIENTO CUERO (120, VERDE, 3 mm, NAPADO),""2025-12-12 20:07:10"",""0.0"""
"[104093] TIENTO CUERO (120, SUELA, 3 mm, NAPADO),""2025-12-12 20:07:10"",""0.0"""
"[104094] TIENTO CUERO (120, CHOCOLATE, 3 mm, NAPADO),""2025-12-12 20:07:10"",""0.0"""
"[104064] TIENTO CUERO (100, NEGRO, 3 mm, NAPADO),""2025-12-12 20:07:10"",""826.45"""
"[104065] TIENTO CUERO (100, SUELA, 3 mm, NAPADO),""2025-12-12 20:07:10"",""826.45"""
"[104097] TIENTO CUERO (100, CHOCOLATE, 3 mm, NAPADO),""2025-12-12 20:07:10"",""0.0"""
"[104092] TIENTO CUERO (100, AZUL, 3 mm, NAPADO),""2025-12-12 20:07:10"",""0.0"""
"[104081] TIENTO CUERO (120, OLIVE, 3 mm, GAMUZA),""2025-12-12 20:07:10"",""0.0"""
"[104078] TIENTO CUERO (100, OXIDO, 3 mm, GAMUZA),""2025-12-12 20:07:10"",""826.45"""
"[104082] TIENTO CUERO (100, OLIVE, 4 mm, GAMUZA),""2025-12-12 20:07:10"",""0.0"""
"[101534] REMERA DANA (M, CHARCOAL),""2025-12-13 11:00:49"",""0.0"""
"[100188] BILLETERA LUCA (BRIDGE, CHOCOLATE),""2025-12-15 12:51:40"",""8262.81"""
"[100189] BILLETERA LUCA (BRIDGE, NEGRO),""2025-12-15 12:51:40"",""8262.81"""
"[103559] CHALINA SELECCION,""2025-12-15 18:17:44"",""0.0"""
"[102338] PULSERA GRUMET PLANA LAMINADA 2.0,""2025-12-16 12:32:13"",""0.0"""
"[104096] PORTAPASAPORTE WARA (NAPOLE, CAOBA),""2025-12-16 15:45:30"",""28097.52"""
"[101688] TARJETERO ARIES (BRIDGE, CARAMELO),""2025-12-17 13:28:03"",""0.0"""
"[100899] INDIVIDUAL CURVO (NAPADO, NEGRO),""2025-12-17 14:27:00"",""5948.76"""
"[100900] INDIVIDUAL CURVO (NAPADO, SUELA),""2025-12-17 14:27:00"",""5948.76"""
"[100907] INDIVIDUAL RECTO (BRIDGE, TABACO),""2025-12-17 14:28:59"",""5948.76"""
"[101784] TARJETERO RUBI (BRIDGE, MALBEC),""2025-12-17 14:37:24"",""2477.69"""
"[101790] TARJETERO RUBI (FIORENTINO, CEDRO),""2025-12-17 14:37:24"",""2477.69"""
"[101444] PORTAPASAPORTE CHESTER (BRIDGE, MALBEC),""2025-12-17 14:45:35"",""2808.26"""
"[101139] MONEDERO GRACE (BRIDGE, MALBEC),""2025-12-17 14:47:16"",""4461.16"""
"[100268] BOLSO TUBO GRANDE (PELO, HEREFORD/TABACO),""2025-12-17 14:54:46"",""71072.73"""
"[101826] TOTE TILCARA (NEGRO),""2025-12-17 14:57:15"",""16527.27"""
"[101495] PORTAVINO TUNUYAN (AZUL/TABACO),""2025-12-17 14:59:45"",""23138.84"""
"[101486] PORTAVINO CAFAYATE (VAQUETA, SUELA),""2025-12-17 15:04:08"",""5783.47"""
"[103211] PORTAVINO CAFAYATE (FIORENTINO, NEGRO),""2025-12-17 15:04:08"",""5783.47"""
"[101485] PORTAVINO CAFAYATE (VAQUETA, NATURAL),""2025-12-17 15:04:08"",""5783.47"""
"[100269] BOLSO TUBO GRANDE (PELO, HOLANDO/NEGRO),""2025-12-17 15:26:00"",""71072.73"""
"[101503] PORTAVINO UCO (PELO, HOLANDO),""2025-12-17 15:28:12"",""14047.93"""
"[101502] PORTAVINO UCO (PELO, HEREFORD),""2025-12-17 15:30:30"",""14047.93"""
"[102414] ANILLO ZODIACO (14, CAPRICORNIO),""2025-12-17 16:23:04"",""2926.0"""
"[104126] TARJETERO RUBI (NAPADO, AZUL),""2025-12-18 10:01:46"",""2477.69"""
"[100190] BILLETERA LUCA (BRIDGE, TABACO),""2025-12-18 13:19:23"",""0.0"""
"[101549] REMERA NOA (M, BLANCO),""2025-12-18 17:18:11"",""0.0"""
"[100704] CINTURON JAIRO (115, NEGRO),""2025-12-18 18:09:15"",""0.0"""
"[101874] ANILLO BOMBE (1) (19),""2025-12-18 19:50:52"",""22488.31"""
"[101877] ANILLO BOMBE (2) (13),""2025-12-18 19:50:52"",""15166.54"""
"[101878] ANILLO BOMBE (2) (14),""2025-12-18 19:50:52"",""15951.01"""
"[101880] ANILLO BOMBE (2) (20),""2025-12-18 19:50:52"",""15166.54"""
"[101885] ANILLO BOMBE (4) (15),""2025-12-18 19:50:52"",""34505.63"""
"[101886] ANILLO BOMBE (4) (18),""2025-12-18 19:50:52"",""33953.54"""
"[101890] ANILLO CORAZON (1) (19),""2025-12-18 19:50:52"",""3137.9"""
"[101892] ANILLO CORAZON (2) (13),""2025-12-18 19:50:52"",""3137.9"""
"[101894] ANILLO CORAZON (2) (18),""2025-12-18 19:50:52"",""7844.76"""
"[101895] ANILLO CORAZON (3) (13),""2025-12-18 19:50:52"",""7060.28"""
"[101897] ANILLO CORAZON (3) (16),""2025-12-18 19:50:52"",""12028.63"""
"[101903] ANILLO CRUZ (14),""2025-12-18 19:50:52"",""10489.71"""
"[101905] ANILLO CRUZ (19),""2025-12-18 19:50:52"",""10213.67"""
"[101906] ANILLO CRUZ (21),""2025-12-18 19:50:52"",""9109.49"""
"[101907] ANILLO CRUZ VASCA (9),""2025-12-18 19:50:52"",""3922.38"""
"[101910] ANILLO CRUZ VASCA (14),""2025-12-18 19:50:52"",""4445.36"""
"[101911] ANILLO CRUZ VASCA (16),""2025-12-18 19:50:52"",""4706.86"""
"[101913] ANILLO CURVAS (1) (12),""2025-12-18 19:50:52"",""12407.01"""
"[101916] ANILLO CURVAS (1) (18),""2025-12-18 19:50:52"",""14827.89"""
"[101917] ANILLO CURVAS (2) (19),""2025-12-18 19:50:52"",""17551.38"""
"[101918] ANILLO CURVAS (2) (20),""2025-12-18 19:50:52"",""17248.77"""
"[101921] ANILLO DOS LETRAS (11, AG),""2025-12-18 19:50:52"",""52500.0"""
"[101923] ANILLO DOS LETRAS (16, AG),""2025-12-18 19:50:52"",""52500.0"""
"[101924] ANILLO DOS LETRAS (12, CA),""2025-12-18 19:50:52"",""52500.0"""
"[101926] ANILLO DOS LETRAS (15, CA),""2025-12-18 19:50:52"",""52500.0"""
"[101927] ANILLO DOS LETRAS (12, CM),""2025-12-18 19:50:52"",""52500.0"""
"[101930] ANILLO DOS LETRAS (11, CP),""2025-12-18 19:50:52"",""52500.0"""
"[101932] ANILLO DOS LETRAS (15, CP),""2025-12-18 19:50:52"",""52500.0"""
"[101934] ANILLO DOS LETRAS (13, LC),""2025-12-18 19:50:52"",""52500.0"""
"[101935] ANILLO DOS LETRAS (15, LC),""2025-12-18 19:50:52"",""52500.0"""
"[101936] ANILLO DOS LETRAS (11, LM),""2025-12-18 19:50:52"",""52500.0"""
"[101938] ANILLO DOS LETRAS (16, LM),""2025-12-18 19:50:52"",""52500.0"""
"[101940] ANILLO DOS LETRAS (13, MC),""2025-12-18 19:50:52"",""52500.0"""
"[101941] ANILLO DOS LETRAS (15, MC),""2025-12-18 19:50:52"",""52500.0"""
"[101942] ANILLO DOS LETRAS (12, MV),""2025-12-18 19:50:52"",""52500.0"""
"[101943] ANILLO DOS LETRAS (14, MV),""2025-12-18 19:50:52"",""52500.0"""
"[101947] ANILLO DOS LETRAS (15, RM),""2025-12-18 19:50:52"",""52500.0"""
"[101948] ANILLO DOS LETRAS (11, SP),""2025-12-18 19:50:52"",""52500.0"""
"[101949] ANILLO DOS LETRAS (13, SP),""2025-12-18 19:50:52"",""52500.0"""
"[101950] ANILLO DOS LETRAS (15, SP),""2025-12-18 19:50:52"",""52500.0"""
"[101954] ANILLO GEOMETRICO (2) (15),""2025-12-18 19:50:52"",""34255.45"""
"[101955] ANILLO GEOMETRICO (2) (16),""2025-12-18 19:50:52"",""31902.02"""
"[101957] ANILLO GEOMETRICO (2) (21),""2025-12-18 19:50:52"",""28764.12"""
"[101959] ANILLO GEOMETRICO (3) (14),""2025-12-18 19:50:52"",""23463.83"""
"[101961] ANILLO INFINITO (12),""2025-12-18 19:50:52"",""3137.9"""
"[101965] ANILLO INICIAL (1) (16, S),""2025-12-18 19:50:52"",""23603.58"""
"[101966] ANILLO INICIAL (1) (17, A),""2025-12-18 19:50:52"",""22393.14"""
"[101967] ANILLO INICIAL (1) (17, B),""2025-12-18 19:50:52"",""17853.99"""
"[101968] ANILLO INICIAL (1) (16, C),""2025-12-18 19:50:52"",""20274.87"""
"[101969] ANILLO INICIAL (1) (17, D),""2025-12-18 19:50:52"",""16643.55"""
"[101970] ANILLO INICIAL (1) (16, F),""2025-12-18 19:50:52"",""21485.31"""
"[101971] ANILLO INICIAL (1) (17, G),""2025-12-18 19:50:52"",""15735.72"""
"[101972] ANILLO INICIAL (1) (16, K),""2025-12-18 19:50:52"",""22393.14"""
"[101974] ANILLO INICIAL (1) (17, N),""2025-12-18 19:50:52"",""20880.09"""
"[101975] ANILLO INICIAL (1) (17, P),""2025-12-18 19:50:52"",""18459.21"""
"[101976] ANILLO INICIAL (1) (17, R),""2025-12-18 19:50:52"",""22393.14"""
"[101977] ANILLO INICIAL (1) (17, T),""2025-12-18 19:50:52"",""20577.48"""
"[101981] ANILLO INICIAL (1) (18, V),""2025-12-18 19:50:52"",""17853.99"""
"[101985] ANILLO ONDAS (1) (16),""2025-12-18 19:50:52"",""15689.52"""
"[101986] ANILLO ONDAS (1) (18),""2025-12-18 19:50:52"",""18565.93"""
"[101987] ANILLO ONDAS (1) (19),""2025-12-18 19:50:52"",""11244.16"""
"[101990] ANILLO ONDAS (2) (11),""2025-12-18 19:50:52"",""17258.47"""
"[101992] ANILLO ONDAS (2) (19),""2025-12-18 19:50:52"",""17942.93"""
"[101995] ANILLO PIEDRA CUBIC MULTI (5),""2025-12-18 19:50:52"",""14906.43"""
"[101997] ANILLO ONDULADO (1) (15),""2025-12-18 19:50:52"",""10765.76"""
"[101998] ANILLO ONDULADO (1) (17),""2025-12-18 19:50:52"",""10765.76"""
"[102000] ANILLO ONDULADO (1) (21),""2025-12-18 19:50:52"",""11593.89"""
"[102002] ANILLO ONDULADO (2) (16),""2025-12-18 19:50:52"",""56313.18"""
"[102007] ANILLO PAMPA (10),""2025-12-18 19:50:52"",""16286.66"""
"[102008] ANILLO PAMPA (16),""2025-12-18 19:50:52"",""17942.93"""
"[102010] ANILLO PIEDRA CUBIC BARRITA (1) (15, AGUAMARINA),""2025-12-18 19:50:52"",""17686.37"""
"[102011] ANILLO PIEDRA CUBIC BARRITA (1) (17, LAVANDA),""2025-12-18 19:50:52"",""19683.22"""
"[102018] ANILLO PIEDRA CUBIC BARRITA (2) (18, TRANSPARENTE),""2025-12-18 19:50:52"",""22821.12"""
"[102019] ANILLO PIEDRA CUBIC BARRITA (2) (19, ZAFIRO),""2025-12-18 19:50:52"",""21965.33"""
"[102020] ANILLO PIEDRA CUBIC HALO (16),""2025-12-18 19:50:52"",""19574.1"""
"[102021] ANILLO PIEDRA CUBIC HALO (17),""2025-12-18 19:50:52"",""20477.52"""
"[102022] ANILLO PIEDRA CUBIC HALO (19),""2025-12-18 19:50:52"",""20477.52"""
"[102025] ANILLO PIEDRA CUBIC MEDIO SIN FIN (1) (19, AGUAMARINA),""2025-12-18 19:50:52"",""6781.32"""
"[102028] ANILLO PIEDRA CUBIC MEDIO SIN FIN (1) (16, PERIDOTO),""2025-12-18 19:50:52"",""6781.32"""
"[102035] ANILLO PIEDRA CUBIC MULTI (1) (13, RUBI/TRANSPARENTE),""2025-12-18 19:50:52"",""6846.34"""
"[102039] ANILLO PIEDRA CUBIC MULTI (2) (17, ESMERALDA),""2025-12-18 19:50:52"",""3993.7"""
"[102041] ANILLO PIEDRA CUBIC MULTI (2) (19, RUBI),""2025-12-18 19:50:52"",""3708.43"""
"[102042] ANILLO PIEDRA CUBIC MULTI (3) (18, GRANATE),""2025-12-18 19:50:52"",""5134.75"""
"[102047] ANILLO PIEDRA CUBIC MULTI (4) (14, ROSA/TRANSPARENTE),""2025-12-18 19:50:52"",""10909.08"""
"[102048] ANILLO PIEDRA CUBIC MULTI (4) (15, TOPACIO/TRANSPARENTE),""2025-12-18 19:50:52"",""10909.08"""
"[102049] ANILLO PIEDRA CUBIC MULTI (4) (19, TRANSPARENTE),""2025-12-18 19:50:52"",""10909.08"""
"[102051] ANILLO PIEDRA CUBIC MULTI (6) (21, AGUAMARINA/TRANSPARENTE),""2025-12-18 19:50:52"",""11203.92"""
"[102052] ANILLO PIEDRA CUBIC MULTI (6) (16, NEGRO/TRANSPARENTE),""2025-12-18 19:50:52"",""10614.24"""
"[102053] ANILLO PIEDRA CUBIC MULTI (6) (20, TOPACIO/TRANSPARENTE),""2025-12-18 19:50:52"",""12088.44"""
"[102055] ANILLO PIEDRA CUBIC MULTI (6) (18, TRANSPARENTE),""2025-12-18 19:50:52"",""12383.28"""
"[102057] ANILLO GEOMETRICO (3) (15),""2025-12-18 19:50:52"",""9434.88"""
"[102059] ANILLO PIEDRA CUBIC MULTI (7) (20),""2025-12-18 19:50:52"",""9434.88"""
"[102062] ANILLO PIEDRA CUBIC OVAL (1) (17, OLIVINA),""2025-12-18 19:50:52"",""33375.89"""
"[102070] ANILLO PIEDRA CUBIC OVAL (5) (17, LAVANDA),""2025-12-18 19:50:52"",""15118.99"""
"[102073] ANILLO PIEDRA CUBIC OVAL (7) (17, AGUAMARINA),""2025-12-18 19:50:52"",""44786.45"""
"[102074] ANILLO PIEDRA CUBIC OVAL (7) (16, NEGRO),""2025-12-18 19:50:52"",""46498.03"""
"[102075] ANILLO PIEDRA CUBIC OVAL (7) (17, ROSA),""2025-12-18 19:50:52"",""48494.88"""
"[102076] ANILLO PIEDRA CUBIC OVAL (7) (24, TRANSPARENTE),""2025-12-18 19:50:52"",""45927.5"""
"[102077] ANILLO PIEDRA CUBIC OVAL (9) (16, NEGRO),""2025-12-18 19:50:52"",""18369.54"""
"[102078] ANILLO PIEDRA CUBIC OVAL (9) (15, ROSA),""2025-12-18 19:50:52"",""18971.82"""
"[102079] ANILLO PIEDRA CUBIC OVAL (9) (17, TOPACIO),""2025-12-18 19:50:52"",""15960.42"""
"[102080] ANILLO PIEDRA CUBIC OVAL (9) (18, TRANSPARENTE),""2025-12-18 19:50:52"",""18971.82"""
"[102081] ANILLO PIEDRA CUBIC OVAL (9) (20, TRANSPARENTE),""2025-12-18 19:50:52"",""19272.96"""
"[102082] ANILLO PIEDRA CUBIC SOLITARIO (1) (21, AGUAMARINA),""2025-12-18 19:50:52"",""14833.73"""
"[102083] ANILLO PIEDRA CUBIC SOLITARIO (1) (17, LAVANDA),""2025-12-18 19:50:52"",""17686.37"""
"[102084] ANILLO PIEDRA CUBIC SOLITARIO (1) (16, LAVANDA),""2025-12-18 19:50:52"",""17401.1"""
"[102085] ANILLO PIEDRA CUBIC SOLITARIO (1) (19, OLIVINA),""2025-12-18 19:50:52"",""18542.16"""
"[102086] ANILLO PIEDRA CUBIC SOLITARIO (1) (18, OLIVINA),""2025-12-18 19:50:52"",""17401.1"""
"[102087] ANILLO PIEDRA CUBIC SOLITARIO (2) (15, AGUAMARINA),""2025-12-18 19:50:52"",""12551.62"""
"[102089] ANILLO PIEDRA CUBIC SOLITARIO (2) (17, OLIVINA),""2025-12-18 19:50:52"",""13122.14"""
"[102090] ANILLO PIEDRA CUBIC SOLITARIO (2) (16, PERIDOTO),""2025-12-18 19:50:52"",""13692.67"""
"[102092] ANILLO PIEDRA CUBIC SOLITARIO (3) (14, AGUAMARINA),""2025-12-18 19:50:52"",""24247.44"""
"[102093] ANILLO PIEDRA CUBIC SOLITARIO (3) (16, AMATISTA),""2025-12-18 19:50:52"",""26814.82"""
"[102094] ANILLO PIEDRA CUBIC SOLITARIO (3) (17, LAVANDA),""2025-12-18 19:50:52"",""26529.55"""
"[102095] ANILLO PIEDRA CUBIC SOLITARIO (3) (19, NEGRO),""2025-12-18 19:50:52"",""27100.08"""
"[102096] ANILLO PIEDRA CUBIC SOLITARIO (3) (18, TRANSPARENTE),""2025-12-18 19:50:52"",""27385.34"""
"[102097] ANILLO PIEDRA CUBIC SOLITARIO (4) (17, OLIVINA),""2025-12-18 19:50:52"",""17767.26"""
"[102098] ANILLO PIEDRA CUBIC SOLITARIO (4) (19, OLIVINA),""2025-12-18 19:50:52"",""17767.26"""
"[102099] ANILLO PIEDRA CUBIC SOLITARIO (4) (17, TOPACIO),""2025-12-18 19:50:52"",""16863.84"""
"[102114] ANILLO PIEDRA SEMI PRECIOSA CIRCULAR (3) (16, RODOCROSITA),""2025-12-18 19:50:52"",""33727.68"""
"[102115] ANILLO PIEDRA SEMI PRECIOSA CIRCULAR (3) (18, RODOCROSITA),""2025-12-18 19:50:52"",""36136.8"""
"[102116] ANILLO PIEDRA SEMI PRECIOSA CIRCULAR (3) (20, RODOCROSITA),""2025-12-18 19:50:52"",""34329.96"""
"[102117] ANILLO PIEDRA CUBIC OVAL (8),""2025-12-18 19:50:52"",""31664.3"""
"[102120] ANILLO PIEDRA SEMI PRECIOSA CIRCULAR (4) (17),""2025-12-18 19:50:52"",""51796.08"""
"[102121] ANILLO PIEDRA SEMI PRECIOSA CIRCULAR (4) (19),""2025-12-18 19:50:52"",""50591.52"""
"[102122] ANILLO PIEDRA SEMI PRECIOSA CIRCULAR (4) (20),""2025-12-18 19:50:52"",""51796.08"""
"[102127] ANILLO PIEDRA SEMI PRECIOSA OVAL (12, MALAQUITA),""2025-12-18 19:50:52"",""34329.96"""
"[102130] ANILLO PIEDRA SEMI PRECIOSA CIRCULAR (3) (13, RODOCROSITA),""2025-12-18 19:50:52"",""34002.36"""
"[102135] ANILLO SAN BENITO (16),""2025-12-18 19:50:52"",""14643.55"""
"[102136] ANILLO SAN BENITO (17),""2025-12-18 19:50:52"",""15166.54"""
"[102138] ANILLO SAN BENITO (20),""2025-12-18 19:50:52"",""16212.5"""
"[102139] ARO COLGANTE CIRCULAR (1) (PAR),""2025-12-18 19:50:52"",""32447.65"""
"[102140] ARO COLGANTE CIRCULAR (2) (PAR),""2025-12-18 19:50:52"",""27837.81"""
"[102142] ARO COLGANTE CUBIC BARRITA (PAR) (NEGRO),""2025-12-18 19:50:52"",""16261.56"""
"[102144] ARO COLGANTE CUBIC FLOR (PAR) (AMATISTA),""2025-12-18 19:50:52"",""9937.62"""
"[102145] ARO COLGANTE CUBIC FLOR (PAR) (GRANATE),""2025-12-18 19:50:52"",""10841.04"""
"[102146] ARO COLGANTE CUBIC FLOR (PAR) (OLIVINA),""2025-12-18 19:50:52"",""9937.62"""
"[102147] ARO COLGANTE CUBIC FLOR (PAR) (ZAFIRO),""2025-12-18 19:50:52"",""8431.92"""
"[102148] ARO COLGANTE ESTRELLA (PAR),""2025-12-18 19:50:52"",""8648.64"""
"[102149] ARO PASANTE ARGOLLA (UN),""2025-12-18 19:50:52"",""2110.42"""
"[102150] ARO PASANTE BARRITA (3) (UN),""2025-12-18 19:50:52"",""3378.38"""
"[102151] ARO PASANTE BARRITA (1) (UN),""2025-12-18 19:50:52"",""4554.74"""
"[102152] ARO PASANTE BARRITA (2) (UN),""2025-12-18 19:50:52"",""3864.63"""
"[102154] ARO PASANTE CIRCULAR (1) (UN),""2025-12-18 19:50:52"",""5407.94"""
"[102156] ARO PASANTE CORAZON (1) (UN),""2025-12-18 19:50:52"",""2901.82"""
"[102157] ARO PASANTE CORAZON (2) (UN),""2025-12-18 19:50:52"",""1582.81"""
"[102158] ARO PASANTE CORAZON (3) (UN),""2025-12-18 19:50:52"",""6726.95"""
"[102161] ARO PASANTE CRUZ (UN),""2025-12-18 19:50:52"",""2702.7"""
"[102162] ARO PASANTE CUBIC ESTRELLA (UN),""2025-12-18 19:50:52"",""1204.56"""
"[102163] ARO PASANTE CUBIC GEOMETRICO (1) (UN) (CHAMPAGNE),""2025-12-18 19:50:52"",""3011.4"""
"[102165] ARO PASANTE CUBIC GEOMETRICO (1) (UN) (OLIVINA),""2025-12-18 19:50:52"",""3011.4"""
"[102167] ARO PASANTE CUBIC GEOMETRICO (1) (UN) (ZAFIRO),""2025-12-18 19:50:52"",""3011.4"""
"[102173] ARO PASANTE CUBIC SOLITARIO (2) (UN) (TRANSPARENTE),""2025-12-18 19:50:52"",""2107.98"""
"[102175] ARO PASANTE CUBO (UN),""2025-12-18 19:50:52"",""791.41"""
"[102176] ARO PASANTE DELFIN (UN),""2025-12-18 19:50:52"",""1891.89"""
"[102177] ARO PASANTE ESTRELLA (3) (UN),""2025-12-18 19:50:52"",""1846.61"""
"[102178] ARO PASANTE GEOMETRICO (2) (UN),""2025-12-18 19:50:52"",""5539.84"""
"[102179] ARO PASANTE GEOMETRICO (3) (UN),""2025-12-18 19:50:52"",""4594.59"""
"[102180] ARO PASANTE GEOMETRICO (4) (UN),""2025-12-18 19:50:52"",""3312.54"""
"[102181] ARO PASANTE ONDAS (UN),""2025-12-18 19:50:52"",""3864.63"""
"[102182] ARO PASANTE PAZ (UN),""2025-12-18 19:50:52"",""1380.23"""
"[102183] ARO PASANTE PEZ (UN),""2025-12-18 19:50:52"",""2110.42"""
"[102184] ARO PASANTE RACIMO (UN),""2025-12-18 19:50:52"",""7111.34"""
"[102185] ARO PASANTE RAYO (UN),""2025-12-18 19:50:52"",""2901.82"""
"[102186] ANILLO CORAZON (3) (19),""2025-12-18 19:50:52"",""7097.64"""
"[102187] CADENA BIZANTINA 0.6 (45),""2025-12-18 19:50:52"",""39474.86"""
"[102188] CADENA BIZANTINA 0.6 (50),""2025-12-18 19:50:52"",""42467.36"""
"[102189] CADENA BIZANTINA 0.6 (60),""2025-12-18 19:50:52"",""48452.36"""
"[102190] CADENA CARACOL 1.25 (40),""2025-12-18 19:50:52"",""58486.68"""
"[102191] CADENA CARACOL 1.25 (45),""2025-12-18 19:50:52"",""62669.88"""
"[102192] CADENA CARACOL 0.8 (40),""2025-12-18 19:50:52"",""25823.91"""
"[102193] CADENA CARACOL 0.8 (45),""2025-12-18 19:50:52"",""27556.41"""
"[102194] CADENA ESPIGA 0.45,""2025-12-18 19:50:52"",""10637.34"""
"[102195] CADENA FORCET 1.15 (50),""2025-12-18 19:50:52"",""50252.9"""
"[102196] CADENA FORCET 1.15 (60),""2025-12-18 19:50:52"",""59490.8"""
"[102197] CADENA FORCET 0.35 (40),""2025-12-18 19:50:52"",""4817.51"""
"[102198] CADENA FORCET 0.35 (45),""2025-12-18 19:50:52"",""5132.51"""
"[102199] CADENA FORCET 0.35 (50),""2025-12-18 19:50:52"",""5290.01"""
"[102201] CADENA FORCET FACETADA 1.0 (50),""2025-12-18 19:50:52"",""31315.73"""
"[102202] CADENA FORCET FACETADA 1.0 (60),""2025-12-18 19:50:52"",""36544.62"""
"[102203] CADENA FORCET FACETADA 0.4 (40),""2025-12-18 19:50:52"",""4745.69"""
"[102204] CADENA FORCET FACETADA 0.4 (45),""2025-12-18 19:50:52"",""4903.19"""
"[102205] CADENA FORCET FACETADA 0.4 (50),""2025-12-18 19:50:52"",""5218.19"""
"[102206] CADENA FORCET FACETADA 0.7 (50),""2025-12-18 19:50:52"",""13442.84"""
"[102207] CADENA FORCET FACETADA 0.7 (60),""2025-12-18 19:50:52"",""15490.34"""
"[102211] CADENA FORCET FACETADA 1.5 (60),""2025-12-18 19:50:52"",""65038.89"""
"[102212] CADENA FORCET FACETADA 1.5 (70),""2025-12-18 19:50:52"",""75495.17"""
"[102213] CADENA FORCET FACETADA 2.0 (60),""2025-12-18 19:50:52"",""106618.89"""
"[102214] CADENA FORCET FACETADA 2.0 (70),""2025-12-18 19:50:52"",""127767.4"""
"[102215] CADENA FORCET FACETADA LARGA 0.3 (40),""2025-12-18 19:50:52"",""3373.13"""
"[102216] CADENA FORCET FACETADA LARGA 0.3 (45),""2025-12-18 19:50:52"",""3499.13"""
"[102217] CADENA FORCET FACETADA LARGA 0.4 (40),""2025-12-18 19:50:52"",""4286.63"""
"[102218] CADENA FORCET FACETADA LARGA 0.4 (45),""2025-12-18 19:50:52"",""4507.13"""
"[102219] CADENA FORCET FACETADA LARGA 0.4 (50),""2025-12-18 19:50:52"",""4759.13"""
"[102220] CADENA FORCET FACETADA LARGA 1.0 (45),""2025-12-18 19:50:52"",""20054.48"""
"[102221] CADENA FORCET FACETADA LARGA 1.0 (50),""2025-12-18 19:50:52"",""21629.48"""
"[102222] CADENA FORCET FACETADA LARGA 1.2,""2025-12-18 19:50:52"",""27973.37"""
"[102223] CADENA GRUMET ALTERNADA 0.35 (40),""2025-12-18 19:50:52"",""4560.57"""
"[102224] CADENA GRUMET ALTERNADA 0.35 (45),""2025-12-18 19:50:52"",""4718.07"""
"[102225] CADENA GRUMET ALTERNADA 0.4 (40),""2025-12-18 19:50:52"",""4717.97"""
"[102227] CADENA GRUMET DIAMANTADA 0.35 (40),""2025-12-18 19:50:52"",""5245.07"""
"[102228] CADENA GRUMET DIAMANTADA 0.35 (45),""2025-12-18 19:50:52"",""5560.07"""
"[102229] CADENA GRUMET DIAMANTADA 0.4 (40),""2025-12-18 19:50:52"",""6190.07"""
"[102230] CADENA GRUMET DIAMANTADA 0.4 (45),""2025-12-18 19:50:52"",""6505.07"""
"[102231] CADENA GRUMET DOBLE LAMINADA 0.8,""2025-12-18 19:50:52"",""30706.41"""
"[102232] CADENA ROLO 0.6 (40),""2025-12-18 19:50:52"",""13744.4"""
"[102233] CADENA ROLO 0.6 (45),""2025-12-18 19:50:52"",""14964.5"""
"[102234] CADENA ROLO 0.6 (50),""2025-12-18 19:50:52"",""16184.6"""
"[102235] CADENA ROLO 0.25 (40),""2025-12-18 19:50:52"",""5323.5"""
"[102236] CADENA ROLO 0.25 (45),""2025-12-18 19:50:52"",""5638.5"""
"[102237] CADENA ROLO 0.25 (50),""2025-12-18 19:50:52"",""6111.0"""
"[102238] CADENA ROLO 0.4 (40),""2025-12-18 19:50:52"",""7056.0"""
"[102239] CADENA ROLO 0.4 (45),""2025-12-18 19:50:52"",""7528.5"""
"[102240] CADENA ROLO 0.4 (50),""2025-12-18 19:50:52"",""8158.5"""
"[102241] CADENA VALERIA REDONDA 0.4,""2025-12-18 19:50:52"",""13172.04"""
"[102242] CADENA VALERIA REDONDA 0.6,""2025-12-18 19:50:52"",""22025.96"""
"[102243] CADENA VALERIA REDONDA 1.0,""2025-12-18 19:50:52"",""51732.45"""
"[102244] CADENA VENECIANA Nº 2 (40),""2025-12-18 19:50:52"",""12371.84"""
"[102245] CADENA VENECIANA Nº 2 (45),""2025-12-18 19:50:52"",""13474.34"""
"[102246] CADENA VENECIANA Nº 2 (50),""2025-12-18 19:50:52"",""14576.84"""
"[102247] COLGANTE ARGOLLA,""2025-12-18 19:50:52"",""4324.32"""
"[102250] COLGANTE CRUCIFIJO (1),""2025-12-18 19:50:52"",""22083.6"""
"[102251] COLGANTE CRUCIFIJO (2),""2025-12-18 19:50:52"",""8473.08"""
"[102252] COLGANTE CRUZ (1),""2025-12-18 19:50:52"",""17027.01"""
"[102253] COLGANTE CRUZ (2),""2025-12-18 19:50:52"",""3783.78"""
"[102254] COLGANTE CRUZ (3),""2025-12-18 19:50:52"",""14078.3"""
"[102255] COLGANTE CRUZ ANKH,""2025-12-18 19:50:52"",""9999.99"""
"[102256] COLGANTE CURVAS,""2025-12-18 19:50:52"",""28747.95"""
"[102257] COLGANTE GEOMETRICO,""2025-12-18 19:50:52"",""4864.86"""
"[102258] COLGANTE PIEDRA SEMI PRECIOSA CIRCULAR (1),""2025-12-18 19:50:52"",""26199.18"""
"[102259] COLGANTE PIEDRA SEMI PRECIOSA CIRCULAR (2),""2025-12-18 19:50:52"",""26285.81"""
"[102260] COLGANTE SERPIENTE,""2025-12-18 19:50:52"",""20979.42"""
"[102261] DIJE CORAZON,""2025-12-18 19:50:52"",""2432.43"""
"[102262] DIJE CRUZ (1),""2025-12-18 19:50:52"",""8108.1"""
"[102263] DIJE CRUZ (2),""2025-12-18 19:50:52"",""4594.59"""
"[102264] DIJE CRUZ (3),""2025-12-18 19:50:52"",""2484.41"""
"[102265] DIJE CRUZ (4),""2025-12-18 19:50:52"",""1932.32"""
"[102268] DIJE MANO DE FATIMA,""2025-12-18 19:50:52"",""5405.4"""
"[102269] DIJE MEDALLA SAN EXPEDITO,""2025-12-18 19:50:52"",""17390.84"""
"[102270] DIJE PAZ,""2025-12-18 19:50:52"",""2702.7"""
"[102272] DIJE PIEDRA CUBIC CRUZ (2) (ROSA),""2025-12-18 19:50:52"",""10238.76"""
"[102273] DIJE PIEDRA CUBIC CRUZ (2) (TRANSPARENTE),""2025-12-18 19:50:52"",""10238.76"""
"[102274] DIJE PIEDRA CUBIC CRUZ (2) (ZAFIRO),""2025-12-18 19:50:52"",""10238.76"""
"[102275] DIJE PIEDRA CUBIC ESTRELLA (TRANSPARENTE),""2025-12-18 19:50:52"",""3312.54"""
"[102283] DIJE PIEDRA CUBIC OVAL (1) (TRANSPARENTE),""2025-12-18 19:50:52"",""10398.78"""
"[102285] DIJE PIEDRA CUBIC RECTANGULAR (AGUAMARINA),""2025-12-18 19:50:52"",""23488.92"""
"[102286] DIJE PIEDRA CUBIC RECTANGULAR (LAVANDA),""2025-12-18 19:50:52"",""23488.92"""
"[102289] DIJE PIEDRA CUBIC SOLITARIO (1),""2025-12-18 19:50:52"",""2710.26"""
"[102290] DIJE PIEDRA CUBIC SOLITARIO (2),""2025-12-18 19:50:52"",""3914.82"""
"[102291] DIJE PIEDRA SEMI PRECIOSA CIRCULAR,""2025-12-18 19:50:52"",""9034.2"""
"[102292] DIJE PIEDRA SEMI PRECIOSA OVAL (ONIX),""2025-12-18 19:50:52"",""26574.66"""
"[102295] DIJE VIRGEN NIÑA,""2025-12-18 19:50:52"",""6486.48"""
"[102296] MEDALLA SAN BENITO (1),""2025-12-18 19:50:52"",""8378.37"""
"[102297] MEDALLA SAN BENITO (2),""2025-12-18 19:50:52"",""5135.13"""
"[102300] MEDALLA VIRGEN NIÑA,""2025-12-18 19:50:52"",""5405.4"""
"[102301] PULSERA CARACOL 1.25 (18),""2025-12-18 19:50:52"",""28346.01"""
"[102302] PULSERA CARACOL 1.25 (21),""2025-12-18 19:50:52"",""30960.51"""
"[102303] PULSERA CARACOL 0.8,""2025-12-18 19:50:52"",""13136.13"""
"[102306] PULSERA ESPIGA 1.25 (18),""2025-12-18 19:50:52"",""26076.12"""
"[102307] PULSERA ESPIGA 1.25 (19.5),""2025-12-18 19:50:52"",""26076.12"""
"[102308] PULSERA FLOR DE LIS,""2025-12-18 19:50:52"",""45675.63"""
"[102309] PULSERA FORCET 1.15 (18),""2025-12-18 19:50:52"",""20186.67"""
"[102310] PULSERA FORCET 1.15 (19),""2025-12-18 19:50:52"",""20186.67"""
"[102311] PULSERA FORCET 2.0 (18),""2025-12-18 19:50:52"",""35592.48"""
"[102312] PULSERA FORCET 2.0 (19.5),""2025-12-18 19:50:52"",""35592.48"""
"[102313] PULSERA FORCET FACETADA 1.0,""2025-12-18 19:50:52"",""13419.74"""
"[102314] PULSERA FORCET FACETADA 1.5 (18),""2025-12-18 19:50:52"",""23079.32"""
"[102315] PULSERA FORCET FACETADA 1.5 (19),""2025-12-18 19:50:52"",""23079.32"""
"[102316] PULSERA FORCET FACETADA 1.5 (21),""2025-12-18 19:50:52"",""26071.82"""
"[102317] PULSERA FORCET FACETADA 2.0 (18),""2025-12-18 19:50:52"",""36353.21"""
"[102318] PULSERA FORCET FACETADA 2.0 (19),""2025-12-18 19:50:52"",""36353.21"""
"[102319] PULSERA FORCET FACETADA 2.0 (21),""2025-12-18 19:50:52"",""41708.21"""
"[102320] PULSERA FORCET FACETADA LARGA 1.0,""2025-12-18 19:50:52"",""9818.24"""
"[102321] PULSERA FORCET FACETADA LARGA 1.2 (18),""2025-12-18 19:50:52"",""13462.68"""
"[102322] PULSERA FORCET FACETADA LARGA 1.2 (19),""2025-12-18 19:50:52"",""13462.68"""
"[102323] PULSERA FORCET PLANA DOBLE 1.0 (18),""2025-12-18 19:50:52"",""13066.52"""
"[102324] PULSERA FORCET PLANA DOBLE 1.0 (21),""2025-12-18 19:50:52"",""13240.82"""
"[102325] PULSERA GRUMET ALTERNADA 0.8 (18),""2025-12-18 19:50:52"",""7150.5"""
"[102326] PULSERA GRUMET ALTERNADA 0.8 (19.5),""2025-12-18 19:50:52"",""7150.5"""
"[102327] PULSERA GRUMET ALTERNADA 1.0 (18),""2025-12-18 19:50:52"",""10094.39"""
"[102328] PULSERA GRUMET ALTERNADA 1.0 (19.5),""2025-12-18 19:50:52"",""10094.39"""
"[102330] PULSERA GRUMET ALTERNADA 1.25 (19.5),""2025-12-18 19:50:52"",""14853.2"""
"[102331] PULSERA GRUMET ALTERNADA 1.5 (18),""2025-12-18 19:50:52"",""19546.07"""
"[102332] PULSERA GRUMET ALTERNADA 1.5 (19.5),""2025-12-18 19:50:52"",""19546.07"""
"[102333] PULSERA GRUMET ALTERNADA 2.0 (18),""2025-12-18 19:50:52"",""31996.23"""
"[102334] PULSERA GRUMET ALTERNADA 2.0 (19.5),""2025-12-18 19:50:52"",""31996.23"""
"[102335] PULSERA GRUMET DOBLE LAMINADA 0.8,""2025-12-18 19:50:52"",""14778.23"""
"[102336] PULSERA GRUMET PLANA 1.5 (18),""2025-12-18 19:50:52"",""22512.21"""
"[102338] PULSERA GRUMET PLANA LAMINADA 2.0,""2025-12-18 19:50:52"",""49131.39"""
"[102339] PULSERA GRUMET PLANA LAMINADA 1.0 (18),""2025-12-18 19:50:52"",""11532.89"""
"[102340] PULSERA GRUMET PLANA LAMINADA 1.0 (19.5),""2025-12-18 19:50:52"",""11532.89"""
"[102341] PULSERA GRUMET PLANA LAMINADA 1.5 (18),""2025-12-18 19:50:52"",""23950.71"""
"[102342] PULSERA GRUMET PLANA LAMINADA 1.5 (19.5),""2025-12-18 19:50:52"",""39446.19"""
"[102343] PULSERA ROLO 1.0 (18),""2025-12-18 19:50:52"",""10647.42"""
"[102344] PULSERA ROLO 1.0 (19.5),""2025-12-18 19:50:52"",""10647.42"""
"[102345] PULSERA ROLO 2.0 (18),""2025-12-18 19:50:52"",""22279.22"""
"[102346] PULSERA ROLO 2.0 (19.5),""2025-12-18 19:50:52"",""22279.22"""
"[102347] PULSERA ROLO 2.5 (18),""2025-12-18 19:50:52"",""33380.03"""
"[102348] PULSERA ROLO 2.5 (19.5),""2025-12-18 19:50:52"",""33380.03"""
"[102349] PULSERA ROLO OVAL 1.5 (18),""2025-12-18 19:50:52"",""12750.57"""
"[102350] PULSERA ROLO OVAL 1.5 (19.5),""2025-12-18 19:50:52"",""12750.57"""
"[102351] PULSERA ROLO OVAL 2.0 (18),""2025-12-18 19:50:52"",""19114.52"""
"[102353] PULSERA ROSARIO,""2025-12-18 19:50:52"",""19459.44"""
"[102354] PULSERA TEJIDO 4.0 (18),""2025-12-18 19:50:52"",""19459.02"""
"[102355] PULSERA TEJIDO 4.0 (19.5),""2025-12-18 19:50:52"",""19459.02"""
"[102357] PULSERA TEJIDO 6.0 (19.5),""2025-12-18 19:50:52"",""26730.59"""
"[102358] PULSERA TEJIDO ROULET 6.0,""2025-12-18 19:50:52"",""34639.92"""
"[102359] PULSERA TRAVERSINO 1.2 (18),""2025-12-18 19:50:52"",""16331.92"""
"[102360] PULSERA TRAVERSINO 1.2 (19.5),""2025-12-18 19:50:52"",""16331.92"""
"[102361] PULSERA VALERIA PLANA BOMBE 0.6,""2025-12-18 19:50:52"",""11718.63"""
"[102362] PULSERA VALERIA PLANA BOMBE 0.8,""2025-12-18 19:50:52"",""20120.42"""
"[102364] PULSERA VALERIA REDONDA 0.4 (19.5),""2025-12-18 19:50:52"",""6641.99"""
"[102365] PULSERA VALERIA REDONDA 0.6 (18),""2025-12-18 19:50:52"",""10349.64"""
"[102366] PULSERA VALERIA REDONDA 0.6 (19.5),""2025-12-18 19:50:52"",""10925.04"""
"[102367] PULSERA VALERIA REDONDA 1.0 (18),""2025-12-18 19:50:52"",""22779.75"""
"[102368] PULSERA VALERIA REDONDA 1.0 (19.5),""2025-12-18 19:50:52"",""22779.75"""
"[102369] PULSERA ESCLAVA (1) (1, 145 mm),""2025-12-18 19:50:52"",""28674.8"""
"[102370] PULSERA ESCLAVA (1) (2, 165 mm),""2025-12-18 19:50:52"",""32771.2"""
"[102385] ANILLO ZODIACO (14, VIRGO),""2025-12-18 19:50:52"",""3511.2"""
"[102392] ANILLO ZODIACO (17, LEO),""2025-12-18 19:50:52"",""2926.0"""
"[102395] ANILLO ZODIACO (13, TAURO),""2025-12-18 19:50:52"",""2633.4"""
"[102397] ANILLO ZODIACO (18, TAURO),""2025-12-18 19:50:52"",""2633.4"""
"[102405] ANILLO ZODIACO (20, PISCIS),""2025-12-18 19:50:52"",""3803.8"""
"[102406] ANILLO ZODIACO (13, ARIES),""2025-12-18 19:50:52"",""2633.4"""
"[102411] ANILLO ZODIACO (20, ARIES),""2025-12-18 19:50:52"",""3218.6"""
"[102414] ANILLO ZODIACO (14, CAPRICORNIO),""2025-12-18 19:50:52"",""2926.0"""
"[102415] ANILLO ZODIACO (16, CAPRICORNIO),""2025-12-18 19:50:52"",""2926.0"""
"[102428] ANILLO ZODIACO (15, LIBRA),""2025-12-18 19:50:52"",""3218.6"""
"[102433] ANILLO ZODIACO (13, SAGITARIO),""2025-12-18 19:50:52"",""3218.6"""
"[102440] ANILLO ZODIACO (13, ACUARIO),""2025-12-18 19:50:52"",""2926.0"""
"[102447] ANILLO ZODIACO (13, CANCER),""2025-12-18 19:50:52"",""3511.2"""
"[102448] ANILLO ZODIACO (16, CANCER),""2025-12-18 19:50:52"",""3511.2"""
"[102454] ANILLO ZODIACO (19, CANCER),""2025-12-18 19:50:52"",""3511.2"""
"[102459] DIJE INICIAL (D),""2025-12-18 19:50:52"",""877.8"""
"[102460] DIJE INICIAL (E),""2025-12-18 19:50:52"",""877.8"""
"[102461] DIJE INICIAL (F),""2025-12-18 19:50:52"",""877.8"""
"[102465] DIJE INICIAL (J),""2025-12-18 19:50:52"",""877.8"""
"[102467] DIJE INICIAL (L),""2025-12-18 19:50:52"",""877.8"""
"[102468] DIJE INICIAL (M),""2025-12-18 19:50:52"",""877.8"""
"[102469] DIJE INICIAL (N),""2025-12-18 19:50:52"",""1170.4"""
"[102470] DIJE INICIAL (O),""2025-12-18 19:50:52"",""877.8"""
"[102471] DIJE INICIAL (P),""2025-12-18 19:50:52"",""877.8"""
"[102472] DIJE INICIAL (R),""2025-12-18 19:50:52"",""1170.4"""
"[102473] DIJE INICIAL (S),""2025-12-18 19:50:52"",""1170.4"""
"[102474] DIJE INICIAL (T),""2025-12-18 19:50:52"",""877.8"""
"[102481] DIJE CRUZ (6),""2025-12-18 19:50:52"",""2926.0"""
"[102482] COLGANTE CRUZ (4),""2025-12-18 19:50:52"",""23398.1"""
"[102483] COLGANTE CRUZ 5,""2025-12-18 19:50:52"",""23408.0"""
"[102484] ANILLO ZODIACO (13, GEMINIS),""2025-12-18 19:50:52"",""2926.0"""
"[102485] DIJE CRUZ (7),""2025-12-18 19:50:52"",""4389.0"""
"[102487] DIJE ARBOL DE LA VIDA,""2025-12-18 19:50:52"",""3511.2"""
"[102488] DIJE CRUZ (8),""2025-12-18 19:50:52"",""22712.8"""
"[102489] DIJE CRUZ (9),""2025-12-18 19:50:52"",""34037.3"""
"[102490] DIJE BUDA,""2025-12-18 19:50:52"",""7315.0"""
"[102491] DIJE CRUZ DEL EQUILIBRIO,""2025-12-18 19:50:52"",""9655.8"""
"[102503] ARO PASANTE CADENA MOÑO (UN),""2025-12-18 19:50:52"",""2470.86"""
"[102507] ARO PASANTE ESTRELLA (2) (UN),""2025-12-18 19:50:52"",""617.71"""
"[102508] ARO PASANTE CORAZON (4) (UN),""2025-12-18 19:50:52"",""617.71"""
"[102509] ARO PASANTE PIEDRA (UN),""2025-12-18 19:50:52"",""274.54"""
"[102510] ARO PASANTE ESTRELLA (1) (UN),""2025-12-18 19:50:52"",""428.97"""
"[102511] ARO PASANTE MOÑO (UN),""2025-12-18 19:50:52"",""617.71"""
"[102512] ARO PASANTE CADENA BOLITA (UN),""2025-12-18 19:50:52"",""274.54"""
"[102515] ARO PASANTE CADENA CUBO (UN),""2025-12-18 19:50:52"",""428.97"""
"[102517] ARO APRETADOR ARGOLLA BOLITA (UN),""2025-12-18 19:50:52"",""68.63"""
"[102518] ANILLO INFINITO (18),""2025-12-18 19:50:52"",""3237.52"""
"[102521] ANILLO DOS LETRAS (22, EP),""2025-12-18 19:50:52"",""50000.0"""
"[102524] ANILLO DOS LETRAS (21, RC),""2025-12-18 19:50:52"",""50000.0"""
"[102525] ANILLO DOS LETRAS (15, AJ),""2025-12-18 19:50:52"",""50000.0"""
"[102526] ANILLO DOS LETRAS (20, AJ),""2025-12-18 19:50:52"",""50000.0"""
"[102527] ANILLO DOS LETRAS (21, AJ),""2025-12-18 19:50:52"",""50000.0"""
"[102528] ANILLO DOS LETRAS (16, BC),""2025-12-18 19:50:52"",""50000.0"""
"[102529] ANILLO DOS LETRAS (18, BC),""2025-12-18 19:50:52"",""50000.0"""
"[102534] ARO PASANTE MANO HAMSA (UN),""2025-12-18 19:50:52"",""4274.6"""
"[102541] ARO COLGANTE PAMPA (PAR),""2025-12-18 19:50:52"",""9761.4"""
"[102551] DIJE CIRCULAR REPUJADO,""2025-12-18 19:50:52"",""11994.4"""
"[102552] DIJE OVALADO,""2025-12-18 19:50:52"",""10271.8"""
"[102554] PULSERA ANIVERSARIO 2.2,""2025-12-18 19:50:52"",""18119.2"""
"[102555] PULSERA ESCLAVA (2) (165 mm),""2025-12-18 19:50:52"",""50435.0"""
"[102556] PULSERA ESCLAVA (2) (140 mm),""2025-12-18 19:50:52"",""41789.0"""
"[102591] DIJE INICIAL (2) (B),""2025-12-18 19:50:52"",""3955.6"""
"[102592] DIJE INICIAL (2) (C),""2025-12-18 19:50:52"",""3190.0"""
"[102593] DIJE INICIAL (2) (D),""2025-12-18 19:50:52"",""3126.2"""
"[102594] DIJE INICIAL (2) (E),""2025-12-18 19:50:52"",""3317.6"""
"[102595] DIJE INICIAL (2) (F),""2025-12-18 19:50:52"",""3253.8"""
"[102596] DIJE INICIAL (2) (G),""2025-12-18 19:50:52"",""3828.0"""
"[102597] DIJE INICIAL (2) (H),""2025-12-18 19:50:52"",""3923.7"""
"[102598] DIJE INICIAL (2) (I),""2025-12-18 19:50:52"",""3253.8"""
"[102599] DIJE INICIAL (2) (J),""2025-12-18 19:50:52"",""3190.0"""
"[102600] DIJE INICIAL (2) (K),""2025-12-18 19:50:52"",""2296.8"""
"[102601] DIJE INICIAL (2) (L),""2025-12-18 19:50:52"",""2998.6"""
"[102602] DIJE INICIAL (2) (M),""2025-12-18 19:50:52"",""3381.4"""
"[102603] DIJE INICIAL (2) (N),""2025-12-18 19:50:52"",""3636.6"""
"[102604] DIJE INICIAL (2) (O),""2025-12-18 19:50:52"",""4019.4"""
"[102605] DIJE INICIAL (2) (P),""2025-12-18 19:50:52"",""3764.2"""
"[102606] DIJE INICIAL (2) (Q),""2025-12-18 19:50:52"",""4147.0"""
"[102607] DIJE INICIAL (2) (R),""2025-12-18 19:50:52"",""3317.6"""
"[102608] DIJE INICIAL (2) (S),""2025-12-18 19:50:52"",""3636.6"""
"[102609] DIJE INICIAL (2) (T),""2025-12-18 19:50:52"",""3190.0"""
"[102610] DIJE INICIAL (2) (U),""2025-12-18 19:50:52"",""4019.4"""
"[102611] DIJE INICIAL (2) (V),""2025-12-18 19:50:52"",""3700.4"""
"[102612] DIJE INICIAL (2) (W),""2025-12-18 19:50:52"",""6188.6"""
"[102613] DIJE INICIAL (2) (X),""2025-12-18 19:50:52"",""4402.2"""
"[102614] DIJE INICIAL (2) (Y),""2025-12-18 19:50:52"",""4147.0"""
"[102615] DIJE INICIAL (2) (Z),""2025-12-18 19:50:52"",""4083.2"""
"[102617] ANILLO INICIAL (2) (A),""2025-12-18 19:50:52"",""50000.0"""
"[102618] ANILLO INICIAL (2) (B),""2025-12-18 19:50:52"",""50000.0"""
"[102619] ANILLO INICIAL (2) (M),""2025-12-18 19:50:52"",""50000.0"""
"[102621] ANILLO INICIAL (2) (S),""2025-12-18 19:50:52"",""50000.0"""
"[102622] ANILLO INICIAL (2) (V),""2025-12-18 19:50:52"",""50000.0"""
"[102980] DIJE CRUZ (10),""2025-12-18 19:50:52"",""2629.0"""
"[103097] ANILLO PIEDRA CUBIC SOLITARIO (3) (23, TRANSPARENTE),""2025-12-18 19:50:52"",""26415.45"""
"[102174] ARO PASANTE CUBIC SOLITARIO (1) (UN),""2025-12-18 20:23:28"",""2409.12"""
"[102159] ARO PASANTE CORAZON (5) (UN),""2025-12-18 20:23:53"",""1242.2"""
"[102183] ARO PASANTE PEZ (UN),""2025-12-18 20:24:16"",""2110.42"""
"[102509] ARO PASANTE PIEDRA (UN),""2025-12-18 20:25:28"",""274.54"""
"[102517] ARO APRETADOR ARGOLLA BOLITA (UN),""2025-12-18 20:25:51"",""68.63"""
"[101919] ANILLO CURVAS (2) (21),""2025-12-18 20:26:23"",""14525.28"""
"[102507] ARO PASANTE ESTRELLA (2) (UN),""2025-12-18 20:28:32"",""617.71"""
"[102409] ANILLO ZODIACO (17, ARIES),""2025-12-18 20:28:49"",""3218.6"""
"[102198] CADENA FORCET 0.35 (45),""2025-12-18 20:29:13"",""5132.51"""
"[102590] DIJE INICIAL (2) (A),""2025-12-18 20:29:37"",""2934.8"""
"[104087] TIENTO CUERO (120, AZUL, 4 mm, GAMUZA),""2025-12-18 20:30:12"",""0.0"""
"[102379] ANILLO ZODIACO (12, GEMINIS),""2025-12-18 20:30:32"",""2926.0"""
"[101951] ANILLO GEOMETRICO (1) (15),""2025-12-18 20:30:57"",""1830.44"""
"[102510] ARO PASANTE ESTRELLA (1) (UN),""2025-12-18 20:31:24"",""428.97"""
"[102177] ARO PASANTE ESTRELLA (3) (UN),""2025-12-18 20:31:49"",""1846.61"""
"[102176] ARO PASANTE DELFIN (UN),""2025-12-18 20:32:04"",""1891.89"""
"[102271] DIJE PIEDRA CUBIC CRUZ (1),""2025-12-18 20:32:27"",""3613.68"""
"[102511] ARO PASANTE MOÑO (UN),""2025-12-18 20:32:57"",""617.71"""
"[102421] ANILLO ZODIACO (15, ESCORPIO),""2025-12-18 20:33:08"",""3218.6"""
"[102204] CADENA FORCET FACETADA 0.4 (45),""2025-12-18 20:33:38"",""4903.19"""
"[102602] DIJE INICIAL (2) (M),""2025-12-18 20:34:06"",""3381.4"""
"[102594] DIJE INICIAL (2) (E),""2025-12-18 20:34:19"",""3317.6"""
"[104181] TIENTO CUERO (100, TABACO, 4 mm, GAMUZA),""2025-12-18 20:38:54"",""0.0"""
"[102272] DIJE PIEDRA CUBIC CRUZ (2) (ROSA),""2025-12-18 20:43:03"",""10238.76"""
"[102289] DIJE PIEDRA CUBIC SOLITARIO (1),""2025-12-18 20:43:34"",""2710.26"""
"[102290] DIJE PIEDRA CUBIC SOLITARIO (2),""2025-12-18 20:43:46"",""3914.82"""
"[102326] PULSERA GRUMET ALTERNADA 0.8 (19.5),""2025-12-18 20:44:07"",""7150.5"""
"[102552] DIJE OVALADO,""2025-12-18 20:44:37"",""10271.8"""
"[102205] CADENA FORCET FACETADA 0.4 (50),""2025-12-18 20:45:40"",""5218.19"""
"[102203] CADENA FORCET FACETADA 0.4 (40),""2025-12-18 20:46:03"",""4745.69"""
"[102194] CADENA ESPIGA 0.45,""2025-12-18 20:46:30"",""10637.34"""
"[102158] ARO PASANTE CORAZON (3) (UN),""2025-12-18 20:46:51"",""6726.95"""
"[102055] ANILLO PIEDRA CUBIC MULTI (6) (18, TRANSPARENTE),""2025-12-18 20:47:12"",""12383.28"""
"[102208] CADENA FORCET FACETADA 0.9 (45),""2025-12-18 20:53:32"",""0.0"""
"[102209] CADENA FORCET FACETADA 0.9 (50),""2025-12-18 20:53:47"",""0.0"""
"[102210] CADENA FORCET FACETADA 0.9 (60),""2025-12-18 20:54:00"",""0.0"""
"[101964] ANILLO INICIAL (1) (16, M),""2025-12-18 21:28:46"",""22393.14"""
"[101967] ANILLO INICIAL (1) (17, B),""2025-12-18 21:28:46"",""17853.99"""
"[101968] ANILLO INICIAL (1) (16, C),""2025-12-18 21:28:46"",""20274.87"""
"[101969] ANILLO INICIAL (1) (17, D),""2025-12-18 21:28:46"",""16643.55"""
"[101970] ANILLO INICIAL (1) (16, F),""2025-12-18 21:28:46"",""21485.31"""
"[101972] ANILLO INICIAL (1) (16, K),""2025-12-18 21:28:46"",""22393.14"""
"[101974] ANILLO INICIAL (1) (17, N),""2025-12-18 21:28:46"",""20880.09"""
"[101975] ANILLO INICIAL (1) (17, P),""2025-12-18 21:28:46"",""18459.21"""
"[101976] ANILLO INICIAL (1) (17, R),""2025-12-18 21:28:46"",""22393.14"""
"[101977] ANILLO INICIAL (1) (17, T),""2025-12-18 21:28:46"",""20577.48"""
"[101981] ANILLO INICIAL (1) (18, V),""2025-12-18 21:28:46"",""17853.99"""
"[101982] ANILLO INICIAL (1) (19, M),""2025-12-18 21:28:46"",""21485.31"""
"[102134] PULSERA GRUMET DOBLE LAMINADA 1.5 (2) (19.5),""2025-12-18 21:28:46"",""36643.32"""
"[102140] ARO COLGANTE CIRCULAR (2) (PAR),""2025-12-18 21:28:46"",""27837.81"""
"[102144] ARO COLGANTE CUBIC FLOR (PAR) (AMATISTA),""2025-12-18 21:28:46"",""9937.62"""
"[102148] ARO COLGANTE ESTRELLA (PAR),""2025-12-18 21:28:46"",""8648.64"""
"[102149] ARO PASANTE ARGOLLA (UN),""2025-12-18 21:28:46"",""2110.42"""
"[102151] ARO PASANTE BARRITA (1) (UN),""2025-12-18 21:28:46"",""4554.74"""
"[102152] ARO PASANTE BARRITA (2) (UN),""2025-12-18 21:28:46"",""3864.63"""
"[102154] ARO PASANTE CIRCULAR (1) (UN),""2025-12-18 21:28:46"",""5407.94"""
"[102157] ARO PASANTE CORAZON (2) (UN),""2025-12-18 21:28:46"",""1582.81"""
"[102159] ARO PASANTE CORAZON (5) (UN),""2025-12-18 21:28:46"",""1242.2"""
"[102161] ARO PASANTE CRUZ (UN),""2025-12-18 21:28:46"",""2702.7"""
"[102171] ARO PASANTE CUBIC GEOMETRICO (2) (UN) (ZAFIRO),""2025-12-18 21:28:46"",""3312.54"""
"[102172] ARO PASANTE CUBIC SOLITARIO (2) (UN) (NEGRO),""2025-12-18 21:28:46"",""2107.98"""
"[102173] ARO PASANTE CUBIC SOLITARIO (2) (UN) (TRANSPARENTE),""2025-12-18 21:28:46"",""2107.98"""
"[102174] ARO PASANTE CUBIC SOLITARIO (1) (UN),""2025-12-18 21:28:46"",""2409.12"""
"[102175] ARO PASANTE CUBO (UN),""2025-12-18 21:28:46"",""791.41"""
"[102177] ARO PASANTE ESTRELLA (3) (UN),""2025-12-18 21:28:46"",""1846.61"""
"[102178] ARO PASANTE GEOMETRICO (2) (UN),""2025-12-18 21:28:46"",""5539.84"""
"[102179] ARO PASANTE GEOMETRICO (3) (UN),""2025-12-18 21:28:46"",""4594.59"""
"[102180] ARO PASANTE GEOMETRICO (4) (UN),""2025-12-18 21:28:46"",""3312.54"""
"[102181] ARO PASANTE ONDAS (UN),""2025-12-18 21:28:46"",""3864.63"""
"[102182] ARO PASANTE PAZ (UN),""2025-12-18 21:28:46"",""1380.23"""
"[102185] ARO PASANTE RAYO (UN),""2025-12-18 21:28:46"",""2901.82"""
"[102187] CADENA BIZANTINA 0.6 (45),""2025-12-18 21:28:46"",""39474.86"""
"[102188] CADENA BIZANTINA 0.6 (50),""2025-12-18 21:28:46"",""42467.36"""
"[102189] CADENA BIZANTINA 0.6 (60),""2025-12-18 21:28:46"",""48452.36"""
"[102192] CADENA CARACOL 0.8 (40),""2025-12-18 21:28:46"",""25823.91"""
"[102193] CADENA CARACOL 0.8 (45),""2025-12-18 21:28:46"",""27556.41"""
"[102195] CADENA FORCET 1.15 (50),""2025-12-18 21:28:46"",""50252.9"""
"[102196] CADENA FORCET 1.15 (60),""2025-12-18 21:28:46"",""59490.8"""
"[102200] CADENA FORCET 2.0,""2025-12-18 21:28:46"",""83487.08"""
"[102207] CADENA FORCET FACETADA 0.7 (60),""2025-12-18 21:28:46"",""15490.34"""
"[102212] CADENA FORCET FACETADA 1.5 (70),""2025-12-18 21:28:46"",""75495.17"""
"[102213] CADENA FORCET FACETADA 2.0 (60),""2025-12-18 21:28:46"",""106618.89"""
"[102214] CADENA FORCET FACETADA 2.0 (70),""2025-12-18 21:28:46"",""127767.4"""
"[102215] CADENA FORCET FACETADA LARGA 0.3 (40),""2025-12-18 21:28:46"",""3373.13"""
"[102216] CADENA FORCET FACETADA LARGA 0.3 (45),""2025-12-18 21:28:46"",""3499.13"""
"[102218] CADENA FORCET FACETADA LARGA 0.4 (45),""2025-12-18 21:28:46"",""4507.13"""
"[102219] CADENA FORCET FACETADA LARGA 0.4 (50),""2025-12-18 21:28:46"",""4759.13"""
"[102220] CADENA FORCET FACETADA LARGA 1.0 (45),""2025-12-18 21:28:46"",""20054.48"""
"[102221] CADENA FORCET FACETADA LARGA 1.0 (50),""2025-12-18 21:28:46"",""21629.48"""
"[102222] CADENA FORCET FACETADA LARGA 1.2,""2025-12-18 21:28:46"",""27973.37"""
"[102227] CADENA GRUMET DIAMANTADA 0.35 (40),""2025-12-18 21:28:46"",""5245.07"""
"[102228] CADENA GRUMET DIAMANTADA 0.35 (45),""2025-12-18 21:28:46"",""5560.07"""
"[102232] CADENA ROLO 0.6 (40),""2025-12-18 21:28:46"",""13744.4"""
"[102233] CADENA ROLO 0.6 (45),""2025-12-18 21:28:46"",""14964.5"""
"[102237] CADENA ROLO 0.25 (50),""2025-12-18 21:28:46"",""6111.0"""
"[102239] CADENA ROLO 0.4 (45),""2025-12-18 21:28:46"",""7528.5"""
"[102240] CADENA ROLO 0.4 (50),""2025-12-18 21:28:46"",""8158.5"""
"[102243] CADENA VALERIA REDONDA 1.0,""2025-12-18 21:28:46"",""51732.45"""
"[102244] CADENA VENECIANA Nº 2 (40),""2025-12-18 21:28:46"",""12371.84"""
"[102245] CADENA VENECIANA Nº 2 (45),""2025-12-18 21:28:46"",""13474.34"""
"[102249] COLGANTE CIRCULAR (2),""2025-12-18 21:28:46"",""55761.09"""
"[102250] COLGANTE CRUCIFIJO (1),""2025-12-18 21:28:46"",""22083.6"""
"[102251] COLGANTE CRUCIFIJO (2),""2025-12-18 21:28:46"",""8473.08"""
"[102252] COLGANTE CRUZ (1),""2025-12-18 21:28:46"",""17027.01"""
"[102258] COLGANTE PIEDRA SEMI PRECIOSA CIRCULAR (1),""2025-12-18 21:28:46"",""26199.18"""
"[102260] COLGANTE SERPIENTE,""2025-12-18 21:28:46"",""20979.42"""
"[102265] DIJE CRUZ (4),""2025-12-18 21:28:46"",""1932.32"""
"[102266] DIJE HIJO NIÑA,""2025-12-18 21:28:46"",""4140.68"""
"[102267] DIJE HIJO NIÑO,""2025-12-18 21:28:46"",""3588.59"""
"[102268] DIJE MANO DE FATIMA,""2025-12-18 21:28:46"",""5405.4"""
"[102292] DIJE PIEDRA SEMI PRECIOSA OVAL (ONIX),""2025-12-18 21:28:46"",""26574.66"""
"[102293] DIJE PIEDRA SEMI PRECIOSA OVAL (MADREPERLA),""2025-12-18 21:28:46"",""26574.66"""
"[102310] PULSERA FORCET 1.15 (19),""2025-12-18 21:28:46"",""20186.67"""
"[102311] PULSERA FORCET 2.0 (18),""2025-12-18 21:28:46"",""35592.48"""
"[102313] PULSERA FORCET FACETADA 1.0,""2025-12-18 21:28:46"",""13419.74"""
"[102314] PULSERA FORCET FACETADA 1.5 (18),""2025-12-18 21:28:46"",""23079.32"""
"[102315] PULSERA FORCET FACETADA 1.5 (19),""2025-12-18 21:28:46"",""23079.32"""
"[102316] PULSERA FORCET FACETADA 1.5 (21),""2025-12-18 21:28:46"",""26071.82"""
"[102318] PULSERA FORCET FACETADA 2.0 (19),""2025-12-18 21:28:46"",""36353.21"""
"[102320] PULSERA FORCET FACETADA LARGA 1.0,""2025-12-18 21:28:46"",""9818.24"""
"[102321] PULSERA FORCET FACETADA LARGA 1.2 (18),""2025-12-18 21:28:46"",""13462.68"""
"[102329] PULSERA GRUMET ALTERNADA 1.25 (18),""2025-12-18 21:28:46"",""14853.2"""
"[102336] PULSERA GRUMET PLANA 1.5 (18),""2025-12-18 21:28:46"",""22512.21"""
"[102339] PULSERA GRUMET PLANA LAMINADA 1.0 (18),""2025-12-18 21:28:46"",""11532.89"""
"[102342] PULSERA GRUMET PLANA LAMINADA 1.5 (19.5),""2025-12-18 21:28:46"",""39446.19"""
"[102343] PULSERA ROLO 1.0 (18),""2025-12-18 21:28:46"",""10647.42"""
"[102344] PULSERA ROLO 1.0 (19.5),""2025-12-18 21:28:46"",""10647.42"""
"[102345] PULSERA ROLO 2.0 (18),""2025-12-18 21:28:46"",""22279.22"""
"[102354] PULSERA TEJIDO 4.0 (18),""2025-12-18 21:28:46"",""19459.02"""
"[102355] PULSERA TEJIDO 4.0 (19.5),""2025-12-18 21:28:46"",""19459.02"""
"[102356] PULSERA TEJIDO 6.0 (18),""2025-12-18 21:28:46"",""26730.59"""
"[102358] PULSERA TEJIDO ROULET 6.0,""2025-12-18 21:28:46"",""34639.92"""
"[102359] PULSERA TRAVERSINO 1.2 (18),""2025-12-18 21:28:46"",""16331.92"""
"[102360] PULSERA TRAVERSINO 1.2 (19.5),""2025-12-18 21:28:46"",""16331.92"""
"[102365] PULSERA VALERIA REDONDA 0.6 (18),""2025-12-18 21:28:46"",""10349.64"""
"[102366] PULSERA VALERIA REDONDA 0.6 (19.5),""2025-12-18 21:28:46"",""10925.04"""
"[102368] PULSERA VALERIA REDONDA 1.0 (19.5),""2025-12-18 21:28:46"",""22779.75"""
"[102369] PULSERA ESCLAVA (1) (1, 145 mm),""2025-12-18 21:28:46"",""28674.8"""
"[102370] PULSERA ESCLAVA (1) (2, 165 mm),""2025-12-18 21:28:46"",""32771.2"""
"[102372] PULSERA ANIVERSARIO 1.5 (65),""2025-12-18 21:28:46"",""11118.8"""
"[102373] PULSERA ANIVERSARIO 1.5 (68),""2025-12-18 21:28:46"",""11704.0"""
"[102374] PULSERA ANIVERSARIO 1.75 (65),""2025-12-18 21:28:46"",""14044.8"""
"[102375] PULSERA ANIVERSARIO 1.75 (68),""2025-12-18 21:28:46"",""14630.0"""
"[102376] PULSERA ANIVERSARIO 2.0 (65),""2025-12-18 21:28:46"",""18141.2"""
"[102377] PULSERA ANIVERSARIO 2.0 (68),""2025-12-18 21:28:46"",""18726.4"""
"[102378] PULSERA ANIVERSARIO 2.25,""2025-12-18 21:28:46"",""28967.4"""
"[102380] ANILLO ZODIACO (14, GEMINIS),""2025-12-18 21:28:46"",""2926.0"""
"[102383] ANILLO ZODIACO (17, GEMINIS),""2025-12-18 21:28:46"",""2926.0"""
"[102384] ANILLO ZODIACO (19, GEMINIS),""2025-12-18 21:28:46"",""2633.4"""
"[102389] ANILLO ZODIACO (13, LEO),""2025-12-18 21:28:46"",""2633.4"""
"[102393] ANILLO ZODIACO (19, LEO),""2025-12-18 21:28:46"",""2633.4"""
"[102396] ANILLO ZODIACO (15, TAURO),""2025-12-18 21:28:46"",""2633.4"""
"[102399] ANILLO ZODIACO (21, TAURO),""2025-12-18 21:28:46"",""2633.4"""
"[102403] ANILLO ZODIACO (16, PISCIS),""2025-12-18 21:28:46"",""3803.8"""
"[102409] ANILLO ZODIACO (17, ARIES),""2025-12-18 21:28:46"",""3218.6"""
"[102421] ANILLO ZODIACO (15, ESCORPIO),""2025-12-18 21:28:46"",""3218.6"""
"[102441] ANILLO ZODIACO (15, ACUARIO),""2025-12-18 21:28:46"",""2926.0"""
"[102443] ANILLO ZODIACO (18, ACUARIO),""2025-12-18 21:28:46"",""2926.0"""
"[102446] ANILLO ZODIACO (12, CANCER),""2025-12-18 21:28:46"",""2926.0"""
"[102449] ANILLO ZODIACO (17, CANCER),""2025-12-18 21:28:46"",""3803.8"""
"[102450] ANILLO ZODIACO (18, CANCER),""2025-12-18 21:28:46"",""3803.8"""
"[102451] ARO PASANTE FLOR (1) (UN),""2025-12-18 21:28:46"",""5266.8"""
"[102458] DIJE INICIAL (C),""2025-12-18 21:28:46"",""877.8"""
"[102460] DIJE INICIAL (E),""2025-12-18 21:28:46"",""877.8"""
"[102462] DIJE INICIAL (G),""2025-12-18 21:28:46"",""877.8"""
"[102465] DIJE INICIAL (J),""2025-12-18 21:28:46"",""877.8"""
"[102467] DIJE INICIAL (L),""2025-12-18 21:28:46"",""877.8"""
"[102468] DIJE INICIAL (M),""2025-12-18 21:28:46"",""877.8"""
"[102469] DIJE INICIAL (N),""2025-12-18 21:28:46"",""1170.4"""
"[102470] DIJE INICIAL (O),""2025-12-18 21:28:46"",""877.8"""
"[102471] DIJE INICIAL (P),""2025-12-18 21:28:46"",""877.8"""
"[102472] DIJE INICIAL (R),""2025-12-18 21:28:46"",""1170.4"""
"[102473] DIJE INICIAL (S),""2025-12-18 21:28:46"",""1170.4"""
"[102478] DIJE INICIAL (Y),""2025-12-18 21:28:46"",""877.8"""
"[102480] DIJE CRUZ (5),""2025-12-18 21:28:46"",""7722.0"""
"[102481] DIJE CRUZ (6),""2025-12-18 21:28:46"",""2926.0"""
"[102482] COLGANTE CRUZ (4),""2025-12-18 21:28:46"",""23398.1"""
"[102483] COLGANTE CRUZ 5,""2025-12-18 21:28:46"",""23408.0"""
"[102483] COLGANTE CRUZ 5,""2025-12-18 21:28:46"",""23408.0"""
"[102485] DIJE CRUZ (7),""2025-12-18 21:28:46"",""4389.0"""
"[102486] ANILLO ZODIACO (17, PISCIS),""2025-12-18 21:28:46"",""3608.73"""
"[102487] DIJE ARBOL DE LA VIDA,""2025-12-18 21:28:46"",""3511.2"""
"[102488] DIJE CRUZ (8),""2025-12-18 21:28:46"",""22712.8"""
"[102489] DIJE CRUZ (9),""2025-12-18 21:28:46"",""34037.3"""
"[102490] DIJE BUDA,""2025-12-18 21:28:46"",""7315.0"""
"[102491] DIJE CRUZ DEL EQUILIBRIO,""2025-12-18 21:28:46"",""9655.8"""
"[102507] ARO PASANTE ESTRELLA (2) (UN),""2025-12-18 21:28:46"",""617.71"""
"[102508] ARO PASANTE CORAZON (4) (UN),""2025-12-18 21:28:46"",""617.71"""
"[102509] ARO PASANTE PIEDRA (UN),""2025-12-18 21:28:46"",""274.54"""
"[102510] ARO PASANTE ESTRELLA (1) (UN),""2025-12-18 21:28:46"",""428.97"""
"[102511] ARO PASANTE MOÑO (UN),""2025-12-18 21:28:46"",""617.71"""
"[102512] ARO PASANTE CADENA BOLITA (UN),""2025-12-18 21:28:46"",""274.54"""
"[102515] ARO PASANTE CADENA CUBO (UN),""2025-12-18 21:28:46"",""428.97"""
"[102520] ANILLO DOS LETRAS (20, EP),""2025-12-18 21:28:46"",""50000.0"""
"[102522] ANILLO DOS LETRAS (16, RC),""2025-12-18 21:28:46"",""50000.0"""
"[102523] ANILLO DOS LETRAS (20, RC),""2025-12-18 21:28:46"",""50000.0"""
"[102526] ANILLO DOS LETRAS (20, AJ),""2025-12-18 21:28:46"",""50000.0"""
"[102528] ANILLO DOS LETRAS (16, BC),""2025-12-18 21:28:46"",""50000.0"""
"[102530] ANILLO DOS LETRAS (22, BC),""2025-12-18 21:28:46"",""50000.0"""
"[102546] PULSERA INFLADA FORCET TOURBILLON ALTERNADA 1X1,""2025-12-18 21:28:46"",""46846.8"""
"[102547] PULSERA BIZANTINA 0.6 (18),""2025-12-18 21:28:46"",""18550.0"""
"[102549] PULSERA BIZANTINA PLANA 0.6 (18),""2025-12-18 21:28:46"",""17927.9"""
"[102550] PULSERA BIZANTINA PLANA 0.6 (21),""2025-12-18 21:28:46"",""19277.9"""
"[102553] PULSERA ANIVERSARIO 1.75 (60),""2025-12-18 21:28:46"",""17736.4"""
"[102555] PULSERA ESCLAVA (2) (165 mm),""2025-12-18 21:28:46"",""50435.0"""
"[102556] PULSERA ESCLAVA (2) (140 mm),""2025-12-18 21:28:46"",""41789.0"""
"[102571] ANILLO DOS LETRAS (22, BJ),""2025-12-18 21:28:46"",""50000.0"""
"[102572] ANILLO DOS LETRAS (16, RP),""2025-12-18 21:28:46"",""50000.0"""
"[102574] ANILLO DOS LETRAS (22, RP),""2025-12-18 21:28:46"",""50000.0"""
"[102576] ANILLO DOS LETRAS (20, VS),""2025-12-18 21:28:46"",""50000.0"""
"[102577] ANILLO DOS LETRAS (22, VS),""2025-12-18 21:28:46"",""50000.0"""
"[102580] ANILLO DOS LETRAS (22, SL),""2025-12-18 21:28:46"",""50000.0"""
"[102583] ANILLO DOS LETRAS (22, IN),""2025-12-18 21:28:46"",""50000.0"""
"[102583] ANILLO DOS LETRAS (22, IN),""2025-12-18 21:28:46"",""50000.0"""
"[102590] DIJE INICIAL (2) (A),""2025-12-18 21:28:46"",""2934.8"""
"[102591] DIJE INICIAL (2) (B),""2025-12-18 21:28:46"",""3955.6"""
"[102592] DIJE INICIAL (2) (C),""2025-12-18 21:28:46"",""3190.0"""
"[102593] DIJE INICIAL (2) (D),""2025-12-18 21:28:46"",""3126.2"""
"[102594] DIJE INICIAL (2) (E),""2025-12-18 21:28:46"",""3317.6"""
"[102595] DIJE INICIAL (2) (F),""2025-12-18 21:28:46"",""3253.8"""
"[102596] DIJE INICIAL (2) (G),""2025-12-18 21:28:46"",""3828.0"""
"[102597] DIJE INICIAL (2) (H),""2025-12-18 21:28:46"",""3923.7"""
"[102598] DIJE INICIAL (2) (I),""2025-12-18 21:28:46"",""3253.8"""
"[102599] DIJE INICIAL (2) (J),""2025-12-18 21:28:46"",""3190.0"""
"[102600] DIJE INICIAL (2) (K),""2025-12-18 21:28:46"",""2296.8"""
"[102601] DIJE INICIAL (2) (L),""2025-12-18 21:28:46"",""2998.6"""
"[102603] DIJE INICIAL (2) (N),""2025-12-18 21:28:46"",""3636.6"""
"[102604] DIJE INICIAL (2) (O),""2025-12-18 21:28:46"",""4019.4"""
"[102605] DIJE INICIAL (2) (P),""2025-12-18 21:28:46"",""3764.2"""
"[102606] DIJE INICIAL (2) (Q),""2025-12-18 21:28:46"",""4147.0"""
"[102607] DIJE INICIAL (2) (R),""2025-12-18 21:28:46"",""3317.6"""
"[102609] DIJE INICIAL (2) (T),""2025-12-18 21:28:46"",""3190.0"""
"[102611] DIJE INICIAL (2) (V),""2025-12-18 21:28:46"",""3700.4"""
"[102613] DIJE INICIAL (2) (X),""2025-12-18 21:28:46"",""4402.2"""
"[102615] DIJE INICIAL (2) (Z),""2025-12-18 21:28:46"",""4083.2"""
"[102623] CADENA GRUMET PLANA 1.5,""2025-12-18 21:28:46"",""48084.0"""
"[102623] CADENA GRUMET PLANA 1.5,""2025-12-18 21:28:46"",""48084.0"""
"[102624] CUBO INICIAL (A),""2025-12-18 21:28:46"",""2678.4"""
"[102625] CUBO INICIAL (B),""2025-12-18 21:28:46"",""2446.0"""
"[102626] CUBO INICIAL (C),""2025-12-18 21:28:46"",""2728.2"""
"[102627] CUBO INICIAL (D),""2025-12-18 21:28:46"",""2612.0"""
"[102628] CUBO INICIAL (E),""2025-12-18 21:28:46"",""2661.8"""
"[102629] CUBO INICIAL (F),""2025-12-18 21:28:46"",""2744.8"""
"[102630] CUBO INICIAL (G),""2025-12-18 21:28:46"",""2645.2"""
"[102631] CUBO INICIAL (H),""2025-12-18 21:28:46"",""2695.0"""
"[102632] CUBO INICIAL (I),""2025-12-18 21:28:46"",""2827.8"""
"[102633] CUBO INICIAL (J),""2025-12-18 21:28:46"",""2578.8"""
"[102634] CUBO INICIAL (K),""2025-12-18 21:28:46"",""2512.4"""
"[102635] CUBO INICIAL (L),""2025-12-18 21:28:46"",""2678.4"""
"[102636] CUBO INICIAL (M),""2025-12-18 21:28:46"",""2728.2"""
"[102637] CUBO INICIAL (N),""2025-12-18 21:28:46"",""2612.0"""
"[102638] CUBO INICIAL (O),""2025-12-18 21:28:46"",""2645.2"""
"[102639] CUBO INICIAL (P),""2025-12-18 21:28:46"",""2545.6"""
"[102640] CUBO INICIAL (R),""2025-12-18 21:28:46"",""2595.4"""
"[102641] CUBO INICIAL (S),""2025-12-18 21:28:46"",""2562.2"""
"[102642] CUBO INICIAL (T),""2025-12-18 21:28:46"",""2645.2"""
"[102643] CUBO INICIAL (U),""2025-12-18 21:28:46"",""2612.0"""
"[102644] CUBO INICIAL (V),""2025-12-18 21:28:46"",""2661.8"""
"[102645] CUBO INICIAL (W),""2025-12-18 21:28:46"",""2645.2"""
"[102646] CUBO INICIAL (X),""2025-12-18 21:28:46"",""2728.2"""
"[102647] CUBO INICIAL (Y),""2025-12-18 21:28:46"",""2678.4"""
"[102648] CUBO INICIAL (Z),""2025-12-18 21:28:46"",""2744.8"""
"[102649] CUBO CORAZON,""2025-12-18 21:28:46"",""2513.14"""
"[103094] ANILLO INICIAL (1) (17, C),""2025-12-18 21:28:46"",""16903.98"""
"[103095] ANILLO INICIAL (1) (17, K),""2025-12-18 21:28:46"",""16903.98"""
"[102269] DIJE MEDALLA SAN EXPEDITO,""2025-12-18 21:28:46"",""17390.84"""
"[100142] BILLETERA BEIJING (BRIDGE, CARAMELO),""2025-12-19 13:50:05"",""16527.27"""
"[100143] BILLETERA BEIJING (BRIDGE, MALBEC),""2025-12-19 13:50:05"",""16527.27"""
"[100145] BILLETERA BEIJING (BRIDGE, ROJO),""2025-12-19 13:50:05"",""16527.27"""
"[104074] TIENTO CUERO (120, CARAMELO, 4 mm, NAPADO),""2025-12-19 14:28:06"",""0.0"""
"[100653] CINTURON ESPIGA (90, NEGRO),""2025-12-19 15:02:54"",""0.0"""
"[104126] TARJETERO RUBI (NAPADO, AZUL),""2025-12-19 15:41:15"",""2477.69"""
"[101068] MOCHILA LIBRA (CARAMELO),""2025-12-19 18:09:03"",""0.0"""
"[101951] ANILLO GEOMETRICO (1) (15),""2025-12-19 19:58:45"",""0.0"""
"[102326] PULSERA GRUMET ALTERNADA 0.8 (19.5),""2025-12-20 13:51:29"",""0.0"""
"[100389] CAMPERA CHANDRA (XL, AZUL MARINO),""2025-12-20 14:02:27"",""0.0"""
"[100367] CAMISA RAYITAS (38),""2025-12-20 17:32:28"",""0.0"""
"[101444] PORTAPASAPORTE CHESTER (BRIDGE, MALBEC),""2025-12-20 18:45:05"",""0.0"""
"[100636] CHOMBA POLO NAOS (L, DENIM GASTADO),""2025-12-21 11:12:54"",""0.0"""
"[101390] PORTALENTES LUZ (BRIDGE, TABACO),""2025-12-22 10:33:02"",""0.0"""
"[101705] TARJETERO BILL (BRIDGE, CARAMELO),""2025-12-22 10:37:02"",""0.0"""
"[101409] PORTALENTES MANU (BRIDGE, LONDON),""2025-12-22 10:37:47"",""0.0"""
"[102499] PULSERA BOLITA,""2025-12-22 11:46:57"",""0.0"""
"[102542] PULSERA INFLADA,""2025-12-22 12:42:28"",""52509.6"""
"[100827] DELANTAL DENO,""2025-12-22 13:59:02"",""4130.58"""
"[101266] PORTACABLES  (1) (FIORENTINO, CEDRO),""2025-12-22 14:14:37"",""990.08"""
"[101148] MONEDERO GRACE (NAPADO, AZUL),""2025-12-22 14:49:55"",""4461.16"""
"[101723] TARJETERO HARRY (BRIDGE, CARAMELO),""2025-12-22 15:26:07"",""0.0"""
"[101548] REMERA NOA (S, BLANCO),""2025-12-22 18:43:06"",""0.0"""
"[100084] BANDOLERA NEW VICENTA (NAPADO, ROJO),""2025-12-22 19:50:28"",""0.0"""
"[103524] CARTUCHERA JANA (CRUDO),""2025-12-23 08:43:19"",""1047.2"""
"[103525] CARTUCHERA JANA (NEGRO),""2025-12-23 08:46:11"",""1047.2"""
"[103526] CARTUCHERA JANA (ROSA),""2025-12-23 08:47:42"",""1047.2"""
"[103522] CARTUCHERA JANA (AZUL),""2025-12-23 08:48:16"",""1047.2"""
"[103956] SOBRE ANALIA CHICO (PU, NEGRO),""2025-12-23 08:53:02"",""1486.49"""
"[103960] SOBRE ANALIA CHICO (PU, NEGRO TRAMA),""2025-12-23 08:53:22"",""1486.49"""
"[103959] SOBRE ANALIA CHICO (PU, VISON),""2025-12-23 08:53:45"",""1486.49"""
"[103967] SOBRE ANALIA GRANDE (PU, NEGRO),""2025-12-23 08:55:01"",""1715.18"""
"[103530] CARTUCHERA LUNA (PU, BORDO),""2025-12-23 08:55:26"",""1780.52"""
"[103550] CARTUCHERA PU (PU, CELESTE),""2025-12-23 08:55:49"",""1355.81"""
"[103551] CARTUCHERA PU (PU, CORAL),""2025-12-23 08:56:03"",""1355.81"""
"[103583] MOCHILA MARINERA (CANVA/DENIM, REPTIL),""2025-12-23 08:56:31"",""6386.99"""
"[103550] CARTUCHERA PU (PU, CELESTE),""2025-12-23 09:07:17"",""1355.81"""
"[104127] PORTAPASAPORTE CHESTER (NAPADO, AZUL),""2025-12-23 10:49:52"",""2808.26"""
"[104127] PORTAPASAPORTE CHESTER (NAPADO, AZUL),""2025-12-23 10:51:26"",""2808.26"""
"[100212] BILLETERA MILO SIMPLE (DUNA, NEGRO),""2025-12-23 12:25:23"",""9915.7"""
"[100205] BILLETERA MILO SIMPLE (FIORENTINO, CEDRO),""2025-12-23 12:25:23"",""9915.7"""
"[100208] BILLETERA MILO SIMPLE (NAPADO, SUELA),""2025-12-23 12:25:23"",""9915.7"""
"[101265] PORTABILLETES CORVUS (TABACO),""2025-12-23 12:26:47"",""6609.92"""
"[100184] BILLETERA LIAM (NAPADO, SUELA),""2025-12-23 12:28:38"",""14874.38"""
"[100193] BILLETERA LUCA (FIORENTINO, CEDRO),""2025-12-23 12:31:41"",""8262.81"""
"[101324] PORTAHIGIENE (BRIDGE, CARAMELO),""2025-12-23 12:35:18"",""9254.55"""
"[103559] CHALINA SELECCION,""2025-12-23 15:44:18"",""1485.0"""
"[102356] PULSERA TEJIDO 6.0 (18),""2025-12-23 16:32:14"",""26730.59"""
"[101427] PORTALENTES ORION (NAPADO, MALBEC),""2025-12-23 17:22:09"",""0.0"""
"[101896] ANILLO CORAZON (3) (15),""2025-12-23 19:21:43"",""0.0"""
"[100521] CARTERA INES (BRIDGE, NEGRO),""2025-12-24 11:58:10"",""25618.18"""
"[103184] CARTERA INES (BRIDGE, TABACO),""2025-12-24 11:58:10"",""25618.18"""
"[100523] CARTERA INES (PELO, HOLANDO),""2025-12-24 11:58:10"",""25618.18"""
"[100522] CARTERA INES (PELO, HEREFORD),""2025-12-24 11:58:10"",""25618.18"""
"[101811] TOTE CACHI  (PELO, HOLANDO),""2025-12-24 11:58:18"",""16527.27"""
"[103172] BANDOLERA JADE (LINEA FRUNCES) (NAPADO, NEGRO),""2025-12-24 11:58:45"",""11568.6"""
"[100469] CARTERA APHOLO C/CIERRE (BRIDGE, CHOCOLATE),""2025-12-24 12:00:08"",""33056.2"""
"[100471] CARTERA APHOLO C/CIERRE (BRIDGE, NEGRO),""2025-12-24 12:00:08"",""33056.2"""
"[100472] CARTERA APHOLO C/CIERRE (BRIDGE, TABACO),""2025-12-24 12:00:08"",""33056.2"""
"[100468] CARTERA APHOLO C/CIERRE (BRIDGE, CARAMELO),""2025-12-24 12:00:08"",""33056.2"""
"[100474] CARTERA APHOLO SET SOBRE (CARAMELO),""2025-12-24 12:01:26"",""33056.2"""
"[100497] CARTERA CHALTEN (BRIDGE, NEGRO),""2025-12-24 12:01:51"",""19833.06"""
"[100499] CARTERA CHALTEN (BRIDGE, TABACO),""2025-12-24 12:01:51"",""19833.06"""
"[100496] CARTERA CHALTEN (BRIDGE, MALBEC),""2025-12-24 12:02:33"",""19833.06"""
"[100470] CARTERA APHOLO C/CIERRE (BRIDGE, MALBEC),""2025-12-24 12:03:00"",""33056.2"""
"[103583] MOCHILA MARINERA (CANVA/DENIM, REPTIL),""2025-12-26 11:13:29"",""0.0"""
"[101809] TOTE CACHI  (NAPADO, SUELA),""2025-12-26 13:19:37"",""0.0"""
"[101961] ANILLO INFINITO (12),""2025-12-26 14:40:59"",""3137.9"""
"[100639] CHOMBA POLO NAOS (3XL, DENIM GASTADO),""2025-12-26 14:58:56"",""0.0"""
"[101496] PORTAVINO TUNUYAN (OLIVE/TABACO),""2025-12-26 15:08:06"",""0.0"""
"[103236] PRODUCTO OUTLET 2990,""2025-12-26 15:32:15"",""0.0"""
"[103239] PRODUCTO OUTLET 5990,""2025-12-26 15:32:23"",""0.0"""
"[103244] PRODUCTO OUTLET 14990,""2025-12-26 15:32:25"",""0.0"""
"[103246] PRODUCTO OUTLET 24990,""2025-12-26 15:32:27"",""0.0"""
"[103250] PRODUCTO OUTLET 44990,""2025-12-26 15:32:32"",""0.0"""
"[103254] PRODUCTO OUTLET 64990,""2025-12-26 15:32:35"",""0.0"""
"[103257] PRODUCTO OUTLET 89990,""2025-12-26 15:32:39"",""0.0"""
"[103264] PRODUCTO OUTLET 349990,""2025-12-26 15:32:46"",""0.0"""
"[101007] LLAVERO MIRLO (VERDE),""2025-12-26 15:38:51"",""0.0"""
"[104182] TOTE TILCARA (CARAMELO),""2025-12-26 17:00:21"",""0.0"""
"[101470] PORTAPASAPORTE RON (IGUANA, NEGRO),""2025-12-26 18:55:07"",""0.0"""
"[100198] BILLETERA LUCA (NAPADO, CARAMELO),""2025-12-27 13:48:26"",""0.0"""
"[101424] PORTALENTES ORION (BRIDGE, ROJO),""2025-12-27 19:27:36"",""0.0"""
"[101388] PORTALENTES LUZ (BRIDGE, NEGRO),""2025-12-28 15:23:54"",""0.0"""
"[101522] REMERA AMADEO (S, VERDE),""2025-12-28 18:04:43"",""0.0"""
"[102251] COLGANTE CRUCIFIJO (2),""2025-12-29 09:25:57"",""0.0"""
"[102421] ANILLO ZODIACO (15, ESCORPIO),""2025-12-29 09:25:57"",""0.0"""
"[102980] DIJE CRUZ (10),""2025-12-29 09:25:57"",""0.0"""
"[102585] ANILLO ESLABONES (11),""2025-12-29 09:25:57"",""0.0"""
"[102586] ANILLO ESLABONES (13),""2025-12-29 09:25:57"",""0.0"""
"[103162] MOCHILA ALAI (LINEA FRUNCES) (NEGRO),""2025-12-29 13:07:19"",""0.0"""
"[101393] PORTALENTES LUZ (IGUANA, AZUL),""2025-12-29 13:17:27"",""0.0"""
"[102235] CADENA ROLO 0.25 (40),""2025-12-29 14:15:19"",""5323.5"""
"[101368] PORTALENTES COLBY (BRIDGE, NEGRO),""2025-12-29 18:47:29"",""0.0"""
"[101378] PORTALENTES COLBY (VINTAGE, MEDIO),""2025-12-29 20:22:36"",""0.0"""
"[101193] MOUSEPAD (BRIDGE, NEGRO),""2025-12-30 09:44:18"",""2808.26"""
"[101194] MOUSEPAD (BRIDGE, ROJO),""2025-12-30 09:44:18"",""2808.26"""
"[101195] MOUSEPAD (BRIDGE, TABACO),""2025-12-30 09:44:18"",""2808.26"""
"[101192] MOUSEPAD (BRIDGE, CARAMELO),""2025-12-30 09:44:18"",""2808.26"""
"[101196] MOUSEPAD (NAPADO, CARAMELO),""2025-12-30 09:44:18"",""2808.26"""
"[101197] MOUSEPAD (NAPADO, NEGRO),""2025-12-30 09:44:18"",""2808.26"""
"[101198] MOUSEPAD (NAPADO, ROJO),""2025-12-30 09:44:18"",""2808.26"""
"[100132] BILLETERA ADAM (NAPADO, NEGRO),""2025-12-30 11:57:39"",""0.0"""
"[100967] LLAVERO COMBINADO (TABACO),""2025-12-30 11:57:39"",""0.0"""
"[101797] TARJETERO RUBI (MODENA, VERDE),""2025-12-30 14:05:48"",""2477.69"""
"[101458] PORTAPASAPORTE CHESTER BIFAZ (NEGRO/SUELA),""2025-12-30 14:40:27"",""2808.26"""
"[101729] TARJETERO HARRY (MODENA, VERDE),""2025-12-30 14:43:30"",""4957.02"""
"[100636] CHOMBA POLO NAOS (L, DENIM GASTADO),""2025-12-30 15:46:01"",""0.0"""
"[101550] REMERA NOA (L, BLANCO),""2025-12-30 16:21:33"",""0.0"""
"[103516] CARTUCHERA CILINDRO (VISON),""2025-12-30 22:54:11"",""0.0"""
"[103539] CARTUCHERA LUNA (PU, NEGRO),""2025-12-30 22:58:30"",""0.0"""
"[103596] PHONEBAG 01 (PU, CRUDO),""2025-12-30 23:00:33"",""0.0"""
"[103619] PORTACOSMETICOS UMA (BLANCO),""2025-12-30 23:02:18"",""0.0"""
"[103733] SCRAP BEAUTY 3990,""2025-12-30 23:03:22"",""0.0"""
"[103735] SCRAP BEAUTY 5990,""2025-12-30 23:03:44"",""0.0"""
"[103736] SCRAP BEAUTY 6990,""2025-12-30 23:04:55"",""0.0"""
"[103754] SCRAP HOME 6990,""2025-12-30 23:06:04"",""0.0"""
"[104051] SOMBRERO LOLI,""2025-12-30 23:07:00"",""0.0"""
"[103953] SOBRE ANALIA CHICO (PU, BORDO),""2025-12-30 23:08:25"",""0.0"""
"[103935] SHOPPER CORA (CORAL),""2025-12-30 23:10:15"",""0.0"""
"[103780] SCRAP TEXTIL 24990,""2025-12-30 23:11:49"",""0.0"""
"[103771] SCRAP MARRO GRANDE 39990,""2025-12-30 23:13:11"",""0.0"""
"[103769] SCRAP MARRO GRANDE 29990,""2025-12-30 23:13:51"",""0.0"""
"[103768] SCRAP MARRO GRANDE 24990,""2025-12-30 23:14:27"",""0.0"""
"[103765] SCRAP MARRO CHICA 9990,""2025-12-30 23:15:09"",""0.0"""
"[103779] SCRAP TEXTIL 19990,""2025-12-30 23:26:19"",""0.0"""
"[103957] SOBRE ANALIA CHICO (PU, SALMON),""2025-12-30 23:43:11"",""0.0"""
"[101402] PORTALENTES LUZ (NAPADO, ROJO),""2025-12-31 09:48:26"",""2312.4"""
"[100210] BILLETERA MILO SIMPLE (MODENA, AZUL),""2025-12-31 10:00:53"",""9915.7"""
"[100158] BILLETERA COPAHUE (NAPADO, ROJO),""2025-12-31 10:28:05"",""11568.6"""
"[100826] CORREA LORE (NEGRO),""2025-12-31 11:05:42"",""0.0"""
"[101373] PORTALENTES COLBY (IGUANA, CARAMELO),""2025-12-31 13:06:30"",""0.0"""
"[100622] CHOMBA POLO NAOS (S, AZUL MARINO),""2025-12-31 13:23:49"",""0.0"""
"[103169] BANDOLERA JADE (LINEA FRUNCES) (NAPADO, MALBEC),""2026-01-02 09:38:20"",""11568.6"""
"[100428] CARTERA ACONCAGUA (BRIDGE, ROJO),""2026-01-02 09:39:19"",""13221.49"""
"[104184] TOTE TILCARA (MALBEC),""2026-01-02 09:40:58"",""16527.27"""
"[100043] BANDOLERA LENA (NAPADO, MALBEC),""2026-01-02 09:41:34"",""33056.2"""
"[100426] CARTERA ACONCAGUA (BRIDGE, MALBEC),""2026-01-02 09:41:57"",""13221.49"""
"[100135] BILLETERA ARLO (BRIDGE, CARAMELO),""2026-01-02 12:12:41"",""10907.44"""
"[100136] BILLETERA ARLO (BRIDGE, CHOCOLATE),""2026-01-02 12:12:41"",""10907.44"""
"[100137] BILLETERA ARLO (BRIDGE, NEGRO),""2026-01-02 12:12:41"",""10907.44"""
"[104185] BILLETERA ARLO (MODENA, VERDE),""2026-01-02 12:12:41"",""10907.44"""
"[101548] REMERA NOA (S, BLANCO),""2026-01-02 12:28:20"",""0.0"""
"[104191] FUNDA DE CUADERNO A6 (BRIDGE, TABACO),""2026-01-02 13:09:22"",""6114.05"""
"[104190] FUNDA DE CUADERNO A6 (BRIDGE, CARAMELO),""2026-01-02 13:09:22"",""6114.05"""
"[101884] ANILLO BOMBE (4) (13),""2026-01-02 15:44:12"",""0.0"""
"[104193] ANILLO PIEDRA SEMI PRECIOSA CIRCULAR (1) (13, ONIX),""2026-01-02 15:47:42"",""0.0"""
"[102175] ARO PASANTE CUBO (UN),""2026-01-02 15:51:49"",""0.0"""
"[102195] CADENA FORCET 1.15 (50),""2026-01-02 15:53:37"",""0.0"""
"[102211] CADENA FORCET FACETADA 1.5 (60),""2026-01-02 15:54:32"",""0.0"""
"[102214] CADENA FORCET FACETADA 2.0 (70),""2026-01-02 15:54:58"",""0.0"""
"[102228] CADENA GRUMET DIAMANTADA 0.35 (45),""2026-01-02 15:55:57"",""0.0"""
"[104194] ANILLO ZODIACO (15, SAGITARIO),""2026-01-02 15:57:58"",""0.0"""
"[104195] ANILLO CRUZ (18),""2026-01-02 15:58:13"",""0.0"""
"[102536] PULSERA PIEDRA NATURAL MEDIANA,""2026-01-02 16:03:12"",""0.0"""
"[102452] ARO PASANTE ARGOLLITAS (UN),""2026-01-02 16:05:40"",""0.0"""
"[102453] ARO PASANTE GEOMETRICO (1) (UN),""2026-01-02 16:05:56"",""0.0"""
"[102453] ARO PASANTE GEOMETRICO (1) (UN),""2026-01-02 16:06:34"",""0.0"""
"[102555] PULSERA ESCLAVA (2) (165 mm),""2026-01-02 16:07:20"",""0.0"""
"[102556] PULSERA ESCLAVA (2) (140 mm),""2026-01-02 16:07:37"",""0.0"""
"[102355] PULSERA TEJIDO 4.0 (19.5),""2026-01-02 16:09:23"",""0.0"""
"[102369] PULSERA ESCLAVA (1) (1, 145 mm),""2026-01-02 16:09:41"",""0.0"""
"[102370] PULSERA ESCLAVA (1) (2, 165 mm),""2026-01-02 16:10:00"",""0.0"""
"[102519] ANILLO DOS LETRAS (16, EP),""2026-01-02 16:13:07"",""0.0"""
"[102482] COLGANTE CRUZ (4),""2026-01-02 16:14:32"",""0.0"""
"[102334] PULSERA GRUMET ALTERNADA 2.0 (19.5),""2026-01-02 16:16:32"",""0.0"""
"[102511] ARO PASANTE MOÑO (UN),""2026-01-02 16:17:49"",""0.0"""
"[104192] ANILLO PIEDRA SEMI PRECIOSA CIRCULAR (2) (18, RODOCROSITA),""2026-01-02 16:18:38"",""0.0"""
"[101321] PORTAFOLIO VENUS CHICO (GAMUZA, VESUBIO/TABACO),""2026-01-03 16:27:30"",""0.0"""
"[100638] CHOMBA POLO NAOS (2XL, DENIM GASTADO),""2026-01-04 16:13:29"",""0.0"""
"[103625] PORTACOSMETICOS UMA (NEGRO),""2026-01-05 09:18:14"",""1551.83"""
"[103630] PORTACOSMETICOS UMA (VISON),""2026-01-05 09:18:14"",""1551.83"""
"[103618] PORTACOSMETICOS UMA (BEIGE),""2026-01-05 09:18:14"",""1551.83"""
"[103624] PORTACOSMETICOS UMA (GRIS),""2026-01-05 09:18:14"",""1551.83"""
"[103619] PORTACOSMETICOS UMA (BLANCO),""2026-01-05 09:18:14"",""1551.83"""
"[103530] CARTUCHERA LUNA (PU, BORDO),""2026-01-05 09:18:14"",""0.0"""
"[103945] SHOPPER MARU (NEGRO),""2026-01-05 09:18:14"",""0.0"""
"[103549] CARTUCHERA PU (PU, BORDO),""2026-01-05 09:18:14"",""0.0"""
"[103524] CARTUCHERA JANA (CRUDO),""2026-01-05 09:57:52"",""1047.2"""
"[103525] CARTUCHERA JANA (NEGRO),""2026-01-05 09:57:52"",""1047.2"""
"[103526] CARTUCHERA JANA (ROSA),""2026-01-05 09:57:52"",""1047.2"""
"[103522] CARTUCHERA JANA (AZUL),""2026-01-05 09:57:52"",""1047.2"""
"[103527] CARTUCHERA JANA (VISON),""2026-01-05 09:57:52"",""1047.2"""
"[103583] MOCHILA MARINERA (CANVA/DENIM, REPTIL),""2026-01-05 09:57:52"",""6386.99"""
"[103956] SOBRE ANALIA CHICO (PU, NEGRO),""2026-01-05 09:57:52"",""0.0"""
"[103960] SOBRE ANALIA CHICO (PU, NEGRO TRAMA),""2026-01-05 09:57:52"",""0.0"""
"[103959] SOBRE ANALIA CHICO (PU, VISON),""2026-01-05 09:57:52"",""0.0"""
"[103967] SOBRE ANALIA GRANDE (PU, NEGRO),""2026-01-05 09:57:52"",""0.0"""
"[103530] CARTUCHERA LUNA (PU, BORDO),""2026-01-05 09:57:52"",""0.0"""
"[103550] CARTUCHERA PU (PU, CELESTE),""2026-01-05 09:57:52"",""0.0"""
"[103551] CARTUCHERA PU (PU, CORAL),""2026-01-05 09:57:52"",""0.0"""
"[100208] BILLETERA MILO SIMPLE (NAPADO, SUELA),""2026-01-05 11:52:53"",""9915.7"""
"[100973] LLAVERO INICIALES (NAPADO, SUELA),""2026-01-05 11:54:46"",""2147.11"""
"[100970] LLAVERO INICIALES (NAPADO, MALBEC),""2026-01-05 11:54:46"",""2147.11"""
"[100017] BANDOLERA ANTONIETA (NAPADO, NEGRO),""2026-01-05 14:35:47"",""22312.4"""
"[103172] BANDOLERA JADE (LINEA FRUNCES) (NAPADO, NEGRO),""2026-01-05 14:35:47"",""11568.6"""
"[100065] BANDOLERA NATY SIMPLE (GAMUZA, AZUL),""2026-01-05 14:35:47"",""14874.38"""
"[100428] CARTERA ACONCAGUA (BRIDGE, ROJO),""2026-01-05 14:35:47"",""13221.49"""
"[100721] CINTURON LOPA (120, SUELA),""2026-01-05 14:35:47"",""16527.27"""
"[101470] PORTAPASAPORTE RON (IGUANA, NEGRO),""2026-01-05 14:35:47"",""2642.98"""
"[101499] PORTAVINO UCO (BRIDGE, MALBEC),""2026-01-05 14:35:47"",""14047.93"""
"[101663] SOMBRERO NINI,""2026-01-05 14:35:47"",""9915.7"""
"[101855] ZAPATILLA URBANA (41, NEGRO),""2026-01-05 14:35:47"",""13221.49"""
"[103188] CARTERA VERA (NAPOLE, CAOBA),""2026-01-05 14:37:33"",""0.0"""
"[100113] BANDOLERA VICENTA (GAMUZA, GRIS MEDIO),""2026-01-05 14:46:48"",""16527.27"""
"[100269] BOLSO TUBO GRANDE (PELO, HOLANDO/NEGRO),""2026-01-05 14:46:48"",""71072.73"""
"[100523] CARTERA INES (PELO, HOLANDO),""2026-01-05 14:46:48"",""25618.18"""
"CARTERA LISBOA (GAMUZA, AZUL),""2026-01-05 14:46:48"",""13221.49"""
"[100577] CARTERA MINI APHOLO SET SOBRE (GAMUZA, AVELLANA/TABACO),""2026-01-05 14:46:48"",""27436.36"""
"[100630] CHOMBA POLO NAOS (L, BLANCO),""2026-01-05 14:46:48"",""11568.6"""
"[100636] CHOMBA POLO NAOS (L, DENIM GASTADO),""2026-01-05 14:46:48"",""11568.6"""
"[100642] CHOMBA POLO NAOS (L, NEGRO),""2026-01-05 14:46:48"",""11568.6"""
"[101509] REMERA AMADEO (L, BLANCO),""2026-01-05 14:46:48"",""8262.81"""
"[101661] SOMBRERO GIA,""2026-01-05 14:46:48"",""16527.27"""
"[103169] BANDOLERA JADE (LINEA FRUNCES) (NAPADO, MALBEC),""2026-01-05 14:46:48"",""11568.6"""
"[100044] BANDOLERA LENA (NAPADO, NEGRO),""2026-01-05 14:58:15"",""33056.2"""
"[100057] BANDOLERA NATY (VERDE),""2026-01-05 14:58:15"",""18180.17"""
"[100106] BANDOLERA VICENTA (BRIDGE, CARAMELO),""2026-01-05 14:58:15"",""16527.27"""
"[100119] BANDOLERA VICENTA (IGUANA, NEGRO),""2026-01-05 14:58:15"",""16527.27"""
"[100246] BOLSO LIHUEN (BRIDGE, TABACO),""2026-01-05 14:58:15"",""28097.52"""
"[100266] BOLSO TUBO GRANDE (GAMUZA, VESUBIO/TABACO),""2026-01-05 14:58:15"",""71072.73"""
"[100428] CARTERA ACONCAGUA (BRIDGE, ROJO),""2026-01-05 14:58:15"",""13221.49"""
"[100438] CARTERA AMARILLA SET SOBRE (BRIDGE, CARAMELO),""2026-01-05 14:58:15"",""26444.63"""
"[100782] CINTURON TINO (90, NEGRO),""2026-01-05 14:58:15"",""16527.27"""
"[100808] CINTURON VAQUETA (105, NEGRO),""2026-01-05 14:58:15"",""13221.49"""
"[101090] MOCHILA PACARI (BRIDGE, TABACO),""2026-01-05 14:58:15"",""39667.77"""
"[101225] NECESSAIRE MINI MARCOS (BRIDGE, CARAMELO),""2026-01-05 14:58:15"",""17353.72"""
"[101227] NECESSAIRE MINI MARCOS (BRIDGE, NEGRO),""2026-01-05 14:58:15"",""17353.72"""
"[101228] NECESSAIRE MINI MARCOS (BRIDGE, ROJO),""2026-01-05 14:58:15"",""17353.72"""
"[101300] PORTAFOLIO HUAPI (BRIDGE, NEGRO),""2026-01-05 14:58:15"",""42973.55"""
"[103167] TOTE CACHI  (BRIDGE, LONDON),""2026-01-05 14:58:15"",""16527.27"""
"[103169] BANDOLERA JADE (LINEA FRUNCES) (NAPADO, MALBEC),""2026-01-05 14:58:15"",""11568.6"""
"[100523] CARTERA INES (PELO, HOLANDO),""2026-01-05 15:09:34"",""25618.18"""
"[100542] CARTERA LISBOA (GAMUZA, OLIVE/TABACO),""2026-01-05 15:09:34"",""13221.49"""
"[100624] CHOMBA POLO NAOS (L, AZUL MARINO),""2026-01-05 15:09:34"",""11568.6"""
"[100630] CHOMBA POLO NAOS (L, BLANCO),""2026-01-05 15:09:34"",""11568.6"""
"[100628] CHOMBA POLO NAOS (S, BLANCO),""2026-01-05 15:09:34"",""11568.6"""
"[100756] CINTURON PANAMA (110, VERDE),""2026-01-05 15:09:34"",""8593.39"""
"[100821] CORREA LOLI (NEGRO),""2026-01-05 15:09:34"",""4957.02"""
"[103137] MATERA RENATA (LINEA PESPUNTES) (OXIDO),""2026-01-05 15:09:34"",""28923.97"""
"[101514] REMERA AMADEO (L, CHARCOAL),""2026-01-05 15:09:34"",""8262.81"""
"[101661] SOMBRERO GIA,""2026-01-05 15:09:34"",""16527.27"""
"[101663] SOMBRERO NINI,""2026-01-05 15:09:34"",""9915.7"""
"[103559] CHALINA SELECCION,""2026-01-05 16:01:06"",""0.0"""
"[103558] CHALINA OPORTUNIDAD,""2026-01-05 16:01:30"",""0.0"""
"[101372] PORTALENTES COLBY (IGUANA, AZUL),""2026-01-05 19:15:33"",""0.0"""
"[101509] REMERA AMADEO (L, BLANCO),""2026-01-05 19:17:26"",""0.0"""
"[103744] SCRAP BIJOU 5990,""2026-01-05 19:18:08"",""0.0"""
"[103776] SCRAP PELO 3990,""2026-01-05 19:23:24"",""0.0"""
"[103774] SCRAP PELO 1990,""2026-01-05 19:23:47"",""0.0"""
"[103773] SCRAP PELO 1490,""2026-01-05 19:24:07"",""0.0"""
"[103865] SET X3 ANILLOS PERLITA/MANO/CORAZONES PLATEADO,""2026-01-05 19:35:52"",""0.0"""
"[103869] SET X3 ANILLOS TORZADO/ABRAZO PLATEADO,""2026-01-05 19:36:28"",""0.0"""
"[103304] ARO PASANTE ARGOLLA GRANDE GLOBO (PLATEADO),""2026-01-05 19:36:51"",""0.0"""
"[103329] ARO PASANTE BOTON CHICO (DORADO),""2026-01-05 19:38:08"",""0.0"""
"[103332] ARO PASANTE CIRCULO DORADO/NACAR,""2026-01-05 19:40:20"",""0.0"""
"[103315] ARO PASANTE ARGOLLA MEDIANA DORADO,""2026-01-05 19:42:22"",""0.0"""
"[100893] ARMA TU LOOK (CARITAS PASTEL REDONDAS),""2026-01-05 19:45:51"",""0.0"""
"[103922] SET X6 GOMITAS CLASICOS/BRILLOS,""2026-01-05 19:46:39"",""0.0"""
"[103917] SET X5 COLITAS DEGRADE CELESTE,""2026-01-05 19:47:08"",""0.0"""
"[103909] SET X4 OREJITAS C/ ESTRELLAS NEGRO/BLANCO,""2026-01-05 19:48:01"",""0.0"""
"[103904] SET X4 MINI GOMITAS C/ BOLITAS OREJITAS,""2026-01-05 19:48:22"",""0.0"""
"[103870] SET X3 GOMITAS C/ CONEJITOS SILICONA FUCSIA,""2026-01-05 19:50:02"",""0.0"""
"[103799] SET HEBILLAS + INVISIBLES METAL BRILLOS,""2026-01-05 19:50:23"",""0.0"""
"[100637] CHOMBA POLO NAOS (XL, DENIM GASTADO),""2026-01-05 20:24:45"",""0.0"""
"[103802] SET INVISIBLES METAL NEGRO,""2026-01-05 21:08:08"",""0.0"""
"[103677] PULSERA HILO REGULABLE C/ OJO TURCO AZUL/NEGRO,""2026-01-05 21:10:00"",""0.0"""
"[103675] PULSERA HILO REGULABLE C/ CRUZ DORADO/NEGRO,""2026-01-05 21:11:26"",""0.0"""
"[103857] SET X2 PULSERAS CRISTAL ROMBO CELESTE/AZUL,""2026-01-05 21:14:01"",""0.0"""
"[100011] BANDOLERA ANTONIETA (GAMUZA, CAFE),""2026-01-06 10:05:17"",""22312.4"""
"[103733] SCRAP BEAUTY 3990,""2026-01-06 10:06:05"",""731.5"""
"[103734] SCRAP BEAUTY 4990,""2026-01-06 10:06:27"",""914.83"""
"[103735] SCRAP BEAUTY 5990,""2026-01-06 10:06:44"",""1098.17"""
"[103736] SCRAP BEAUTY 6990,""2026-01-06 10:07:35"",""1281.5"""
"[103737] SCRAP BEAUTY 7990,""2026-01-06 10:07:46"",""1464.83"""
"[103738] SCRAP BEAUTY 8990,""2026-01-06 10:07:54"",""1648.17"""
"[103739] SCRAP BEAUTY 9990,""2026-01-06 10:08:30"",""1831.5"""
"[104198] CARTUCHERA JANA (BLANCO),""2026-01-06 10:38:07"",""1047.2"""
"[104197] SOBRE ANALIA GRANDE (CROCO, VERDE),""2026-01-06 10:38:07"",""0.0"""
"[101443] PORTAPASAPORTE CHESTER (BRIDGE, CARAMELO),""2026-01-06 11:30:51"",""2808.26"""
"[101445] PORTAPASAPORTE CHESTER (BRIDGE, NEGRO),""2026-01-06 11:30:51"",""2808.26"""
"[101446] PORTAPASAPORTE CHESTER (BRIDGE, ROJO),""2026-01-06 11:30:51"",""2808.26"""
"[101447] PORTAPASAPORTE CHESTER (BRIDGE, TABACO),""2026-01-06 11:30:51"",""2808.26"""
"[103209] PORTAPASAPORTE CHESTER (NAPADO, VERDE),""2026-01-06 11:30:51"",""2808.26"""
"[101449] PORTAPASAPORTE CHESTER (FIORENTINO, CEDRO),""2026-01-06 11:30:51"",""2808.26"""
"[100677] CINTURON FLORA (2) (S-M, CHOCOLATE),""2026-01-06 12:06:16"",""0.0"""
"[100591] CARTERA YARA (BRIDGE, AZUL),""2026-01-06 12:06:16"",""0.0"""
"[104199] PORTAPASAPORTE CHESTER (NAPADO, MALBEC),""2026-01-06 12:27:17"",""2808.26"""
"[101494] PORTAVINO TANDIL (PELO, HOLANDO),""2026-01-06 12:52:05"",""10742.15"""
"[101491] PORTAVINO TANDIL (BRIDGE, NEGRO),""2026-01-06 12:52:05"",""10742.15"""
"[101492] PORTAVINO TANDIL (BRIDGE, TABACO),""2026-01-06 12:52:05"",""10742.15"""
"[101487] PORTAVINO RIOJA (VAQUETA, NATURAL),""2026-01-06 12:52:32"",""5783.47"""
"[101488] PORTAVINO RIOJA (VAQUETA, SUELA),""2026-01-06 12:52:32"",""5783.47"""
"[103212] PORTAVINO RIOJA (FIORENTINO, NEGRO),""2026-01-06 12:52:32"",""5783.47"""
"[101485] PORTAVINO CAFAYATE (VAQUETA, NATURAL),""2026-01-06 12:53:04"",""5783.47"""
"[101486] PORTAVINO CAFAYATE (VAQUETA, SUELA),""2026-01-06 12:53:04"",""5783.47"""
"[103211] PORTAVINO CAFAYATE (FIORENTINO, NEGRO),""2026-01-06 12:53:04"",""5783.47"""
"[100659] CINTURON ESPIGA (120, NEGRO),""2026-01-06 13:10:55"",""0.0"""
"[101965] ANILLO INICIAL (1) (16, S),""2026-01-06 13:42:14"",""23603.58"""
"[101966] ANILLO INICIAL (1) (17, A),""2026-01-06 14:23:11"",""22393.14"""
"[101971] ANILLO INICIAL (1) (17, G),""2026-01-06 14:23:54"",""15735.72"""
"[101973] ANILLO INICIAL (1) (17, M),""2026-01-06 14:24:29"",""20577.48"""
"[102044] ANILLO PIEDRA CUBIC MULTI (3) (17, OLIVINA),""2026-01-06 14:26:20"",""4278.96"""
"[102139] ARO COLGANTE CIRCULAR (1) (PAR),""2026-01-06 14:27:01"",""32447.65"""
"[102148] ARO COLGANTE ESTRELLA (PAR),""2026-01-06 14:28:25"",""8648.64"""
"[102150] ARO PASANTE BARRITA (3) (UN),""2026-01-06 14:29:11"",""3378.38"""
"[102153] ARO PASANTE BARRITA (4) (UN),""2026-01-06 14:30:07"",""1656.27"""
"[101342] PORTALAPTOP ELOY (FIORENTINO, CEDRO),""2026-01-06 14:30:34"",""0.0"""
"[102155] ARO PASANTE CIRCULAR (2) (UN),""2026-01-06 14:30:41"",""3825.13"""
"[102157] ARO PASANTE CORAZON (2) (UN),""2026-01-06 14:31:02"",""1582.81"""
"[102158] ARO PASANTE CORAZON (3) (UN),""2026-01-06 14:31:17"",""6726.95"""
"[102176] ARO PASANTE DELFIN (UN),""2026-01-06 14:32:03"",""1891.89"""
"[102178] ARO PASANTE GEOMETRICO (2) (UN),""2026-01-06 14:32:41"",""5539.84"""
"[102183] ARO PASANTE PEZ (UN),""2026-01-06 14:34:00"",""2110.42"""
"[102201] CADENA FORCET FACETADA 1.0 (50),""2026-01-06 14:36:24"",""31315.73"""
"[102202] CADENA FORCET FACETADA 1.0 (60),""2026-01-06 14:36:38"",""36544.62"""
"[102207] CADENA FORCET FACETADA 0.7 (60),""2026-01-06 14:36:54"",""15490.34"""
"[102208] CADENA FORCET FACETADA 0.9 (45),""2026-01-06 14:37:10"",""0.0"""
"[102209] CADENA FORCET FACETADA 0.9 (50),""2026-01-06 14:37:24"",""0.0"""
"[102210] CADENA FORCET FACETADA 0.9 (60),""2026-01-06 14:37:36"",""0.0"""
"[102211] CADENA FORCET FACETADA 1.5 (60),""2026-01-06 14:37:47"",""65038.89"""
"[102217] CADENA FORCET FACETADA LARGA 0.4 (40),""2026-01-06 14:39:23"",""4286.63"""
"[102220] CADENA FORCET FACETADA LARGA 1.0 (45),""2026-01-06 14:40:21"",""20054.48"""
"[102233] CADENA ROLO 0.6 (45),""2026-01-06 14:42:40"",""14964.5"""
"[102234] CADENA ROLO 0.6 (50),""2026-01-06 14:43:08"",""16184.6"""
"[102246] CADENA VENECIANA Nº 2 (50),""2026-01-06 14:48:23"",""14576.84"""
"[102270] DIJE PAZ,""2026-01-06 14:53:22"",""2702.7"""
"[102323] PULSERA FORCET PLANA DOBLE 1.0 (18),""2026-01-06 15:14:47"",""13066.52"""
"[102340] PULSERA GRUMET PLANA LAMINADA 1.0 (19.5),""2026-01-06 15:15:41"",""11532.89"""
"[102346] PULSERA ROLO 2.0 (19.5),""2026-01-06 15:17:04"",""22279.22"""
"[102351] PULSERA ROLO OVAL 2.0 (18),""2026-01-06 15:17:17"",""19114.52"""
"[101040] MEDIAS MEDIA CAÑA FANTASIA (ROMBOS CHICOS, GRIS OSCURO/GRIS CLARO),""2026-01-06 15:19:06"",""0.0"""
"[102365] PULSERA VALERIA REDONDA 0.6 (18),""2026-01-06 15:19:11"",""10349.64"""
"[101494] PORTAVINO TANDIL (PELO, HOLANDO),""2026-01-06 15:19:47"",""0.0"""
"[102371] PULSERA ANIVERSARIO 1.5 (60),""2026-01-06 15:20:14"",""10241.0"""
"[102372] PULSERA ANIVERSARIO 1.5 (65),""2026-01-06 15:24:10"",""11118.8"""
"[103188] CARTERA VERA (NAPOLE, CAOBA),""2026-01-06 15:24:25"",""0.0"""
"[102374] PULSERA ANIVERSARIO 1.75 (65),""2026-01-06 15:24:32"",""14044.8"""
"[102377] PULSERA ANIVERSARIO 2.0 (68),""2026-01-06 15:25:08"",""18726.4"""
"[102378] PULSERA ANIVERSARIO 2.25,""2026-01-06 15:25:20"",""28967.4"""
"[102381] ANILLO ZODIACO (15, GEMINIS),""2026-01-06 15:25:51"",""2926.0"""
"[103132] PILUSO HILDA (HEREFORD),""2026-01-06 15:29:44"",""0.0"""
"[103132] PILUSO HILDA (HEREFORD),""2026-01-06 15:29:55"",""12395.04"""
"[102434] ANILLO ZODIACO (14, SAGITARIO),""2026-01-06 15:33:20"",""2633.4"""
"[102452] ARO PASANTE ARGOLLITAS (UN),""2026-01-06 15:35:56"",""9948.4"""
"[102453] ARO PASANTE GEOMETRICO (1) (UN),""2026-01-06 15:36:23"",""10826.2"""
"[102455] ARO PASANTE FLOR (2) (UN),""2026-01-06 15:36:48"",""8778.0"""
"[102461] DIJE INICIAL (F),""2026-01-06 15:37:46"",""877.8"""
"[102463] DIJE INICIAL (H),""2026-01-06 15:38:16"",""1170.4"""
"[102466] DIJE INICIAL (K),""2026-01-06 15:40:37"",""877.8"""
"[102475] DIJE INICIAL (U),""2026-01-06 15:45:40"",""877.8"""
"[102477] DIJE INICIAL (W),""2026-01-06 15:48:01"",""1170.4"""
"[102478] DIJE INICIAL (Y),""2026-01-06 15:48:17"",""877.8"""
"[102482] COLGANTE CRUZ (4),""2026-01-06 15:48:57"",""23398.1"""
"[102483] COLGANTE CRUZ 5,""2026-01-06 15:49:26"",""23408.0"""
"[102554] PULSERA ANIVERSARIO 2.2,""2026-01-06 15:53:43"",""18119.2"""
"[102582] ANILLO DOS LETRAS (20, IN),""2026-01-06 15:55:16"",""50000.0"""
"[102592] DIJE INICIAL (2) (C),""2026-01-06 15:56:10"",""3190.0"""
"[103084] ANILLO INICIAL (1) (17, F),""2026-01-06 15:58:53"",""16903.98"""
"[103094] ANILLO INICIAL (1) (17, C),""2026-01-06 15:59:04"",""16903.98"""
"[103095] ANILLO INICIAL (1) (17, K),""2026-01-06 15:59:16"",""16903.98"""
"[104059] CADENA ROLO 0.6 (35),""2026-01-06 15:59:36"",""0.0"""
"[104060] CADENA ROLO OVAL 0.6,""2026-01-06 15:59:49"",""0.0"""
"[104061] CADENA TOURBILLON 0.6,""2026-01-06 16:00:00"",""0.0"""
"[104062] CADENA FORCET LAMINADA LARGA 0.8,""2026-01-06 16:00:11"",""0.0"""
"[104063] CADENA FORCET FACETADA LARGA 1.0,""2026-01-06 16:00:23"",""0.0"""
"[103611] PORTACOSMETICOS LAURA (NEGRO),""2026-01-07 09:58:20"",""0.0"""
"[103610] PORTACOSMETICOS LAURA (CRUDO),""2026-01-07 10:00:46"",""1323.14"""
"[103611] PORTACOSMETICOS LAURA (NEGRO),""2026-01-07 10:01:05"",""1323.14"""
"[103749] SCRAP HOME 2990,""2026-01-07 10:01:35"",""498.33"""
"[103752] SCRAP HOME 4990,""2026-01-07 10:01:55"",""914.83"""
"[103758] SCRAP MARRO CHICA 14990,""2026-01-07 10:02:08"",""2748.17"""
"[103762] SCRAP MARRO CHICA 6990,""2026-01-07 10:02:25"",""1281.5"""
"[103768] SCRAP MARRO GRANDE 24990,""2026-01-07 10:02:37"",""4581.5"""
"[102310] PULSERA FORCET 1.15 (19),""2026-01-07 10:51:15"",""0.0"""
"[101034] MEDIAS MEDIA CAÑA CORTAS (NEGRO),""2026-01-07 11:10:56"",""0.0"""
"[103134] CARTERA MANA FLECOS (LINEA PESPUNTES) (NAPOLE, CAOBA),""2026-01-07 11:11:17"",""0.0"""
"[103766] SCRAP MARRO GRANDE 14990,""2026-01-07 11:45:20"",""2748.17"""
"[103767] SCRAP MARRO GRANDE 19990,""2026-01-07 11:46:01"",""3664.83"""
"[103768] SCRAP MARRO GRANDE 24990,""2026-01-07 11:46:46"",""4581.5"""
"[103771] SCRAP MARRO GRANDE 39990,""2026-01-07 11:47:52"",""7331.5"""
"[103770] SCRAP MARRO GRANDE 34990,""2026-01-07 11:49:07"",""6414.83"""
"[103769] SCRAP MARRO GRANDE 29990,""2026-01-07 11:55:51"",""5498.17"""
"[103772] SCRAP MARRO GRANDE 44990,""2026-01-07 11:56:11"",""8248.17"""
"[103439] ARO PASANTE SEMI ESFERA MEDIANA (DORADO),""2026-01-07 12:45:07"",""407.81"""
"[103410] ARO PASANTE SEMI ARGOLLA ESCAMAS (DORADO),""2026-01-07 12:45:07"",""317.51"""
"[103352] ARO PASANTE CURVO CHICO (DORADO),""2026-01-07 12:45:07"",""305.48"""
"[103405] ARO PASANTE SEMI ARGOLLA CHICA (PLATEADO),""2026-01-07 12:45:07"",""316.06"""
"[103864] SET X3 ANILLOS MOÑO/ESLABON/OJO TURCO DORADO,""2026-01-07 12:45:07"",""692.29"""
"[103861] SET X3 ANILLOS CORAZON/LUNA/ESTRELLA DORADO,""2026-01-07 12:45:07"",""692.29"""
"[103339] ARO PASANTE COLGANTE GOTA MEDIANA PLANA (PLATEADO),""2026-01-07 12:45:07"",""617.03"""
"[103315] ARO PASANTE ARGOLLA MEDIANA DORADO,""2026-01-07 12:45:07"",""496.67"""
"[103793] SET COLLAR + PULSERA INFANTIL FLOR,""2026-01-07 12:45:07"",""451.51"""
"[103294] ARO PASANTE ARGOLLA CHICA PLATEADO,""2026-01-07 12:45:07"",""301.02"""
"[103379] ARO PASANTE GOTA GRANDE (DORADO),""2026-01-07 12:45:07"",""485.58"""
"[103413] ARO PASANTE SEMI ARGOLLA ESLABON (PLATEADO),""2026-01-07 12:45:07"",""358.2"""
"[103277] ARMA TU LOOK (LETRAS CUBOS COLORES CHICOS),""2026-01-07 12:45:07"",""273.17"""
"[103272] ARMA TU LOOK (LETRAS TRANSPARENTES COLORES),""2026-01-07 12:45:07"",""273.17"""
"[103275] ARMA TU LOOK (LETRAS CUBOS DORADOS),""2026-01-07 12:45:07"",""273.17"""
"[103177] ARMA TU LOOK (CORAZONES PASTEL GRANDES),""2026-01-07 12:45:07"",""9915.7"""
"[103274] ARMA TU LOOK (LETRAS CORAZONES CHICOS),""2026-01-07 12:45:07"",""273.17"""
"[103279] ARMA TU LOOK (LETRAS DORADAS),""2026-01-07 12:45:07"",""273.17"""
"[103268] ARMA TU LOOK (CUBOS COLORES CARITAS),""2026-01-07 12:45:07"",""273.17"""
"[103271] ARMA TU LOOK (LETRAS BYN REDONDAS),""2026-01-07 12:45:07"",""273.17"""
"[103267] ARMA TU LOOK (CUBOS BLANCOS CARITAS),""2026-01-07 12:45:07"",""273.17"""
"[103273] ARMA TU LOOK (LETRAS COLORES/BLANCO REDONDAS),""2026-01-07 12:45:07"",""273.17"""
"[103276] ARMA TU LOOK (LETRAS CUBOS PLATEADOS),""2026-01-07 12:45:07"",""273.17"""
"[103280] ARMA TU LOOK (LETRAS FLUO TRANSPARENTES),""2026-01-07 12:45:07"",""273.17"""
"[100712] CINTURON LOPA (115, NEGRO),""2026-01-07 15:09:59"",""0.0"""
"[100807] CINTURON VAQUETA (100, NEGRO),""2026-01-07 15:10:38"",""0.0"""
"[100189] BILLETERA LUCA (BRIDGE, NEGRO),""2026-01-07 15:17:00"",""0.0"""
"[103774] SCRAP PELO 1990,""2026-01-07 15:25:46"",""0.0"""
"[100998] LLAVERO KAREN (TABACO/AVELLANA),""2026-01-07 15:48:39"",""0.0"""
"[101724] TARJETERO HARRY (BRIDGE, MALBEC),""2026-01-07 15:49:14"",""0.0"""
"[101825] TOTE TILCARA (LONDON),""2026-01-07 15:50:16"",""0.0"""
"[101555] REMERA NOA (L, NEGRO),""2026-01-07 18:32:10"",""0.0"""
"[101254] PHONEBAG TAURUS (CHOCOLATE),""2026-01-08 12:55:20"",""0.0"""
"[100341] CAMISA LISA ALGODON (40, BEIGE),""2026-01-08 15:37:53"",""0.0"""
"[102517] ARO APRETADOR ARGOLLA BOLITA (UN),""2026-01-08 15:40:52"",""0.0"""
"[102359] PULSERA TRAVERSINO 1.2 (18),""2026-01-08 15:40:52"",""0.0"""
"[104188] FUNDA DE CUADERNO A5 (BRIDGE, CARAMELO),""2026-01-08 23:25:00"",""10907.44"""
"[104189] FUNDA DE CUADERNO A5 (BRIDGE, TABACO),""2026-01-08 23:25:00"",""10907.44"""
"[104200] BANDOLERA ANTONIETA (NOBUCK, CAFE),""2026-01-09 11:32:01"",""22312.4"""
"[100635] CHOMBA POLO NAOS (M, DENIM GASTADO),""2026-01-09 12:09:56"",""0.0"""
"[103947] SHOPPER MARU (ROSA),""2026-01-09 12:35:25"",""0.0"""
"[103767] SCRAP MARRO GRANDE 19990,""2026-01-09 12:37:30"",""3664.83"""
"[100819] CORREA LOLI (CARAMELO),""2026-01-09 14:03:12"",""0.0"""
"[100821] CORREA LOLI (NEGRO),""2026-01-09 14:03:12"",""0.0"""
"[101818] TOTE IRUYA (PELO, HOLANDO),""2026-01-09 15:14:10"",""16527.27"""
"[101814] TOTE IRUYA (NAPADO, NEGRO),""2026-01-09 15:14:10"",""16527.27"""
"[101811] TOTE CACHI  (PELO, HOLANDO),""2026-01-09 15:15:32"",""16527.27"""
"[101806] TOTE CACHI  (GAMUZA, OLIVE),""2026-01-09 15:16:49"",""16527.27"""
"[103998] CARTERA LONDRES (BRIDGE, CARAMELO),""2026-01-09 15:17:54"",""30576.86"""
"[100559] CARTERA LONDRES (BRIDGE, NEGRO),""2026-01-09 15:17:54"",""30576.86"""
"[101153] MONEDERO LUISA (BRIDGE, MALBEC),""2026-01-09 16:26:47"",""10907.44"""
"[100126] BILLETERA ADAM (BRIDGE, CARAMELO),""2026-01-09 16:28:25"",""10907.44"""
"[100127] BILLETERA ADAM (BRIDGE, CHOCOLATE),""2026-01-09 16:28:25"",""10907.44"""
"[100128] BILLETERA ADAM (BRIDGE, NEGRO),""2026-01-09 16:28:25"",""10907.44"""
"[104186] FUNDA DE CUADERNO A4 (BRIDGE, CARAMELO),""2026-01-09 16:30:57"",""19337.19"""
"[104187] FUNDA DE CUADERNO A4 (BRIDGE, TABACO),""2026-01-09 16:30:57"",""19337.19"""
"[100618] CHALINA EXEDRA (GRIS),""2026-01-11 12:57:30"",""0.0"""
"[103155] BOLSO TUBO GRANDE (BRIDGE, GRIS OSCURO/TABACO),""2026-01-11 16:35:36"",""0.0"""
"[101273] PORTACABLES (2) (MODENA, NEGRO),""2026-01-12 15:01:47"",""0.0"""
"[102000] ANILLO ONDULADO (1) (21),""2026-01-12 15:08:56"",""0.0"""
"[100447] CARTERA AMARILLA SET SOBRE (FIORENTINO, CEDRO),""2026-01-12 15:26:20"",""0.0"""
"[101690] TARJETERO ARIES (BRIDGE, NEGRO),""2026-01-13 10:27:42"",""1651.24"""
"[100189] BILLETERA LUCA (BRIDGE, NEGRO),""2026-01-13 11:19:22"",""0.0"""
"[101724] TARJETERO HARRY (BRIDGE, MALBEC),""2026-01-13 11:21:48"",""4957.02"""
"[101725] TARJETERO HARRY (BRIDGE, NEGRO),""2026-01-13 11:21:48"",""4957.02"""
"[101730] TARJETERO HARRY (NAPADO, AZUL),""2026-01-13 11:21:48"",""4957.02"""
"[101733] TARJETERO HARRY (NAPADO, ROJO),""2026-01-13 11:21:48"",""4957.02"""
"[101394] PORTALENTES LUZ (IGUANA, CARAMELO),""2026-01-13 11:55:29"",""0.0"""
"[101395] PORTALENTES LUZ (IGUANA, NEGRO),""2026-01-13 11:59:57"",""0.0"""
"[102171] ARO PASANTE CUBIC GEOMETRICO (2) (UN) (ZAFIRO),""2026-01-13 12:47:27"",""3312.54"""
"[101692] TARJETERO ARIES (BRIDGE, TABACO),""2026-01-13 13:52:35"",""0.0"""
"[101462] PORTAPASAPORTE RON (BRIDGE, CARAMELO),""2026-01-13 13:53:20"",""0.0"""
"[101656] SOBRE OMEGA (GAMUZA, GRIS OSCURO),""2026-01-13 13:54:03"",""0.0"""
"TIENTO CUERO (120, CHOCOLATE, 3 mm, GAMUZA),""2026-01-13 14:08:53"",""0.0"""
"[103183] CARTERA HARPER (NOBUCK, CAFE),""2026-01-13 14:10:40"",""36361.98"""
"TIENTO CUERO (120, VERDE, 3 mm, NAPADO),""2026-01-13 14:10:57"",""0.0"""
"[104068] TIENTO CUERO (100, NEGRO, 4 mm, NAPADO),""2026-01-13 14:12:02"",""0.0"""
"[101504] PORTAVINO UCO (PELO, MARRON ROJIZO),""2026-01-13 14:12:59"",""14047.93"""
"[101498] PORTAVINO UCO (BRIDGE, CARAMELO),""2026-01-13 14:12:59"",""14047.93"""
"[101790] TARJETERO RUBI (FIORENTINO, CEDRO),""2026-01-13 14:13:08"",""0.0"""
"[104069] TIENTO CUERO (100, VERDE, 4 mm, NAPADO),""2026-01-13 14:13:30"",""0.0"""
"[104070] TIENTO CUERO (100, SUELA, 4 mm, NAPADO),""2026-01-13 14:13:53"",""0.0"""
"[100528] CARTERA KALI (TABACO),""2026-01-13 14:13:57"",""29750.41"""
"[100588] CARTERA KALI (GRIS MEDIO),""2026-01-13 14:13:57"",""29750.41"""
"[104071] TIENTO CUERO (100, ROJO, 4 mm, NAPADO),""2026-01-13 14:14:58"",""0.0"""
"[100583] CARTERA MINI EMMA (NAPADO, CARAMELO),""2026-01-13 14:16:17"",""21485.95"""
"[104072] TIENTO CUERO (100, CHOCOLATE, 4 mm, NAPADO),""2026-01-13 14:17:01"",""0.0"""
"[100589] CARTERA VERA (GAMUZA, OLIVE),""2026-01-13 14:17:44"",""29750.41"""
"[100527] CARTERA KALI (OLIVE),""2026-01-13 14:18:32"",""29750.41"""
"[104077] TIENTO CUERO (100, AZUL, 3 mm, GAMUZA),""2026-01-13 14:19:57"",""0.0"""
"[101496] PORTAVINO TUNUYAN (OLIVE/TABACO),""2026-01-13 14:20:02"",""23138.84"""
"TIENTO CUERO (120, VERDE, 3 mm, GAMUZA),""2026-01-13 14:23:02"",""0.0"""
"[104083] TIENTO CUERO (100, OXIDO, 4 mm, GAMUZA),""2026-01-13 14:25:49"",""0.0"""
"TIENTO CUERO (120, MARSALA, 4 mm, GAMUZA),""2026-01-13 14:26:49"",""0.0"""
"TIENTO CUERO (120, AZUL, 4 mm, GAMUZA),""2026-01-13 14:27:29"",""0.0"""
"TIENTO CUERO (120, VESUBIO, 4 mm, GAMUZA),""2026-01-13 14:27:56"",""0.0"""
"TIENTO CUERO (130, GRIS OSCURO, 4 mm, GAMUZA),""2026-01-13 14:28:55"",""0.0"""
"[100049] BANDOLERA MATILDA (HOLANDO),""2026-01-13 14:29:53"",""14874.38"""
"[104093] TIENTO CUERO (120, SUELA, 3 mm, NAPADO),""2026-01-13 14:31:52"",""0.0"""
"[104094] TIENTO CUERO (120, CHOCOLATE, 3 mm, NAPADO),""2026-01-13 14:32:57"",""0.0"""
"[100035] BANDOLERA CARLA (PELO, HOLANDO),""2026-01-13 14:33:41"",""11568.6"""
"[100027] BANDOLERA CARLA (BRIDGE, CARAMELO),""2026-01-13 14:33:41"",""11568.6"""
"[100031] BANDOLERA CARLA (BRIDGE, ROJO),""2026-01-13 14:33:41"",""11568.6"""
"[104097] TIENTO CUERO (100, CHOCOLATE, 3 mm, NAPADO),""2026-01-13 14:34:21"",""0.0"""
"[104180] TIENTO CUERO (130, CHOCOLATE, 3 mm, NAPADO),""2026-01-13 14:35:09"",""0.0"""
"[104181] TIENTO CUERO (100, TABACO, 4 mm, GAMUZA),""2026-01-13 14:35:43"",""0.0"""
"[104274] TIENTO CUERO (80, NEGRO, 3 mm, GAMUZA),""2026-01-13 14:36:49"",""0.0"""
"[104275] TIENTO CUERO (120, NEGRO, 3 mm, GAMUZA),""2026-01-13 14:37:19"",""0.0"""
"[104276] TIENTO CUERO (100, AZUL, 4 mm, NAPADO),""2026-01-13 14:37:49"",""0.0"""
"[104277] TIENTO CUERO (100, MARSALA, 4 mm, GAMUZA),""2026-01-13 14:38:19"",""0.0"""
"[104078] TIENTO CUERO (100, OXIDO, 3 mm, GAMUZA),""2026-01-13 15:04:04"",""0.0"""
"[104097] TIENTO CUERO (100, CHOCOLATE, 3 mm, NAPADO),""2026-01-13 15:04:21"",""0.0"""
"[104065] TIENTO CUERO (100, SUELA, 3 mm, NAPADO),""2026-01-13 15:04:21"",""0.0"""
"[104064] TIENTO CUERO (100, NEGRO, 3 mm, NAPADO),""2026-01-13 15:04:21"",""0.0"""
"[104066] TIENTO CUERO (100, ROJO, 3 mm, NAPADO),""2026-01-13 15:04:21"",""0.0"""
"[104070] TIENTO CUERO (100, SUELA, 4 mm, NAPADO),""2026-01-13 15:04:21"",""0.0"""
"[104075] TIENTO CUERO (130, NEGRO, 4 mm, NAPADO),""2026-01-13 15:04:21"",""0.0"""
"[104077] TIENTO CUERO (100, AZUL, 3 mm, GAMUZA),""2026-01-13 15:04:53"",""826.45"""
"[104070] TIENTO CUERO (100, SUELA, 4 mm, NAPADO),""2026-01-13 15:04:53"",""826.45"""
"[104064] TIENTO CUERO (100, NEGRO, 3 mm, NAPADO),""2026-01-13 15:04:53"",""826.45"""
"[104083] TIENTO CUERO (100, OXIDO, 4 mm, GAMUZA),""2026-01-13 15:04:53"",""826.45"""
"[104201] PORTALENTES NOLE (LINEA FRUNCES) (NAPADO, MALBEC),""2026-01-13 15:11:46"",""5783.47"""
"[101779] TARJETERO ROMA (BRIDGE, TABACO),""2026-01-13 15:27:21"",""0.0"""
"[101811] TOTE CACHI  (PELO, HOLANDO),""2026-01-13 17:36:15"",""0.0"""
"[104278] ANILLO ONDULADO (1) (19),""2026-01-13 22:42:54"",""0.0"""
"[100154] BILLETERA COPAHUE (MODENA, VERDE),""2026-01-14 09:49:51"",""11568.6"""
"[103449] BANDOLERA FRIDA (BORDO),""2026-01-14 09:53:24"",""0.0"""
"[103549] CARTUCHERA PU (PU, BORDO),""2026-01-14 09:55:53"",""0.0"""
"[101767] TARJETERO MULTI (NAPADO, MALBEC),""2026-01-14 10:09:47"",""9915.7"""
"[100217] BILLETERA OSADIA (BRIDGE, ROJO),""2026-01-14 10:13:57"",""15866.12"""
"[101421] PORTALENTES ORION (BRIDGE, CARAMELO),""2026-01-14 12:18:08"",""2147.11"""
"[101422] PORTALENTES ORION (BRIDGE, MALBEC),""2026-01-14 12:18:08"",""2147.11"""
"[101424] PORTALENTES ORION (BRIDGE, ROJO),""2026-01-14 12:18:08"",""2147.11"""
"[101425] PORTALENTES ORION (BRIDGE, TABACO),""2026-01-14 12:18:08"",""2147.11"""
"[101427] PORTALENTES ORION (NAPADO, MALBEC),""2026-01-14 12:18:08"",""2147.11"""
"[101428] PORTALENTES ORION (NAPADO, NEGRO),""2026-01-14 12:18:08"",""2147.11"""
"[101429] PORTALENTES ORION (NAPADO, ROJO),""2026-01-14 12:18:08"",""2147.11"""
"[101431] PORTALENTES ORION (NAPADO, VERDE),""2026-01-14 12:18:08"",""2147.11"""
"[101904] ANILLO CRUZ (15),""2026-01-14 13:19:17"",""0.0"""
"[102517] ARO APRETADOR ARGOLLA BOLITA (UN),""2026-01-14 13:24:34"",""0.0"""
"[102516] ARO ARGOLLA CORAZON (UN),""2026-01-14 13:25:13"",""0.0"""
"[102508] ARO PASANTE CORAZON (4) (UN),""2026-01-14 13:26:25"",""0.0"""
"[102374] PULSERA ANIVERSARIO 1.75 (65),""2026-01-14 13:26:54"",""0.0"""
"[102314] PULSERA FORCET FACETADA 1.5 (18),""2026-01-14 13:30:55"",""0.0"""
"[102310] PULSERA FORCET 1.15 (19),""2026-01-14 13:32:31"",""0.0"""
"[102209] CADENA FORCET FACETADA 0.9 (50),""2026-01-14 13:32:49"",""0.0"""
"[102208] CADENA FORCET FACETADA 0.9 (45),""2026-01-14 13:33:06"",""0.0"""
"[102005] ANILLO ONDULADO (2) (20),""2026-01-14 13:34:39"",""60453.86"""
"[101647] SOBRE MAJA (HOLANDO),""2026-01-14 14:41:42"",""6609.92"""
"[101646] SOBRE MAJA (HEREFORD),""2026-01-14 14:41:42"",""6609.92"""
"[100025] BANDOLERA ASTRID (TOLEDO, MANGO),""2026-01-14 14:41:51"",""0.0"""
"[102301] PULSERA CARACOL 1.25 (18),""2026-01-14 15:06:03"",""0.0"""
"[103186] CARTERA MINI EMMA (PELO, HEREFORD),""2026-01-14 15:37:30"",""0.0"""
"[100542] CARTERA LISBOA (GAMUZA, OLIVE/TABACO),""2026-01-15 14:30:09"",""13221.49"""
"[100496] CARTERA CHALTEN (BRIDGE, MALBEC),""2026-01-15 14:31:57"",""0.0"""
"[101342] PORTALAPTOP ELOY (FIORENTINO, CEDRO),""2026-01-15 14:46:02"",""14047.93"""
"[103136] CARTERA MANA FLECOS (LINEA PESPUNTES) (CRASH, SUELA),""2026-01-15 14:50:10"",""0.0"""
"[103135] CARTERA MANA FLECOS (LINEA PESPUNTES) (NAPOLE, TABACO),""2026-01-15 14:52:10"",""0.0"""
"[100238] BOINA CLYDE (S, GRIS),""2026-01-15 15:40:02"",""0.0"""
"[100589] CARTERA VERA (GAMUZA, OLIVE),""2026-01-15 15:42:47"",""0.0"""
"[101031] MEDIAS MEDIA CAÑA CORTAS (BLANCO),""2026-01-16 10:16:41"",""0.0"""
"[101656] SOBRE OMEGA (GAMUZA, GRIS OSCURO),""2026-01-16 10:20:57"",""0.0"""
"[103188] CARTERA VERA (NAPOLE, CAOBA),""2026-01-16 10:21:53"",""0.0"""
"[103767] SCRAP MARRO GRANDE 19990,""2026-01-16 10:49:17"",""0.0"""
"[103771] SCRAP MARRO GRANDE 39990,""2026-01-16 10:49:52"",""0.0"""
"[103769] SCRAP MARRO GRANDE 29990,""2026-01-16 10:49:55"",""0.0"""
"[103767] SCRAP MARRO GRANDE 19990,""2026-01-16 10:51:28"",""0.0"""
"[103766] SCRAP MARRO GRANDE 14990,""2026-01-16 10:54:26"",""0.0"""
"[103767] SCRAP MARRO GRANDE 19990,""2026-01-16 10:54:30"",""0.0"""
"[103768] SCRAP MARRO GRANDE 24990,""2026-01-16 10:54:32"",""0.0"""
"[103769] SCRAP MARRO GRANDE 29990,""2026-01-16 10:54:33"",""0.0"""
"[103768] SCRAP MARRO GRANDE 24990,""2026-01-16 10:56:20"",""0.0"""
"[103767] SCRAP MARRO GRANDE 19990,""2026-01-16 10:56:28"",""0.0"""
"[103766] SCRAP MARRO GRANDE 14990,""2026-01-16 10:56:39"",""0.0"""
"[103767] SCRAP MARRO GRANDE 19990,""2026-01-16 10:58:06"",""0.0"""
"[103766] SCRAP MARRO GRANDE 14990,""2026-01-16 10:58:24"",""0.0"""
"[103766] SCRAP MARRO GRANDE 14990,""2026-01-16 10:59:21"",""0.0"""
"[101689] TARJETERO ARIES (BRIDGE, MALBEC),""2026-01-16 13:15:31"",""1651.24"""
"[101691] TARJETERO ARIES (BRIDGE, ROJO),""2026-01-16 13:15:31"",""1651.24"""
"[101692] TARJETERO ARIES (BRIDGE, TABACO),""2026-01-16 13:15:31"",""1651.24"""
"[101702] TARJETERO ARIES BIFAZ (NEGRO),""2026-01-16 13:15:50"",""1651.24"""
"[101701] TARJETERO ARIES BIFAZ (AZUL),""2026-01-16 13:15:50"",""1651.24"""
"[101703] TARJETERO ARIES BIFAZ (VERDE),""2026-01-16 13:15:50"",""1651.24"""
"[101725] TARJETERO HARRY (BRIDGE, NEGRO),""2026-01-16 13:17:58"",""4957.02"""
"[101730] TARJETERO HARRY (NAPADO, AZUL),""2026-01-16 13:17:58"",""4957.02"""
"[101733] TARJETERO HARRY (NAPADO, ROJO),""2026-01-16 13:17:58"",""4957.02"""
"[103559] CHALINA SELECCION,""2026-01-16 13:39:24"",""1485.0"""
"[103558] CHALINA OPORTUNIDAD,""2026-01-16 14:36:57"",""914.83"""
"[100002] BANDEJA CHICA (HOLANDO),""2026-01-16 15:27:46"",""5948.76"""
"[100001] BANDEJA CHICA (HEREFORD),""2026-01-16 15:27:46"",""5948.76"""
"[100523] CARTERA INES (PELO, HOLANDO),""2026-01-16 15:36:22"",""0.0"""
"[100642] CHOMBA POLO NAOS (L, NEGRO),""2026-01-16 18:00:28"",""0.0"""
"[102354] PULSERA TEJIDO 4.0 (18),""2026-01-16 19:57:57"",""0.0"""
"[101539] REMERA DANA (M, HUESO),""2026-01-17 10:37:10"",""0.0"""
"[101366] PORTALENTES COLBY (BRIDGE, CARAMELO),""2026-01-17 13:42:27"",""0.0"""
"[102237] CADENA ROLO 0.25 (50),""2026-01-18 19:16:08"",""0.0"""
"[100424] CARTERA ACONCAGUA (BRIDGE, AZUL),""2026-01-19 09:28:08"",""0.0"""
"[100001] BANDEJA CHICA (HEREFORD),""2026-01-19 09:28:56"",""0.0"""
"[100646] CINTURON ALFO (85),""2026-01-19 09:29:38"",""0.0"""
"[100001] BANDEJA CHICA (HEREFORD),""2026-01-19 10:09:45"",""0.0"""
"[101732] TARJETERO HARRY (NAPADO, NEGRO),""2026-01-19 11:37:40"",""4957.02"""
"[100616] CHALINA EXEDRA (BEIGE),""2026-01-19 12:56:22"",""0.0"""
"[103865] SET X3 ANILLOS PERLITA/MANO/CORAZONES PLATEADO,""2026-01-19 15:48:16"",""0.0"""
"[103303] ARO PASANTE ARGOLLA GRANDE GLOBO (DORADO),""2026-01-19 15:50:30"",""0.0"""
"[103327] ARO PASANTE BOTON (DORADO),""2026-01-19 15:51:25"",""0.0"""
"[103363] ARO PASANTE FLOR C/ PERLA DORADO,""2026-01-19 15:52:03"",""0.0"""
"[103484] CADENA LETRA (J, DORADO),""2026-01-19 15:54:15"",""0.0"""
"[103285] ARMA TU LOOK (CORAZONES GRANDES),""2026-01-19 15:54:38"",""0.0"""
"[104139] ARO PASANTE CHISPA VARIAS PUNTAS NIQUEL 12 MM ,""2026-01-19 15:56:28"",""0.0"""
"[103931] SET X6 MINI BROCHES FLORCITAS SURTIDO,""2026-01-19 15:59:22"",""0.0"""
"[103710] PULSERA REGULABLE MOSTACILLA C/ CRUZ ROJO/BLANCO/PLATEADO,""2026-01-19 16:11:18"",""0.0"""
"[103681] PULSERA HILO REGULABLE SIGNO (ACUARIO),""2026-01-19 16:12:06"",""0.0"""
"[103682] PULSERA HILO REGULABLE SIGNO (CAPRICORNIO),""2026-01-19 16:14:07"",""0.0"""
"[103743] SCRAP BIJOU 4990,""2026-01-19 16:14:30"",""0.0"""
"[103773] SCRAP PELO 1490,""2026-01-19 16:15:05"",""0.0"""
"[101407] PORTALENTES LUZ BIFAZ (VERDE),""2026-01-20 11:27:31"",""2312.4"""
"[101406] PORTALENTES LUZ BIFAZ (AZUL),""2026-01-20 11:27:31"",""2312.4"""
"[101553] REMERA NOA (S, NEGRO),""2026-01-20 12:14:00"",""0.0"""
"[100440] CARTERA AMARILLA SET SOBRE (BRIDGE, MALBEC),""2026-01-20 12:21:40"",""26444.63"""
"[103997] CARTERA VERA (GAMUZA, GRIS OSCURO),""2026-01-20 12:22:35"",""29750.41"""
"[103187] CARTERA VERA (NOBUCK, CAFE),""2026-01-20 12:22:35"",""29750.41"""
"[100517] CARTERA HARPER (GAMUZA, OLIVE/TABACO),""2026-01-20 12:24:06"",""36361.98"""
"[103183] CARTERA HARPER (NOBUCK, CAFE),""2026-01-20 12:25:02"",""36361.98"""
"[100428] CARTERA ACONCAGUA (BRIDGE, ROJO),""2026-01-20 12:25:40"",""13221.49"""
"[100497] CARTERA CHALTEN (BRIDGE, NEGRO),""2026-01-20 12:32:13"",""19833.06"""
"[101216] NECESSAIRE LANIN FULL BLACK,""2026-01-20 12:33:15"",""16527.27"""
"[101234] NECESSAIRE MINI MARCOS FULL BLACK,""2026-01-20 12:33:30"",""17353.72"""
"[100520] CARTERA INES (BRIDGE, MALBEC),""2026-01-20 12:34:26"",""25618.18"""
"[100083] BANDOLERA NEW VICENTA (NAPADO, NEGRO),""2026-01-20 12:35:23"",""14874.38"""
"[103172] BANDOLERA JADE (LINEA FRUNCES) (NAPADO, NEGRO),""2026-01-20 12:36:02"",""11568.6"""
"[100496] CARTERA CHALTEN (BRIDGE, MALBEC),""2026-01-20 12:36:52"",""19833.06"""
"[100440] CARTERA AMARILLA SET SOBRE (BRIDGE, MALBEC),""2026-01-20 12:37:30"",""26444.63"""
"[100439] CARTERA AMARILLA SET SOBRE (BRIDGE, CHOCOLATE),""2026-01-20 12:37:30"",""26444.63"""
"[100426] CARTERA ACONCAGUA (BRIDGE, MALBEC),""2026-01-20 12:39:23"",""13221.49"""
"[101907] ANILLO CRUZ VASCA (9),""2026-01-20 13:45:51"",""3922.38"""
"[100026] BANDOLERA ASTRID (TOLEDO, NEGRO),""2026-01-20 19:47:29"",""0.0"""
"[100094] BANDOLERA NOE,""2026-01-20 20:00:01"",""0.0"""
"[103969] SOBRE ANALIA GRANDE (PU, SALMON),""2026-01-20 20:16:14"",""0.0"""
"[103781] SCRAP TEXTIL 29990,""2026-01-20 20:20:38"",""0.0"""
"[103759] SCRAP MARRO CHICA 3990,""2026-01-20 20:24:32"",""0.0"""
"[103721] RIÑONERA CARLA (CRUDO),""2026-01-20 20:27:23"",""0.0"""
"[101912] ANILLO CURVAS (1) (10),""2026-01-20 22:56:55"",""12407.01"""
"[101914] ANILLO CURVAS (1) (11),""2026-01-20 23:00:57"",""13920.06"""
"[101916] ANILLO CURVAS (1) (18),""2026-01-20 23:01:44"",""14827.89"""
"[101986] ANILLO ONDAS (1) (18),""2026-01-20 23:05:24"",""18565.93"""
"[101991] ANILLO ONDAS (2) (13),""2026-01-20 23:09:06"",""17390.84"""
"[102003] ANILLO ONDULADO (2) (17),""2026-01-20 23:10:28"",""56589.23"""
"[102123] ANILLO PIEDRA SEMI PRECIOSA CIRCULAR (4) (21),""2026-01-20 23:14:53"",""49085.82"""
"[102131] ANILLO PIEDRA SEMI PRECIOSA CIRCULAR (3) (15, RODOCROSITA),""2026-01-20 23:15:17"",""35983.08"""
"[102133] PULSERA GRUMET DOBLE LAMINADA 1.5 (2) (18),""2026-01-20 23:15:41"",""36643.32"""
"[102134] PULSERA GRUMET DOBLE LAMINADA 1.5 (2) (19.5),""2026-01-20 23:16:16"",""36643.32"""
"[102145] ARO COLGANTE CUBIC FLOR (PAR) (GRANATE),""2026-01-20 23:16:58"",""10841.04"""
"[102154] ARO PASANTE CIRCULAR (1) (UN),""2026-01-20 23:17:26"",""5407.94"""
"[102193] CADENA CARACOL 0.8 (45),""2026-01-20 23:18:20"",""27556.41"""
"[102285] DIJE PIEDRA CUBIC RECTANGULAR (AGUAMARINA),""2026-01-20 23:19:27"",""23488.92"""
"[102333] PULSERA GRUMET ALTERNADA 2.0 (18),""2026-01-20 23:20:08"",""31996.23"""
"[102334] PULSERA GRUMET ALTERNADA 2.0 (19.5),""2026-01-20 23:20:21"",""31996.23"""
"[102359] PULSERA TRAVERSINO 1.2 (18),""2026-01-20 23:22:49"",""16331.92"""
"[102379] ANILLO ZODIACO (12, GEMINIS),""2026-01-20 23:23:16"",""2926.0"""
"[102386] ANILLO ZODIACO (15, VIRGO),""2026-01-20 23:23:58"",""3511.2"""
"[102394] ANILLO ZODIACO (12, TAURO),""2026-01-20 23:24:13"",""2633.4"""
"[102403] ANILLO ZODIACO (16, PISCIS),""2026-01-20 23:25:07"",""3803.8"""
"[102404] ANILLO ZODIACO (19, PISCIS),""2026-01-20 23:25:28"",""3803.8"""
"[102406] ANILLO ZODIACO (13, ARIES),""2026-01-20 23:26:03"",""2633.4"""
"[102427] ANILLO ZODIACO (14, LIBRA),""2026-01-20 23:28:11"",""2926.0"""
"[102539] PULSERA INFLADA GRUMET PLANA (1),""2026-01-20 23:31:18"",""58429.8"""
"[102540] PULSERA INFLADA GRUMET ,""2026-01-20 23:31:40"",""47876.4"""
"[102542] PULSERA INFLADA,""2026-01-20 23:32:00"",""52509.6"""
"[102543] PULSERA INFLADA GRUMET ALTERNADA PLANA 1X1,""2026-01-20 23:32:17"",""51222.6"""
"[102545] PULSERA INFLADA GUCCI CHICA,""2026-01-20 23:32:31"",""45045.0"""
"[102546] PULSERA INFLADA FORCET TOURBILLON ALTERNADA 1X1,""2026-01-20 23:32:46"",""46846.8"""
"[102548] PULSERA BIZANTINA 0.6 (21),""2026-01-20 23:33:01"",""18250.0"""
"[102549] PULSERA BIZANTINA PLANA 0.6 (18),""2026-01-20 23:33:16"",""17927.9"""
"[102550] PULSERA BIZANTINA PLANA 0.6 (21),""2026-01-20 23:33:30"",""19277.9"""
"[102559] PULSERA INFLADA GRUMET PLANA (2),""2026-01-20 23:33:44"",""48906.0"""
"[102567] ANILLO MULTI (18),""2026-01-20 23:34:00"",""14922.6"""
"[103766] SCRAP MARRO GRANDE 14990,""2026-01-21 08:16:10"",""2748.17"""
"[103767] SCRAP MARRO GRANDE 19990,""2026-01-21 08:16:48"",""3664.83"""
"[103768] SCRAP MARRO GRANDE 24990,""2026-01-21 08:17:02"",""4581.5"""
"[103769] SCRAP MARRO GRANDE 29990,""2026-01-21 08:17:51"",""0.0"""
"[103770] SCRAP MARRO GRANDE 34990,""2026-01-21 08:18:08"",""0.0"""
"[103771] SCRAP MARRO GRANDE 39990,""2026-01-21 08:18:37"",""0.0"""
"[104280] BILLETERA LUCA (MODENA, VERDE),""2026-01-21 10:43:02"",""8262.81"""
"[101227] NECESSAIRE MINI MARCOS (BRIDGE, NEGRO),""2026-01-21 14:26:49"",""17353.72"""
"[100266] BOLSO TUBO GRANDE (GAMUZA, VESUBIO/TABACO),""2026-01-21 14:28:04"",""71072.73"""
"[102199] CADENA FORCET 0.35 (50),""2026-01-21 14:34:31"",""5290.01"""
"[102205] CADENA FORCET FACETADA 0.4 (50),""2026-01-21 14:34:31"",""5218.19"""
"[102219] CADENA FORCET FACETADA LARGA 0.4 (50),""2026-01-21 14:34:31"",""4759.13"""
"[102226] CADENA GRUMET ALTERNADA 0.4 (45),""2026-01-21 14:34:31"",""5033.07"""
"[102228] CADENA GRUMET DIAMANTADA 0.35 (45),""2026-01-21 14:34:31"",""5560.07"""
"[102234] CADENA ROLO 0.6 (50),""2026-01-21 14:34:31"",""16184.6"""
"[102244] CADENA VENECIANA Nº 2 (40),""2026-01-21 14:34:31"",""12371.84"""
"[101385] PORTALENTES LUZ (BRIDGE, CARAMELO),""2026-01-21 14:42:16"",""2312.4"""
"[101390] PORTALENTES LUZ (BRIDGE, TABACO),""2026-01-21 14:42:16"",""2312.4"""
"[101389] PORTALENTES LUZ (BRIDGE, ROJO),""2026-01-21 14:42:16"",""2312.4"""
"[101400] PORTALENTES LUZ (NAPADO, AZUL),""2026-01-21 14:42:16"",""2312.4"""
"[101401] PORTALENTES LUZ (NAPADO, NEGRO),""2026-01-21 14:42:16"",""2312.4"""
"[103543] CARTUCHERA MONI (BLANCO),""2026-01-21 14:49:04"",""0.0"""
"[103957] SOBRE ANALIA CHICO (PU, SALMON),""2026-01-21 14:55:18"",""0.0"""
"[103091] ANILLO PIEDRA CUBIC OVAL (1) (16, OLIVINA),""2026-01-21 16:41:40"",""32520.1"""
"[103089] ANILLO ONDAS (1) (15),""2026-01-21 16:43:33"",""15946.7"""
"[103094] ANILLO INICIAL (1) (17, C),""2026-01-21 16:44:31"",""16903.98"""
"[101744] TARJETERO JUAN (MODENA, AZUL),""2026-01-21 16:46:29"",""4957.02"""
"[101747] TARJETERO JUAN (NAPADO, CARAMELO),""2026-01-21 16:46:29"",""4957.02"""
"[101749] TARJETERO JUAN (NAPADO, NEGRO),""2026-01-21 16:46:29"",""4957.02"""
"[101750] TARJETERO JUAN (NAPADO, ROJO),""2026-01-21 16:46:29"",""4957.02"""
"[103749] SCRAP HOME 2990,""2026-01-22 08:07:57"",""498.33"""
"[103751] SCRAP HOME 3990,""2026-01-22 08:09:08"",""731.5"""
"[103752] SCRAP HOME 4990,""2026-01-22 08:09:34"",""914.83"""
"[103753] SCRAP HOME 5990,""2026-01-22 08:10:20"",""1098.17"""
"[103754] SCRAP HOME 6990,""2026-01-22 08:11:04"",""1281.5"""
"[103746] SCRAP HOME 14990,""2026-01-22 08:17:15"",""2498.33"""
"[103757] SCRAP HOME 9990,""2026-01-22 08:21:51"",""1831.5"""
"[103756] SCRAP HOME 8990,""2026-01-22 08:22:58"",""1648.17"""
"[103750] SCRAP HOME 29990,""2026-01-22 08:24:34"",""5498.17"""
"[102357] PULSERA TEJIDO 6.0 (19.5),""2026-01-22 14:51:09"",""26730.59"""
"[102350] PULSERA ROLO OVAL 1.5 (19.5),""2026-01-22 14:51:09"",""12750.57"""
"[102328] PULSERA GRUMET ALTERNADA 1.0 (19.5),""2026-01-22 14:51:09"",""10094.39"""
"[102352] PULSERA ROLO OVAL 2.0 (19.5),""2026-01-22 14:51:09"",""19114.52"""
"[102330] PULSERA GRUMET ALTERNADA 1.25 (19.5),""2026-01-22 14:51:09"",""14853.2"""
"[102329] PULSERA GRUMET ALTERNADA 1.25 (18),""2026-01-22 14:51:09"",""14853.2"""
"[102327] PULSERA GRUMET ALTERNADA 1.0 (18),""2026-01-22 14:51:09"",""10094.39"""
"[100126] BILLETERA ADAM (BRIDGE, CARAMELO),""2026-01-22 21:02:45"",""0.0"""
"[100132] BILLETERA ADAM (NAPADO, NEGRO),""2026-01-22 21:03:20"",""0.0"""
"[101227] NECESSAIRE MINI MARCOS (BRIDGE, NEGRO),""2026-01-22 21:03:57"",""0.0"""
"[100183] BILLETERA LIAM (NAPADO, NEGRO),""2026-01-22 21:06:14"",""0.0"""
"[101610] SET POSAVASOS CIRCULAR X4 (BRIDGE, ROJO),""2026-01-22 21:07:05"",""0.0"""
"[101611] SET POSAVASOS CIRCULAR X4 (BRIDGE, TABACO),""2026-01-22 21:07:19"",""0.0"""
"[101692] TARJETERO ARIES (BRIDGE, TABACO),""2026-01-22 21:07:58"",""0.0"""
"[101703] TARJETERO ARIES BIFAZ (VERDE),""2026-01-22 21:08:24"",""0.0"""
"[101771] TARJETERO NEW KENNY (BRIDGE, MALBEC),""2026-01-22 21:08:57"",""0.0"""
"[104198] CARTUCHERA JANA (BLANCO),""2026-01-22 21:46:11"",""0.0"""
"[103785] SCRAP TEXTIL 7990,""2026-01-22 21:48:16"",""0.0"""
"[103782] SCRAP TEXTIL 34990,""2026-01-22 21:49:45"",""0.0"""
"[103738] SCRAP BEAUTY 8990,""2026-01-22 22:18:02"",""0.0"""
"[103760] SCRAP MARRO CHICA 4990,""2026-01-22 22:20:11"",""0.0"""
"[103758] SCRAP MARRO CHICA 14990,""2026-01-22 22:20:39"",""0.0"""
"[103607] PORTACOSMETICOS LAURA (BLANCO),""2026-01-22 22:23:12"",""0.0"""
"[103625] PORTACOSMETICOS UMA (NEGRO),""2026-01-22 22:23:44"",""0.0"""
"[103723] RIÑONERA CARLA (NEGRO TRAMA),""2026-01-22 22:24:07"",""0.0"""
"[103733] SCRAP BEAUTY 3990,""2026-01-22 22:24:31"",""0.0"""
"[103734] SCRAP BEAUTY 4990,""2026-01-22 22:25:46"",""0.0"""
"[103735] SCRAP BEAUTY 5990,""2026-01-22 22:26:21"",""0.0"""
"[103747] SCRAP HOME 1990,""2026-01-22 22:27:58"",""0.0"""
"[103748] SCRAP HOME 19990,""2026-01-22 22:28:29"",""0.0"""
"[103749] SCRAP HOME 2990,""2026-01-22 22:28:56"",""0.0"""
"[103751] SCRAP HOME 3990,""2026-01-22 22:30:04"",""0.0"""
"[103759] SCRAP MARRO CHICA 3990,""2026-01-22 22:32:05"",""0.0"""
"[103762] SCRAP MARRO CHICA 6990,""2026-01-22 22:32:42"",""0.0"""
"[103764] SCRAP MARRO CHICA 8990,""2026-01-22 22:33:33"",""0.0"""
"[103767] SCRAP MARRO GRANDE 19990,""2026-01-22 22:35:22"",""0.0"""
"[103768] SCRAP MARRO GRANDE 24990,""2026-01-22 22:36:25"",""0.0"""
"[103769] SCRAP MARRO GRANDE 29990,""2026-01-22 22:37:13"",""0.0"""
"[103945] SHOPPER MARU (NEGRO),""2026-01-22 22:41:57"",""0.0"""
"[101503] PORTAVINO UCO (PELO, HOLANDO),""2026-01-23 09:28:41"",""0.0"""
"[100605] CARTUCHERA MONT (BRIDGE, TABACO),""2026-01-23 10:36:01"",""0.0"""
"[100551] CARTERA LISBOA (NAPADO, CARAMELO),""2026-01-23 11:31:13"",""0.0"""
"[100586] CARTERA MINI EMMA (NAPADO, ROJO),""2026-01-23 11:41:58"",""21485.95"""
"[103143] PORTALENTES MUSAI (LINEA PESPUNTES) (CAOBA),""2026-01-23 12:06:36"",""5783.47"""
"[103144] PORTALENTES MUSAI (LINEA PESPUNTES) (TABACO),""2026-01-23 12:06:36"",""5783.47"""
"[101737] TARJETERO JUAN (BRIDGE, CARAMELO),""2026-01-23 12:09:30"",""4957.02"""
"[101738] TARJETERO JUAN (BRIDGE, MALBEC),""2026-01-23 12:09:30"",""4957.02"""
"[101739] TARJETERO JUAN (BRIDGE, NEGRO),""2026-01-23 12:09:30"",""4957.02"""
"[101740] TARJETERO JUAN (BRIDGE, ROJO),""2026-01-23 12:09:30"",""4957.02"""
"[101741] TARJETERO JUAN (BRIDGE, TABACO),""2026-01-23 12:09:30"",""4957.02"""
"[101751] TARJETERO JUAN (NAPADO, SUELA),""2026-01-23 12:09:30"",""4957.02"""
"[101272] PORTACABLES (2) (FIORENTINO, CEDRO),""2026-01-23 12:10:39"",""1320.66"""
"[101278] PORTACABLES (2) (VAQUETA, SUELA),""2026-01-23 12:10:39"",""1320.66"""
"[101679] TAG INICIALES (VAQUETA, SUELA),""2026-01-23 12:11:17"",""659.5"""
"[103179] BOLSO TUBO GRANDE (NAPADO, GRIS OSCURO/CARAMELO),""2026-01-23 13:49:31"",""71072.73"""
"[101348] PORTALAPTOP JOY (FIORENTINO, NEGRO),""2026-01-23 13:50:10"",""11568.6"""
"[101814] TOTE IRUYA (NAPADO, NEGRO),""2026-01-23 13:50:58"",""16527.27"""
"[101826] TOTE TILCARA (NEGRO),""2026-01-23 13:52:16"",""16527.27"""
"[104182] TOTE TILCARA (CARAMELO),""2026-01-23 13:52:16"",""16527.27"""
"[101807] TOTE CACHI  (NAPADO, CARAMELO),""2026-01-23 13:53:10"",""16527.27"""
"[100519] CARTERA INES (BRIDGE, CARAMELO),""2026-01-23 13:56:40"",""25618.18"""
"[103174] BANDOLERA JADE (LINEA FRUNCES) (GAMUZA, AVELLANA),""2026-01-23 13:57:58"",""11568.6"""
"[101814] TOTE IRUYA (NAPADO, NEGRO),""2026-01-23 14:54:28"",""16527.27"""
"[100011] BANDOLERA ANTONIETA (GAMUZA, CAFE),""2026-01-23 15:27:32"",""22312.4"""
"[101266] PORTACABLES  (1) (FIORENTINO, CEDRO),""2026-01-23 15:42:15"",""990.08"""
"[100525] CARTERA JUSTINA (NEGRO),""2026-01-23 15:45:46"",""19833.06"""
"[100526] CARTERA JUSTINA (TABACO),""2026-01-23 15:46:04"",""19833.06"""
"[100235] BOINA CLYDE (S, CAFE),""2026-01-23 15:57:34"",""9915.7"""
"[100236] BOINA CLYDE (M, CAFE),""2026-01-23 15:57:52"",""9915.7"""
"[100237] BOINA CLYDE (L, CAFE),""2026-01-23 15:58:10"",""9915.7"""
"[100843] GORRO FRED (M),""2026-01-23 15:59:09"",""9915.7"""
"[100843] GORRO FRED (M),""2026-01-23 16:02:25"",""9915.7"""
"[100844] GORRO FRED (L),""2026-01-23 16:03:37"",""9915.7"""
"[100858] GORRO SEA (L, BEIGE),""2026-01-23 16:03:54"",""9915.7"""
"[100862] GORRO SIRIUS (CRUDO),""2026-01-23 16:04:29"",""4130.58"""
"[101725] TARJETERO HARRY (BRIDGE, NEGRO),""2026-01-23 22:17:35"",""4957.02"""
"[101625] SET POSAVASOS CUADRADO X4 (BRIDGE, TABACO),""2026-01-23 22:19:21"",""5948.76"""
"[100192] BILLETERA LUCA (DUNA, NEGRO),""2026-01-23 22:20:01"",""8262.81"""
"[100189] BILLETERA LUCA (BRIDGE, NEGRO),""2026-01-23 22:20:50"",""8262.81"""
"[101029] MEDIAS MEDIA CAÑA (VISON),""2026-01-23 22:24:48"",""1072.73"""
"[101123] MONEDERO AMBAR (NAPADO, TABACO),""2026-01-23 22:25:47"",""9254.55"""
"[101498] PORTAVINO UCO (BRIDGE, CARAMELO),""2026-01-24 13:20:25"",""0.0"""
"[101767] TARJETERO MULTI (NAPADO, MALBEC),""2026-01-25 18:04:01"",""0.0"""
"[103559] CHALINA SELECCION,""2026-01-26 13:44:23"",""0.0"""
"[103238] PRODUCTO OUTLET 4990,""2026-01-26 13:52:46"",""0.0"""
"[103264] PRODUCTO OUTLET 349990,""2026-01-26 13:53:54"",""0.0"""
"[103766] SCRAP MARRO GRANDE 14990,""2026-01-26 14:45:14"",""0.0"""
"[103780] SCRAP TEXTIL 24990,""2026-01-26 14:52:10"",""0.0"""
"[103782] SCRAP TEXTIL 34990,""2026-01-26 14:52:14"",""0.0"""
"[103785] SCRAP TEXTIL 7990,""2026-01-26 14:52:27"",""0.0"""
"[100295] BUFANDA ACRUX (CRUDO),""2026-01-26 15:06:20"",""13221.49"""
"[101662] SOMBRERO HENY,""2026-01-26 15:13:19"",""11568.6"""
"[101664] SOMBRERO YULA,""2026-01-26 15:13:34"",""14874.38"""
"[102327] PULSERA GRUMET ALTERNADA 1.0 (18),""2026-01-26 15:43:21"",""10094.39"""
"[103249] PRODUCTO OUTLET 39990,""2026-01-26 15:48:20"",""0.0"""
"[100089] BANDOLERA NOE (NAPA LOLA SOFT, HAVANA),""2026-01-26 17:43:21"",""0.0"""
"[104291] ANILLO PIEDRA CUBIC MULTI (6) (19, TOPACIO/TRANSPARENTE),""2026-01-26 19:24:42"",""0.0"""
"[104292] ANILLO ZODIACO (19, ARIES),""2026-01-26 19:24:44"",""0.0"""
"[104293] ANILLO ZODIACO (15, CAPRICORNIO),""2026-01-26 19:24:46"",""0.0"""
"[104294] ANILLO ZODIACO (17, TAURO),""2026-01-26 19:24:49"",""0.0"""
"[104295] ANILLO BOMBE (4) (17),""2026-01-26 19:24:51"",""0.0"""
"[104296] ANILLO CORAZON (4) (15),""2026-01-26 19:24:54"",""0.0"""
"[104297] ANILLO CURVAS (1) (14),""2026-01-26 19:24:56"",""0.0"""
"[104298] ANILLO DOS LETRAS (12, AG),""2026-01-26 19:24:58"",""0.0"""
"[104299] ANILLO DOS LETRAS (14, LC),""2026-01-26 19:25:00"",""0.0"""
"[104300] ANILLO DOS LETRAS (15, BC),""2026-01-26 19:25:02"",""0.0"""
"[104301] ANILLO DOS LETRAS (20, BC),""2026-01-26 19:25:04"",""0.0"""
"[104302] ANILLO ONDAS (2) (10),""2026-01-26 19:25:06"",""0.0"""
"[104303] ANILLO ONDAS (2) (18),""2026-01-26 19:25:07"",""0.0"""
"[104304] ANILLO ONDULADO (2) (21),""2026-01-26 19:25:10"",""0.0"""
"[104305] ANILLO PIEDRA CUBIC BARRITA (1) (16, LAVANDA),""2026-01-26 19:25:12"",""0.0"""
"[104306] ANILLO PIEDRA CUBIC MULTI (4) (13, ROSA/TRANSPARENTE),""2026-01-26 19:25:14"",""0.0"""
"[104307] ANILLO PIEDRA CUBIC OVAL (9) (19, TRANSPARENTE),""2026-01-26 19:25:16"",""0.0"""
"[100545] CARTERA LISBOA (IGUANA, AZUL),""2026-01-26 19:45:40"",""0.0"""
"[103533] CARTUCHERA LUNA (PU, GRIS),""2026-01-27 10:50:37"",""0.0"""
"[103537] CARTUCHERA LUNA (PU, AZUL),""2026-01-27 10:50:37"",""0.0"""
"[103548] CARTUCHERA PU (PU, AZUL),""2026-01-27 10:50:37"",""0.0"""
"[103550] CARTUCHERA PU (PU, CELESTE),""2026-01-27 10:50:37"",""0.0"""
"[103551] CARTUCHERA PU (PU, CORAL),""2026-01-27 10:50:37"",""0.0"""
"[103956] SOBRE ANALIA CHICO (PU, NEGRO),""2026-01-27 10:50:37"",""0.0"""
"[103960] SOBRE ANALIA CHICO (PU, NEGRO TRAMA),""2026-01-27 10:50:37"",""0.0"""
"[100556] NECESSAIRE LANIN (BRIDGE, CHOCOLATE),""2026-01-27 11:13:51"",""16527.27"""
"[101213] NECESSAIRE LANIN (BRIDGE, NEGRO),""2026-01-27 11:13:51"",""16527.27"""
"[101660] SOMBRERO FELA,""2026-01-27 12:46:17"",""0.0"""
"[102544] PULSERA INFLADA GUCCI,""2026-01-27 15:03:03"",""53539.2"""
"[102546] PULSERA INFLADA FORCET TOURBILLON ALTERNADA 1X1,""2026-01-27 15:05:05"",""46846.8"""
"[102550] PULSERA BIZANTINA PLANA 0.6 (21),""2026-01-27 15:05:29"",""19277.9"""
"[102185] ARO PASANTE RAYO (UN),""2026-01-27 15:06:58"",""2901.82"""
"[102160] ANILLO SAN BENITO (15),""2026-01-27 15:07:40"",""15231.91"""
"[102114] ANILLO PIEDRA SEMI PRECIOSA CIRCULAR (3) (16, RODOCROSITA),""2026-01-27 15:08:25"",""33727.68"""
"[103255] PRODUCTO OUTLET 69990,""2026-01-27 15:42:00"",""0.0"""
"[103253] PRODUCTO OUTLET 59990,""2026-01-27 15:51:15"",""0.0"""
"[103257] PRODUCTO OUTLET 89990,""2026-01-27 15:55:04"",""0.0"""
"[103827] SET X2 HEBILLAS METAL C/ CARAMELO LILA,""2026-01-28 09:01:35"",""158.80000000000004"""
"[100489] CARTERA BAULITO (IGUANA, VERDE),""2026-01-28 12:00:13"",""0.0"""
"[100539] CARTERA LISBOA (GAMUZA, CHOCOLATE/TABACO),""2026-01-28 14:45:50"",""0.0"""
"[101656] SOBRE OMEGA (GAMUZA, GRIS OSCURO),""2026-01-28 14:46:15"",""0.0"""
"[104632] SANDALIA AROA (36, NEGRO),""2026-01-28 15:01:56"",""0.0"""
"[104633] SANDALIA AROA (37, NEGRO),""2026-01-28 15:01:56"",""0.0"""
"[104634] SANDALIA AROA (38, NEGRO),""2026-01-28 15:01:56"",""0.0"""
"[104635] SANDALIA AROA (39, NEGRO),""2026-01-28 15:01:56"",""0.0"""
"[104636] SANDALIA AROA (40, NEGRO),""2026-01-28 15:01:56"",""0.0"""
"[104637] SANDALIA AROA (36, CAMEL),""2026-01-28 15:01:56"",""0.0"""
"[104638] SANDALIA AROA (37, CAMEL),""2026-01-28 15:01:56"",""0.0"""
"[104639] SANDALIA AROA (38, CAMEL),""2026-01-28 15:01:56"",""0.0"""
"[104640] SANDALIA AROA (39, CAMEL),""2026-01-28 15:01:56"",""0.0"""
"[104641] SANDALIA AROA (40, CAMEL),""2026-01-28 15:01:56"",""0.0"""
"[104618] MULE IVAN (39),""2026-01-28 15:02:19"",""0.0"""
"[104619] MULE IVAN (40),""2026-01-28 15:02:19"",""0.0"""
"[104620] MULE IVAN (41),""2026-01-28 15:02:19"",""0.0"""
"[104621] MULE IVAN (42),""2026-01-28 15:02:19"",""0.0"""
"[104622] MULE IVAN (43),""2026-01-28 15:02:19"",""0.0"""
"[104623] MULE IVAN (44),""2026-01-28 15:02:19"",""0.0"""
"[104624] MULE IVAN (45),""2026-01-28 15:02:19"",""0.0"""
"[104611] SANDALIA SAUL (39),""2026-01-28 15:02:42"",""0.0"""
"[104612] SANDALIA SAUL (40),""2026-01-28 15:02:42"",""0.0"""
"[104613] SANDALIA SAUL (41),""2026-01-28 15:02:42"",""0.0"""
"[104614] SANDALIA SAUL (42),""2026-01-28 15:02:42"",""0.0"""
"[104615] SANDALIA SAUL (43),""2026-01-28 15:02:42"",""0.0"""
"[104616] SANDALIA SAUL (44),""2026-01-28 15:02:42"",""0.0"""
"[104617] SANDALIA SAUL (45),""2026-01-28 15:02:42"",""0.0"""
"[104583] SANDALIA ERIC (39, VERDE MILITAR),""2026-01-28 15:03:06"",""0.0"""
"[104584] SANDALIA ERIC (40, VERDE MILITAR),""2026-01-28 15:03:06"",""0.0"""
"[104585] SANDALIA ERIC (41, VERDE MILITAR),""2026-01-28 15:03:06"",""0.0"""
"[104586] SANDALIA ERIC (42, VERDE MILITAR),""2026-01-28 15:03:06"",""0.0"""
"[104587] SANDALIA ERIC (43, VERDE MILITAR),""2026-01-28 15:03:06"",""0.0"""
"[104588] SANDALIA ERIC (44, VERDE MILITAR),""2026-01-28 15:03:06"",""0.0"""
"[104589] SANDALIA ERIC (45, VERDE MILITAR),""2026-01-28 15:03:06"",""0.0"""
"[104590] SANDALIA ERIC (39, CAFE),""2026-01-28 15:03:06"",""0.0"""
"[104591] SANDALIA ERIC (40, CAFE),""2026-01-28 15:03:06"",""0.0"""
"[104592] SANDALIA ERIC (41, CAFE),""2026-01-28 15:03:06"",""0.0"""
"[104593] SANDALIA ERIC (42, CAFE),""2026-01-28 15:03:06"",""0.0"""
"[104594] SANDALIA ERIC (43, CAFE),""2026-01-28 15:03:06"",""0.0"""
"[104595] SANDALIA ERIC (44, CAFE),""2026-01-28 15:03:06"",""0.0"""
"[104596] SANDALIA ERIC (45, CAFE),""2026-01-28 15:03:06"",""0.0"""
"[104597] SANDALIA ERIC (39, CAMEL),""2026-01-28 15:03:06"",""0.0"""
"[104598] SANDALIA ERIC (40, CAMEL),""2026-01-28 15:03:06"",""0.0"""
"[104599] SANDALIA ERIC (41, CAMEL),""2026-01-28 15:03:06"",""0.0"""
"[104600] SANDALIA ERIC (42, CAMEL),""2026-01-28 15:03:06"",""0.0"""
"[104601] SANDALIA ERIC (43, CAMEL),""2026-01-28 15:03:06"",""0.0"""
"[104602] SANDALIA ERIC (44, CAMEL),""2026-01-28 15:03:06"",""0.0"""
"[104603] SANDALIA ERIC (45, CAMEL),""2026-01-28 15:03:06"",""0.0"""
"[104604] SANDALIA ERIC (39, NEGRO),""2026-01-28 15:03:06"",""0.0"""
"[104605] SANDALIA ERIC (40, NEGRO),""2026-01-28 15:03:06"",""0.0"""
"[104606] SANDALIA ERIC (41, NEGRO),""2026-01-28 15:03:06"",""0.0"""
"[104607] SANDALIA ERIC (42, NEGRO),""2026-01-28 15:03:06"",""0.0"""
"[104608] SANDALIA ERIC (43, NEGRO),""2026-01-28 15:03:06"",""0.0"""
"[104609] SANDALIA ERIC (44, NEGRO),""2026-01-28 15:03:06"",""0.0"""
"[104610] SANDALIA ERIC (45, NEGRO),""2026-01-28 15:03:06"",""0.0"""
"[104428] DRIVER AIDA (36, OFF WHITE),""2026-01-28 15:03:35"",""0.0"""
"[104429] DRIVER AIDA (37, OFF WHITE),""2026-01-28 15:03:35"",""0.0"""
"[104430] DRIVER AIDA (38, OFF WHITE),""2026-01-28 15:03:35"",""0.0"""
"[104431] DRIVER AIDA (39, OFF WHITE),""2026-01-28 15:03:35"",""0.0"""
"[104432] DRIVER AIDA (40, OFF WHITE),""2026-01-28 15:03:35"",""0.0"""
"[104433] DRIVER AIDA (36, COGNAC),""2026-01-28 15:03:35"",""0.0"""
"[104434] DRIVER AIDA (37, COGNAC),""2026-01-28 15:03:35"",""0.0"""
"[104435] DRIVER AIDA (38, COGNAC),""2026-01-28 15:03:35"",""0.0"""
"[104436] DRIVER AIDA (39, COGNAC),""2026-01-28 15:03:35"",""0.0"""
"[104437] DRIVER AIDA (40, COGNAC),""2026-01-28 15:03:35"",""0.0"""
"[104438] DRIVER AIDA (36, CREMA),""2026-01-28 15:03:35"",""0.0"""
"[104439] DRIVER AIDA (37, CREMA),""2026-01-28 15:03:35"",""0.0"""
"[104440] DRIVER AIDA (38, CREMA),""2026-01-28 15:03:35"",""0.0"""
"[104441] DRIVER AIDA (39, CREMA),""2026-01-28 15:03:35"",""0.0"""
"[104442] DRIVER AIDA (40, CREMA),""2026-01-28 15:03:35"",""0.0"""
"[104408] DRIVER SONIA (36, VERDE),""2026-01-28 15:04:12"",""0.0"""
"[104409] DRIVER SONIA (37, VERDE),""2026-01-28 15:04:12"",""0.0"""
"[104410] DRIVER SONIA (38, VERDE),""2026-01-28 15:04:12"",""0.0"""
"[104411] DRIVER SONIA (39, VERDE),""2026-01-28 15:04:12"",""0.0"""
"[104412] DRIVER SONIA (40, VERDE),""2026-01-28 15:04:12"",""0.0"""
"[104413] DRIVER SONIA (36, CREMA),""2026-01-28 15:04:12"",""0.0"""
"[104414] DRIVER SONIA (37, CREMA),""2026-01-28 15:04:12"",""0.0"""
"[104415] DRIVER SONIA (38, CREMA),""2026-01-28 15:04:12"",""0.0"""
"[104416] DRIVER SONIA (39, CREMA),""2026-01-28 15:04:12"",""0.0"""
"[104417] DRIVER SONIA (40, CREMA),""2026-01-28 15:04:12"",""0.0"""
"[104418] DRIVER SONIA (36, CAMEL),""2026-01-28 15:04:12"",""0.0"""
"[104419] DRIVER SONIA (37, CAMEL),""2026-01-28 15:04:12"",""0.0"""
"[104420] DRIVER SONIA (38, CAMEL),""2026-01-28 15:04:12"",""0.0"""
"[104421] DRIVER SONIA (39, CAMEL),""2026-01-28 15:04:12"",""0.0"""
"[104422] DRIVER SONIA (40, CAMEL),""2026-01-28 15:04:12"",""0.0"""
"[104423] DRIVER SONIA (36, MARRON),""2026-01-28 15:04:12"",""0.0"""
"[104424] DRIVER SONIA (37, MARRON),""2026-01-28 15:04:12"",""0.0"""
"[104425] DRIVER SONIA (38, MARRON),""2026-01-28 15:04:12"",""0.0"""
"[104426] DRIVER SONIA (39, MARRON),""2026-01-28 15:04:12"",""0.0"""
"[104427] DRIVER SONIA (40, MARRON),""2026-01-28 15:04:12"",""0.0"""
"[103202] MOCHILA PORTIA (NAPOLE, TABACO),""2026-01-28 19:59:34"",""0.0"""
"[104288] SANDALIA LOLA (38, SUELA),""2026-01-29 10:42:02"",""0.0"""
"[104289] SANDALIA LOLA (39, SUELA),""2026-01-29 10:42:02"",""0.0"""
"[104281] SANDALIA LOLA C/TACO (36, SUELA),""2026-01-29 10:45:14"",""0.0"""
"[104282] SANDALIA LOLA C/TACO (37, SUELA),""2026-01-29 10:45:14"",""0.0"""
"[104283] SANDALIA LOLA C/TACO (38, SUELA),""2026-01-29 10:45:14"",""0.0"""
"[104284] SANDALIA LOLA C/TACO (39, SUELA),""2026-01-29 10:45:14"",""0.0"""
"[104285] SANDALIA LOLA C/TACO (40, SUELA),""2026-01-29 10:45:14"",""0.0"""
"[102355] PULSERA TEJIDO 4.0 (19.5),""2026-01-29 13:02:03"",""0.0"""
"[102517] ARO APRETADOR ARGOLLA BOLITA (UN),""2026-01-29 13:02:05"",""0.0"""
"[102602] DIJE INICIAL (2) (M),""2026-01-29 14:41:54"",""3381.4"""
"[103369] ARO PASANTE FLOR MEDIANO (PLATEADO),""2026-01-29 14:51:20"",""431.72"""
"[103368] ARO PASANTE FLOR MEDIANO (DORADO),""2026-01-29 14:51:37"",""437.9200000000001"""
"[103343] ARO PASANTE CONFITE (PLATEADO),""2026-01-29 14:51:49"",""431.72"""
"[103304] ARO PASANTE ARGOLLA GRANDE GLOBO (PLATEADO),""2026-01-29 14:52:21"",""431.72"""
"[103303] ARO PASANTE ARGOLLA GRANDE GLOBO (DORADO),""2026-01-29 14:52:31"",""437.9200000000001"""
"[103441] ARO PASANTE SEMI ESLABON MEDIANO (DORADO),""2026-01-29 14:53:58"",""437.9200000000001"""
"[102197] CADENA FORCET 0.35 (40),""2026-01-29 14:54:31"",""4817.51"""
"[102204] CADENA FORCET FACETADA 0.4 (45),""2026-01-29 14:54:31"",""4903.19"""
"[102215] CADENA FORCET FACETADA LARGA 0.3 (40),""2026-01-29 14:54:31"",""3373.1299999999997"""
"[102216] CADENA FORCET FACETADA LARGA 0.3 (45),""2026-01-29 14:54:31"",""3499.1300000000006"""
"[104059] CADENA ROLO 0.6 (35),""2026-01-29 14:54:31"",""0.0"""
"[102217] CADENA FORCET FACETADA LARGA 0.4 (40),""2026-01-29 14:54:31"",""4286.63"""
"[102203] CADENA FORCET FACETADA 0.4 (40),""2026-01-29 14:54:31"",""4745.69"""
"[102199] CADENA FORCET 0.35 (50),""2026-01-29 14:54:31"",""5290.01"""
"[102225] CADENA GRUMET ALTERNADA 0.4 (40),""2026-01-29 14:54:31"",""4717.97"""
"[102228] CADENA GRUMET DIAMANTADA 0.35 (45),""2026-01-29 14:54:31"",""5560.07"""
"[102230] CADENA GRUMET DIAMANTADA 0.4 (45),""2026-01-29 14:54:31"",""6505.07"""
"[102235] CADENA ROLO 0.25 (40),""2026-01-29 14:54:31"",""5323.5"""
"[102236] CADENA ROLO 0.25 (45),""2026-01-29 14:54:31"",""5638.5"""
"[102239] CADENA ROLO 0.4 (45),""2026-01-29 14:54:31"",""7528.5"""
"[102194] CADENA ESPIGA 0.45,""2026-01-29 14:54:31"",""10637.34"""
"[102237] CADENA ROLO 0.25 (50),""2026-01-29 14:54:31"",""6111.0"""
"[102224] CADENA GRUMET ALTERNADA 0.35 (45),""2026-01-29 14:54:31"",""4718.07"""
"[102226] CADENA GRUMET ALTERNADA 0.4 (45),""2026-01-29 14:54:31"",""5033.07"""
"[102198] CADENA FORCET 0.35 (45),""2026-01-29 14:54:31"",""5132.51"""
"[102240] CADENA ROLO 0.4 (50),""2026-01-29 14:54:31"",""8158.5"""
"[102207] CADENA FORCET FACETADA 0.7 (60),""2026-01-29 14:54:31"",""15490.34"""
"[102238] CADENA ROLO 0.4 (40),""2026-01-29 14:54:31"",""7056.0"""
"[102233] CADENA ROLO 0.6 (45),""2026-01-29 14:54:31"",""14964.5"""
"[102227] CADENA GRUMET DIAMANTADA 0.35 (40),""2026-01-29 14:54:31"",""5245.07"""
"[102229] CADENA GRUMET DIAMANTADA 0.4 (40),""2026-01-29 14:54:31"",""6190.07"""
"[102206] CADENA FORCET FACETADA 0.7 (50),""2026-01-29 14:54:31"",""13442.84"""
"[102234] CADENA ROLO 0.6 (50),""2026-01-29 14:54:31"",""16184.6"""
"[102218] CADENA FORCET FACETADA LARGA 0.4 (45),""2026-01-29 14:54:31"",""4507.13"""
"[102232] CADENA ROLO 0.6 (40),""2026-01-29 14:54:31"",""13744.4"""
"[103430] ARO PASANTE SEMI ARGOLLA SECCIONES (DORADO),""2026-01-29 14:57:27"",""437.92"""
"[103362] ARO PASANTE FLOR BOLITAS (PLATEADO),""2026-01-29 14:58:01"",""369.98"""
"[103426] ARO PASANTE SEMI ARGOLLA PLANA (DORADO),""2026-01-29 14:58:24"",""377.73"""
"[103375] ARO PASANTE GOTA GRANDE (DORADO),""2026-01-29 14:58:39"",""377.73"""
"[102196] CADENA FORCET 1.15 (60),""2026-01-29 14:59:33"",""59490.8"""
"[103314] ARO PASANTE ARGOLLA MEDIANA C/ BOLITAS (PLATEADO),""2026-01-29 14:59:55"",""401.60999999999996"""
"[103439] ARO PASANTE SEMI ESFERA MEDIANA (DORADO),""2026-01-29 15:00:22"",""407.80999999999995"""
"[103344] ARO PASANTE CORAZON CHICO (DORADO),""2026-01-29 15:01:22"",""299.29"""
"[103360] ARO PASANTE ESTRELLA CHICO (PLATEADO),""2026-01-29 15:01:56"",""299.29"""
"[103328] ARO PASANTE BOTON (PLATEADO),""2026-01-29 15:02:23"",""281.2300000000001"""
"[103306] ARO PASANTE ARGOLLA GRANDE PLANA (PLATEADO),""2026-01-29 15:02:33"",""358.2"""
"[103421] ARO PASANTE SEMI ARGOLLA MEDIANA (PLATEADO),""2026-01-29 15:02:58"",""347.66"""
"[103420] ARO PASANTE SEMI ARGOLLA MEDIANA (DORADO),""2026-01-29 15:03:08"",""347.66"""
"[103413] ARO PASANTE SEMI ARGOLLA ESLABON (PLATEADO),""2026-01-29 15:03:19"",""358.2"""
"[103296] ARO PASANTE ARGOLLA CHICA TORZADA (PLATEADO),""2026-01-29 15:04:27"",""347.66"""
"[103295] ARO PASANTE ARGOLLA CHICA TORZADA (DORADO),""2026-01-29 15:04:37"",""347.66"""
"[103309] ARO PASANTE ARGOLLA LISA MEDIANA (DORADO),""2026-01-29 15:04:54"",""484.62"""
"[103407] ARO PASANTE SEMI ARGOLLA CORRUGADA (PLATEADO),""2026-01-29 15:05:03"",""484.62"""
"[103406] ARO PASANTE SEMI ARGOLLA CORRUGADA (DORADO),""2026-01-29 15:05:12"",""484.62"""
"[103379] ARO PASANTE GOTA GRANDE (DORADO),""2026-01-29 15:05:49"",""485.58"""
"[103363] ARO PASANTE FLOR C/ PERLA DORADO,""2026-01-29 15:06:09"",""284.44999999999993"""
"[103805] SET PASANTES PRESION LUNA ESTRELLA PLATEADO,""2026-01-29 15:06:53"",""451.48"""
"[103299] ARO PASANTE ARGOLLA GRANDE DORADO,""2026-01-29 15:07:12"",""511.72"""
"[103333] ARO PASANTE CIRCULOS DORADO,""2026-01-29 15:07:37"",""602.0"""
"[103367] ARO PASANTE FLOR MEDIANA DORADO/NACAR,""2026-01-29 15:08:37"",""752.52"""
"[103446] ARO PASANTE TRIPLE ARGOLLA DORADO,""2026-01-29 15:09:21"",""662.23"""
"[103373] ARO PASANTE GOTA CHICA (DORADO),""2026-01-29 15:12:05"",""496.6700000000001"""
"[103293] ARO PASANTE ARGOLLA CHICA LISA PLATEADO,""2026-01-29 15:13:43"",""496.6700000000001"""
"[103408] ARO PASANTE SEMI ARGOLLA CUADRADA DORADO,""2026-01-29 15:15:18"",""496.66999999999996"""
"[103398] ARO PASANTE MEDIO CIRCULO GRANDE ANCHO (DORADO),""2026-01-29 15:16:31"",""617.03"""
"[103403] ARO PASANTE PICO GRANDE DORADO,""2026-01-29 15:16:40"",""617.03"""
"[103370] ARO PASANTE GANCHO GRANDE (DORADO),""2026-01-29 15:18:04"",""617.0299999999999"""
"[103302] ARO PASANTE ARGOLLA GRANDE GANCHO PLATEADO,""2026-01-29 15:18:26"",""617.03"""
"[103318] ARO PASANTE ARGOLLA MEDIANA GRUESA PLATEADO,""2026-01-29 15:18:35"",""617.0299999999999"""
"[103351] ARO PASANTE CUADRADO GRANDE PLATEADO,""2026-01-29 15:18:57"",""617.03"""
"[103443] ARO PASANTE TRIANGULO GRANDE DORADO,""2026-01-29 15:19:07"",""617.03"""
"[103358] ARO PASANTE ESTILO V MEDIANO (PLATEADO),""2026-01-29 15:19:16"",""617.03"""
"[103338] ARO PASANTE COLGANTE GOTA MEDIANA PLANA (DORADO),""2026-01-29 15:19:34"",""617.03"""
"[103339] ARO PASANTE COLGANTE GOTA MEDIANA PLANA (PLATEADO),""2026-01-29 15:19:44"",""617.03"""
"[103862] SET X3 ANILLOS DORADO/MARRON,""2026-01-29 15:21:15"",""692.29"""
"[103863] SET X3 ANILLOS FINITO/CRUZADO DORADO ,""2026-01-29 15:21:29"",""692.29"""
"[103867] SET X3 ANILLOS PIEDRA CUADRADA/ESLABONES DORADO,""2026-01-29 15:21:38"",""692.2899999999998"""
"[103816] SET X2 ANILLOS INFANTILES HELADO/CORAZON,""2026-01-29 15:22:55"",""125.49"""
"[103156] ZAPATILLA MATEO (40, BORGOÑA),""2026-01-30 11:35:00"",""0.0"""
"[101529] REMERA DANA (M, BLANCO),""2026-01-30 13:13:52"",""8262.81"""
"[101538] REMERA DANA (S, HUESO),""2026-01-30 13:13:53"",""8262.81"""
"[101554] REMERA NOA (M, NEGRO),""2026-01-30 13:13:57"",""6609.92"""
"[101031] MEDIAS MEDIA CAÑA CORTAS (BLANCO),""2026-01-30 13:18:22"",""1072.73"""
"[102658] ANILLO PIEDRA CUBIC CINTILLO (1) (14),""2026-01-30 15:10:20"",""0.0"""
"[102659] ANILLO PIEDRA CUBIC CINTILLO (1) (16),""2026-01-30 15:10:20"",""0.0"""
"[102660] ANILLO PIEDRA CUBIC CINTILLO (1) (18),""2026-01-30 15:10:20"",""0.0"""
"[102661] ANILLO PIEDRA CUBIC CINTILLO (1) (20),""2026-01-30 15:10:20"",""0.0"""
"[102662] ANILLO PIEDRA CUBIC INFINITO (1) (14),""2026-01-30 15:10:20"",""0.0"""
"[102663] ANILLO PIEDRA CUBIC INFINITO (1) (16),""2026-01-30 15:10:20"",""0.0"""
"[102664] ANILLO PIEDRA CUBIC INFINITO (1) (18),""2026-01-30 15:10:20"",""0.0"""
"[102665] ANILLO PIEDRA CUBIC INFINITO (1) (20),""2026-01-30 15:10:20"",""0.0"""
"[102685] ANILLO PIEDRA CUBIC CINTILLO (2) (14),""2026-01-30 15:10:20"",""0.0"""
"[102686] ANILLO PIEDRA CUBIC CINTILLO (2) (16),""2026-01-30 15:10:20"",""0.0"""
"[102687] ANILLO PIEDRA CUBIC CINTILLO (2) (18),""2026-01-30 15:10:20"",""0.0"""
"[102707] ANILLO GRABADO AMOR (14),""2026-01-30 15:10:20"",""0.0"""
"[102708] ANILLO GRABADO AMOR (16),""2026-01-30 15:10:20"",""0.0"""
"[102709] ANILLO GRABADO AMOR (18),""2026-01-30 15:10:20"",""0.0"""
"[102710] ANILLO PIEDRA CUBIC MEDIO SIN FIN (5) (14),""2026-01-30 15:10:20"",""0.0"""
"[102711] ANILLO PIEDRA CUBIC MEDIO SIN FIN (5) (16),""2026-01-30 15:10:20"",""0.0"""
"[102712] ANILLO PIEDRA CUBIC MEDIO SIN FIN (5) (18),""2026-01-30 15:10:20"",""0.0"""
"[102713] ANILLO PIEDRA CUBIC MEDIO SIN FIN (5) (20),""2026-01-30 15:10:20"",""0.0"""
"[102733] ANILLO PIEDRA CUBIC MULTI (8) (14),""2026-01-30 15:10:20"",""0.0"""
"[102734] ANILLO PIEDRA CUBIC MULTI (8) (16),""2026-01-30 15:10:20"",""0.0"""
"[102735] ANILLO PIEDRA CUBIC MULTI (8) (18),""2026-01-30 15:10:20"",""0.0"""
"[102736] ANILLO PIEDRA CUBIC MULTI (8) (20),""2026-01-30 15:10:20"",""0.0"""
"[102737] ANILLO PIEDRA CUBIC INFINITO (2) (14),""2026-01-30 15:10:20"",""0.0"""
"[102738] ANILLO PIEDRA CUBIC INFINITO (2) (16),""2026-01-30 15:10:20"",""0.0"""
"[102739] ANILLO PIEDRA CUBIC INFINITO (2) (18),""2026-01-30 15:10:20"",""0.0"""
"[102740] ANILLO PIEDRA CUBIC INFINITO (2) (20),""2026-01-30 15:10:20"",""0.0"""
"[102754] ARO PASANTE PIEDRA CUBIC CORAZON (9) (UN),""2026-01-30 15:10:20"",""0.0"""
"[102758] ARO PASANTE PIEDRA CUBIC CORAZON (10) (UN),""2026-01-30 15:10:20"",""0.0"""
"[102764] ARO PASANTE PIEDRA CUBIC BARRITA (1) (PAR),""2026-01-30 15:10:20"",""0.0"""
"[102776] ARO PASANTE PIEDRA CUBIC CORAZON (1) (UN),""2026-01-30 15:10:20"",""0.0"""
"[102781] ARO COLGANTE PIEDRA CUBIC CORAZON (UN),""2026-01-30 15:10:20"",""0.0"""
"[102787] ARO PASANTE PIEDRA CUBIC DIJE ESTRELLA (UN),""2026-01-30 15:10:20"",""0.0"""
"[102793] ARO PASANTE PIEDRA CUBIC CRUZ (1) (UN),""2026-01-30 15:10:20"",""0.0"""
"[102795] ARO ARGOLLA (3) (UN),""2026-01-30 15:10:20"",""0.0"""
"[102797] ARO ARGOLLA (8) (UN),""2026-01-30 15:10:20"",""0.0"""
"[102801] ARO ARGOLLA OVAL (UN),""2026-01-30 15:10:20"",""0.0"""
"[102803] ARO ARGOLLA PIEDRA CUBIC (5) (UN),""2026-01-30 15:10:20"",""0.0"""
"[102810] ARO PASANTE PIEDRA CUBIC ESTRELLA (2) (UN),""2026-01-30 15:10:20"",""0.0"""
"[102813] ARO PASANTE PIEDRA CUBIC CORAZON (2) (UN),""2026-01-30 15:10:20"",""0.0"""
"[102814] ARO PASANTE PIEDRA CUBIC CORAZON (3) (UN),""2026-01-30 15:10:20"",""0.0"""
"[102822] ARO PASANTE PIEDRA CUBIC LUNA (1) (UN),""2026-01-30 15:10:20"",""0.0"""
"[102824] ARO PASANTE PIEDRA CUBIC CORAZON (5) (UN),""2026-01-30 15:10:20"",""0.0"""
"[102825] ARO PASANTE PIEDRA CUBIC GOTA (1) (UN),""2026-01-30 15:10:20"",""0.0"""
"[102828] ARO PASANTE PIEDRA CUBIC SOLITARIO (3) (UN),""2026-01-30 15:10:20"",""0.0"""
"[102817] ARO PASANTE PIEDRA CUBIC CORAZON (4) (UN),""2026-01-30 15:10:20"",""0.0"""
"[102832] ARO PASANTE INFINITO (1) (UN),""2026-01-30 15:16:42"",""0.0"""
"[102836] ARO ARGOLLA PIEDRA CUBIC (10) (UN),""2026-01-30 15:16:42"",""0.0"""
"[102841] ARO PASANTE PIEDRA CUBIC FLOR (3) (UN),""2026-01-30 15:16:42"",""0.0"""
"[102842] ARO PASANTE PIEDRA CUBIC FLOR (4) (UN),""2026-01-30 15:16:42"",""0.0"""
"[102844] ARO ARGOLLA PIEDRA CUBIC CORAZON (UN),""2026-01-30 15:16:42"",""0.0"""
"[102845] ARO PASANTE PIEDRA CUBIC ESTRELLA (UN),""2026-01-30 15:16:42"",""0.0"""
"[102846] ARO PASANTE PIEDRA CUBIC CORAZON (6) (UN),""2026-01-30 15:16:42"",""0.0"""
"[102860] ARO PASANTE PIEDRA CUBIC CORAZON (7) (UN),""2026-01-30 15:16:42"",""0.0"""
"[102861] ARO PASANTE PIEDRA CUBIC CORAZON (8) (UN),""2026-01-30 15:16:42"",""0.0"""
"[102863] ARO PASANTE CORAZON (6) (UN),""2026-01-30 15:16:42"",""0.0"""
"[102864] ARO PASANTE CORAZON (7) (UN),""2026-01-30 15:16:42"",""0.0"""
"[102865] ARO PASANTE CORAZON (8) (UN),""2026-01-30 15:16:42"",""0.0"""
"[102905] ARO PASANTE PIEDRA CUBIC BARRITA (2) (UN),""2026-01-30 15:16:42"",""0.0"""
"[102922] ARO PASANTE CORAZON (9) (UN),""2026-01-30 15:16:42"",""0.0"""
"[102923] ARO PASANTE LUNA (UN),""2026-01-30 15:16:42"",""0.0"""
"[102925] ARO PASANTE PIEDRA CUBIC CORAZONES (1) (UN),""2026-01-30 15:16:42"",""0.0"""
"[102928] ARO PASANTE PIEDRA CUBIC MOÑO (UN),""2026-01-30 15:16:42"",""0.0"""
"[102932] ARO PASANTE INFINITO (2) (UN),""2026-01-30 15:16:42"",""0.0"""
"[102941] COLLAR CADENA VENECIANA CON DIJE PIEDRA CUBIC CIRCULAR,""2026-01-30 15:16:42"",""0.0"""
"[102942] COLLAR CADENA VENECIANA CON DIJES PIEDRA CUBIC HIJO NIÑO Y CORAZON (2),""2026-01-30 15:16:42"",""0.0"""
"[102943] COLLAR CADENA VENECIANA CON DIJES PIEDRA CUBIC HIJO NIÑA Y CORAZON (2),""2026-01-30 15:16:42"",""0.0"""
"[102961] DIJE PIEDRA CUBIC LLAVE,""2026-01-30 15:16:42"",""0.0"""
"[102968] DIJE CORAZON (2),""2026-01-30 15:16:42"",""0.0"""
"[102975] DIJE PIEDRA CUBIC CORAZON (1),""2026-01-30 15:16:42"",""0.0"""
"[102978] DIJE CORAZON (3),""2026-01-30 15:16:42"",""0.0"""
"[102979] DIJE PIEDRA CUBIC CORAZON (2),""2026-01-30 15:16:42"",""0.0"""
"[102264] DIJE CRUZ (3),""2026-01-30 16:15:45"",""2484.41"""
"[103165] MOCHILA LIBRA (CHOCOLATE),""2026-01-31 16:36:00"",""0.0"""
"[101406] PORTALENTES LUZ BIFAZ (AZUL),""2026-02-01 14:54:50"",""0.0"""
"[103940] SHOPPER MARU (BLANCO),""2026-02-01 17:11:22"",""0.0"""
"[100540] CARTERA LISBOA (GAMUZA, GRIS OSCURO/TABACO),""2026-02-02 12:35:37"",""0.0"""
"[100543] CARTERA LISBOA (GAMUZA, OXIDO/TABACO),""2026-02-02 12:35:41"",""0.0"""
"[100549] CARTERA LISBOA (IGUANA, VERDE),""2026-02-02 12:35:42"",""0.0"""
"[103239] PRODUCTO OUTLET 5990,""2026-02-02 14:32:01"",""1980.17"""
"[103247] PRODUCTO OUTLET 29990,""2026-02-02 14:32:21"",""9914.05"""
"[103242] PRODUCTO OUTLET 8990,""2026-02-02 14:32:40"",""2971.9"""
"[103255] PRODUCTO OUTLET 69990,""2026-02-02 14:33:09"",""23137.19"""
"[103249] PRODUCTO OUTLET 39990,""2026-02-02 14:33:21"",""13219.829999999998"""
"[103258] PRODUCTO OUTLET 99990,""2026-02-02 14:33:44"",""33054.55"""
"[103259] PRODUCTO OUTLET 129990,""2026-02-02 14:34:02"",""42971.9"""
"[100601] CARTUCHERA MONT (BRIDGE, CARAMELO),""2026-02-02 15:23:20"",""6609.92"""
"[100604] CARTUCHERA MONT (BRIDGE, ROJO),""2026-02-02 15:23:20"",""6609.92"""
"[100605] CARTUCHERA MONT (BRIDGE, TABACO),""2026-02-02 15:23:20"",""6609.92"""
"[100609] CARTUCHERA MONT (MODENA, VERDE),""2026-02-02 15:23:20"",""6609.92"""
"[101261] PORTABILLETES CORVUS (CARAMELO),""2026-02-02 15:26:41"",""6609.920000000001"""
"[101263] PORTABILLETES CORVUS (NEGRO),""2026-02-02 15:26:41"",""6609.92"""
"[101264] PORTABILLETES CORVUS (ROJO),""2026-02-02 15:26:41"",""6609.92"""
"[101265] PORTABILLETES CORVUS (TABACO),""2026-02-02 15:26:41"",""6609.920000000001"""
"[103740] SCRAP BIJOU 1990,""2026-02-03 14:37:45"",""0.0"""
"[103744] SCRAP BIJOU 5990,""2026-02-03 14:38:01"",""0.0"""
"[103745] SCRAP BIJOU 6990,""2026-02-03 14:38:21"",""0.0"""
"[103741] SCRAP BIJOU 2990,""2026-02-03 14:38:51"",""0.0"""
"[103743] SCRAP BIJOU 4990,""2026-02-03 14:39:21"",""0.0"""
"[103777] SCRAP PELO 6990,""2026-02-03 14:41:26"",""0.0"""
"[103776] SCRAP PELO 3990,""2026-02-03 14:41:28"",""0.0"""
"[103775] SCRAP PELO 2990,""2026-02-03 14:41:30"",""0.0"""
"[103861] SET X3 ANILLOS CORAZON/LUNA/ESTRELLA DORADO,""2026-02-03 14:43:02"",""0.0"""
"[103806] SET PASANTES PRESION PERLA DORADO,""2026-02-03 14:45:44"",""0.0"""
"[103805] SET PASANTES PRESION LUNA ESTRELLA PLATEADO,""2026-02-03 14:46:40"",""0.0"""
"[103333] ARO PASANTE CIRCULOS DORADO,""2026-02-03 14:47:06"",""0.0"""
"[103408] ARO PASANTE SEMI ARGOLLA CUADRADA DORADO,""2026-02-03 14:47:32"",""0.0"""
"[103301] ARO PASANTE ARGOLLA GRANDE ESCAMAS (PLATEADO),""2026-02-03 14:47:50"",""0.0"""
"[103322] ARO PASANTE ARGOLLA MEDIANA TORCIDA (PLATEADO),""2026-02-03 14:48:03"",""0.0"""
"[103508] CADENA LETRA (L, PLATEADO),""2026-02-03 14:48:47"",""0.0"""
"[103280] ARMA TU LOOK (LETRAS FLUO TRANSPARENTES),""2026-02-03 14:49:32"",""0.0"""
"[103818] SET X2 BROCHES MEDIANOS C/ MOÑO,""2026-02-03 14:51:13"",""0.0"""
"[103662] PULSERA CUENTAS VIDRIO REDONDAS/FASCETADAS ROSA,""2026-02-03 14:53:10"",""0.0"""
"[103650] PULSERA CUENTAS C/ CRUZ MADERA,""2026-02-03 14:54:00"",""0.0"""
"[103677] PULSERA HILO REGULABLE C/ OJO TURCO AZUL/NEGRO,""2026-02-03 14:54:25"",""0.0"""
"[103696] PULSERA HILO TRENZADO REGULABLE C/ OJO TURCO REDONDO CAMEL,""2026-02-03 14:56:14"",""0.0"""
"[103713] PULSERA REGULABLE MOSTACILLA C/ OJO ROJO,""2026-02-03 14:56:31"",""0.0"""
"[102199] CADENA FORCET 0.35 (50),""2026-02-03 15:28:07"",""5290.01"""
"[102596] DIJE INICIAL (2) (G),""2026-02-03 15:28:07"",""3828.0"""
"[101725] TARJETERO HARRY (BRIDGE, NEGRO),""2026-02-03 15:55:24"",""4957.02"""
"[101727] TARJETERO HARRY (BRIDGE, TABACO),""2026-02-03 15:55:24"",""4957.0199999999995"""
"[101731] TARJETERO HARRY (NAPADO, CARAMELO),""2026-02-03 15:55:24"",""4957.02"""
"[101732] TARJETERO HARRY (NAPADO, NEGRO),""2026-02-03 15:55:24"",""4957.0199999999995"""
"[101734] TARJETERO HARRY (NAPADO, SUELA),""2026-02-03 15:55:24"",""4957.02"""
"[101458] PORTAPASAPORTE CHESTER BIFAZ (NEGRO/SUELA),""2026-02-03 15:58:17"",""2808.26"""
"[101457] PORTAPASAPORTE CHESTER BIFAZ (AZUL/SUELA),""2026-02-03 15:58:17"",""2808.26"""
"[101459] PORTAPASAPORTE CHESTER BIFAZ (VERDE/SUELA),""2026-02-03 15:58:17"",""2808.26"""
"[101465] PORTAPASAPORTE RON (BRIDGE, TABACO),""2026-02-03 16:00:11"",""2642.98"""
"[101464] PORTAPASAPORTE RON (BRIDGE, ROJO),""2026-02-03 16:00:11"",""2642.98"""
"[100693] CINTURON GUS (85, SUELA),""2026-02-03 20:18:43"",""0.0"""
"[101826] TOTE TILCARA (NEGRO),""2026-02-04 12:17:54"",""0.0"""
"[103000] BOMBACHA NIÑA (4/5),""2026-02-04 14:42:41"",""0.0"""
"[103004] COLALESS (XS),""2026-02-04 14:45:14"",""0.0"""
"[103005] COLALESS (S),""2026-02-04 14:45:47"",""0.0"""
"[103006] COLALESS (M),""2026-02-04 14:46:10"",""0.0"""
"[103007] COLALESS (L),""2026-02-04 14:46:31"",""0.0"""
"[103008] VEDETINA (XS),""2026-02-04 14:47:43"",""0.0"""
"[103009] VEDETINA (S),""2026-02-04 14:48:02"",""0.0"""
"[103010] VEDETINA (M),""2026-02-04 14:48:19"",""0.0"""
"[103011] VEDETINA (L),""2026-02-04 14:48:37"",""0.0"""
"[103012] CULOTTE (XS),""2026-02-04 14:49:02"",""0.0"""
"[103013] CULOTTE (S),""2026-02-04 14:49:17"",""0.0"""
"[103014] CULOTTE (M),""2026-02-04 14:49:32"",""0.0"""
"[103015] CULOTTE (L),""2026-02-04 14:49:48"",""0.0"""
"[101705] TARJETERO BILL (BRIDGE, CARAMELO),""2026-02-04 15:16:19"",""3634.7100000000005"""
"[101706] TARJETERO BILL (BRIDGE, NEGRO),""2026-02-04 15:16:19"",""3634.71"""
"[101707] TARJETERO BILL (BRIDGE, ROJO),""2026-02-04 15:16:19"",""3634.71"""
"[101709] TARJETERO BILL (BRIDGE, TABACO),""2026-02-04 15:16:19"",""3634.71"""
"[101717] TARJETERO BILL (MODENA, VERDE),""2026-02-04 15:16:19"",""3634.71"""
"[101721] TARJETERO BILL (NAPADO, SUELA),""2026-02-04 15:16:19"",""3634.7100000000005"""
"[102989] CHALECO INDIGO (BEIGE),""2026-02-04 15:27:56"",""0.0"""
"[103518] CARTUCHERA CILINDRO (GRIS),""2026-02-05 12:31:04"",""0.0"""
"[103540] CARTUCHERA LUNA (PU, VISON),""2026-02-05 12:31:06"",""0.0"""
"[103953] SOBRE ANALIA CHICO (PU, BORDO),""2026-02-05 12:31:23"",""0.0"""
"[103957] SOBRE ANALIA CHICO (PU, SALMON),""2026-02-05 12:31:29"",""0.0"""
"[102042] ANILLO PIEDRA CUBIC MULTI (3) (18, GRANATE),""2026-02-05 12:45:01"",""5134.75"""
"[102608] DIJE INICIAL (2) (S),""2026-02-05 13:23:44"",""3636.6"""
"[102485] DIJE CRUZ (7),""2026-02-05 13:38:37"",""4389.0"""
"[102226] CADENA GRUMET ALTERNADA 0.4 (45),""2026-02-05 13:38:37"",""5033.07"""
"[103245] PRODUCTO OUTLET 19990,""2026-02-05 14:03:23"",""6608.26"""
"[103256] PRODUCTO OUTLET 79990,""2026-02-05 14:05:02"",""26442.98"""
"[103258] PRODUCTO OUTLET 99990,""2026-02-05 14:05:43"",""33054.55"""
"[103249] PRODUCTO OUTLET 39990,""2026-02-05 14:06:31"",""13219.830000000002"""
"[101744] TARJETERO JUAN (MODENA, AZUL),""2026-02-05 14:49:04"",""0.0"""
"[103258] PRODUCTO OUTLET 99990,""2026-02-05 15:23:05"",""0.0"""
"[101600] SANDALIA LOLA C/TACO (38, NEGRO),""2026-02-05 15:24:12"",""16527.27"""
"[101601] SANDALIA LOLA C/TACO (39, NEGRO),""2026-02-05 15:24:12"",""16527.27"""
"[101602] SANDALIA LOLA C/TACO (40, NEGRO),""2026-02-05 15:24:12"",""16527.27"""
"[101590] SANDALIA LOLA (38, NEGRO),""2026-02-05 15:25:45"",""16527.27"""
"[101591] SANDALIA LOLA (39, NEGRO),""2026-02-05 15:25:45"",""16527.27"""
"[103252] PRODUCTO OUTLET 54990,""2026-02-06 09:56:19"",""0.0"""
"[103249] PRODUCTO OUTLET 39990,""2026-02-06 10:05:24"",""0.0"""
"[103767] SCRAP MARRO GRANDE 19990,""2026-02-06 14:46:40"",""0.0"""
"[103864] SET X3 ANILLOS MOÑO/ESLABON/OJO TURCO DORADO,""2026-02-06 15:02:34"",""692.29"""
"[103868] SET X3 ANILLOS PIEDRA CUADRADA/LISO PLATEADO,""2026-02-06 15:02:34"",""692.29"""
"[103345] ARO PASANTE CORAZON CHICO (PLATEADO),""2026-02-06 15:02:34"",""305.48"""
"[103352] ARO PASANTE CURVO CHICO (DORADO),""2026-02-06 15:02:34"",""305.48"""
"[103362] ARO PASANTE FLOR BOLITAS (PLATEADO),""2026-02-06 15:02:34"",""369.98"""
"[103444] ARO PASANTE TRIPLE ARGOLLA BOLITAS (DORADO),""2026-02-06 15:02:34"",""602.0"""
"[103882] SET X3 PASANTES SEMI ARGOLLA PLATEADO,""2026-02-06 15:02:34"",""421.41"""
"[103899] SET X4 HEBILLAS CEREZAS ROJO,""2026-02-06 15:02:34"",""344.09"""
"[103474] BROCHE GRANDE MATE VERDE,""2026-02-06 15:02:34"",""344.08"""
"[103402] ARO PASANTE METAL NIDO TRENZADO DORADO,""2026-02-06 15:02:34"",""692.29"""
"[103438] ARO PASANTE SEMI ESFERA CHICA (PLATEADO),""2026-02-06 15:02:34"",""496.67"""
"[103290] ARO PASANTE ARGOLLA BOLITAS (PLATEADO),""2026-02-06 15:02:34"",""496.66999999999996"""
"[103391] ARO PASANTE IRREGULAR CHICO SIMIL ARGOLLA DORADO,""2026-02-06 15:02:34"",""496.67"""
"[103388] ARO PASANTE HEXAGONAL MEDIANO PLATEADO,""2026-02-06 15:02:34"",""496.67"""
"[103308] ARO PASANTE ARGOLLA GRANDE PLANA (PLATEADO),""2026-02-06 15:02:34"",""617.07"""
"[103315] ARO PASANTE ARGOLLA MEDIANA DORADO,""2026-02-06 15:02:34"",""496.67"""
"[103867] SET X3 ANILLOS PIEDRA CUADRADA/ESLABONES DORADO,""2026-02-06 15:02:34"",""692.2899999999998"""
"[103866] SET X3 ANILLOS PERLITA/MEDIA CRUZ DORADO,""2026-02-06 15:02:34"",""692.29"""
"[103418] ARO PASANTE SEMI ARGOLLA GRANDE PLANA (DORADO),""2026-02-06 15:02:34"",""437.92"""
"[104140] ARO PASANTE CHISPA 4 PUNTAS NIQUEL 6 MM,""2026-02-06 15:02:34"",""177.36"""
"[103932] SET X7 MINI BROCHES SURTIDOS PASTEL,""2026-02-06 15:02:34"",""145.56"""
"[103365] ARO PASANTE FLOR MEDIANA CALADO (DORADO),""2026-02-06 15:02:34"",""437.92"""
"[103803] SET PASANTES PRESION 3 ESTRELLAS PLATEADO,""2026-02-06 15:02:34"",""421.4100000000001"""
"[103332] ARO PASANTE CIRCULO DORADO/NACAR,""2026-02-06 15:02:34"",""993.34"""
"[103353] ARO PASANTE CURVO CHICO (PLATEADO),""2026-02-06 15:02:34"",""299.29"""
"[103327] ARO PASANTE BOTON (DORADO),""2026-02-06 15:02:34"",""287.42"""
"[103305] ARO PASANTE ARGOLLA GRANDE PLANA (DORADO),""2026-02-06 15:02:34"",""358.2"""
"[103404] ARO PASANTE SEMI ARGOLLA CHICA (DORADO),""2026-02-06 15:02:34"",""316.06"""
"[103424] ARO PASANTE SEMI ARGOLLA METAL CAÑO GRUESO (DORADO),""2026-02-06 15:02:34"",""368.73"""
"[103328] ARO PASANTE BOTON (PLATEADO),""2026-02-06 15:02:34"",""281.23"""
"[103905] SET X4 MINI GOMITAS RAYADAS C/ BOLITAS,""2026-02-06 15:02:34"",""133.98"""
"[102997] BOMBACHA NIÑA (0),""2026-02-06 15:02:34"",""0.0"""
"[103864] SET X3 ANILLOS MOÑO/ESLABON/OJO TURCO DORADO,""2026-02-06 15:03:36"",""692.29"""
"[103868] SET X3 ANILLOS PIEDRA CUADRADA/LISO PLATEADO,""2026-02-06 15:03:36"",""692.29"""
"[103345] ARO PASANTE CORAZON CHICO (PLATEADO),""2026-02-06 15:03:36"",""305.48"""
"[103352] ARO PASANTE CURVO CHICO (DORADO),""2026-02-06 15:03:36"",""305.48"""
"[103362] ARO PASANTE FLOR BOLITAS (PLATEADO),""2026-02-06 15:03:36"",""369.98"""
"[103444] ARO PASANTE TRIPLE ARGOLLA BOLITAS (DORADO),""2026-02-06 15:03:36"",""602.0"""
"[103882] SET X3 PASANTES SEMI ARGOLLA PLATEADO,""2026-02-06 15:03:36"",""421.41"""
"[103899] SET X4 HEBILLAS CEREZAS ROJO,""2026-02-06 15:03:36"",""344.09"""
"[103474] BROCHE GRANDE MATE VERDE,""2026-02-06 15:03:36"",""344.08"""
"[103402] ARO PASANTE METAL NIDO TRENZADO DORADO,""2026-02-06 15:03:36"",""692.29"""
"[103438] ARO PASANTE SEMI ESFERA CHICA (PLATEADO),""2026-02-06 15:03:36"",""496.67"""
"[103290] ARO PASANTE ARGOLLA BOLITAS (PLATEADO),""2026-02-06 15:03:36"",""496.66999999999996"""
"[103391] ARO PASANTE IRREGULAR CHICO SIMIL ARGOLLA DORADO,""2026-02-06 15:03:36"",""496.67"""
"[103388] ARO PASANTE HEXAGONAL MEDIANO PLATEADO,""2026-02-06 15:03:36"",""496.67"""
"[103308] ARO PASANTE ARGOLLA GRANDE PLANA (PLATEADO),""2026-02-06 15:03:36"",""617.07"""
"[103315] ARO PASANTE ARGOLLA MEDIANA DORADO,""2026-02-06 15:03:36"",""496.67"""
"[103867] SET X3 ANILLOS PIEDRA CUADRADA/ESLABONES DORADO,""2026-02-06 15:03:36"",""692.2899999999998"""
"[103866] SET X3 ANILLOS PERLITA/MEDIA CRUZ DORADO,""2026-02-06 15:03:36"",""692.29"""
"[103418] ARO PASANTE SEMI ARGOLLA GRANDE PLANA (DORADO),""2026-02-06 15:03:36"",""437.92"""
"[104140] ARO PASANTE CHISPA 4 PUNTAS NIQUEL 6 MM,""2026-02-06 15:03:36"",""177.36"""
"[103932] SET X7 MINI BROCHES SURTIDOS PASTEL,""2026-02-06 15:03:36"",""145.56"""
"[103365] ARO PASANTE FLOR MEDIANA CALADO (DORADO),""2026-02-06 15:03:36"",""437.92"""
"[103803] SET PASANTES PRESION 3 ESTRELLAS PLATEADO,""2026-02-06 15:03:36"",""421.4100000000001"""
"[103332] ARO PASANTE CIRCULO DORADO/NACAR,""2026-02-06 15:03:36"",""993.34"""
"[103353] ARO PASANTE CURVO CHICO (PLATEADO),""2026-02-06 15:03:36"",""299.29"""
"[103327] ARO PASANTE BOTON (DORADO),""2026-02-06 15:03:36"",""287.42"""
"[103305] ARO PASANTE ARGOLLA GRANDE PLANA (DORADO),""2026-02-06 15:03:36"",""358.2"""
"[103404] ARO PASANTE SEMI ARGOLLA CHICA (DORADO),""2026-02-06 15:03:36"",""316.06"""
"[103424] ARO PASANTE SEMI ARGOLLA METAL CAÑO GRUESO (DORADO),""2026-02-06 15:03:36"",""368.73"""
"[103328] ARO PASANTE BOTON (PLATEADO),""2026-02-06 15:03:36"",""281.22999999999996"""
"[103905] SET X4 MINI GOMITAS RAYADAS C/ BOLITAS,""2026-02-06 15:03:36"",""133.98"""
"[102997] BOMBACHA NIÑA (0),""2026-02-06 15:03:36"",""0.0"""
"[101576] RIÑONERA EVAN FULL BLACK CHICA,""2026-02-08 11:36:43"",""0.0"""
"[103558] CHALINA OPORTUNIDAD,""2026-02-09 12:29:36"",""0.0"""
"[103559] CHALINA SELECCION,""2026-02-09 12:30:00"",""0.0"""
"[103736] SCRAP BEAUTY 6990,""2026-02-09 12:34:43"",""0.0"""
"[103737] SCRAP BEAUTY 7990,""2026-02-09 12:35:26"",""0.0"""
"[103739] SCRAP BEAUTY 9990,""2026-02-09 12:36:16"",""0.0"""
"[103750] SCRAP HOME 29990,""2026-02-09 12:40:45"",""0.0"""
"[103752] SCRAP HOME 4990,""2026-02-09 12:44:39"",""0.0"""
"[103754] SCRAP HOME 6990,""2026-02-09 12:48:45"",""0.0"""
"[103756] SCRAP HOME 8990,""2026-02-09 12:49:03"",""0.0"""
"[103760] SCRAP MARRO CHICA 4990,""2026-02-09 12:50:24"",""0.0"""
"[103763] SCRAP MARRO CHICA 7990,""2026-02-09 12:53:51"",""0.0"""
"[103765] SCRAP MARRO CHICA 9990,""2026-02-09 12:56:18"",""0.0"""
"[103771] SCRAP MARRO GRANDE 39990,""2026-02-09 13:01:59"",""0.0"""
"[103540] CARTUCHERA LUNA (PU, VISON),""2026-02-09 13:02:52"",""1780.52"""
"[103779] SCRAP TEXTIL 19990,""2026-02-09 13:02:52"",""0.0"""
"[103781] SCRAP TEXTIL 29990,""2026-02-09 13:03:53"",""0.0"""
"[103785] SCRAP TEXTIL 7990,""2026-02-09 13:04:53"",""0.0"""
"[103787] SCRAP TEXTIL 9990,""2026-02-09 13:05:14"",""0.0"""
"[101785] TARJETERO RUBI (BRIDGE, NEGRO),""2026-02-09 13:20:35"",""2477.69"""
"[101786] TARJETERO RUBI (BRIDGE, ROJO),""2026-02-09 13:20:35"",""2477.69"""
"[101787] TARJETERO RUBI (BRIDGE, TABACO),""2026-02-09 13:20:35"",""2477.69"""
"[101788] TARJETERO RUBI (BRIDGE, VERDE),""2026-02-09 13:20:35"",""2477.69"""
"[103215] TARJETERO RUBI (NAPADO, VERDE),""2026-02-09 13:20:35"",""2477.69"""
"[100472] CARTERA APHOLO C/CIERRE (BRIDGE, TABACO),""2026-02-09 13:29:19"",""0.0"""
"[102734] ANILLO PIEDRA CUBIC MULTI (8) (16),""2026-02-10 15:53:40"",""0.0"""
"[103640] PULSERA CRISTAL REDONDO C/ MARIPOSAS NEGRO,""2026-02-10 15:54:50"",""580.17"""
"[103665] PULSERA CUENTAS VIDRIO REDONDAS/OVALADAS GRIS,""2026-02-10 15:57:14"",""580.17"""
"[103637] PULSERA CRISTAL FASCETADO TORNASOL VERDE,""2026-02-10 15:57:34"",""519.96"""
"[103660] PULSERA CUENTAS VIDRIO REDONDAS/FASCETADAS COBRE,""2026-02-10 15:57:54"",""550.06"""
"[103661] PULSERA CUENTAS VIDRIO REDONDAS/FASCETADAS ROJO,""2026-02-10 15:58:04"",""550.06"""
"[103659] PULSERA CUENTAS VIDRIO REDONDAS/FASCETADAS CELESTE,""2026-02-10 15:58:21"",""550.06"""
"[103662] PULSERA CUENTAS VIDRIO REDONDAS/FASCETADAS ROSA,""2026-02-10 15:58:32"",""550.06"""
"[103655] PULSERA CUENTAS VIDRIO REDONDAS/CUADRADAS/FASCETADAS NEGRO,""2026-02-10 15:59:10"",""580.17"""
"[103669] PULSERA DISCOS MADERA C/ VIRGENCITA NEGRO,""2026-02-10 15:59:30"",""550.06"""
"[103650] PULSERA CUENTAS C/ CRUZ MADERA,""2026-02-10 15:59:39"",""580.17"""
"[103651] PULSERA CUENTAS FLOREADAS NARANJA,""2026-02-10 15:59:49"",""580.17"""
"[103634] PULSERA CANUTILLO METAL/FASCETADAS C/ DIJES,""2026-02-10 16:00:07"",""580.17"""
"[103635] PULSERA CANUTILLO METAL/FASCETADAS C/ MARIPOSAS,""2026-02-10 16:00:15"",""580.17"""
"[103636] PULSERA CANUTILLO METAL/REDONDAS TORNASOL PLATEADO,""2026-02-10 16:00:23"",""489.84999999999997"""
"[103673] PULSERA FASCETADA REDONDA/OJO TURCO TRANSPARENTE,""2026-02-10 16:00:34"",""414.60999999999996"""
"[103807] SET PULSERAS INFANTIL LOVE,""2026-02-10 16:01:17"",""361.21"""
"[103680] PULSERA HILO REGULABLE OJO TURCO CELESTE/PLATEADO ,""2026-02-10 16:01:44"",""391.30000000000007"""
"[103679] PULSERA HILO REGULABLE FASCETADO C/ OJO TURCO BLANCO,""2026-02-10 16:02:44"",""391.3"""
"[103693] PULSERA HILO TRENZADO REGULABLE C/ MANITO CELESTE,""2026-02-10 16:03:16"",""391.30000000000007"""
"[103702] PULSERA REGULABLE CANUTILLO C/ TRIANGULO BRILLO ROJO/BLANCO,""2026-02-10 16:03:28"",""391.3"""
"[103704] PULSERA REGULABLE CUENTAS C/ DIJE MANITO ROJO,""2026-02-10 16:03:48"",""391.30000000000007"""
"[103700] PULSERA REGULABLE CANUTILLO C/ CORAZON ROJO,""2026-02-10 16:04:12"",""391.3"""
"[103709] PULSERA REGULABLE MOSTACILLA C/ CARACOLES ROJO,""2026-02-10 16:04:42"",""391.3"""
"[103711] PULSERA REGULABLE MOSTACILLA C/ FLOR ROJO/BLANCO,""2026-02-10 16:05:09"",""391.3"""
"[103701] PULSERA REGULABLE CANUTILLO C/ CORAZON ROJO/BLANCO,""2026-02-10 16:05:19"",""391.3"""
"[103675] PULSERA HILO REGULABLE C/ CRUZ DORADO/NEGRO,""2026-02-10 16:05:27"",""391.3"""
"[103712] PULSERA REGULABLE MOSTACILLA C/ MANITO NEGRO/CELESTE,""2026-02-10 16:05:41"",""421.41"""
"[103716] PULSERA REGULABLE MOSTACILLA FASCETADA C/ OJO TURCO CELESTE,""2026-02-10 16:05:50"",""421.41"""
"[103706] PULSERA REGULABLE FASCETADA/DISCOS NEGRO/CELESTE,""2026-02-10 16:06:01"",""421.41"""
"[103707] PULSERA REGULABLE FASCETADAS C/ CORAZON PLATEADO/ROJO,""2026-02-10 16:06:24"",""421.41"""
"[101776] TARJETERO ROMA (BRIDGE, CARAMELO),""2026-02-10 16:08:48"",""1981.82"""
"[101777] TARJETERO ROMA (BRIDGE, CHOCOLATE),""2026-02-10 16:08:48"",""1981.8200000000002"""
"[100538] CARTERA LISBOA (GAMUZA, AZUL/CARAMELO),""2026-02-10 23:52:14"",""0.0"""
"[103187] CARTERA VERA (NOBUCK, CAFE),""2026-02-10 23:52:16"",""0.0"""
"[103121] SOMBRERO RAFIA (M, TOSTADO/NEGRO),""2026-02-11 13:58:03"",""0.0"""
"[103551] CARTUCHERA PU (PU, CORAL),""2026-02-11 15:22:19"",""0.0"""
"[103557] CARTUCHERA PU (PU, VERDE),""2026-02-11 15:22:19"",""0.0"""
"[103966] SOBRE ANALIA GRANDE (PU, GRIS),""2026-02-11 15:22:19"",""0.0"""
"[103967] SOBRE ANALIA GRANDE (PU, NEGRO),""2026-02-11 15:22:19"",""0.0"""
"[102678] ANILLO DOBLE CINTA (14),""2026-02-11 15:52:21"",""0.0"""
"[102679] ANILLO DOBLE CINTA (16),""2026-02-11 15:52:21"",""0.0"""
"[102680] ANILLO DOBLE CINTA (18),""2026-02-11 15:52:21"",""0.0"""
"[102692] ANILLO TRIPLE CINTA (14),""2026-02-11 15:52:21"",""0.0"""
"[102693] ANILLO TRIPLE CINTA (16),""2026-02-11 15:52:21"",""0.0"""
"[102694] ANILLO TRIPLE CINTA (18),""2026-02-11 15:52:21"",""0.0"""
"[102695] ANILLO TRIPLE CINTA (20),""2026-02-11 15:52:21"",""0.0"""
"[102696] ANILLO BOMBE (6) (14),""2026-02-11 15:52:21"",""0.0"""
"[102697] ANILLO BOMBE (6) (16),""2026-02-11 15:52:21"",""0.0"""
"[102698] ANILLO BOMBE (6) (18),""2026-02-11 15:52:21"",""0.0"""
"[102699] ANILLO BOMBE (6) (20),""2026-02-11 15:52:21"",""0.0"""
"[102700] ANILLO GRABADO PAZ (14),""2026-02-11 15:52:21"",""0.0"""
"[102701] ANILLO GRABADO PAZ (16),""2026-02-11 15:52:21"",""0.0"""
"[102702] ANILLO GRABADO PAZ (18),""2026-02-11 15:52:21"",""0.0"""
"[102703] ANILLO GRABADO PAZ (20),""2026-02-11 15:52:21"",""0.0"""
"[102704] ANILLO GRABADO GOOD VIBES (14),""2026-02-11 15:52:21"",""0.0"""
"[102705] ANILLO GRABADO GOOD VIBES (16),""2026-02-11 15:52:21"",""0.0"""
"[102706] ANILLO GRABADO GOOD VIBES (18),""2026-02-11 15:52:21"",""0.0"""
"[102718] ANILLO CRUZ (2) (14),""2026-02-11 15:52:21"",""0.0"""
"[102719] ANILLO CRUZ (2) (16),""2026-02-11 15:52:21"",""0.0"""
"[102720] ANILLO CRUZ (2) (18),""2026-02-11 15:52:21"",""0.0"""
"[102724] ANILLO BOMBE (7) (14),""2026-02-11 15:52:21"",""0.0"""
"[102725] ANILLO BOMBE (7) (16),""2026-02-11 15:52:21"",""0.0"""
"[102726] ANILLO BOMBE (7) (18),""2026-02-11 15:52:21"",""0.0"""
"[102747] ANILLO PIEDRA CUBIC CRUZ (14),""2026-02-11 15:52:21"",""0.0"""
"[102748] ANILLO PIEDRA CUBIC CRUZ (16),""2026-02-11 15:52:21"",""0.0"""
"[102749] ANILLO PIEDRA CUBIC CRUZ (18),""2026-02-11 15:52:21"",""0.0"""
"[102750] ANILLO PIEDRA CUBIC CRUZ (20),""2026-02-11 15:52:21"",""0.0"""
"[102751] ARO PASANTE PIEDRA CUBIC GEOMETRICO (13) (UN),""2026-02-11 15:52:21"",""0.0"""
"[102752] ARO PASANTE PIEDRA CUBIC CUBO (UN),""2026-02-11 15:52:21"",""0.0"""
"[102753] ARO PASANTE PIEDRA CUBIC CORAZONES (2) (UN),""2026-02-11 15:52:21"",""0.0"""
"[102755] ARO ARGOLLA PIEDRA CUBIC (1) (UN),""2026-02-11 15:52:21"",""0.0"""
"[102757] ARO PASANTE PIEDRA CUBIC CIRCULAR (3) (UN),""2026-02-11 15:52:21"",""0.0"""
"[102761] ARO PASANTE PIEDRA CUBIC FLOR (5) (UN),""2026-02-11 15:52:21"",""0.0"""
"[102763] ARO PASANTE PIEDRA CUBIC MARIPOSA (UN),""2026-02-11 15:52:21"",""0.0"""
"[102768] ARO PASANTE PIEDRA CUBIC INICIAL (UN) (A),""2026-02-11 15:52:21"",""0.0"""
"[102769] ARO PASANTE PIEDRA CUBIC INICIAL (UN) (C),""2026-02-11 15:52:21"",""0.0"""
"[102770] ARO PASANTE PIEDRA CUBIC INICIAL (UN) (D),""2026-02-11 15:52:21"",""0.0"""
"[102771] ARO PASANTE PIEDRA CUBIC INICIAL (UN) (B),""2026-02-11 15:52:21"",""0.0"""
"[102775] ARO PASANTE ESTRELLA DE MAR (UN),""2026-02-11 15:52:21"",""0.0"""
"[102783] ARO PASANTE PIEDRA CUBIC DIJE OJO (UN),""2026-02-11 15:52:21"",""0.0"""
"[102792] ARO PASANTE OLA (UN),""2026-02-11 15:52:21"",""0.0"""
"[102798] ARO ARGOLLA (9) (PAR),""2026-02-11 15:52:21"",""0.0"""
"[102799] ARO PASANTE ESLABONES (1) (PAR),""2026-02-11 15:52:21"",""0.0"""
"[102800] ARO ARGOLLA (10) (PAR),""2026-02-11 15:52:21"",""0.0"""
"[102802] ARO PASANTE PIEDRA CUBIC ESLABONES (1) (PAR),""2026-02-11 15:52:21"",""0.0"""
"[102804] ARO ARGOLLA PIEDRA CUBIC (6) (UN),""2026-02-11 15:52:21"",""0.0"""
"[102805] ARO ARGOLLA PIEDRA CUBIC (7) (UN),""2026-02-11 15:52:21"",""0.0"""
"[102806] ARO ARGOLLA PIEDRA CUBIC (8) (UN),""2026-02-11 15:52:21"",""0.0"""
"[102823] ARO PASANTE PIEDRA CUBIC MULTI (3) (UN),""2026-02-11 15:52:21"",""0.0"""
"[102827] ARO PASANTE PIEDRA CUBIC SOLITARIO (2) (UN),""2026-02-11 15:52:21"",""0.0"""
"[102830] ARO PASANTE PIEDRA CUBIC SOLITARIO (5) (UN),""2026-02-11 15:52:21"",""0.0"""
"[102831] ARO PASANTE PIEDRA CUBIC SOLITARIO (6) (UN),""2026-02-11 15:52:21"",""0.0"""
"[102834] ARO ARGOLLA (11) (PAR),""2026-02-11 15:52:21"",""0.0"""
"[102853] ARO PASANTE OVAL (2) (PAR),""2026-02-11 15:52:21"",""0.0"""
"[102859] ARO PASANTE ESLABONES (2) (PAR),""2026-02-11 15:52:21"",""0.0"""
"[102887] ARO PASANTE PIEDRA CUBIC ESLABONES (3) (PAR),""2026-02-11 15:52:21"",""0.0"""
"[102892] ARO PASANTE PIEDRA CUBIC ESLABONES (4) (UN),""2026-02-11 15:52:21"",""0.0"""
"[102902] ARO PASANTE PIEDRA CUBIC ESLABONES (5) (PAR),""2026-02-11 15:52:21"",""0.0"""
"[102940] COLLAR CADENA VENECIANA CON DIJE PIEDRA CUBIC GEOMETRICO,""2026-02-11 15:52:21"",""0.0"""
"[102777] ARO ARGOLLA PIEDRA CUBIC CON COLGANTE (UN),""2026-02-11 15:52:21"",""0.0"""
"[102811] ARO ARGOLLA PIEDRA CUBIC (9) (UN),""2026-02-11 15:52:21"",""0.0"""
"[100017] BANDOLERA ANTONIETA (NAPADO, NEGRO),""2026-02-11 20:27:13"",""0.0"""
"[100065] BANDOLERA NATY SIMPLE (GAMUZA, AZUL),""2026-02-11 20:27:36"",""0.0"""
"[100428] CARTERA ACONCAGUA (BRIDGE, ROJO),""2026-02-11 20:28:03"",""0.0"""
"[100538] CARTERA LISBOA (GAMUZA, AZUL/CARAMELO),""2026-02-11 20:28:32"",""0.0"""
"[101111] MOCHILA TECH 21066,""2026-02-11 20:29:14"",""0.0"""
"[101254] PHONEBAG TAURUS (CHOCOLATE),""2026-02-11 20:29:35"",""0.0"""
"[103172] BANDOLERA JADE (LINEA FRUNCES) (NAPADO, NEGRO),""2026-02-11 20:31:21"",""0.0"""
"[101855] ZAPATILLA URBANA (41, NEGRO),""2026-02-11 20:31:34"",""0.0"""
"[101663] SOMBRERO NINI,""2026-02-11 20:31:43"",""0.0"""
"[101499] PORTAVINO UCO (BRIDGE, MALBEC),""2026-02-11 20:31:54"",""0.0"""
"[101458] PORTAPASAPORTE CHESTER BIFAZ (NEGRO/SUELA),""2026-02-11 20:32:04"",""0.0"""
"[101428] PORTALENTES ORION (NAPADO, NEGRO),""2026-02-11 20:32:14"",""0.0"""
"[102664] ANILLO PIEDRA CUBIC INFINITO (1) (18),""2026-02-12 13:57:05"",""0.0"""
"[102227] CADENA GRUMET DIAMANTADA 0.35 (40),""2026-02-12 14:47:49"",""5245.07"""
"[102650] ANILLO PIEDRA CUBIC MEDIO SIN FIN (3) (14),""2026-02-12 14:58:46"",""0.0"""
"[102651] ANILLO PIEDRA CUBIC MEDIO SIN FIN (3) (16),""2026-02-12 14:58:46"",""0.0"""
"[102652] ANILLO PIEDRA CUBIC MEDIO SIN FIN (3) (18),""2026-02-12 14:58:46"",""0.0"""
"[102653] ANILLO PIEDRA CUBIC MEDIO SIN FIN (3) (20),""2026-02-12 14:58:46"",""0.0"""
"[102654] ANILLO PIEDRA CUBIC MEDIO SIN FIN (4) (14),""2026-02-12 14:58:46"",""0.0"""
"[102655] ANILLO PIEDRA CUBIC MEDIO SIN FIN (4) (16),""2026-02-12 14:58:46"",""0.0"""
"[102656] ANILLO PIEDRA CUBIC MEDIO SIN FIN (4) (18),""2026-02-12 14:58:46"",""0.0"""
"[102657] ANILLO PIEDRA CUBIC MEDIO SIN FIN (4) (20),""2026-02-12 14:58:46"",""0.0"""
"[102666] ANILLO GEOMETRICO (5) (14),""2026-02-12 14:58:46"",""0.0"""
"[102667] ANILLO GEOMETRICO (5) (16),""2026-02-12 14:58:46"",""0.0"""
"[102669] ANILLO GEOMETRICO (6) (14),""2026-02-12 14:58:46"",""0.0"""
"[102670] ANILLO GEOMETRICO (6) (16),""2026-02-12 14:58:46"",""0.0"""
"[102671] ANILLO GEOMETRICO (6) (18),""2026-02-12 14:58:46"",""0.0"""
"[102672] ANILLO BOMBE (5) (14),""2026-02-12 14:58:46"",""0.0"""
"[102673] ANILLO BOMBE (5) (16),""2026-02-12 14:58:46"",""0.0"""
"[102674] ANILLO BOMBE (5) (18),""2026-02-12 14:58:46"",""0.0"""
"[102675] ANILLO BANDA (14),""2026-02-12 14:58:46"",""0.0"""
"[102676] ANILLO BANDA (16),""2026-02-12 14:58:46"",""0.0"""
"[102677] ANILLO BANDA (18),""2026-02-12 14:58:46"",""0.0"""
"[102681] ANILLO PIEDRA CUBIC SOLITARIO (5) (14),""2026-02-12 14:58:46"",""0.0"""
"[102682] ANILLO PIEDRA CUBIC SOLITARIO (5) (16),""2026-02-12 14:58:46"",""0.0"""
"[102683] ANILLO PIEDRA CUBIC SOLITARIO (5) (18),""2026-02-12 14:58:46"",""0.0"""
"[102684] ANILLO PIEDRA CUBIC SOLITARIO (5) (20),""2026-02-12 14:58:46"",""0.0"""
"[102688] ANILLO HOJAS (14),""2026-02-12 14:58:46"",""0.0"""
"[102689] ANILLO HOJAS (16),""2026-02-12 14:58:46"",""0.0"""
"[102690] ANILLO HOJAS (18),""2026-02-12 14:58:46"",""0.0"""
"[102691] ANILLO HOJAS (20),""2026-02-12 14:58:46"",""0.0"""
"[102714] ANILLO PIEDRA CUBIC MEDIO SIN FIN (6) (14),""2026-02-12 14:58:46"",""0.0"""
"[102715] ANILLO PIEDRA CUBIC MEDIO SIN FIN (6) (16),""2026-02-12 14:58:46"",""0.0"""
"[102716] ANILLO PIEDRA CUBIC MEDIO SIN FIN (6) (18),""2026-02-12 14:58:46"",""0.0"""
"[102717] ANILLO PIEDRA CUBIC MEDIO SIN FIN (6) (20),""2026-02-12 14:58:46"",""0.0"""
"[102721] ANILLO PIEDRA CUBIC MEDIO SIN FIN (7) (14),""2026-02-12 14:58:46"",""0.0"""
"[102722] ANILLO PIEDRA CUBIC MEDIO SIN FIN (7) (16),""2026-02-12 14:58:46"",""0.0"""
"[102723] ANILLO PIEDRA CUBIC MEDIO SIN FIN (7) (18),""2026-02-12 14:58:46"",""0.0"""
"[102727] ANILLO GEOMETRICO (7) (14),""2026-02-12 14:58:46"",""0.0"""
"[102728] ANILLO GEOMETRICO (7) (16),""2026-02-12 14:58:46"",""0.0"""
"[102729] ANILLO GEOMETRICO (7) (18),""2026-02-12 14:58:46"",""0.0"""
"[102744] ANILLO GEOMETRICO (9) (14),""2026-02-13 10:10:32"",""0.0"""
"[102745] ANILLO GEOMETRICO (9) (16),""2026-02-13 10:10:32"",""0.0"""
"[102746] ANILLO GEOMETRICO (9) (18),""2026-02-13 10:10:32"",""0.0"""
"[102730] ANILLO PERSONALIZABLE (14),""2026-02-13 10:10:32"",""0.0"""
"[102731] ANILLO PERSONALIZABLE (16),""2026-02-13 10:10:32"",""0.0"""
"[102732] ANILLO PERSONALIZABLE (18),""2026-02-13 10:10:32"",""0.0"""
"[102741] ANILLO GEOMETRICO (8) (14),""2026-02-13 10:10:32"",""0.0"""
"[102742] ANILLO GEOMETRICO (8) (16),""2026-02-13 10:10:32"",""0.0"""
"[102743] ANILLO GEOMETRICO (8) (18),""2026-02-13 10:10:32"",""0.0"""
"[102756] ARO PASANTE PIEDRA CUBIC CRUZ (5) (UN),""2026-02-13 10:10:32"",""0.0"""
"[102759] ARO PASANTE PIEDRA CUBIC ALAS (UN),""2026-02-13 10:10:32"",""0.0"""
"[102760] ARO PASANTE PIEDRA CUBIC GOTA (3) (PAR),""2026-02-13 10:10:32"",""0.0"""
"[102762] ARO PASANTE FLOR (3) (UN),""2026-02-13 10:10:32"",""0.0"""
"[102765] ARO ARGOLLA PIEDRA CUBIC (2) (PAR),""2026-02-13 10:10:32"",""0.0"""
"[102766] ARO ARGOLLA PIEDRA CUBIC (3) (PAR),""2026-02-13 10:10:32"",""0.0"""
"[102767] ARO ARGOLLA PIEDRA CUBIC (4) (PAR),""2026-02-13 10:10:32"",""0.0"""
"[102772] ARO PASANTE HOJA (UN),""2026-02-13 10:10:32"",""0.0"""
"[102773] ARO PASANTE CACTUS (UN),""2026-02-13 10:10:32"",""0.0"""
"[102774] ARO PASANTE MEDIA LUNA (UN),""2026-02-13 10:10:32"",""0.0"""
"[102778] ARO PASANTE PIEDRA CUBIC ESTRELLA DAVID (1) (UN),""2026-02-13 10:10:32"",""0.0"""
"[102779] ARO PASANTE PIEDRA CUBIC LUNA CON COLGANTE (UN),""2026-02-13 10:10:32"",""0.0"""
"[102780] ARO PASANTE PIEDRA CUBIC ESTRELLA DAVID (2) (UN),""2026-02-13 10:10:32"",""0.0"""
"[102782] ARO PASANTE ESTRELLAS (UN),""2026-02-13 10:10:32"",""0.0"""
"[102784] ARO ARGOLLA (4) (PAR),""2026-02-13 10:10:32"",""0.0"""
"[102785] ARO ARGOLLA (5) (PAR),""2026-02-13 10:10:32"",""0.0"""
"[102786] ARO ARGOLLA (6) (UN),""2026-02-13 10:10:32"",""0.0"""
"[102788] ARO PASANTE PIEDRA CUBIC DIJE CRUZ (UN),""2026-02-13 10:10:32"",""0.0"""
"[102789] ARO PASANTE PIEDRA CUBIC DIJE LUNA (UN),""2026-02-13 10:10:32"",""0.0"""
"[102790] ARO PASANTE ELEFANTE (UN),""2026-02-13 10:10:32"",""0.0"""
"[102791] ARO PASANTE PIEDRA CUBIC OJO (UN),""2026-02-13 10:10:32"",""0.0"""
"[102794] ARO PASANTE NUDO (UN),""2026-02-13 10:10:32"",""0.0"""
"[102796] ARO ARGOLLA (7) (UN),""2026-02-13 10:10:32"",""0.0"""
"[102807] ARO PASANTE HOJAS (UN),""2026-02-13 10:10:32"",""0.0"""
"[102808] ARO ARGOLLA CON DIJE CRUZ (UN),""2026-02-13 10:10:32"",""0.0"""
"[102809] ARO PASANTE PIEDRA CUBIC CRUZ (2) (UN),""2026-02-13 10:10:32"",""0.0"""
"[102812] ARO PASANTE PIEDRA CUBIC HUESO DE LA SUERTE (UN),""2026-02-13 10:10:32"",""0.0"""
"[102815] ARO PASANTE PIEDRA CUBIC GEOMETRICO (1) (UN),""2026-02-13 10:10:32"",""0.0"""
"[102816] ARO PASANTE PIEDRA CUBIC GEOMETRICO (2) (UN),""2026-02-13 10:10:32"",""0.0"""
"[102818] ARO PASANTE PIEDRA CUBIC GEOMETRICO (3) (UN),""2026-02-13 10:10:32"",""0.0"""
"[102819] ARO PASANTE PIEDRA CUBIC MULTI (1) (UN),""2026-02-13 10:10:32"",""0.0"""
"[102820] ARO PASANTE PIEDRA CUBIC MULTI (2) (UN),""2026-02-13 10:10:32"",""0.0"""
"[102821] ARO PASANTE PIEDRA CUBIC PLANETA (UN),""2026-02-13 10:10:32"",""0.0"""
"[102826] ARO PASANTE PIEDRA CUBIC SOLITARIO (1) (UN),""2026-02-13 10:10:32"",""0.0"""
"[102829] ARO PASANTE PIEDRA CUBIC SOLITARIO (4) (UN),""2026-02-13 10:10:32"",""0.0"""
"[102833] ARO EARCUFF CADENA (UN),""2026-02-13 10:10:32"",""0.0"""
"[102835] ARO EARCUFF PIEDRA CUBIC CADENA (UN),""2026-02-13 10:10:32"",""0.0"""
"[102837] ARO ARGOLLA PIEDRA CUBIC (11) (UN),""2026-02-13 10:10:32"",""0.0"""
"[102838] ARO PASANTE PIEDRA CUBIC GEOMETRICO (4) (UN),""2026-02-13 10:10:32"",""0.0"""
"[102839] ARO PASANTE PIEDRA CUBIC ONDAS (1) (UN),""2026-02-13 10:10:32"",""0.0"""
"[102840] ARO PASANTE PIEDRA CUBIC FLOR (2) (UN),""2026-02-13 10:10:32"",""0.0"""
"[102843] ARO ARGOLLA PIEDRA CUBIC (12) (UN),""2026-02-13 10:10:32"",""0.0"""
"[102847] ARO ARGOLLA PIEDRA CUBIC (13) (UN),""2026-02-13 10:10:32"",""0.0"""
"[102848] ARO ARGOLLA PIEDRA CUBIC (14) (UN),""2026-02-13 10:10:32"",""0.0"""
"[102849] ARO ARGOLLA PIEDRA CUBIC (15) (UN),""2026-02-13 10:10:32"",""0.0"""
"[102850] ARO ARGOLLA PIEDRA CUBIC (16) (UN),""2026-02-13 10:10:32"",""0.0"""
"[102851] ARO ARGOLLA (12) (UN),""2026-02-13 10:10:32"",""0.0"""
"[102852] ARO PASANTE OVAL (1) (PAR),""2026-02-13 10:10:32"",""0.0"""
"[102854] ARO ARGOLLA (13) (PAR),""2026-02-13 10:10:32"",""0.0"""
"[102855] ARO PASANTE ONDAS (2) (PAR),""2026-02-13 10:10:32"",""0.0"""
"[102856] ARO PASANTE CIRCULAR (3) (PAR),""2026-02-13 10:10:32"",""0.0"""
"[102857] ARO PASANTE ONDAS (3) (PAR),""2026-02-13 10:10:32"",""0.0"""
"[102858] ARO PASANTE CIRCULAR (4) (PAR),""2026-02-13 10:10:32"",""0.0"""
"[102862] ARO ARGOLLA PIEDRA CUBIC CRUZ (UN),""2026-02-13 10:10:32"",""0.0"""
"[102866] ARO ARGOLLA PIEDRA CUBIC (17) (UN),""2026-02-13 10:10:32"",""0.0"""
"[102867] ARO PASANTE MULTI (1) (UN),""2026-02-13 11:20:27"",""0.0"""
"[102868] ARO COLGANTE OVAL (PAR),""2026-02-13 11:20:27"",""0.0"""
"[102869] ARO PASANTE GEOMETRICO (PAR),""2026-02-13 11:20:27"",""0.0"""
"[102870] ARO PASANTE GEOMETRICO (5) (PAR),""2026-02-13 11:20:27"",""0.0"""
"[102871] ARO PASANTE GEOMETRICO (6) (PAR),""2026-02-13 11:20:27"",""0.0"""
"[102872] ARO ARGOLLA (14) (PAR),""2026-02-13 11:20:27"",""0.0"""
"[102873] ARO PASANTE GEOMETRICO (7) (PAR),""2026-02-13 11:20:27"",""0.0"""
"[102874] ARO PASANTE GEOMETRICO (8) (PAR),""2026-02-13 11:20:27"",""0.0"""
"[102875] ARO COLGANTE PIEDRA CUBIC ESTRELLA (UN),""2026-02-13 11:20:27"",""0.0"""
"[102876] ARO PASANTE PIEDRA CUBIC ESLABONES (2) (PAR),""2026-02-13 11:20:27"",""0.0"""
"[102877] ARO ARGOLLA PIEDRA CUBIC CON DIJE GEOMETRICO (UN),""2026-02-13 11:20:27"",""0.0"""
"[102878] ARO ARGOLLA PIEDRA CUBIC CON DIJE ESTRELLA (UN),""2026-02-13 11:20:27"",""0.0"""
"[102879] ARO ARGOLLA PIEDRA CUBIC ESLABONES (PAR),""2026-02-13 11:20:27"",""0.0"""
"[102880] ARO PASANTE PIEDRA CUBIC GOTA (2) (UN),""2026-02-13 11:20:27"",""0.0"""
"[102881] ARO PASANTE GEOMETRICO (9) (PAR),""2026-02-13 11:20:27"",""0.0"""
"[102882] ARO PASANTE GEOMETRICO (10) (PAR),""2026-02-13 11:20:27"",""0.0"""
"[102883] ARO ARGOLLA (15) (PAR),""2026-02-13 11:20:27"",""0.0"""
"[102884] ARO PASANTE MULTI (2) (UN),""2026-02-13 11:20:27"",""0.0"""
"[102885] ARO PASANTE PIEDRA CUBIC GEOMETRICO (5) (PAR),""2026-02-13 11:20:27"",""0.0"""
"[102886] ARO PASANTE ONDAS (4) (PAR),""2026-02-13 11:20:27"",""0.0"""
"[102888] ARO PASANTE PIEDRA CUBIC GEOMETRICO (6) (UN),""2026-02-13 11:20:27"",""0.0"""
"[102889] ARO PASANTE PIEDRA CUBIC GEOMETRICO (7) (UN),""2026-02-13 11:20:27"",""0.0"""
"[102890] ARO PASANTE PIEDRA CUBIC GEOMETRICO (8) (UN),""2026-02-13 11:20:27"",""0.0"""
"[102891] ARO PASANTE PIEDRA CUBIC CIRCULAR (1) (UN),""2026-02-13 11:20:27"",""0.0"""
"[102893] ARO PASANTE PIEDRA CUBIC GEOMETRICO (9) (UN),""2026-02-13 11:20:27"",""0.0"""
"[102894] ARO PASANTE PIEDRA CUBIC GEOMETRICO (10) (UN),""2026-02-13 11:20:27"",""0.0"""
"[102895] ARO PASANTE PIEDRA CUBIC GEOMETRICO (11) (UN),""2026-02-13 11:20:27"",""0.0"""
"[102896] ARO PASANTE ONDAS (5) (PAR),""2026-02-13 11:20:27"",""0.0"""
"[102897] ARO PASANTE ONDAS (6) (PAR),""2026-02-13 11:20:27"",""0.0"""
"[102898] ARO PASANTE ESLABONES (3) (PAR),""2026-02-13 11:38:38"",""0.0"""
"[102899] ARO PASANTE PIEDRA CUBIC SOLITARIO (7) (UN),""2026-02-13 11:38:38"",""0.0"""
"[102900] ARO PASANTE PIEDRA CUBIC GEOMETRICO (12) (PAR),""2026-02-13 11:38:38"",""0.0"""
"[102901] ARO PASANTE PIEDRA CUBIC ONDAS (2) (PAR),""2026-02-13 11:38:38"",""0.0"""
"[102903] ARO PASANTE HOJAS (1) (UN),""2026-02-13 11:38:38"",""0.0"""
"[102904] ARO PASANTE OVAL (3) (UN),""2026-02-13 11:38:38"",""0.0"""
"[102906] ARO PASANTE PALMERAS (UN),""2026-02-13 11:38:38"",""0.0"""
"[102907] ARO APRETADOR ONDAS (UN),""2026-02-13 11:38:38"",""0.0"""
"[102908] ARO PASANTE HOJAS (2) (UN),""2026-02-13 11:38:38"",""0.0"""
"[102909] ARO APRETADOR PIEDRA CUBIC (1) (UN),""2026-02-13 11:38:38"",""0.0"""
"[102910] ARO ARGOLLA (16) (PAR),""2026-02-13 11:38:38"",""0.0"""
"[102911] ARO APRETADOR PIEDRA CUBIC (2) (UN),""2026-02-13 11:38:38"",""0.0"""
"[102912] ARO PASANTE TREBOL (UN),""2026-02-13 11:38:38"",""0.0"""
"[102913] ARO PASANTE GOTA (1) (UN),""2026-02-13 11:38:38"",""0.0"""
"[102914] ARO PASANTE PIEDRA CUBIC BARRITA (3) (UN),""2026-02-13 11:38:38"",""0.0"""
"[102915] ARO APRETADOR (1) (UN),""2026-02-13 11:38:38"",""0.0"""
"[102916] ARO APRETADOR (2) (UN),""2026-02-13 11:38:38"",""0.0"""
"[102917] ARO APRETADOR (3) (UN),""2026-02-13 11:38:38"",""0.0"""
"[102918] ARO ARGOLLA PIEDRA CUBIC CON DIJE GOTA (PAR),""2026-02-13 11:38:38"",""0.0"""
"[102919] ARO PASANTE HERRADURA (UN),""2026-02-13 11:38:38"",""0.0"""
"[102920] ARO PASANTE PIEDRA CUBIC LUNA (2) (UN),""2026-02-13 11:38:38"",""0.0"""
"[102921] ARO PASANTE GEOMETRICO (11) (UN),""2026-02-13 11:38:38"",""0.0"""
"[102924] ARO PASANTE PIEDRA CUBIC MANO HAMBSA (UN),""2026-02-13 11:38:38"",""0.0"""
"[102926] ARO PASANTE PIEDRA CUBIC CRUZ (3) (UN),""2026-02-13 11:38:38"",""0.0"""
"[102927] ARO PASANTE PIEDRA CUBIC CRUZ (4) (UN),""2026-02-13 11:38:38"",""0.0"""
"[102929] ARO PASANTE GOTA (2) (UN),""2026-02-13 11:38:38"",""0.0"""
"[102930] ARO PASANTE GOTA (3) (UN),""2026-02-13 11:38:38"",""0.0"""
"[102931] ARO PASANTE PIEDRA CUBIC CIRCULAR (2) (UN),""2026-02-13 11:52:15"",""0.0"""
"[102933] ARO PASANTE GOTA (4) (UN),""2026-02-13 11:52:15"",""0.0"""
"[102934] ARO PASANTE PIEDRA CUBIC HOJAS (UN),""2026-02-13 11:52:15"",""0.0"""
"[102935] COLLAR HILO SILICONA DIJE PIEDRA CUBIC CRUZ,""2026-02-13 11:52:15"",""0.0"""
"[102936] COLLAR HILO SILICONA DIJE PIEDRA CUBIC GOTA,""2026-02-13 11:52:15"",""0.0"""
"[102937] COLLAR HILO SILICONA DIJE PIEDRA CUBIC SOLITARIO,""2026-02-13 11:52:15"",""0.0"""
"[102938] COLLAR CADENA VENECIANA CON DIJES PIEDRA CUBIC HIJO NIÑO Y CORAZON (1),""2026-02-13 11:52:15"",""0.0"""
"[102939] COLLAR CADENA VENECIANA CON DIJES PIEDRA CUBIC HIJO NIÑA Y CORAZON (1),""2026-02-13 11:52:15"",""0.0"""
"[102944] DIJE CRUZ (10),""2026-02-13 11:52:15"",""0.0"""
"[102945] DIJE CRUCIFIJO (1),""2026-02-13 11:52:15"",""0.0"""
"[102946] DIJE CRUZ (11),""2026-02-13 11:52:15"",""0.0"""
"[102947] DIJE CRUZ (12),""2026-02-13 11:52:15"",""0.0"""
"[102948] DIJE CRUCIFIJO (2),""2026-02-13 11:52:15"",""0.0"""
"[102949] DIJE PIEDRA CUBIC HIJO NIÑA (1),""2026-02-13 11:52:15"",""0.0"""
"[102950] DIJE PIEDRA CUBIC HIJO NIÑO (1),""2026-02-13 11:52:15"",""0.0"""
"[102951] DIJE PIEDRA CUBIC MARIPOSA,""2026-02-13 11:52:15"",""0.0"""
"[102952] DIJE PIEDRA CUBIC SERPIENTE,""2026-02-13 11:52:15"",""0.0"""
"[102953] DIJE PIEDRA CUBIC BICICLETA,""2026-02-13 11:52:15"",""0.0"""
"[102954] DIJE CRUZ (13),""2026-02-13 11:52:15"",""0.0"""
"[102955] DIJE PIEDRA CUBIC AVE,""2026-02-13 11:52:15"",""0.0"""
"[102956] DIJE PIEDRA CUBIC CRUZ (3),""2026-02-13 11:52:15"",""0.0"""
"[102957] DIJE PIEDRA CUBIC HIJO NIÑO (2),""2026-02-13 11:52:15"",""0.0"""
"[102958] DIJE PIEDRA CUBIC HIJO NIÑA (2),""2026-02-13 11:52:15"",""0.0"""
"[102959] DIJE PIEDRA CUBIC HIJO NIÑO (3),""2026-02-13 11:52:15"",""0.0"""
"[102960] DIJE PIEDRA CUBIC HIJO NIÑA (3),""2026-02-13 11:52:15"",""0.0"""
"[102952] DIJE PIEDRA CUBIC SERPIENTE,""2026-02-13 11:52:15"",""0.0"""
"[102963] DIJE PIEDRA CUBIC HIJO NIÑO (4),""2026-02-13 11:58:39"",""0.0"""
"[102964] DIJE HERRADURA,""2026-02-13 11:58:39"",""0.0"""
"[102965] DIJE PIEDRA CUBIC LUNA,""2026-02-13 11:58:39"",""0.0"""
"[102966] DIJE PIEDRA CUBIC GEOMETRICO,""2026-02-13 11:58:39"",""0.0"""
"[102967] DIJE PIEDRA CUBIC SOLITARIO,""2026-02-13 11:58:39"",""0.0"""
"[102969] DIJE LUNA (1),""2026-02-13 11:58:39"",""0.0"""
"[102970] DIJE PIEDRA CUBIC MANO HAMSA,""2026-02-13 11:58:39"",""0.0"""
"[102971] DIJE LUNA (2),""2026-02-13 11:58:39"",""0.0"""
"[102972] DIJE PIEDRA CUBIC CRUZ (4),""2026-02-13 11:58:39"",""0.0"""
"[102973] DIJE PIEDRA CUBIC CRUZ (5),""2026-02-13 11:58:39"",""0.0"""
"[102974] DIJE PIEDRA CUBIC CRUZ (6),""2026-02-13 11:58:39"",""0.0"""
"[102976] DIJE PIEDRA CUBIC CIRCULAR,""2026-02-13 11:58:39"",""0.0"""
"[102977] DIJE CRUZ (14),""2026-02-13 11:58:39"",""0.0"""
"[100517] CARTERA HARPER (GAMUZA, OLIVE/TABACO),""2026-02-13 12:46:59"",""0.0"""
"[103182] CARTERA HARPER (DESCARNE, VERDE MILITAR),""2026-02-13 13:00:32"",""0.0"""
"[101473] PORTAPASAPORTE RON (MODENA, VERDE),""2026-02-13 15:46:32"",""2642.98"""
"[101462] PORTAPASAPORTE RON (BRIDGE, CARAMELO),""2026-02-13 15:46:32"",""2642.98"""
"[101445] PORTAPASAPORTE CHESTER (BRIDGE, NEGRO),""2026-02-13 15:47:52"",""2808.26"""
"[101446] PORTAPASAPORTE CHESTER (BRIDGE, ROJO),""2026-02-13 15:47:52"",""2808.26"""
"[101447] PORTAPASAPORTE CHESTER (BRIDGE, TABACO),""2026-02-13 15:47:52"",""2808.26"""
"[103209] PORTAPASAPORTE CHESTER (NAPADO, VERDE),""2026-02-13 15:47:52"",""2808.26"""
"[101348] PORTALAPTOP JOY (FIORENTINO, NEGRO),""2026-02-14 15:37:36"",""0.0"""
"[102710] ANILLO PIEDRA CUBIC MEDIO SIN FIN (5) (14),""2026-02-14 18:15:34"",""0.0"""
"[102227] CADENA GRUMET DIAMANTADA 0.35 (40),""2026-02-14 19:19:10"",""0.0"""
"[101772] TARJETERO NEW KENNY (BRIDGE, NEGRO),""2026-02-15 14:25:32"",""0.0"""
"[101701] TARJETERO ARIES BIFAZ (AZUL),""2026-02-16 14:18:22"",""0.0"""
"[100635] CHOMBA POLO NAOS (M, DENIM GASTADO),""2026-02-17 12:41:48"",""0.0"""
"[103471] BROCHE GRANDE FLOR MATE ROSA,""2026-02-17 13:58:00"",""0.0"""
"[101456] PORTAPASAPORTE CHESTER (MODENA, VERDE),""2026-02-18 10:23:28"",""2808.26"""
"[103957] SOBRE ANALIA CHICO (PU, SALMON),""2026-02-18 10:44:58"",""0.0"""
"[103524] CARTUCHERA JANA (CRUDO),""2026-02-18 10:50:26"",""0.0"""
"[103447] BANDOLERA FRIDA (AZUL),""2026-02-18 10:53:33"",""0.0"""
"[103533] CARTUCHERA LUNA (PU, GRIS),""2026-02-18 10:57:37"",""0.0"""
"[102245] CADENA VENECIANA Nº 2 (45),""2026-02-18 13:49:58"",""13474.34"""
"[102608] DIJE INICIAL (2) (S),""2026-02-18 13:49:58"",""3636.6"""
"[103021] PORTAVINO CROCHET (1) (BEIGE),""2026-02-18 14:39:54"",""0.0"""
"[103530] CARTUCHERA LUNA (PU, BORDO),""2026-02-19 12:21:53"",""322.84"""
"[103549] CARTUCHERA PU (PU, BORDO),""2026-02-19 12:21:59"",""1255.93"""
"[103557] CARTUCHERA PU (PU, VERDE),""2026-02-19 12:22:04"",""1026.7299029126214"""
"[103600] PHONEBAG SOFIA (BLANCO),""2026-02-19 12:27:18"",""2515.59"""
"[103594] PHONEBAG 01 (PU, BLANCO),""2026-02-19 12:27:20"",""2448.6"""
"[103525] CARTUCHERA JANA (NEGRO),""2026-02-19 12:27:22"",""1047.2"""
"[101073] MOCHILA MARCOS (BRIDGE, CHOCOLATE),""2026-02-19 15:34:19"",""71072.73"""
"[103316] ARO PASANTE ARGOLLA MEDIANA ENROLLADA (DORADO),""2026-02-19 16:17:34"",""407.81"""
"[104197] SOBRE ANALIA GRANDE (CROCO, VERDE),""2026-02-20 00:57:17"",""0.0"""
"[103952] SOBRE ANALIA CHICO (PU, BLANCO),""2026-02-20 00:58:40"",""1486.49"""
"[103619] PORTACOSMETICOS UMA (BLANCO),""2026-02-20 00:59:57"",""1551.83"""
"[103721] RIÑONERA CARLA (CRUDO),""2026-02-20 01:01:31"",""3250.67"""
"[103581] MOCHILA LOLA (NEGRO),""2026-02-20 01:03:21"",""6386.99"""
"[103581] MOCHILA LOLA (NEGRO),""2026-02-20 01:11:40"",""6386.99"""
"[102981] CARTUCHERA LUNA (GAMUZA, AZUL),""2026-02-20 01:14:25"",""0.0"""
"[102982] CARTUCHERA LUNA (PU, VERDE),""2026-02-20 01:16:06"",""0.0"""
"[102983] CARTUCHERA PU (GAMUZA, AZUL),""2026-02-20 01:18:47"",""0.0"""
"[102984] SOBRE ANALIA CHICO (GAMUZA, AZUL),""2026-02-20 01:19:58"",""0.0"""
"[103016] SOBRE ANALIA GRANDE (CROCO, AZUL),""2026-02-20 01:21:44"",""0.0"""
"[103620] PORTACOSMETICOS UMA (BORDO),""2026-02-20 11:14:47"",""1551.83"""
"[103726] RIÑONERA FLAT (AZUL),""2026-02-20 11:14:52"",""2417.7999999999997"""
"[103727] RIÑONERA FLAT (BLANCO),""2026-02-20 11:14:54"",""2417.8"""
"[103956] SOBRE ANALIA CHICO (PU, NEGRO),""2026-02-20 11:27:21"",""1272.2545070422536"""
"[103963] SOBRE ANALIA GRANDE (PU, BLANCO),""2026-02-20 11:27:26"",""1715.18"""
"[102328] PULSERA GRUMET ALTERNADA 1.0 (19.5),""2026-02-20 12:59:20"",""10094.39"""
"[101427] PORTALENTES ORION (NAPADO, MALBEC),""2026-02-20 14:38:03"",""2147.11"""
"[103023] ANILLO PIEDRA CUBIC (1) (12, TRANSPARENTE),""2026-02-20 15:05:56"",""0.0"""
"[103024] ANILLO PIEDRA CUBIC (1) (13, TRANSPARENTE),""2026-02-20 15:05:56"",""0.0"""
"[103025] ANILLO PIEDRA CUBIC (1) (14, TRANSPARENTE),""2026-02-20 15:05:56"",""0.0"""
"[103026] ANILLO PIEDRA CUBIC (1) (15, TRANSPARENTE),""2026-02-20 15:05:56"",""0.0"""
"[103027] ANILLO PIEDRA CUBIC (1) (13, ROSA/TRANSPARENTE),""2026-02-20 15:05:56"",""0.0"""
"[103028] ANILLO PIEDRA CUBIC (1) (14, ROSA/TRANSPARENTE),""2026-02-20 15:05:56"",""0.0"""
"[103029] ANILLO PIEDRA CUBIC (1) (15, ROSA/TRANSPARENTE),""2026-02-20 15:05:56"",""0.0"""
"[103030] ANILLO PIEDRA CUBIC (1) (16, ROSA/TRANSPARENTE),""2026-02-20 15:05:56"",""0.0"""
"[103031] ANILLO PIEDRA CUBIC (10) (12),""2026-02-20 15:05:56"",""0.0"""
"[103032] ANILLO PIEDRA CUBIC (10) (13),""2026-02-20 15:05:56"",""0.0"""
"[103033] ANILLO PIEDRA CUBIC (10) (14),""2026-02-20 15:05:56"",""0.0"""
"[103034] ANILLO PIEDRA CUBIC (10) (15),""2026-02-20 15:05:56"",""0.0"""
"[103035] ANILLO PIEDRA CUBIC (10) (16),""2026-02-20 15:05:56"",""0.0"""
"[103037] ANILLO PIEDRA CUBIC (2) (12),""2026-02-20 15:05:56"",""0.0"""
"[103038] ANILLO PIEDRA CUBIC (2) (13),""2026-02-20 15:05:56"",""0.0"""
"[103039] ANILLO PIEDRA CUBIC (2) (14),""2026-02-20 15:05:56"",""0.0"""
"[103040] ANILLO PIEDRA CUBIC (2) (15),""2026-02-20 15:05:56"",""0.0"""
"[103041] ANILLO PIEDRA CUBIC (2) (16),""2026-02-20 15:05:56"",""0.0"""
"[103042] ANILLO PIEDRA CUBIC (3) (12, TRANSPARENTE),""2026-02-20 15:05:56"",""0.0"""
"[103043] ANILLO PIEDRA CUBIC (3) (13, TRANSPARENTE),""2026-02-20 15:05:56"",""0.0"""
"[103044] ANILLO PIEDRA CUBIC (3) (14, TRANSPARENTE),""2026-02-20 15:05:56"",""0.0"""
"[103045] ANILLO PIEDRA CUBIC (3) (15, TRANSPARENTE),""2026-02-20 15:05:56"",""0.0"""
"[103046] ANILLO PIEDRA CUBIC (3) (13, ROSA/TRANSPARENTE),""2026-02-20 15:05:56"",""0.0"""
"[103047] ANILLO PIEDRA CUBIC (3) (14, ROSA/TRANSPARENTE),""2026-02-20 15:05:56"",""0.0"""
"[103048] ANILLO PIEDRA CUBIC (3) (15, ROSA/TRANSPARENTE),""2026-02-20 15:05:56"",""0.0"""
"[103049] ANILLO PIEDRA CUBIC (3) (16, ROSA/TRANSPARENTE),""2026-02-20 15:05:56"",""0.0"""
"[103050] ANILLO PIEDRA CUBIC (4) (13),""2026-02-20 15:39:32"",""0.0"""
"[103051] ANILLO PIEDRA CUBIC (4) (14),""2026-02-20 15:39:32"",""0.0"""
"[103052] ANILLO PIEDRA CUBIC (4) (15),""2026-02-20 15:39:32"",""0.0"""
"[103053] ANILLO PIEDRA CUBIC (4) (16),""2026-02-20 15:39:32"",""0.0"""
"[103054] ANILLO PIEDRA CUBIC (4) (17),""2026-02-20 15:39:32"",""0.0"""
"[103056] ANILLO PIEDRA CUBIC (5) (13),""2026-02-20 15:39:32"",""0.0"""
"[103057] ANILLO PIEDRA CUBIC (5) (14),""2026-02-20 15:39:32"",""0.0"""
"[103058] ANILLO PIEDRA CUBIC (5) (15),""2026-02-20 15:39:32"",""0.0"""
"[103059] ANILLO PIEDRA CUBIC (5) (16),""2026-02-20 15:39:32"",""0.0"""
"[103061] ANILLO PIEDRA CUBIC (6) (12),""2026-02-20 15:39:32"",""0.0"""
"[103062] ANILLO PIEDRA CUBIC (6) (13),""2026-02-20 15:39:32"",""0.0"""
"[103063] ANILLO PIEDRA CUBIC (6) (14),""2026-02-20 15:39:32"",""0.0"""
"[103064] ANILLO PIEDRA CUBIC (6) (15),""2026-02-20 15:39:32"",""0.0"""
"[103065] ANILLO PIEDRA CUBIC (6) (16),""2026-02-20 15:39:32"",""0.0"""
"[103066] ANILLO PIEDRA CUBIC (6) (17),""2026-02-20 15:39:32"",""0.0"""
"[103067] ANILLO PIEDRA CUBIC (6) (18),""2026-02-20 15:39:32"",""0.0"""
"[103068] ANILLO PIEDRA CUBIC (7) (12, TRANSPARENTE),""2026-02-20 15:39:32"",""0.0"""
"[103069] ANILLO PIEDRA CUBIC (7) (13, TRANSPARENTE),""2026-02-20 15:39:32"",""0.0"""
"[104642] ANILLO PIEDRA CUBIC (7) (14, TRANSPARENTE),""2026-02-20 15:39:32"",""0.0"""
"[104643] ANILLO PIEDRA CUBIC (7) (15, TRANSPARENTE),""2026-02-20 15:39:32"",""0.0"""
"[104644] ANILLO PIEDRA CUBIC (7) (13, ROSA/TRANSPARENTE),""2026-02-20 15:39:32"",""0.0"""
"[104645] ANILLO PIEDRA CUBIC (7) (14, ROSA/TRANSPARENTE),""2026-02-20 15:39:32"",""0.0"""
"[104646] ANILLO PIEDRA CUBIC (7) (15, ROSA/TRANSPARENTE),""2026-02-20 15:39:32"",""0.0"""
"[104647] ANILLO PIEDRA CUBIC (7) (16, ROSA/TRANSPARENTE),""2026-02-20 15:39:32"",""0.0"""
"[104648] ANILLO PIEDRA CUBIC (7) (15, NEGRO/TRANSPARENTE),""2026-02-20 15:39:32"",""0.0"""
"[104649] ANILLO PIEDRA CUBIC (8) (13, TRANSPARENTE),""2026-02-20 15:39:32"",""0.0"""
"[104650] ANILLO PIEDRA CUBIC (8) (14, TRANSPARENTE),""2026-02-20 15:39:32"",""0.0"""
"[104652] ANILLO PIEDRA CUBIC (8) (16, TRANSPARENTE),""2026-02-20 15:39:32"",""0.0"""
"[104654] ANILLO PIEDRA CUBIC (8) (15, LAVANDA/CHAMPAGNE),""2026-02-20 15:39:32"",""0.0"""
"[104655] ANILLO PIEDRA CUBIC (8) (16, LAVANDA/CHAMPAGNE),""2026-02-20 15:39:32"",""0.0"""
"[104657] ANILLO PIEDRA CUBIC (9) (14, TRANSPARENTE),""2026-02-20 15:39:32"",""0.0"""
"[104658] ANILLO PIEDRA CUBIC (9) (16, TRANSPARENTE),""2026-02-20 15:39:32"",""0.0"""
"[104659] ANILLO PIEDRA CUBIC (9) (17, TRANSPARENTE),""2026-02-20 15:39:32"",""0.0"""
"[104660] ANILLO PIEDRA CUBIC (9) (14, CHAMPAGNE/TRANSPARENTE),""2026-02-20 15:39:32"",""0.0"""
"[104661] ANILLO PIEDRA CUBIC (9) (15, CHAMPAGNE/TRANSPARENTE),""2026-02-20 15:39:32"",""0.0"""
"[104662] ANILLO PIEDRA CUBIC (9) (16, CHAMPAGNE/TRANSPARENTE),""2026-02-20 15:39:32"",""0.0"""
"[104663] ANILLO PIEDRA CUBIC (9) (17, CHAMPAGNE/TRANSPARENTE),""2026-02-20 15:39:32"",""0.0"""
"[100554] CARTERA LISBOA (NAPADO, ROJO),""2026-02-20 15:43:03"",""13221.49"""
"[103119] SOMBRERO RAFIA (XS, TOSTADO/NEGRO),""2026-02-20 16:20:18"",""8262.81"""
"[100625] CHOMBA POLO NAOS (XL, AZUL MARINO),""2026-02-21 13:31:27"",""11568.6"""
"[100637] CHOMBA POLO NAOS (XL, DENIM GASTADO),""2026-02-21 13:31:27"",""11568.6"""
"[102495] CADENA VALERIA,""2026-02-21 15:15:59"",""13070.83"""
"[102961] DIJE PIEDRA CUBIC LLAVE,""2026-02-21 15:15:59"",""0.0"""
"[103715] PULSERA REGULABLE MOSTACILLA FASCETADA C/ CRUZ PLATEADO/ROJO,""2026-02-23 10:00:46"",""421.41"""
"[103681] PULSERA HILO REGULABLE SIGNO (ACUARIO),""2026-02-23 10:01:03"",""361.20000000000005"""
"[103690] PULSERA HILO REGULABLE SIGNO (PISCIS),""2026-02-23 10:01:27"",""361.21"""
"[103692] PULSERA HILO REGULABLE SIGNO (TAURO),""2026-02-23 10:01:48"",""361.22"""
"[103683] PULSERA HILO REGULABLE SIGNO (GEMINIS),""2026-02-23 10:01:57"",""361.2"""
"[103684] PULSERA HILO REGULABLE SIGNO (LEO),""2026-02-23 10:02:07"",""361.2"""
"[103691] PULSERA HILO REGULABLE SIGNO (VIRGO),""2026-02-23 10:02:17"",""361.2"""
"[103688] PULSERA HILO REGULABLE SIGNO (ESCORPIO),""2026-02-23 10:02:39"",""361.2"""
"[103685] PULSERA HILO REGULABLE SIGNO (SAGITARIO),""2026-02-23 10:02:48"",""361.2"""
"[103682] PULSERA HILO REGULABLE SIGNO (CAPRICORNIO),""2026-02-23 10:02:55"",""361.20000000000005"""
"[103652] PULSERA CUENTAS MADERA CARAMELO,""2026-02-23 10:03:58"",""294.21"""
"[103856] SET X2 PULSERAS CRISTAL ROMBO BLANCO/BEIGE,""2026-02-23 10:04:17"",""489.87000000000006"""
"[103434] ARO PASANTE SEMI CUADRADO GRANDE (PLATEADO),""2026-02-23 10:07:13"",""617.03"""
"[104138] ARO PASANTE CHISPA STRASS ENGARZADO 4 PUNTAS 5 MM ,""2026-02-23 10:07:32"",""177.36"""
"[104156] ARO PASANTE CORAZON CHICO (DORADO),""2026-02-23 10:07:44"",""244.01"""
"[104158] ARO PASANTE ESTRELLA DORADO CHICO,""2026-02-23 10:07:54"",""243.74"""
"[104157] ARO PASANTE ESTRELLA GRANDE PLATEADO,""2026-02-23 10:08:04"",""243.74"""
"[104175] ARO PASANTE PASTILLA 10 MM (DORADO),""2026-02-23 10:08:20"",""291.16999999999996"""
"[104179] ARO PASANTE PASTILLA 6 MM (DORADO),""2026-02-23 10:08:29"",""204.95"""
"[104177] ARO PASANTE PASTILLA 8 MM (DORADO),""2026-02-23 10:08:42"",""245.93000000000004"""
"[103442] ARO PASANTE SEMI ESLABON MEDIANO (PLATEADO),""2026-02-23 10:09:01"",""431.72"""
"[103634] PULSERA CANUTILLO METAL/FASCETADAS C/ DIJES,""2026-02-23 10:09:14"",""580.17"""
"[103704] PULSERA REGULABLE CUENTAS C/ DIJE MANITO ROJO,""2026-02-23 10:09:29"",""391.30000000000007"""
"[103858] SET X2 PULSERAS CRISTAL ROMBO ROSA/ROJO,""2026-02-23 10:09:42"",""489.87"""
"[103802] SET INVISIBLES METAL NEGRO,""2026-02-23 10:09:55"",""291.15"""
"[103926] SET X6 GOMITAS MEDIANAS MARRON,""2026-02-23 10:10:07"",""120.59"""
"[103673] PULSERA FASCETADA REDONDA/OJO TURCO TRANSPARENTE,""2026-02-23 10:10:22"",""414.60999999999996"""
"[103691] PULSERA HILO REGULABLE SIGNO (VIRGO),""2026-02-23 10:11:30"",""361.19999999999993"""
"[103716] PULSERA REGULABLE MOSTACILLA FASCETADA C/ OJO TURCO CELESTE,""2026-02-23 10:11:42"",""421.40999999999997"""
"[103924] SET X6 GOMITAS MEDIANAS BRILLOS/FRUTILLAS,""2026-02-23 10:11:55"",""187.58"""
"[103662] PULSERA CUENTAS VIDRIO REDONDAS/FASCETADAS ROSA,""2026-02-23 10:12:10"",""550.06"""
"[103740] SCRAP BIJOU 1990,""2026-02-23 11:40:40"",""364.83"""
"[103747] SCRAP HOME 1990,""2026-02-23 11:41:54"",""331.67"""
"[102328] PULSERA GRUMET ALTERNADA 1.0 (19.5),""2026-02-23 14:09:29"",""10094.39"""
"[104666] ANILLO PIEDRA CUBIC MEDIO SIN FIN (10) (14),""2026-02-23 14:50:18"",""0.0"""
"[104667] ANILLO PIEDRA CUBIC MEDIO SIN FIN (10) (15),""2026-02-23 14:50:18"",""0.0"""
"[104668] ANILLO PIEDRA CUBIC MEDIO SIN FIN (10) (16),""2026-02-23 14:50:18"",""0.0"""
"[104673] ANILLO PIEDRA CUBIC MEDIO SIN FIN (12) (12, TRANSPARENTE),""2026-02-23 14:50:18"",""0.0"""
"[104675] ANILLO PIEDRA CUBIC MEDIO SIN FIN (12) (15, TRANSPARENTE),""2026-02-23 14:50:18"",""0.0"""
"[104676] ANILLO PIEDRA CUBIC MEDIO SIN FIN (12) (16, TRANSPARENTE),""2026-02-23 14:50:18"",""0.0"""
"[104678] ANILLO PIEDRA CUBIC MEDIO SIN FIN (12) (13, CHAMPAGNE),""2026-02-23 14:50:18"",""0.0"""
"[104679] ANILLO PIEDRA CUBIC MEDIO SIN FIN (12) (14, CHAMPAGNE),""2026-02-23 14:50:18"",""0.0"""
"[104680] ANILLO PIEDRA CUBIC MEDIO SIN FIN (12) (15, CHAMPAGNE),""2026-02-23 14:50:18"",""0.0"""
"[104681] ANILLO PIEDRA CUBIC MEDIO SIN FIN (12) (16, CHAMPAGNE),""2026-02-23 14:50:18"",""0.0"""
"[104682] ANILLO PIEDRA CUBIC MEDIO SIN FIN (12) (17, CHAMPAGNE),""2026-02-23 14:50:18"",""0.0"""
"[104683] ANILLO PIEDRA CUBIC MEDIO SIN FIN (8) (12),""2026-02-23 14:50:18"",""0.0"""
"[104684] ANILLO PIEDRA CUBIC MEDIO SIN FIN (8) (13),""2026-02-23 14:50:18"",""0.0"""
"[104685] ANILLO PIEDRA CUBIC MEDIO SIN FIN (8) (14),""2026-02-23 14:50:18"",""0.0"""
"[104686] ANILLO PIEDRA CUBIC MEDIO SIN FIN (8) (15),""2026-02-23 14:50:18"",""0.0"""
"[104687] ANILLO PIEDRA CUBIC MEDIO SIN FIN (8) (16),""2026-02-23 14:50:18"",""0.0"""
"[104688] ANILLO PIEDRA CUBIC MEDIO SIN FIN (9) (12),""2026-02-23 14:50:18"",""0.0"""
"[104689] ANILLO PIEDRA CUBIC MEDIO SIN FIN (9) (13),""2026-02-23 14:50:18"",""0.0"""
"[104691] ANILLO PIEDRA CUBIC MEDIO SIN FIN (9) (15),""2026-02-23 14:50:18"",""0.0"""
"[104692] ANILLO PIEDRA CUBIC MEDIO SIN FIN (9) (16),""2026-02-23 14:50:18"",""0.0"""
"[104707] ANILLO PIEDRA CUBIC REPUJADO (1) (12),""2026-02-23 14:50:18"",""0.0"""
"[104709] ANILLO PIEDRA CUBIC REPUJADO (1) (14),""2026-02-23 14:50:18"",""0.0"""
"[104710] ANILLO PIEDRA CUBIC REPUJADO (1) (15),""2026-02-23 14:50:18"",""0.0"""
"[104711] ANILLO PIEDRA CUBIC REPUJADO (1) (16),""2026-02-23 14:50:18"",""0.0"""
"[104712] ANILLO PIEDRA CUBIC REPUJADO (1) (17),""2026-02-23 14:50:18"",""0.0"""
"[102592] DIJE INICIAL (2) (C),""2026-02-23 15:00:13"",""3190.0"""
"[104669] ANILLO PIEDRA CUBIC MEDIO SIN FIN (11) (12),""2026-02-23 15:58:05"",""0.0"""
"[104670] ANILLO PIEDRA CUBIC MEDIO SIN FIN (11) (14),""2026-02-23 15:58:05"",""0.0"""
"[104671] ANILLO PIEDRA CUBIC MEDIO SIN FIN (11) (15),""2026-02-23 15:58:05"",""0.0"""
"[104672] ANILLO PIEDRA CUBIC MEDIO SIN FIN (11) (16),""2026-02-23 15:58:05"",""0.0"""
"[104695] ANILLO PIEDRA CUBIC MULTI (10) (15),""2026-02-23 15:58:05"",""0.0"""
"[104697] ANILLO PIEDRA CUBIC MULTI (10) (17),""2026-02-23 15:58:05"",""0.0"""
"[104698] ANILLO PIEDRA CUBIC MULTI (9) (13, TRANSPARENTE),""2026-02-23 15:58:05"",""0.0"""
"[104702] ANILLO PIEDRA CUBIC MULTI (9) (17, TRANSPARENTE),""2026-02-23 15:58:05"",""0.0"""
"[104703] ANILLO PIEDRA CUBIC MULTI (9) (14, MULTICOLOR),""2026-02-23 15:58:05"",""0.0"""
"[104704] ANILLO PIEDRA CUBIC MULTI (9) (15, MULTICOLOR),""2026-02-23 15:58:05"",""0.0"""
"[104705] ANILLO PIEDRA CUBIC MULTI (9) (16, MULTICOLOR),""2026-02-23 15:58:05"",""0.0"""
"[104715] ANILLO SELLO PIEDRA CUBIC (1) (14),""2026-02-23 15:58:05"",""0.0"""
"[104718] ANILLO SELLO PIEDRA CUBIC (1) (17),""2026-02-23 15:58:05"",""0.0"""
"[104732] ANILLO PIEDRA CUBIC (13) (13),""2026-02-23 15:58:05"",""0.0"""
"[104733] ANILLO PIEDRA CUBIC (13) (14),""2026-02-23 15:58:05"",""0.0"""
"[104734] ANILLO PIEDRA CUBIC (13) (15),""2026-02-23 15:58:05"",""0.0"""
"[104735] ANILLO PIEDRA CUBIC (13) (16),""2026-02-23 15:58:05"",""0.0"""
"[103558] CHALINA OPORTUNIDAD,""2026-02-23 16:06:38"",""914.8300000000002"""
"[103235] PRODUCTO OUTLET 1990,""2026-02-23 16:15:07"",""657.85"""
"[103256] PRODUCTO OUTLET 79990,""2026-02-23 16:15:10"",""26442.98"""
"[101216] NECESSAIRE LANIN FULL BLACK,""2026-02-23 16:15:12"",""16527.27"""
"[101425] PORTALENTES ORION (BRIDGE, TABACO),""2026-02-23 16:15:19"",""2147.11"""
"[101744] TARJETERO JUAN (MODENA, AZUL),""2026-02-23 16:15:21"",""4957.02"""
"[101447] PORTAPASAPORTE CHESTER (BRIDGE, TABACO),""2026-02-23 18:39:48"",""2808.26"""
"[103022] PORTAVINO CROCHET (1) (CRUDO),""2026-02-24 09:16:34"",""0.0"""
"[101331] PORTALAPICERAS (BRIDGE, CARAMELO),""2026-02-24 11:39:07"",""2147.11"""
"[101335] PORTALAPICERAS (BRIDGE, ROJO),""2026-02-24 11:39:07"",""2147.11"""
"[101139] MONEDERO GRACE (BRIDGE, MALBEC),""2026-02-24 11:40:24"",""4461.16"""
"[101141] MONEDERO GRACE (BRIDGE, ROJO),""2026-02-24 11:40:24"",""4461.16"""
"[101147] MONEDERO GRACE (MODENA, VERDE),""2026-02-24 11:40:24"",""4461.16"""
"[103021] PORTAVINO CROCHET (1) (BEIGE),""2026-02-24 11:42:33"",""0.0"""
"[102973] DIJE PIEDRA CUBIC CRUZ (5),""2026-02-24 15:45:31"",""0.0"""
"[102227] CADENA GRUMET DIAMANTADA 0.35 (40),""2026-02-24 17:18:42"",""5245.07"""
"Prueba,""2026-02-24 23:01:25"",""0.0"""
"[100538] CARTERA LISBOA (GAMUZA, AZUL/CARAMELO),""2026-02-24 23:14:30"",""0.0"""
"[104729] ANILLO PIEDRA CUBIC (12) (15),""2026-02-25 10:04:34"",""0.0"""
"[104730] ANILLO PIEDRA CUBIC (12) (16),""2026-02-25 10:04:34"",""0.0"""
"[104738] ANILLO PIEDRA CUBIC (14) (13, TRANSPARENTE),""2026-02-25 10:04:34"",""0.0"""
"[104739] ANILLO PIEDRA CUBIC (14) (14, TRANSPARENTE),""2026-02-25 10:04:34"",""0.0"""
"[104740] ANILLO PIEDRA CUBIC (14) (15, TRANSPARENTE),""2026-02-25 10:04:34"",""0.0"""
"[104741] ANILLO PIEDRA CUBIC (14) (16, TRANSPARENTE),""2026-02-25 10:04:34"",""0.0"""
"[104742] ANILLO PIEDRA CUBIC (14) (17, TRANSPARENTE),""2026-02-25 10:04:34"",""0.0"""
"[104743] ANILLO PIEDRA CUBIC (14) (14, NEGRO/TRANSPARENTE),""2026-02-25 10:04:34"",""0.0"""
"[104744] ANILLO PIEDRA CUBIC (14) (15, NEGRO/TRANSPARENTE),""2026-02-25 10:04:34"",""0.0"""
"[104745] ANILLO PIEDRA CUBIC (14) (16, NEGRO/TRANSPARENTE),""2026-02-25 10:04:34"",""0.0"""
"[104746] ANILLO PIEDRA CUBIC (14) (17, NEGRO/TRANSPARENTE),""2026-02-25 10:04:34"",""0.0"""
"[104748] ANILLO PIEDRA CUBIC (15) (13),""2026-02-25 10:04:34"",""0.0"""
"[104750] ANILLO PIEDRA CUBIC (15) (15),""2026-02-25 10:04:34"",""0.0"""
"[104751] ANILLO PIEDRA CUBIC (15) (16),""2026-02-25 10:04:34"",""0.0"""
"[104752] ANILLO PIEDRA CUBIC (15) (17),""2026-02-25 10:04:34"",""0.0"""
"[104764] ANILLO PIEDRA CUBIC (18) (12),""2026-02-25 10:04:34"",""0.0"""
"[104765] ANILLO PIEDRA CUBIC (18) (13),""2026-02-25 10:04:34"",""0.0"""
"[104766] ANILLO PIEDRA CUBIC (18) (14),""2026-02-25 10:04:34"",""0.0"""
"[104767] ANILLO PIEDRA CUBIC (18) (15),""2026-02-25 10:04:34"",""0.0"""
"[104780] ANILLO PIEDRA CUBIC (21) (13),""2026-02-25 10:04:34"",""0.0"""
"[104781] ANILLO PIEDRA CUBIC (21) (14),""2026-02-25 10:04:34"",""0.0"""
"[104783] ANILLO PIEDRA CUBIC (21) (16),""2026-02-25 10:04:34"",""0.0"""
"[104784] ANILLO PIEDRA CUBIC (21) (17),""2026-02-25 10:04:34"",""0.0"""
"[104792] ANILLO PIEDRA CUBIC (23) (13),""2026-02-25 10:04:34"",""0.0"""
"[104795] ANILLO PIEDRA CUBIC (23) (16),""2026-02-25 10:04:34"",""0.0"""
"[104810] ANILLO PIEDRA CUBIC (26) (13, TRANSPARENTE),""2026-02-25 10:04:34"",""0.0"""
"[104811] ANILLO PIEDRA CUBIC (26) (14, TRANSPARENTE),""2026-02-25 10:04:34"",""0.0"""
"[104812] ANILLO PIEDRA CUBIC (26) (15, TRANSPARENTE),""2026-02-25 10:04:34"",""0.0"""
"[104813] ANILLO PIEDRA CUBIC (26) (16, TRANSPARENTE),""2026-02-25 10:04:34"",""0.0"""
"[104838] ANILLO PIEDRA CUBIC (30) (13),""2026-02-25 10:04:34"",""0.0"""
"[104839] ANILLO PIEDRA CUBIC (30) (14),""2026-02-25 10:04:34"",""0.0"""
"[104840] ANILLO PIEDRA CUBIC (30) (15),""2026-02-25 10:04:34"",""0.0"""
"[104842] ANILLO PIEDRA CUBIC (30) (17),""2026-02-25 10:04:34"",""0.0"""
"[104843] ANILLO PIEDRA CUBIC MEDIO SIN FIN (13) (12, TRANSPARENTE),""2026-02-25 10:04:34"",""0.0"""
"[101826] TOTE TILCARA (NEGRO),""2026-02-25 11:35:18"",""16527.27"""
"[100200] BILLETERA LUCA (NAPADO, NEGRO),""2026-02-25 11:57:30"",""8262.81"""
"[101216] NECESSAIRE LANIN FULL BLACK,""2026-02-25 13:20:13"",""16527.27"""
"[103235] PRODUCTO OUTLET 1990,""2026-02-25 13:38:12"",""657.85"""
"[103237] PRODUCTO OUTLET 3990,""2026-02-25 13:38:15"",""1319.01"""
"[103236] PRODUCTO OUTLET 2990,""2026-02-25 13:46:43"",""988.43"""
"[103238] PRODUCTO OUTLET 4990,""2026-02-25 13:46:46"",""1649.59"""
"[103240] PRODUCTO OUTLET 6990,""2026-02-25 13:46:49"",""2310.74"""
"[103243] PRODUCTO OUTLET 9990,""2026-02-25 13:46:52"",""3302.48"""
"[103243] PRODUCTO OUTLET 9990,""2026-02-25 13:49:45"",""3302.48"""
"[103244] PRODUCTO OUTLET 14990,""2026-02-25 14:10:00"",""4955.37"""
"[103246] PRODUCTO OUTLET 24990,""2026-02-25 14:10:03"",""8261.16"""
"[103249] PRODUCTO OUTLET 39990,""2026-02-25 14:10:31"",""13219.83"""
"[103243] PRODUCTO OUTLET 9990,""2026-02-25 14:14:36"",""3302.48"""
"[103252] PRODUCTO OUTLET 54990,""2026-02-25 14:43:53"",""18178.51"""
"[103255] PRODUCTO OUTLET 69990,""2026-02-25 14:51:51"",""23137.19"""
"[103250] PRODUCTO OUTLET 44990,""2026-02-25 14:52:14"",""14872.73"""
"[103258] PRODUCTO OUTLET 99990,""2026-02-25 14:52:26"",""33054.55"""
"[103251] PRODUCTO OUTLET 49990,""2026-02-25 14:54:39"",""16525.62"""
"[101409] PORTALENTES MANU (BRIDGE, LONDON),""2026-02-25 15:30:12"",""2973.55"""
"[102047] ANILLO PIEDRA CUBIC MULTI (4) (14, ROSA/TRANSPARENTE),""2026-02-25 15:48:22"",""10909.08"""
"[102226] CADENA GRUMET ALTERNADA 0.4 (45),""2026-02-25 15:48:30"",""5033.07"""
"[102240] CADENA ROLO 0.4 (50),""2026-02-25 15:48:38"",""8158.5"""
"[102562] ANILLO GEOMETRICO (4) (20),""2026-02-25 15:48:45"",""17848.6"""
"[102356] PULSERA TEJIDO 6.0 (18),""2026-02-25 15:48:49"",""26730.59"""
"[102161] ARO PASANTE CRUZ (UN),""2026-02-25 15:48:51"",""2702.7"""
"[102240] CADENA ROLO 0.4 (50),""2026-02-25 15:49:36"",""8158.5"""
"[102782] ARO PASANTE ESTRELLAS (UN),""2026-02-25 15:50:33"",""0.0"""
"[101664] SOMBRERO YULA,""2026-02-25 15:58:40"",""14874.38"""
"[102764] ARO PASANTE PIEDRA CUBIC BARRITA (1) (PAR),""2026-02-26 09:32:30"",""0.0"""
"[102228] CADENA GRUMET DIAMANTADA 0.35 (45),""2026-02-26 09:32:49"",""5560.07"""
"[104064] TIENTO CUERO (100, NEGRO, 3 mm, NAPADO),""2026-02-26 09:33:12"",""0.0"""
"[102223] CADENA GRUMET ALTERNADA 0.35 (40),""2026-02-26 09:33:27"",""4560.57"""
"[102267] DIJE HIJO NIÑO,""2026-02-26 09:34:23"",""3588.59"""
"[102468] DIJE INICIAL (M),""2026-02-26 09:34:57"",""877.8"""
"[102523] ANILLO DOS LETRAS (20, RC),""2026-02-26 09:35:21"",""50000.0"""
"[102753] ARO PASANTE PIEDRA CUBIC CORAZONES (2) (UN),""2026-02-26 09:35:34"",""0.0"""
"[102753] ARO PASANTE PIEDRA CUBIC CORAZONES (2) (UN),""2026-02-26 09:36:05"",""0.0"""
"[102467] DIJE INICIAL (L),""2026-02-26 09:36:32"",""877.8"""
"[102870] ARO PASANTE GEOMETRICO (5) (PAR),""2026-02-26 09:36:47"",""0.0"""
"[100119] BANDOLERA VICENTA (IGUANA, NEGRO),""2026-02-26 11:15:05"",""16527.27"""
"[104720] ANILLO PIEDRA CUBIC (11) (13, TRANSPARENTE),""2026-02-26 11:58:32"",""0.0"""
"[104722] ANILLO PIEDRA CUBIC (11) (15, TRANSPARENTE),""2026-02-26 11:58:32"",""0.0"""
"[104723] ANILLO PIEDRA CUBIC (11) (13, VERDE/TRANSPARENTE),""2026-02-26 11:58:32"",""0.0"""
"[104725] ANILLO PIEDRA CUBIC (11) (15, VERDE/TRANSPARENTE),""2026-02-26 11:58:32"",""0.0"""
"[104726] ANILLO PIEDRA CUBIC (11) (16, VERDE/TRANSPARENTE),""2026-02-26 11:58:32"",""0.0"""
"[104727] ANILLO PIEDRA CUBIC (12) (13),""2026-02-26 11:58:32"",""0.0"""
"[104728] ANILLO PIEDRA CUBIC (12) (14),""2026-02-26 11:58:32"",""0.0"""
"[104753] ANILLO PIEDRA CUBIC (16) (12),""2026-02-26 11:58:32"",""0.0"""
"[104754] ANILLO PIEDRA CUBIC (16) (13),""2026-02-26 11:58:32"",""0.0"""
"[104755] ANILLO PIEDRA CUBIC (16) (14),""2026-02-26 11:58:32"",""0.0"""
"[104756] ANILLO PIEDRA CUBIC (16) (15),""2026-02-26 11:58:32"",""0.0"""
"[104757] ANILLO PIEDRA CUBIC (16) (16),""2026-02-26 11:58:32"",""0.0"""
"[104758] ANILLO PIEDRA CUBIC (17) (12),""2026-02-26 11:58:32"",""0.0"""
"[104759] ANILLO PIEDRA CUBIC (17) (13),""2026-02-26 11:58:32"",""0.0"""
"[104760] ANILLO PIEDRA CUBIC (17) (14),""2026-02-26 11:58:32"",""0.0"""
"[104761] ANILLO PIEDRA CUBIC (17) (15),""2026-02-26 11:58:32"",""0.0"""
"[104762] ANILLO PIEDRA CUBIC (17) (16),""2026-02-26 11:58:32"",""0.0"""
"[104763] ANILLO PIEDRA CUBIC (17) (17),""2026-02-26 11:58:32"",""0.0"""
"[104769] ANILLO PIEDRA CUBIC (19) (13),""2026-02-26 11:58:32"",""0.0"""
"[104773] ANILLO PIEDRA CUBIC (19) (17),""2026-02-26 11:58:32"",""0.0"""
"[104777] ANILLO PIEDRA CUBIC (20)   (14),""2026-02-26 11:58:32"",""0.0"""
"[104778] ANILLO PIEDRA CUBIC (20)   (15),""2026-02-26 11:58:32"",""0.0"""
"[104774] ANILLO PIEDRA CUBIC (19) (18),""2026-02-26 11:58:32"",""0.0"""
"[104785] ANILLO PIEDRA CUBIC (22) (12),""2026-02-26 11:58:32"",""0.0"""
"[104786] ANILLO PIEDRA CUBIC (22) (13),""2026-02-26 11:58:32"",""0.0"""
"[104788] ANILLO PIEDRA CUBIC (22) (15),""2026-02-26 11:58:32"",""0.0"""
"[104789] ANILLO PIEDRA CUBIC (22) (16),""2026-02-26 11:58:32"",""0.0"""
"[104790] ANILLO PIEDRA CUBIC (22) (17),""2026-02-26 11:58:32"",""0.0"""
"[104797] ANILLO PIEDRA CUBIC (24) (13),""2026-02-26 11:58:32"",""0.0"""
"[104799] ANILLO PIEDRA CUBIC (24) (15),""2026-02-26 11:58:32"",""0.0"""
"[104800] ANILLO PIEDRA CUBIC (24) (16),""2026-02-26 11:58:32"",""0.0"""
"[104801] ANILLO PIEDRA CUBIC (24) (17),""2026-02-26 11:58:32"",""0.0"""
"[104802] ANILLO PIEDRA CUBIC (25) (13, TRANSPARENTE),""2026-02-26 11:58:32"",""0.0"""
"[104803] ANILLO PIEDRA CUBIC (25) (14, TRANSPARENTE),""2026-02-26 11:58:32"",""0.0"""
"[104804] ANILLO PIEDRA CUBIC (25) (15, TRANSPARENTE),""2026-02-26 11:58:32"",""0.0"""
"[104806] ANILLO PIEDRA CUBIC (25) (17, TRANSPARENTE),""2026-02-26 11:58:32"",""0.0"""
"[104807] ANILLO PIEDRA CUBIC (25) (14, MULTICOLOR),""2026-02-26 11:58:32"",""0.0"""
"[104808] ANILLO PIEDRA CUBIC (25) (16, MULTICOLOR),""2026-02-26 11:58:32"",""0.0"""
"[104819] ANILLO PIEDRA CUBIC (27) (14, TRANSPARENTE),""2026-02-26 11:58:32"",""0.0"""
"[104820] ANILLO PIEDRA CUBIC (27) (15, TRANSPARENTE),""2026-02-26 11:58:32"",""0.0"""
"[104821] ANILLO PIEDRA CUBIC (27) (16, TRANSPARENTE),""2026-02-26 12:45:49"",""0.0"""
"[104822] ANILLO PIEDRA CUBIC (27) (17, TRANSPARENTE),""2026-02-26 12:45:49"",""0.0"""
"[104824] ANILLO PIEDRA CUBIC (27) (14, NEGRO/TRANSPARENTE),""2026-02-26 12:45:49"",""0.0"""
"[104825] ANILLO PIEDRA CUBIC (27) (15, NEGRO/TRANSPARENTE),""2026-02-26 12:45:49"",""0.0"""
"[104826] ANILLO PIEDRA CUBIC (27) (16, NEGRO/TRANSPARENTE),""2026-02-26 12:45:49"",""0.0"""
"[104827] ANILLO PIEDRA CUBIC (27) (17, NEGRO/TRANSPARENTE),""2026-02-26 12:45:49"",""0.0"""
"[104828] ANILLO PIEDRA CUBIC (28) (13),""2026-02-26 12:45:49"",""0.0"""
"[104829] ANILLO PIEDRA CUBIC (28) (14),""2026-02-26 12:45:49"",""0.0"""
"[104830] ANILLO PIEDRA CUBIC (28) (15),""2026-02-26 12:45:49"",""0.0"""
"[104831] ANILLO PIEDRA CUBIC (28) (16),""2026-02-26 12:45:49"",""0.0"""
"[104833] ANILLO PIEDRA CUBIC (29) (12),""2026-02-26 12:45:49"",""0.0"""
"[104835] ANILLO PIEDRA CUBIC (29) (14),""2026-02-26 12:45:49"",""0.0"""
"[104836] ANILLO PIEDRA CUBIC (29) (15),""2026-02-26 12:45:49"",""0.0"""
"[104837] ANILLO PIEDRA CUBIC (29) (16),""2026-02-26 12:45:49"",""0.0"""
"[104841] ANILLO PIEDRA CUBIC (30) (16),""2026-02-26 12:45:49"",""0.0"""
"[104843] ANILLO PIEDRA CUBIC MEDIO SIN FIN (13) (12, TRANSPARENTE),""2026-02-26 12:45:49"",""0.0"""
"[104844] ANILLO PIEDRA CUBIC MEDIO SIN FIN (13) (13, TRANSPARENTE),""2026-02-26 12:45:49"",""0.0"""
"[104845] ANILLO PIEDRA CUBIC MEDIO SIN FIN (13) (14, TRANSPARENTE),""2026-02-26 12:45:49"",""0.0"""
"[104847] ANILLO PIEDRA CUBIC MEDIO SIN FIN (13) (13, NEGRO/TRANSPARENTE),""2026-02-26 12:45:49"",""0.0"""
"[104848] ANILLO PIEDRA CUBIC MEDIO SIN FIN (13) (14, NEGRO/TRANSPARENTE),""2026-02-26 12:45:49"",""0.0"""
"[104849] ANILLO PIEDRA CUBIC MEDIO SIN FIN (13) (15, NEGRO/TRANSPARENTE),""2026-02-26 12:45:49"",""0.0"""
"[104851] ANILLO PIEDRA CUBIC MEDIO SIN FIN (14) (12),""2026-02-26 12:45:49"",""0.0"""
"[104852] ANILLO PIEDRA CUBIC MEDIO SIN FIN (14) (13),""2026-02-26 12:45:49"",""0.0"""
"[104853] ANILLO PIEDRA CUBIC MEDIO SIN FIN (14) (14),""2026-02-26 12:45:49"",""0.0"""
"[104855] ANILLO PIEDRA CUBIC MEDIO SIN FIN (14) (16),""2026-02-26 12:45:49"",""0.0"""
"[104858] ANILLO PIEDRA CUBIC MEDIO SIN FIN (15) (14),""2026-02-26 12:45:49"",""0.0"""
"[104859] ANILLO PIEDRA CUBIC MEDIO SIN FIN (15) (15),""2026-02-26 12:45:49"",""0.0"""
"[104860] ANILLO PIEDRA CUBIC MEDIO SIN FIN (15) (16),""2026-02-26 12:45:49"",""0.0"""
"[104861] ANILLO PIEDRA CUBIC MEDIO SIN FIN (15) (17),""2026-02-26 12:45:49"",""0.0"""
"[104862] ANILLO PIEDRA CUBIC MEDIO SIN FIN (16) (12),""2026-02-26 12:45:49"",""0.0"""
"[104862] ANILLO PIEDRA CUBIC MEDIO SIN FIN (16) (12),""2026-02-26 12:45:49"",""0.0"""
"[104864] ANILLO PIEDRA CUBIC MEDIO SIN FIN (16) (14),""2026-02-26 12:45:49"",""0.0"""
"[104865] ANILLO PIEDRA CUBIC MEDIO SIN FIN (16) (15),""2026-02-26 12:45:49"",""0.0"""
"[104866] ANILLO PIEDRA CUBIC MEDIO SIN FIN (16) (16),""2026-02-26 12:45:49"",""0.0"""
"[104867] ANILLO SELLO (1) (13),""2026-02-26 12:45:49"",""0.0"""
"[104868] ANILLO SELLO (1) (14),""2026-02-26 12:45:49"",""0.0"""
"[104869] ANILLO SELLO (1) (15),""2026-02-26 12:45:49"",""0.0"""
"[104870] ANILLO SELLO (1) (16),""2026-02-26 12:45:49"",""0.0"""
"[104871] ANILLO SELLO (1) (17),""2026-02-26 12:45:49"",""0.0"""
"[104863] ANILLO PIEDRA CUBIC MEDIO SIN FIN (16) (13),""2026-02-26 15:42:13"",""0.0"""
"[100556] NECESSAIRE LANIN (BRIDGE, CHOCOLATE),""2026-02-26 16:44:06"",""16527.27"""
"[103009] VEDETINA (S),""2026-02-26 16:54:31"",""0.0"""
"[103011] VEDETINA (L),""2026-02-26 16:54:33"",""0.0"""
"[103012] CULOTTE (XS),""2026-02-26 16:54:36"",""0.0"""
"[103313] ARO PASANTE ARGOLLA MEDIANA C/ BOLITAS (DORADO),""2026-02-26 17:07:19"",""407.81000000000006"""
"[103315] ARO PASANTE ARGOLLA MEDIANA DORADO,""2026-02-26 17:07:26"",""496.67"""
"[103322] ARO PASANTE ARGOLLA MEDIANA TORCIDA (PLATEADO),""2026-02-26 17:07:28"",""617.03"""
"[103367] ARO PASANTE FLOR MEDIANA DORADO/NACAR,""2026-02-26 17:07:30"",""752.52"""
"[103803] SET PASANTES PRESION 3 ESTRELLAS PLATEADO,""2026-02-26 17:07:32"",""421.40999999999997"""
"[103804] SET PASANTES PRESION ARGOLLAS DORADO,""2026-02-26 17:07:33"",""451.4800000000001"""
"[103270] ARMA TU LOOK (LETRAS BYN CUBO NEGRO),""2026-02-26 17:10:45"",""273.17"""
"[103497] CADENA LETRA (J, PLATEADO),""2026-02-26 17:10:48"",""237.79"""
"[104130] ARO PASANTE PERLA BLANCA 6 MM,""2026-02-26 17:10:49"",""187.71"""
"[104165] ARO PASANTE BOLITA 6 MM (NIQUEL),""2026-02-26 17:10:50"",""252.38"""
"[104176] ARO PASANTE PASTILLA 8 MM (PLATEADO),""2026-02-26 17:10:52"",""239.45999999999998"""
"[103824] SET X2 HEBILLAS C/ CEREZAS,""2026-02-26 17:13:50"",""158.81"""
"[103569] HEBILLA MOÑO GRANDE DOBLE FUCSIA/VIOLETA,""2026-02-26 17:13:52"",""277.91"""
"[103789] SCUNZI CORAZON PLATEADO/NEGRO,""2026-02-26 17:13:55"",""428.76000000000005"""
"[103896] SET X4 GOMITAS CABLE SURTIDO NUDE,""2026-02-26 17:13:59"",""224.97"""
"[103905] SET X4 MINI GOMITAS RAYADAS C/ BOLITAS,""2026-02-26 17:14:02"",""133.98"""
"[103684] PULSERA HILO REGULABLE SIGNO (LEO),""2026-02-26 17:17:54"",""361.2"""
"[103663] PULSERA CUENTAS VIDRIO REDONDAS/FASCETADAS VERDE,""2026-02-26 17:18:02"",""550.06"""
"[103687] PULSERA HILO REGULABLE SIGNO (CANCER),""2026-02-26 17:18:07"",""361.2100000000001"""
"[103559] CHALINA SELECCION,""2026-02-26 17:23:01"",""1485.0"""
"[103742] SCRAP BIJOU 3990,""2026-02-26 17:24:59"",""731.5"""
"[103774] SCRAP PELO 1990,""2026-02-26 17:25:05"",""331.67"""
"[103775] SCRAP PELO 2990,""2026-02-26 17:25:07"",""498.33000000000004"""
"[103777] SCRAP PELO 6990,""2026-02-26 17:25:09"",""1165.0"""
"[103759] SCRAP MARRO CHICA 3990,""2026-02-27 10:01:27"",""731.5"""
"[103776] SCRAP PELO 3990,""2026-02-27 10:01:27"",""665.0"""
"[102265] DIJE CRUZ (4),""2026-02-27 10:01:27"",""1932.32"""
"[100782] CINTURON TINO (90, NEGRO),""2026-02-27 10:01:27"",""16527.27"""
"[103001] BOMBACHA NIÑA (6/7),""2026-02-27 10:01:27"",""0.0"""
"[103002] BOMBACHA NIÑA (8/9),""2026-02-27 10:01:27"",""0.0"""
"[103003] BOMBACHA NIÑA (10/11),""2026-02-27 10:01:27"",""0.0"""
"[102505] ARO ARGOLLA (2) (UN),""2026-02-27 10:01:27"",""274.54"""
"[100988] LLAVERO KAREN (CARAMELO/OLIVE),""2026-02-27 12:46:05"",""3634.71"""
"[102985] CHALECO TRINIDAD (BEIGE),""2026-02-27 15:13:03"",""0.0"""
"[102650] ANILLO PIEDRA CUBIC MEDIO SIN FIN (3) (14),""2026-02-27 15:29:47"",""14969.0"""
"[102651] ANILLO PIEDRA CUBIC MEDIO SIN FIN (3) (16),""2026-02-27 15:29:47"",""14677.0"""
"[102654] ANILLO PIEDRA CUBIC MEDIO SIN FIN (4) (14),""2026-02-27 15:29:47"",""0.0"""
"[102660] ANILLO PIEDRA CUBIC CINTILLO (1) (18),""2026-02-27 15:29:47"",""0.0"""
"[102669] ANILLO GEOMETRICO (6) (14),""2026-02-27 15:29:47"",""0.0"""
"[102678] ANILLO DOBLE CINTA (14),""2026-02-27 15:29:47"",""0.0"""
"[102681] ANILLO PIEDRA CUBIC SOLITARIO (5) (14),""2026-02-27 15:29:47"",""0.0"""
"[102682] ANILLO PIEDRA CUBIC SOLITARIO (5) (16),""2026-02-27 15:29:47"",""0.0"""
"[102685] ANILLO PIEDRA CUBIC CINTILLO (2) (14),""2026-02-27 15:29:47"",""0.0"""
"[102689] ANILLO HOJAS (16),""2026-02-27 15:29:47"",""0.0"""
"[102692] ANILLO TRIPLE CINTA (14),""2026-02-27 15:29:47"",""0.0"""
"[102696] ANILLO BOMBE (6) (14),""2026-02-27 15:29:47"",""0.0"""
"[102697] ANILLO BOMBE (6) (16),""2026-02-27 15:29:47"",""0.0"""
"[102700] ANILLO GRABADO PAZ (14),""2026-02-27 15:29:47"",""0.0"""
"[102701] ANILLO GRABADO PAZ (16),""2026-02-27 15:29:47"",""0.0"""
"[102704] ANILLO GRABADO GOOD VIBES (14),""2026-02-27 15:29:47"",""0.0"""
"[102707] ANILLO GRABADO AMOR (14),""2026-02-27 15:29:47"",""0.0"""
"[102710] ANILLO PIEDRA CUBIC MEDIO SIN FIN (5) (14),""2026-02-27 15:29:47"",""0.0"""
"[102714] ANILLO PIEDRA CUBIC MEDIO SIN FIN (6) (14),""2026-02-27 15:29:47"",""0.0"""
"[102718] ANILLO CRUZ (2) (14),""2026-02-27 15:29:47"",""0.0"""
"[102721] ANILLO PIEDRA CUBIC MEDIO SIN FIN (7) (14),""2026-02-27 15:29:47"",""0.0"""
"[102724] ANILLO BOMBE (7) (14),""2026-02-27 15:29:47"",""0.0"""
"[102727] ANILLO GEOMETRICO (7) (14),""2026-02-27 15:29:47"",""0.0"""
"[102730] ANILLO PERSONALIZABLE (14),""2026-02-27 15:29:47"",""0.0"""
"[102733] ANILLO PIEDRA CUBIC MULTI (8) (14),""2026-02-27 15:29:47"",""0.0"""
"[102737] ANILLO PIEDRA CUBIC INFINITO (2) (14),""2026-02-27 15:29:47"",""0.0"""
"[102738] ANILLO PIEDRA CUBIC INFINITO (2) (16),""2026-02-27 15:29:47"",""0.0"""
"[104896] ANILLO BANDA (10),""2026-02-27 15:29:47"",""0.0"""
"[104897] ANILLO BANDA (12),""2026-02-27 15:29:47"",""0.0"""
"[104898] ANILLO BANDA (15),""2026-02-27 15:29:47"",""0.0"""
"[104899] ANILLO BOMBE (5) (10),""2026-02-27 15:29:47"",""0.0"""
"[104900] ANILLO BOMBE (5) (12),""2026-02-27 15:29:47"",""0.0"""
"[104901] ANILLO BOMBE (5) (15),""2026-02-27 15:29:47"",""0.0"""
"[104902] ANILLO BOMBE (6) (10),""2026-02-27 15:29:47"",""0.0"""
"[104903] ANILLO BOMBE (6) (12),""2026-02-27 15:29:47"",""0.0"""
"[104904] ANILLO BOMBE (7) (10),""2026-02-27 15:29:47"",""0.0"""
"[104905] ANILLO BOMBE (7) (13),""2026-02-27 15:29:47"",""0.0"""
"[104906] ANILLO CRUZ (2) (10),""2026-02-27 15:29:47"",""0.0"""
"[104908] ANILLO CRUZ (2) (12),""2026-02-27 15:29:47"",""0.0"""
"[104909] ANILLO CRUZ (2) (15),""2026-02-27 15:29:47"",""0.0"""
"[104907] ANILLO CRUZ (2) (11),""2026-02-27 15:29:47"",""0.0"""
"[104910] ANILLO GEOMETRICO (5) (11),""2026-02-27 15:29:47"",""0.0"""
"[104911] ANILLO GEOMETRICO (5) (13),""2026-02-27 15:29:47"",""0.0"""
"[104912] ANILLO GEOMETRICO (6) (11),""2026-02-27 15:29:47"",""0.0"""
"[104913] ANILLO GEOMETRICO (6) (13),""2026-02-27 15:29:47"",""0.0"""
"[104914] ANILLO GEOMETRICO (7) (10),""2026-02-27 15:29:47"",""0.0"""
"[104915] ANILLO GEOMETRICO (7) (12),""2026-02-27 15:29:47"",""0.0"""
"[104916] ANILLO GEOMETRICO (8) (10),""2026-02-27 15:29:47"",""0.0"""
"[104917] ANILLO GEOMETRICO (8) (11),""2026-02-27 15:29:47"",""0.0"""
"[104918] ANILLO GEOMETRICO (8) (13),""2026-02-27 15:29:47"",""0.0"""
"[104919] ANILLO GEOMETRICO (9) (11),""2026-02-27 15:29:47"",""0.0"""
"[104920] ANILLO GEOMETRICO (9) (12),""2026-02-27 15:29:47"",""0.0"""
"[104921] ANILLO GEOMETRICO (9) (15),""2026-02-27 15:29:47"",""0.0"""
"[104922] ANILLO GRABADO AMOR (10),""2026-02-27 15:29:47"",""0.0"""
"[104923] ANILLO GRABADO AMOR (12),""2026-02-27 15:29:47"",""0.0"""
"[104924] ANILLO GRABADO GOOD VIBES (10),""2026-02-27 15:29:47"",""0.0"""
"[104925] ANILLO GRABADO PAZ (12),""2026-02-27 15:29:47"",""0.0"""
"[104968] ANILLO GRABADO PAZ (13),""2026-02-27 15:29:47"",""0.0"""
"[104926] ANILLO HOJAS (10),""2026-02-27 15:29:47"",""0.0"""
"[104927] ANILLO HOJAS (12),""2026-02-27 15:29:47"",""0.0"""
"[104928] ANILLO HOJAS (13),""2026-02-27 15:29:47"",""0.0"""
"[104929] ANILLO PERSONALIZABLE (11),""2026-02-27 15:29:47"",""0.0"""
"[104930] ANILLO PERSONALIZABLE (13),""2026-02-27 15:29:47"",""0.0"""
"[104932] ANILLO PIEDRA CUBIC CINTILLO (1) (11),""2026-02-27 15:29:47"",""0.0"""
"[104933] ANILLO PIEDRA CUBIC CINTILLO (1) (12),""2026-02-27 15:29:47"",""0.0"""
"[104935] ANILLO PIEDRA CUBIC CINTILLO (2) (10),""2026-02-27 15:29:47"",""0.0"""
"[104936] ANILLO PIEDRA CUBIC CINTILLO (2) (12),""2026-02-27 15:29:47"",""0.0"""
"[104937] ANILLO PIEDRA CUBIC CRUZ (10),""2026-02-27 15:29:47"",""0.0"""
"[104938] ANILLO PIEDRA CUBIC CRUZ (12),""2026-02-27 15:29:47"",""0.0"""
"[104939] ANILLO PIEDRA CUBIC CRUZ (17),""2026-02-27 15:29:47"",""0.0"""
"[104940] ANILLO PIEDRA CUBIC INFINITO (1) (10),""2026-02-27 15:29:47"",""0.0"""
"[104941] ANILLO PIEDRA CUBIC INFINITO (1) (11),""2026-02-27 15:29:47"",""0.0"""
"[104942] ANILLO PIEDRA CUBIC INFINITO (1) (13),""2026-02-27 15:29:47"",""0.0"""
"[104943] ANILLO PIEDRA CUBIC INFINITO (1) (15),""2026-02-27 15:29:47"",""0.0"""
"[104944] ANILLO PIEDRA CUBIC INFINITO (2) (11),""2026-02-27 15:29:47"",""0.0"""
"[104945] ANILLO PIEDRA CUBIC INFINITO (2) (12),""2026-02-27 15:29:47"",""0.0"""
"[104946] ANILLO PIEDRA CUBIC INFINITO (2) (13),""2026-02-27 15:29:47"",""0.0"""
"[104947] ANILLO PIEDRA CUBIC MEDIO SIN FIN (3) (10),""2026-02-27 15:29:47"",""0.0"""
"[104948] ANILLO PIEDRA CUBIC MEDIO SIN FIN (3) (12),""2026-02-27 15:29:47"",""0.0"""
"[104949] ANILLO PIEDRA CUBIC MEDIO SIN FIN (4) (10),""2026-02-27 15:29:47"",""0.0"""
"[104950] ANILLO PIEDRA CUBIC MEDIO SIN FIN (4) (11),""2026-02-27 15:29:47"",""0.0"""
"[104951] ANILLO PIEDRA CUBIC MEDIO SIN FIN (4) (12),""2026-02-27 15:29:47"",""0.0"""
"[104952] ANILLO PIEDRA CUBIC MEDIO SIN FIN (5) (10),""2026-02-27 15:29:47"",""0.0"""
"[104953] ANILLO PIEDRA CUBIC MEDIO SIN FIN (5) (12),""2026-02-27 15:29:47"",""0.0"""
"[104954] ANILLO PIEDRA CUBIC MEDIO SIN FIN (6) (11),""2026-02-27 15:29:47"",""0.0"""
"[104955] ANILLO PIEDRA CUBIC MEDIO SIN FIN (6) (12),""2026-02-27 15:29:47"",""0.0"""
"[104956] ANILLO PIEDRA CUBIC MEDIO SIN FIN (6) (17),""2026-02-27 15:29:47"",""0.0"""
"[104957] ANILLO PIEDRA CUBIC MEDIO SIN FIN (7) (10),""2026-02-27 15:29:47"",""0.0"""
"[104958] ANILLO PIEDRA CUBIC MEDIO SIN FIN (7) (11),""2026-02-27 15:29:47"",""0.0"""
"[104959] ANILLO PIEDRA CUBIC MEDIO SIN FIN (7) (12),""2026-02-27 15:29:47"",""0.0"""
"[104960] ANILLO PIEDRA CUBIC MULTI (8) (10),""2026-02-27 15:29:47"",""0.0"""
"[104961] ANILLO PIEDRA CUBIC MULTI (8) (11),""2026-02-27 15:29:47"",""0.0"""
"[104962] ANILLO PIEDRA CUBIC MULTI (8) (12),""2026-02-27 15:29:47"",""0.0"""
"[104963] ANILLO PIEDRA CUBIC SOLITARIO (5) (10),""2026-02-27 15:29:47"",""0.0"""
"[104964] ANILLO PIEDRA CUBIC SOLITARIO (5) (12),""2026-02-27 15:29:47"",""0.0"""
"[104965] ANILLO TRIPLE CINTA (10),""2026-02-27 15:29:47"",""0.0"""
"[104966] ANILLO TRIPLE CINTA (12),""2026-02-27 15:29:47"",""0.0"""
"[104967] ANILLO GRABADO PAZ (10),""2026-02-27 15:29:47"",""0.0"""
"[100671] CINTURON FLORA (1) (S-M, MARSALA),""2026-02-27 15:32:37"",""8262.81"""
"[100672] CINTURON FLORA (1) (M-L, MARSALA),""2026-02-27 15:32:37"",""8262.81"""
"[100667] CINTURON FLORA (1) (S-M, CHOCOLATE),""2026-02-27 15:32:37"",""8262.81"""
"[100163] BILLETERA FICHERO (NAPADO, NEGRO),""2026-02-27 15:53:36"",""18676.03"""
"[100162] BILLETERA FICHERO (NAPADO, CARAMELO),""2026-02-27 15:53:36"",""18676.03"""
"[100438] CARTERA AMARILLA SET SOBRE (BRIDGE, CARAMELO),""2026-02-28 13:18:55"",""26444.63"""
"[101373] PORTALENTES COLBY (IGUANA, CARAMELO),""2026-02-28 15:00:51"",""4957.02"""
"[101132] MONEDERO CORY (NAPADO, CARAMELO),""2026-02-28 15:11:13"",""1981.82"""
"[103108] SOMBRERO ALGODON (XL, NATURAL/NEGRO),""2026-02-28 17:15:32"",""6609.920000000001"""
"[100449] CARTERA AMARILLA SET SOBRE (GAMUZA, CAFE/TABACO),""2026-02-28 17:19:25"",""26444.63"""
"[101207] NECESSAIRE FELI (BRIDGE, ROJO),""2026-03-01 13:06:37"",""12395.04"""
"[100598] CARTERA YARA (IGUANA, NEGRO),""2026-03-02 14:14:19"",""28923.97"""
"[102873] ARO PASANTE GEOMETRICO (7) (PAR),""2026-03-02 14:20:08"",""0.0"""
"[104872] ARO COLGANTE PIEDRA CUBIC OVAL (PAR) (TRANSPARENTE),""2026-03-02 14:20:08"",""0.0"""
"[104881] DIJE PIEDRA CUBIC OVAL (2) (TRANSPARENTE),""2026-03-02 14:20:08"",""0.0"""
"[104882] DIJE PIEDRA CUBIC OVAL (2) (LAVANDA),""2026-03-02 14:20:08"",""0.0"""
"[104883] DIJE PIEDRA CUBIC OVAL (2) (CHAMPAGNE),""2026-03-02 14:20:08"",""0.0"""
"[104884] DIJE PIEDRA CUBIC OVAL (2) (ROSA),""2026-03-02 14:20:08"",""0.0"""
"[104878] DIJE CORONA (TRANSPARENTE),""2026-03-02 14:20:08"",""0.0"""
"[104879] DIJE CORONA (NEGRO),""2026-03-02 14:20:08"",""0.0"""
"[104880] DIJE CORONA (VERDE ESMERALDA),""2026-03-02 14:20:08"",""0.0"""
"[104874] DIJE BARRITA (NEGRO/TRANSPARENTE),""2026-03-02 14:20:08"",""0.0"""
"[104875] DIJE BARRITA (AZUL/TRANSPARENTE),""2026-03-02 14:20:08"",""0.0"""
"[104876] DIJE BARRITA (VERDE/TRANSPARENTE),""2026-03-02 14:20:08"",""0.0"""
"[104877] DIJE BARRITA (ROSA/TRANSPARENTE),""2026-03-02 14:20:08"",""0.0"""
"[104969] ANILLO CRUZ (2) (13),""2026-03-03 10:33:56"",""0.0"""
"[103176] BANDOLERA LENA (MODENA, VERDE),""2026-03-03 10:37:36"",""33056.2"""
"[101812] TOTE IRUYA (NAPADO, CARAMELO),""2026-03-03 10:40:04"",""16527.27"""
"[101825] TOTE TILCARA (LONDON),""2026-03-03 10:47:16"",""16527.27"""
"[101807] TOTE CACHI  (NAPADO, CARAMELO),""2026-03-03 11:11:03"",""16527.27"""
"[101809] TOTE CACHI  (NAPADO, SUELA),""2026-03-03 11:11:03"",""16527.27"""
"[100517] CARTERA HARPER (GAMUZA, OLIVE/TABACO),""2026-03-03 11:11:49"",""36361.98"""
"[100474] CARTERA APHOLO SET SOBRE (CARAMELO),""2026-03-03 11:12:45"",""33056.2"""
"[103134] CARTERA MANA FLECOS (LINEA PESPUNTES) (NAPOLE, CAOBA),""2026-03-03 11:14:08"",""42312.4"""
"[103135] CARTERA MANA FLECOS (LINEA PESPUNTES) (NAPOLE, TABACO),""2026-03-03 11:14:08"",""42312.4"""
"[103136] CARTERA MANA FLECOS (LINEA PESPUNTES) (CRASH, SUELA),""2026-03-03 11:14:08"",""42312.4"""
"[103207] PORTAFOLIO HUAPI (NAPOLE, TABACO),""2026-03-03 11:14:54"",""42973.55"""
"[101188] MORRAL OLDIE (BRIDGE, NEGRO),""2026-03-03 11:16:03"",""33056.2"""
"[104000] CARTERA LONDRES (BRIDGE, CHOCOLATE),""2026-03-03 11:17:28"",""30576.86"""
"[100469] CARTERA APHOLO C/CIERRE (BRIDGE, CHOCOLATE),""2026-03-03 11:18:15"",""33056.2"""
"[101359] PORTALAPTOP MILTON (BRIDGE, CARAMELO),""2026-03-03 11:18:49"",""12395.04"""
"[100468] CARTERA APHOLO C/CIERRE (BRIDGE, CARAMELO),""2026-03-03 11:19:36"",""33056.2"""
"[100585] CARTERA MINI EMMA (NAPADO, NEGRO),""2026-03-03 11:20:23"",""21485.95"""
"[103998] CARTERA LONDRES (BRIDGE, CARAMELO),""2026-03-03 11:21:06"",""30576.86"""
"[101187] MORRAL OLDIE (BRIDGE, CHOCOLATE),""2026-03-03 11:22:09"",""33056.2"""
"[103734] SCRAP BEAUTY 4990,""2026-03-03 12:28:58"",""914.83"""
"[103735] SCRAP BEAUTY 5990,""2026-03-03 12:28:59"",""1098.17"""
"[103738] SCRAP BEAUTY 8990,""2026-03-03 12:29:02"",""1648.17"""
"[103749] SCRAP HOME 2990,""2026-03-03 12:32:35"",""498.33000000000004"""
"[103751] SCRAP HOME 3990,""2026-03-03 12:32:37"",""731.5"""
"[103752] SCRAP HOME 4990,""2026-03-03 12:32:38"",""914.83"""
"[103753] SCRAP HOME 5990,""2026-03-03 12:32:40"",""1098.17"""
"[103756] SCRAP HOME 8990,""2026-03-03 12:32:43"",""1648.17"""
"[103757] SCRAP HOME 9990,""2026-03-03 12:32:45"",""1831.5"""
"[103758] SCRAP MARRO CHICA 14990,""2026-03-03 12:34:41"",""2748.17"""
"[103765] SCRAP MARRO CHICA 9990,""2026-03-03 12:34:45"",""1831.5"""
"[103768] SCRAP MARRO GRANDE 24990,""2026-03-03 12:37:06"",""4581.5"""
"[103772] SCRAP MARRO GRANDE 44990,""2026-03-03 12:37:09"",""8248.17"""
"[102240] CADENA ROLO 0.4 (50),""2026-03-03 13:18:55"",""8158.5"""
"[103996] ARMA TU LOOK (CARITAS TRANSPARENTES),""2026-03-03 15:26:38"",""273.17"""
"[103174] BANDOLERA JADE (LINEA FRUNCES) (GAMUZA, AVELLANA),""2026-03-03 17:06:02"",""11568.6"""
"[101801] TARJETERO VINCENT (NEGRO),""2026-03-04 11:37:09"",""5783.47"""
"[101802] TARJETERO VINCENT (ROJO),""2026-03-04 11:37:09"",""5783.47"""
"[101803] TARJETERO VINCENT (TABACO),""2026-03-04 11:37:09"",""5783.47"""
"[101766] TARJETERO MULTI (NAPADO, CARAMELO),""2026-03-04 11:38:53"",""9915.7"""
"[101768] TARJETERO MULTI (NAPADO, ROJO),""2026-03-04 11:38:53"",""9915.7"""
"[101769] TARJETERO MULTI (NAPADO, SUELA),""2026-03-04 11:38:53"",""9915.7"""
"[100896] INDIVIDUAL CURVO (BRIDGE, ROJO),""2026-03-04 11:41:04"",""5948.759999999999"""
"[100897] INDIVIDUAL CURVO (BRIDGE, TABACO),""2026-03-04 11:41:04"",""5948.76"""
"[100899] INDIVIDUAL CURVO (NAPADO, NEGRO),""2026-03-04 11:41:04"",""5948.76"""
"[100900] INDIVIDUAL CURVO (NAPADO, SUELA),""2026-03-04 11:41:04"",""5948.76"""
"[100905] INDIVIDUAL RECTO (BRIDGE, NEGRO),""2026-03-04 11:42:46"",""5948.76"""
"[100906] INDIVIDUAL RECTO (BRIDGE, ROJO),""2026-03-04 11:42:46"",""5948.76"""
"[100909] INDIVIDUAL RECTO (NAPADO, NEGRO),""2026-03-04 11:42:46"",""5948.76"""
"[103533] CARTUCHERA LUNA (PU, GRIS),""2026-03-04 14:18:35"",""0.0"""
"[103594] PHONEBAG 01 (PU, BLANCO),""2026-03-04 14:18:36"",""2448.5999999999995"""
"[103957] SOBRE ANALIA CHICO (PU, SALMON),""2026-03-04 14:18:48"",""1486.49"""
"[101624] SET POSAVASOS CUADRADO X4 (BRIDGE, ROJO),""2026-03-04 15:11:33"",""5948.759999999999"""
"[101625] SET POSAVASOS CUADRADO X4 (BRIDGE, TABACO),""2026-03-04 15:11:33"",""5948.76"""
"[101628] SET POSAVASOS CUADRADO X4 (NAPADO, SUELA),""2026-03-04 15:11:33"",""5948.759999999999"""
"[101621] SET POSAVASOS CUADRADO X4 (BRIDGE, CHOCOLATE),""2026-03-04 15:11:33"",""5948.76"""
"[101723] TARJETERO HARRY (BRIDGE, CARAMELO),""2026-03-04 15:12:07"",""4957.02"""
"[101127] MONEDERO CORY (BRIDGE, LONDON),""2026-03-04 15:12:09"",""1981.82"""
"[100517] CARTERA HARPER (GAMUZA, OLIVE/TABACO),""2026-03-04 15:45:06"",""36361.97999999999"""
"[101036] MEDIAS MEDIA CAÑA FANTASIA (MULTIRAYAS, NEGRO/GRIS MELANGE),""2026-03-04 15:45:09"",""1072.73"""
"[102989] CHALECO INDIGO (BEIGE),""2026-03-04 15:45:14"",""0.0"""
"[103188] CARTERA VERA (NAPOLE, CAOBA),""2026-03-04 15:45:22"",""29750.41"""
"[100269] BOLSO TUBO GRANDE (PELO, HOLANDO/NEGRO),""2026-03-04 15:46:42"",""71072.73"""
"[103209] PORTAPASAPORTE CHESTER (NAPADO, VERDE),""2026-03-04 15:52:18"",""2808.26"""
"[101445] PORTAPASAPORTE CHESTER (BRIDGE, NEGRO),""2026-03-04 15:52:18"",""2808.2599999999998"""
"[101702] TARJETERO ARIES BIFAZ (NEGRO),""2026-03-04 15:54:44"",""1651.24"""
"[101691] TARJETERO ARIES (BRIDGE, ROJO),""2026-03-04 15:56:44"",""1651.24"""
"[101692] TARJETERO ARIES (BRIDGE, TABACO),""2026-03-04 15:56:44"",""1651.24"""
"[101740] TARJETERO JUAN (BRIDGE, ROJO),""2026-03-04 16:00:57"",""4957.02"""
"[101741] TARJETERO JUAN (BRIDGE, TABACO),""2026-03-04 16:00:57"",""4957.02"""
"[103747] SCRAP HOME 1990,""2026-03-04 18:49:09"",""331.67"""
"[103752] SCRAP HOME 4990,""2026-03-04 18:49:11"",""914.83"""
"[103754] SCRAP HOME 6990,""2026-03-04 18:49:13"",""1281.5"""
"[103755] SCRAP HOME 7990,""2026-03-04 18:49:15"",""1464.83"""
"[100399] CAMPERA CHANDRA (2XL, NEGRO),""2026-03-05 11:11:51"",""16527.27"""
"[100545] CARTERA LISBOA (IGUANA, AZUL),""2026-03-05 15:32:36"",""13221.49"""
"[101731] TARJETERO HARRY (NAPADO, CARAMELO),""2026-03-05 15:41:27"",""4957.02"""
"[100226] BILLETERA PENY (MODENA, VERDE),""2026-03-06 10:34:48"",""15866.12"""
"[100228] BILLETERA PENY (NAPADO, CARAMELO),""2026-03-06 10:34:48"",""15866.12"""
"[100229] BILLETERA PENY (NAPADO, NEGRO),""2026-03-06 10:34:48"",""15866.12"""
"[100230] BILLETERA PENY (NAPADO, ROJO),""2026-03-06 10:34:48"",""15866.12"""
"[101193] MOUSEPAD (BRIDGE, NEGRO),""2026-03-06 13:16:46"",""2808.26"""
"[101194] MOUSEPAD (BRIDGE, ROJO),""2026-03-06 13:16:46"",""2808.26"""
"[101195] MOUSEPAD (BRIDGE, TABACO),""2026-03-06 13:16:46"",""2808.26"""
"[101196] MOUSEPAD (NAPADO, CARAMELO),""2026-03-06 13:16:46"",""2808.26"""
"[101199] MOUSEPAD (NAPADO, SUELA),""2026-03-06 13:16:46"",""2808.26"""
"[101200] MOUSEPAD (NAPADO, TABACO),""2026-03-06 13:16:46"",""2808.26"""
"[103243] PRODUCTO OUTLET 9990,""2026-03-06 13:20:14"",""3302.48"""
"[103258] PRODUCTO OUTLET 99990,""2026-03-06 13:30:55"",""33054.55000000001"""
"[100773] CINTURON TINO (85, CARAMELO),""2026-03-06 15:29:32"",""16527.27"""
"[100967] LLAVERO COMBINADO (TABACO),""2026-03-06 15:29:32"",""2147.11"""
"[103767] SCRAP MARRO GRANDE 19990,""2026-03-06 15:49:29"",""3664.83"""
"[100548] CARTERA LISBOA (IGUANA, ROJO),""2026-03-06 16:09:16"",""13221.49"""
"[101271] PORTACABLES  (1) (VAQUETA, SUELA),""2026-03-07 14:49:27"",""990.08"""
"[102446] ANILLO ZODIACO (12, CANCER),""2026-03-08 11:48:39"",""2926.0"""
"[101103] MOCHILA PORTIA (BRIDGE, CHOCOLATE),""2026-03-08 16:08:13"",""49585.12"""
"[102981] CARTUCHERA LUNA (GAMUZA, AZUL),""2026-03-09 09:35:26"",""0.0"""
"[103537] CARTUCHERA LUNA (PU, AZUL),""2026-03-09 09:35:26"",""0.0"""
"[103967] SOBRE ANALIA GRANDE (PU, NEGRO),""2026-03-09 09:35:26"",""0.0"""
"[103557] CARTUCHERA PU (PU, VERDE),""2026-03-09 09:35:26"",""0.0"""
"[105017] MEDALLA VIRGEN MILAGROSA (3),""2026-03-09 11:15:19"",""0.0"""
"[102280] DIJE PIEDRA CUBIC FLOR (TRANSPARENTE),""2026-03-09 11:15:19"",""0.0"""
"[102275] DIJE PIEDRA CUBIC ESTRELLA (TRANSPARENTE),""2026-03-09 11:15:19"",""0.0"""
"[104985] DIJE PIEDRA CUBIC ESTRELLA (NEGRO),""2026-03-09 11:15:19"",""0.0"""
"[102492] DIJE FLOR,""2026-03-09 11:15:19"",""0.0"""
"[102162] ARO PASANTE CUBIC ESTRELLA (UN),""2026-03-09 11:15:19"",""0.0"""
"[101891] ANILLO CORAZON (2) (12),""2026-03-09 11:15:19"",""0.0"""
"[102024] ANILLO PIEDRA CUBIC MEDIO SIN FIN (1) (18, TRANSPARENTE),""2026-03-09 11:15:19"",""0.0"""
"[104987] ANILLO CURVAS (1) (15),""2026-03-09 11:15:19"",""0.0"""
"[101915] ANILLO CURVAS (1) (16),""2026-03-09 11:15:19"",""0.0"""
"[102456] DIJE INICIAL (A),""2026-03-09 11:15:19"",""0.0"""
"[102457] DIJE INICIAL (B),""2026-03-09 11:15:19"",""0.0"""
"[102458] DIJE INICIAL (C),""2026-03-09 11:15:19"",""0.0"""
"[102459] DIJE INICIAL (D),""2026-03-09 11:15:19"",""0.0"""
"[102460] DIJE INICIAL (E),""2026-03-09 11:15:19"",""0.0"""
"[102461] DIJE INICIAL (F),""2026-03-09 11:15:19"",""0.0"""
"[102462] DIJE INICIAL (G),""2026-03-09 11:15:19"",""0.0"""
"[102463] DIJE INICIAL (H),""2026-03-09 11:15:19"",""0.0"""
"[102464] DIJE INICIAL (I),""2026-03-09 11:15:19"",""0.0"""
"[102465] DIJE INICIAL (J),""2026-03-09 11:15:19"",""0.0"""
"[102466] DIJE INICIAL (K),""2026-03-09 11:15:19"",""0.0"""
"[102467] DIJE INICIAL (L),""2026-03-09 11:15:19"",""0.0"""
"[102468] DIJE INICIAL (M),""2026-03-09 11:15:19"",""0.0"""
"[102469] DIJE INICIAL (N),""2026-03-09 11:15:19"",""0.0"""
"[102470] DIJE INICIAL (O),""2026-03-09 11:15:19"",""0.0"""
"[102471] DIJE INICIAL (P),""2026-03-09 11:15:19"",""0.0"""
"[102472] DIJE INICIAL (R),""2026-03-09 11:15:19"",""0.0"""
"[102473] DIJE INICIAL (S),""2026-03-09 11:15:19"",""0.0"""
"[102474] DIJE INICIAL (T),""2026-03-09 11:15:19"",""0.0"""
"[102476] DIJE INICIAL (V),""2026-03-09 11:15:19"",""0.0"""
"[102477] DIJE INICIAL (W),""2026-03-09 11:15:19"",""0.0"""
"[102479] DIJE INICIAL (Z),""2026-03-09 11:15:19"",""0.0"""
"[104989] PULSERA GRUMET PLANA (19.5),""2026-03-09 11:15:19"",""0.0"""
"[104988] PULSERA GRUMET PLANA (22),""2026-03-09 11:15:19"",""0.0"""
"[101421] PORTALENTES ORION (BRIDGE, CARAMELO),""2026-03-09 14:14:55"",""2147.11"""
"[101429] PORTALENTES ORION (NAPADO, ROJO),""2026-03-09 14:14:55"",""2147.11"""
"[101705] TARJETERO BILL (BRIDGE, CARAMELO),""2026-03-09 14:14:55"",""3634.71"""
"[101707] TARJETERO BILL (BRIDGE, ROJO),""2026-03-09 14:14:55"",""3634.7100000000005"""
"[100001] BANDEJA CHICA (HEREFORD),""2026-03-09 14:25:47"",""5948.76"""
"[103303] ARO PASANTE ARGOLLA GRANDE GLOBO (DORADO),""2026-03-09 14:37:19"",""437.9200000000001"""
"[103376] ARO PASANTE GOTA GRANDE (PLATEADO),""2026-03-09 14:37:23"",""371.54"""
"[103326] ARO PASANTE ARGOLLA MEDIANA TRENZADA (PLATEADO),""2026-03-09 14:37:36"",""368.7300000000001"""
"[103285] ARMA TU LOOK (CORAZONES GRANDES),""2026-03-09 14:42:45"",""273.17"""
"[104144] ARO PASANTE CHISPA ENGARZADO VARIAS PUNTAS DORADO 8 MM,""2026-03-09 14:42:48"",""177.36"""
"[103894] SET X4 COLITAS RAYADO PASTEL,""2026-03-09 14:45:52"",""128.63"""
"[103922] SET X6 GOMITAS CLASICOS/BRILLOS,""2026-03-09 14:45:59"",""206.34"""
"[103931] SET X6 MINI BROCHES FLORCITAS SURTIDO,""2026-03-09 14:46:00"",""198.50999999999993"""
"[103658] PULSERA CUENTAS VIDRIO REDONDAS/CUADRADAS/FASCETADAS VIOLETA,""2026-03-09 14:49:46"",""580.1600000000001"""
"[103682] PULSERA HILO REGULABLE SIGNO (CAPRICORNIO),""2026-03-09 14:49:48"",""361.2"""
"[103683] PULSERA HILO REGULABLE SIGNO (GEMINIS),""2026-03-09 14:49:50"",""361.19999999999993"""
"[103689] PULSERA HILO REGULABLE SIGNO (LIBRA),""2026-03-09 14:49:54"",""361.2"""
"[103742] SCRAP BIJOU 3990,""2026-03-09 14:51:38"",""731.5"""
"[103744] SCRAP BIJOU 5990,""2026-03-09 14:51:40"",""1098.17"""
"[103773] SCRAP PELO 1490,""2026-03-09 14:53:00"",""248.32999999999998"""
"[105022] SANDALIA ALAN (39, COGNAC),""2026-03-09 15:33:39"",""0.0"""
"[105023] SANDALIA ALAN (40, COGNAC),""2026-03-09 15:33:39"",""0.0"""
"[105024] SANDALIA ALAN (41, COGNAC),""2026-03-09 15:33:39"",""0.0"""
"[105025] SANDALIA ALAN (42, COGNAC),""2026-03-09 15:33:39"",""0.0"""
"[105026] SANDALIA ALAN (43, COGNAC),""2026-03-09 15:33:39"",""0.0"""
"[105027] SANDALIA ALAN (44, COGNAC),""2026-03-09 15:33:39"",""0.0"""
"[105028] SANDALIA ALAN (45, COGNAC),""2026-03-09 15:33:39"",""0.0"""
"[105029] SANDALIA ALAN (39, NEGRO),""2026-03-09 15:33:39"",""0.0"""
"[105030] SANDALIA ALAN (40, NEGRO),""2026-03-09 15:33:39"",""0.0"""
"[105031] SANDALIA ALAN (41, NEGRO),""2026-03-09 15:33:39"",""0.0"""
"[105032] SANDALIA ALAN (42, NEGRO),""2026-03-09 15:33:39"",""0.0"""
"[105033] SANDALIA ALAN (43, NEGRO),""2026-03-09 15:33:39"",""0.0"""
"[105034] SANDALIA ALAN (44, NEGRO),""2026-03-09 15:33:39"",""0.0"""
"[105035] SANDALIA ALAN (45, NEGRO),""2026-03-09 15:33:39"",""0.0"""
"[105036] SANDALIA FABIAN (39),""2026-03-09 15:33:39"",""0.0"""
"[105037] SANDALIA FABIAN (40),""2026-03-09 15:33:39"",""0.0"""
"[105038] SANDALIA FABIAN (41),""2026-03-09 15:33:39"",""0.0"""
"[105039] SANDALIA FABIAN (42),""2026-03-09 15:33:39"",""0.0"""
"[105040] SANDALIA FABIAN (43),""2026-03-09 15:33:39"",""0.0"""
"[105041] SANDALIA FABIAN (44),""2026-03-09 15:33:39"",""0.0"""
"[105042] SANDALIA FABIAN (45),""2026-03-09 15:33:39"",""0.0"""
"[105043] SANDALIA OSCAR (39),""2026-03-09 15:33:39"",""0.0"""
"[105044] SANDALIA OSCAR (40),""2026-03-09 15:33:39"",""0.0"""
"[105045] SANDALIA OSCAR (41),""2026-03-09 15:33:39"",""0.0"""
"[105046] SANDALIA OSCAR (42),""2026-03-09 15:33:39"",""0.0"""
"[105047] SANDALIA OSCAR (43),""2026-03-09 15:33:39"",""0.0"""
"[105048] SANDALIA OSCAR (44),""2026-03-09 15:33:39"",""0.0"""
"[105049] SANDALIA OSCAR (45),""2026-03-09 15:33:39"",""0.0"""
"[105050] SANDALIA TEO (39),""2026-03-09 15:33:39"",""0.0"""
"[105051] SANDALIA TEO (40),""2026-03-09 15:33:39"",""0.0"""
"[105052] SANDALIA TEO (41),""2026-03-09 15:33:39"",""0.0"""
"[105053] SANDALIA TEO (42),""2026-03-09 15:33:39"",""0.0"""
"[105054] SANDALIA TEO (43),""2026-03-09 15:33:39"",""0.0"""
"[105055] SANDALIA TEO (44),""2026-03-09 15:33:39"",""0.0"""
"[105056] SANDALIA TEO (45),""2026-03-09 15:33:39"",""0.0"""
"[103174] BANDOLERA JADE (LINEA FRUNCES) (GAMUZA, AVELLANA),""2026-03-09 15:33:44"",""11568.6"""
"[101465] PORTAPASAPORTE RON (BRIDGE, TABACO),""2026-03-09 15:56:44"",""2642.98"""
"[101741] TARJETERO JUAN (BRIDGE, TABACO),""2026-03-09 16:05:56"",""4957.02"""
"[104127] PORTAPASAPORTE CHESTER (NAPADO, AZUL),""2026-03-09 17:42:18"",""2808.26"""
"[102090] ANILLO PIEDRA CUBIC SOLITARIO (2) (16, PERIDOTO),""2026-03-10 11:12:23"",""13692.67"""
"[101974] ANILLO INICIAL (1) (17, N),""2026-03-10 11:13:21"",""0.0"""
"[101983] ANILLO INICIAL (1) (19, N),""2026-03-10 11:13:21"",""0.0"""
"[105002] ANILLO INICIAL (1) (9, N),""2026-03-10 11:13:21"",""0.0"""
"[104990] ANILLO INICIAL (1) (11, N),""2026-03-10 11:13:21"",""0.0"""
"[104991] ANILLO INICIAL (1) (12, N),""2026-03-10 11:13:21"",""0.0"""
"[104992] ANILLO INICIAL (1) (13, N),""2026-03-10 11:13:21"",""0.0"""
"[104994] ANILLO INICIAL (1) (15, N),""2026-03-10 11:13:21"",""0.0"""
"[104996] ANILLO INICIAL (1) (20, N),""2026-03-10 11:13:21"",""0.0"""
"[104997] ANILLO INICIAL (1) (21, N),""2026-03-10 11:13:21"",""0.0"""
"[104998] ANILLO INICIAL (1) (22, N),""2026-03-10 11:13:21"",""0.0"""
"[104999] ANILLO INICIAL (1) (23, N),""2026-03-10 11:13:21"",""0.0"""
"[105000] ANILLO INICIAL (1) (24, N),""2026-03-10 11:13:21"",""0.0"""
"[101978] ANILLO INICIAL (1) (17, V),""2026-03-10 11:13:21"",""0.0"""
"[101981] ANILLO INICIAL (1) (18, V),""2026-03-10 11:13:21"",""0.0"""
"[105003] ANILLO INICIAL (1) (11, V),""2026-03-10 11:13:21"",""0.0"""
"[105004] ANILLO INICIAL (1) (12, V),""2026-03-10 11:13:21"",""0.0"""
"[105005] ANILLO INICIAL (1) (13, V),""2026-03-10 11:13:21"",""0.0"""
"[105006] ANILLO INICIAL (1) (14, V),""2026-03-10 11:13:21"",""0.0"""
"[105007] ANILLO INICIAL (1) (15, V),""2026-03-10 11:13:21"",""0.0"""
"[105008] ANILLO INICIAL (1) (16, V),""2026-03-10 11:13:21"",""0.0"""
"[105009] ANILLO INICIAL (1) (19, V),""2026-03-10 11:13:21"",""0.0"""
"[105010] ANILLO INICIAL (1) (20, V),""2026-03-10 11:13:21"",""0.0"""
"[105011] ANILLO INICIAL (1) (21, V),""2026-03-10 11:13:21"",""0.0"""
"[105012] ANILLO INICIAL (1) (22, V),""2026-03-10 11:13:21"",""0.0"""
"[105013] ANILLO INICIAL (1) (23, V),""2026-03-10 11:13:21"",""0.0"""
"[105014] ANILLO INICIAL (1) (24, V),""2026-03-10 11:13:21"",""0.0"""
"[100200] BILLETERA LUCA (NAPADO, NEGRO),""2026-03-10 13:26:13"",""8262.81"""
"[104633] SANDALIA AROA (37, NEGRO),""2026-03-10 14:03:18"",""0.0"""
"[101446] PORTAPASAPORTE CHESTER (BRIDGE, ROJO),""2026-03-10 14:13:46"",""2808.26"""
"[101446] PORTAPASAPORTE CHESTER (BRIDGE, ROJO),""2026-03-10 14:20:15"",""2808.26"""
"[102660] ANILLO PIEDRA CUBIC CINTILLO (1) (18),""2026-03-10 14:34:08"",""0.0"""
"[101818] TOTE IRUYA (PELO, HOLANDO),""2026-03-11 09:39:19"",""16527.27"""
"[101226] NECESSAIRE MINI MARCOS (BRIDGE, CHOCOLATE),""2026-03-11 09:40:50"",""17353.72"""
"[101229] NECESSAIRE MINI MARCOS (BRIDGE, TABACO),""2026-03-11 09:42:26"",""17353.72"""
"[103548] CARTUCHERA PU (PU, AZUL),""2026-03-11 10:24:25"",""0.0"""
"[103528] CARTUCHERA LUNA (PU, BEIGE),""2026-03-11 10:24:25"",""0.0"""
"[102982] CARTUCHERA LUNA (PU, VERDE),""2026-03-11 10:24:25"",""0.0"""
"[103970] SOBRE ANALIA GRANDE (PU, VISON),""2026-03-11 10:24:25"",""0.0"""
"[103016] SOBRE ANALIA GRANDE (CROCO, AZUL),""2026-03-11 10:24:25"",""0.0"""
"[104197] SOBRE ANALIA GRANDE (CROCO, VERDE),""2026-03-11 10:24:25"",""0.0"""
"[101825] TOTE TILCARA (LONDON),""2026-03-11 10:25:16"",""16527.27"""
"[103166] TOTE IRUYA (BRIDGE, LONDON),""2026-03-11 10:26:11"",""16527.27"""
"[101813] TOTE IRUYA (NAPADO, MALBEC),""2026-03-11 10:26:11"",""16527.27"""
"[101814] TOTE IRUYA (NAPADO, NEGRO),""2026-03-11 10:26:11"",""16527.27"""
"[101826] TOTE TILCARA (NEGRO),""2026-03-11 10:27:36"",""16527.27"""
"[104182] TOTE TILCARA (CARAMELO),""2026-03-11 10:27:36"",""16527.27"""
"[104184] TOTE TILCARA (MALBEC),""2026-03-11 10:27:36"",""16527.27"""
"[101817] TOTE IRUYA (PELO, HEREFORD),""2026-03-11 10:28:56"",""16527.27"""
"[101362] PORTALAPTOP MILTON (BRIDGE, TABACO),""2026-03-11 10:29:53"",""12395.04"""
"[103188] CARTERA VERA (NAPOLE, CAOBA),""2026-03-11 10:42:45"",""29750.409999999996"""
"[102401] ANILLO ZODIACO (14, PISCIS),""2026-03-11 12:13:21"",""3218.6"""
"[104199] PORTAPASAPORTE CHESTER (NAPADO, MALBEC),""2026-03-11 12:32:54"",""2808.26"""
"[101443] PORTAPASAPORTE CHESTER (BRIDGE, CARAMELO),""2026-03-11 12:32:54"",""2808.26"""
"[101447] PORTAPASAPORTE CHESTER (BRIDGE, TABACO),""2026-03-11 12:32:54"",""2808.26"""
"[101446] PORTAPASAPORTE CHESTER (BRIDGE, ROJO),""2026-03-11 12:32:54"",""2808.26"""
"[101515] REMERA AMADEO (XL, CHARCOAL),""2026-03-11 13:50:47"",""8262.81"""
"[100548] CARTERA LISBOA (IGUANA, ROJO),""2026-03-11 13:50:49"",""13221.49"""
"[101470] PORTAPASAPORTE RON (IGUANA, NEGRO),""2026-03-11 13:50:51"",""2642.98"""
"[101502] PORTAVINO UCO (PELO, HEREFORD),""2026-03-11 13:50:53"",""14047.93"""
"[103244] PRODUCTO OUTLET 14990,""2026-03-11 14:06:35"",""4955.37"""
"[101749] TARJETERO JUAN (NAPADO, NEGRO),""2026-03-11 15:04:28"",""4957.02"""
"[101737] TARJETERO JUAN (BRIDGE, CARAMELO),""2026-03-11 15:04:28"",""4957.02"""
"[103254] PRODUCTO OUTLET 64990,""2026-03-11 15:58:46"",""21484.3"""
"[101266] PORTACABLES  (1) (FIORENTINO, CEDRO),""2026-03-11 17:38:45"",""990.08"""
"[101267] PORTACABLES  (1) (MODENA, NEGRO),""2026-03-11 17:38:45"",""990.08"""
"[101271] PORTACABLES  (1) (VAQUETA, SUELA),""2026-03-11 17:38:45"",""990.08"""
"[103261] PRODUCTO OUTLET 199990,""2026-03-12 14:24:56"",""66112.4"""
"[104933] ANILLO PIEDRA CUBIC CINTILLO (1) (12),""2026-03-12 15:08:58"",""0.0"""
"[101443] PORTAPASAPORTE CHESTER (BRIDGE, CARAMELO),""2026-03-12 17:23:36"",""2808.26"""
"[101196] MOUSEPAD (NAPADO, CARAMELO),""2026-03-12 17:23:36"",""2808.26"""
"[103202] MOCHILA PORTIA (NAPOLE, TABACO),""2026-03-12 18:04:34"",""49585.12"""
"[103019] MEDIAS INFANTILES,""2026-03-13 10:48:36"",""0.0"""
"[103018] MEDIAS ADULTO X 2,""2026-03-13 10:48:47"",""0.0"""
"[103017] MEDIAS ADULTO X 1,""2026-03-13 10:49:05"",""0.0"""
"[105079] SCRAP MARRO CHICA 990,""2026-03-13 10:50:36"",""0.0"""
"[105079] SCRAP MARRO CHICA 990,""2026-03-13 10:51:12"",""0.0"""
"[102735] ANILLO PIEDRA CUBIC MULTI (8) (18),""2026-03-13 14:58:40"",""0.0"""
"[102051] ANILLO PIEDRA CUBIC MULTI (6) (21, AGUAMARINA/TRANSPARENTE),""2026-03-13 15:04:10"",""11203.92"""
"[100251] BOLSO TUBO GRANDE (BRIDGE, CARAMELO),""2026-03-14 10:51:16"",""71072.73"""
"[100251] BOLSO TUBO GRANDE (BRIDGE, CARAMELO),""2026-03-14 10:52:03"",""71072.73"""
"[103606] PORTACOSMETICOS LAURA (BEIGE),""2026-03-14 11:19:36"",""1323.14"""
"[101459] PORTAPASAPORTE CHESTER BIFAZ (VERDE/SUELA),""2026-03-14 17:50:09"",""2808.2599999999998"""
"[100922] LLAVERO ABC (D, MALBEC/AZUL),""2026-03-14 18:33:26"",""4957.02"""
"[100922] LLAVERO ABC (D, MALBEC/AZUL),""2026-03-14 18:45:54"",""4957.02"""
"[101518] REMERA AMADEO (M, NEGRO),""2026-03-14 19:09:56"",""8262.81"""
"[101818] TOTE IRUYA (PELO, HOLANDO),""2026-03-15 08:21:53"",""16527.27"""
"[101634] SEÑALADOR (CHOCOLATE),""2026-03-15 12:26:15"",""49421.0"""
"[103535] CARTUCHERA LUNA (PU, SALMON),""2026-03-16 12:52:42"",""1780.52"""
"[103977] SOBRE PRAGA (BORDO),""2026-03-16 12:52:45"",""2025.54"""
"[103533] CARTUCHERA LUNA (PU, GRIS),""2026-03-16 12:52:47"",""1780.515"""
"[103579] MOCHILA LOLA (CRUDO),""2026-03-16 12:52:50"",""6386.99"""
"[103957] SOBRE ANALIA CHICO (PU, SALMON),""2026-03-16 12:52:55"",""1486.49"""
"[103184] CARTERA INES (BRIDGE, TABACO),""2026-03-16 14:36:41"",""25618.180000000004"""
"[103184] CARTERA INES (BRIDGE, TABACO),""2026-03-16 14:54:44"",""25618.18"""
"[103757] SCRAP HOME 9990,""2026-03-16 14:58:54"",""1831.5"""
"[103746] SCRAP HOME 14990,""2026-03-16 14:59:11"",""2498.3300000000004"""
"[100617] CHALINA EXEDRA (CELESTE),""2026-03-16 20:09:21"",""4957.02"""
"[103767] SCRAP MARRO GRANDE 19990,""2026-03-17 10:54:44"",""3664.83"""
"[104434] DRIVER AIDA (37, COGNAC),""2026-03-17 12:57:08"",""0.0"""
"[103254] PRODUCTO OUTLET 64990,""2026-03-17 13:05:41"",""21484.299999999996"""
"[103261] PRODUCTO OUTLET 199990,""2026-03-17 13:05:42"",""66112.4"""
"[103187] CARTERA VERA (NOBUCK, CAFE),""2026-03-17 13:05:44"",""29750.41"""
"[103258] PRODUCTO OUTLET 99990,""2026-03-17 13:10:06"",""33054.55"""
"[100521] CARTERA INES (BRIDGE, NEGRO),""2026-03-17 14:17:19"",""25618.18"""
"[100029] BANDOLERA CARLA (BRIDGE, MALBEC),""2026-03-17 14:26:50"",""11568.6"""
"[101342] PORTALAPTOP ELOY (FIORENTINO, CEDRO),""2026-03-17 14:28:24"",""14047.93"""
"[101345] PORTALAPTOP ELOY (MODENA, TABACO),""2026-03-17 14:28:24"",""14047.93"""
"[103173] BANDOLERA JADE (LINEA FRUNCES) (NAPADO, LONDON),""2026-03-17 14:31:55"",""11568.6"""
"[100495] CARTERA CHALTEN (BRIDGE, LONDON),""2026-03-17 15:52:12"",""19833.06"""
"[101810] TOTE CACHI  (PELO, HEREFORD),""2026-03-17 15:53:09"",""16527.27"""
"[101214] NECESSAIRE LANIN (BRIDGE, TABACO),""2026-03-17 15:55:09"",""16527.27"""
"[100561] CARTERA LONDRES (BRIDGE, TABACO),""2026-03-17 15:57:12"",""30576.86"""
"[101312] PORTAFOLIO RUBEN (TABACO),""2026-03-17 15:58:34"",""57849.59"""
"[100444] CARTERA AMARILLA SET SOBRE (BRIDGE, TABACO),""2026-03-17 15:59:48"",""26444.63"""
"[100016] BANDOLERA ANTONIETA (NAPADO, MALBEC),""2026-03-17 16:01:46"",""22312.400000000005"""
"[100015] BANDOLERA ANTONIETA (NAPADO, CARAMELO),""2026-03-17 16:01:46"",""22312.400000000005"""
"[100109] BANDOLERA VICENTA (BRIDGE, ROJO),""2026-03-17 16:02:57"",""16527.27"""
"[101316] PORTAFOLIO VENUS CHICO (BRIDGE, TABACO),""2026-03-18 12:04:43"",""44626.45"""
"[103558] CHALINA OPORTUNIDAD,""2026-03-18 15:31:20"",""914.83"""
"[103733] SCRAP BEAUTY 3990,""2026-03-18 15:31:22"",""731.5"""
"[103746] SCRAP HOME 14990,""2026-03-18 15:34:56"",""2498.3300000000004"""
"[103750] SCRAP HOME 29990,""2026-03-18 15:35:00"",""5498.170000000001"""
"[103754] SCRAP HOME 6990,""2026-03-18 15:35:06"",""1281.5"""
"[103755] SCRAP HOME 7990,""2026-03-18 15:35:08"",""1464.83"""
"[103756] SCRAP HOME 8990,""2026-03-18 15:35:11"",""1648.1699999999998"""
"[103759] SCRAP MARRO CHICA 3990,""2026-03-18 15:37:35"",""731.5"""
"[103760] SCRAP MARRO CHICA 4990,""2026-03-18 15:37:36"",""831.67"""
"[103761] SCRAP MARRO CHICA 5990,""2026-03-18 15:37:37"",""1098.17"""
"[103766] SCRAP MARRO GRANDE 14990,""2026-03-18 15:40:20"",""2748.17"""
"[103767] SCRAP MARRO GRANDE 19990,""2026-03-18 15:40:21"",""3664.83"""
"[103785] SCRAP TEXTIL 7990,""2026-03-18 15:40:27"",""1464.83"""
"[103770] SCRAP MARRO GRANDE 34990,""2026-03-19 11:37:31"",""6414.83"""
"[103769] SCRAP MARRO GRANDE 29990,""2026-03-19 11:38:04"",""5498.17"""
"[103771] SCRAP MARRO GRANDE 39990,""2026-03-19 11:38:58"",""7331.5"""
"[103772] SCRAP MARRO GRANDE 44990,""2026-03-19 11:40:26"",""8248.17"""
"[103737] SCRAP BEAUTY 7990,""2026-03-19 12:00:28"",""1464.8300000000002"""
"[101456] PORTAPASAPORTE CHESTER (MODENA, VERDE),""2026-03-19 12:12:02"",""2808.26"""
"[103739] SCRAP BEAUTY 9990,""2026-03-19 12:48:54"",""1831.5"""
"[103738] SCRAP BEAUTY 8990,""2026-03-19 12:51:12"",""1648.17"""
"[103735] SCRAP BEAUTY 5990,""2026-03-19 12:53:15"",""1098.17"""
"[100689] CINTURON GUS (100, NEGRO),""2026-03-19 13:11:48"",""0.0"""
"[105089] CINTURON GUS (105, NEGRO),""2026-03-19 13:11:48"",""0.0"""
"[100690] CINTURON GUS (110, NEGRO),""2026-03-19 13:11:48"",""0.0"""
"[100691] CINTURON GUS (115, NEGRO),""2026-03-19 13:11:48"",""0.0"""
"[100692] CINTURON GUS (120, NEGRO),""2026-03-19 13:11:48"",""0.0"""
"[100687] CINTURON GUS (85, NEGRO),""2026-03-19 13:11:48"",""0.0"""
"[100688] CINTURON GUS (90, NEGRO),""2026-03-19 13:11:48"",""0.0"""
"[105088] CINTURON GUS (95, NEGRO),""2026-03-19 13:11:48"",""0.0"""
"[105087] CINTURON GUS (100, SUELA),""2026-03-19 13:11:48"",""0.0"""
"[100695] CINTURON GUS (105, SUELA),""2026-03-19 13:11:48"",""0.0"""
"[100696] CINTURON GUS (110, SUELA),""2026-03-19 13:11:48"",""0.0"""
"[100697] CINTURON GUS (115, SUELA),""2026-03-19 13:11:48"",""0.0"""
"[100698] CINTURON GUS (120, SUELA),""2026-03-19 13:11:48"",""0.0"""
"[100694] CINTURON GUS (90, SUELA),""2026-03-19 13:11:48"",""0.0"""
"[105086] CINTURON GUS (95, SUELA),""2026-03-19 13:11:48"",""0.0"""
"[105096] CINTURON JAIRO (100, NEGRO),""2026-03-19 13:20:37"",""0.0"""
"[105097] CINTURON JAIRO (105, NEGRO),""2026-03-19 13:20:37"",""0.0"""
"[105098] CINTURON JAIRO (110, NEGRO),""2026-03-19 13:20:37"",""0.0"""
"[100704] CINTURON JAIRO (115, NEGRO),""2026-03-19 13:20:37"",""0.0"""
"[100705] CINTURON JAIRO (120, NEGRO),""2026-03-19 13:20:37"",""0.0"""
"[105093] CINTURON JAIRO (85, NEGRO),""2026-03-19 13:20:37"",""0.0"""
"[105094] CINTURON JAIRO (90, NEGRO),""2026-03-19 13:20:37"",""0.0"""
"[105095] CINTURON JAIRO (95, NEGRO),""2026-03-19 13:20:37"",""0.0"""
"[105092] CINTURON JAIRO (100, CHOCOLATE),""2026-03-19 13:20:37"",""0.0"""
"[100700] CINTURON JAIRO (105, CHOCOLATE),""2026-03-19 13:20:37"",""0.0"""
"[100701] CINTURON JAIRO (110, CHOCOLATE),""2026-03-19 13:20:37"",""0.0"""
"[100702] CINTURON JAIRO (115, CHOCOLATE),""2026-03-19 13:20:37"",""0.0"""
"[100703] CINTURON JAIRO (120, CHOCOLATE),""2026-03-19 13:20:37"",""0.0"""
"[100699] CINTURON JAIRO (85, CHOCOLATE),""2026-03-19 13:20:37"",""0.0"""
"[105090] CINTURON JAIRO (90, CHOCOLATE),""2026-03-19 13:20:37"",""0.0"""
"[105091] CINTURON JAIRO (95, CHOCOLATE),""2026-03-19 13:20:37"",""0.0"""
"[100766] CINTURON REX (100),""2026-03-19 13:25:23"",""0.0"""
"[105099] CINTURON REX (105),""2026-03-19 13:25:23"",""0.0"""
"[105100] CINTURON REX (110),""2026-03-19 13:25:23"",""0.0"""
"[100767] CINTURON REX (115),""2026-03-19 13:25:23"",""0.0"""
"[100763] CINTURON REX (85),""2026-03-19 13:25:23"",""0.0"""
"[100764] CINTURON REX (90),""2026-03-19 13:25:23"",""0.0"""
"[100765] CINTURON REX (95),""2026-03-19 13:25:23"",""0.0"""
"[100648] CINTURON ALFO (100),""2026-03-19 13:30:16"",""0.0"""
"[100649] CINTURON ALFO (105),""2026-03-19 13:30:16"",""0.0"""
"[105102] CINTURON ALFO (110),""2026-03-19 13:30:16"",""0.0"""
"[100650] CINTURON ALFO (115),""2026-03-19 13:30:16"",""0.0"""
"[100651] CINTURON ALFO (120),""2026-03-19 13:30:16"",""0.0"""
"[100646] CINTURON ALFO (85),""2026-03-19 13:30:16"",""0.0"""
"[100647] CINTURON ALFO (90),""2026-03-19 13:30:16"",""0.0"""
"[105101] CINTURON ALFO (95),""2026-03-19 13:30:16"",""0.0"""
"[105105] CINTURON MIA (M, NEGRO),""2026-03-19 13:37:58"",""0.0"""
"[105104] CINTURON MIA (S, NEGRO),""2026-03-19 13:37:58"",""0.0"""
"[105103] CINTURON MIA (XS, NEGRO),""2026-03-19 13:37:58"",""0.0"""
"[100725] CINTURON MIA (M, CARAMELO),""2026-03-19 13:37:58"",""0.0"""
"[105109] CINTURON MIA (S, CARAMELO),""2026-03-19 13:37:58"",""0.0"""
"[105108] CINTURON MIA (XS, CARAMELO),""2026-03-19 13:37:58"",""0.0"""
"[100732] CINTURON MIA (M, TABACO),""2026-03-19 13:37:58"",""0.0"""
"[105107] CINTURON MIA (S, TABACO),""2026-03-19 13:37:58"",""0.0"""
"[105106] CINTURON MIA (XS, TABACO),""2026-03-19 13:37:58"",""0.0"""
"[100729] CINTURON MIA (S, ROJO),""2026-03-19 13:37:58"",""0.0"""
"[100728] CINTURON MIA (XS, ROJO),""2026-03-19 13:37:58"",""0.0"""
"[105110] CINTURON MIA (S, AZUL),""2026-03-19 13:37:58"",""0.0"""
"[100722] CINTURON MIA (XS, AZUL),""2026-03-19 13:37:58"",""0.0"""
"[103757] SCRAP HOME 9990,""2026-03-20 08:44:20"",""1831.5"""
"[103771] SCRAP MARRO GRANDE 39990,""2026-03-20 08:44:24"",""7331.5"""
"[103750] SCRAP HOME 29990,""2026-03-20 08:44:28"",""5498.170000000001"""
"[103747] SCRAP HOME 1990,""2026-03-20 08:45:01"",""331.67"""
"[103733] SCRAP BEAUTY 3990,""2026-03-20 09:06:35"",""731.5"""
"[103733] SCRAP BEAUTY 3990,""2026-03-20 09:07:01"",""731.5"""
"[103759] SCRAP MARRO CHICA 3990,""2026-03-20 09:07:15"",""731.5"""
"[103734] SCRAP BEAUTY 4990,""2026-03-20 09:07:49"",""914.8299999999999"""
"[104199] PORTAPASAPORTE CHESTER (NAPADO, MALBEC),""2026-03-20 13:01:01"",""2808.26"""
"[101783] TARJETERO RUBI (BRIDGE, CARAMELO),""2026-03-20 13:11:03"",""2477.69"""
"[101462] PORTAPASAPORTE RON (BRIDGE, CARAMELO),""2026-03-20 13:12:39"",""2642.98"""
"[101799] TARJETERO VINCENT (CARAMELO),""2026-03-20 13:13:58"",""5783.47"""
"[101800] TARJETERO VINCENT (CHOCOLATE),""2026-03-20 13:13:58"",""5783.47"""
"[101751] TARJETERO JUAN (NAPADO, SUELA),""2026-03-20 13:16:18"",""4957.02"""
"[101747] TARJETERO JUAN (NAPADO, CARAMELO),""2026-03-20 13:16:18"",""4957.0199999999995"""
"[101688] TARJETERO ARIES (BRIDGE, CARAMELO),""2026-03-20 13:17:48"",""1651.2400000000002"""
"[101692] TARJETERO ARIES (BRIDGE, TABACO),""2026-03-20 13:29:22"",""1651.24"""
"[100598] CARTERA YARA (IGUANA, NEGRO),""2026-03-20 14:53:50"",""28923.97"""
"[101443] PORTAPASAPORTE CHESTER (BRIDGE, CARAMELO),""2026-03-20 17:15:10"",""2808.26"""
"[101342] PORTALAPTOP ELOY (FIORENTINO, CEDRO),""2026-03-20 17:15:10"",""14047.93"""
"[100581] CARTERA MINI APHOLO SET SOBRE (MODENA, AZUL),""2026-03-20 20:17:27"",""27436.36"""
"[101768] TARJETERO MULTI (NAPADO, ROJO),""2026-03-21 15:31:44"",""9915.7"""
"[101769] TARJETERO MULTI (NAPADO, SUELA),""2026-03-21 15:31:44"",""9915.7"""
"[101372] PORTALENTES COLBY (IGUANA, AZUL),""2026-03-22 12:31:36"",""4957.02"""
"[101457] PORTAPASAPORTE CHESTER BIFAZ (AZUL/SUELA),""2026-03-22 13:36:40"",""2808.26"""
"[101105] MOCHILA PORTIA (BRIDGE, TABACO),""2026-03-23 14:08:32"",""49585.12"""
"[102592] DIJE INICIAL (2) (C),""2026-03-23 17:16:01"",""4294.4"""
"[100665] CINTURON ESPIGA (115, SUELA),""2026-03-24 10:50:12"",""4957.02"""
"[100998] LLAVERO KAREN (TABACO/AVELLANA),""2026-03-25 13:33:09"",""3634.71"""
"[100990] LLAVERO KAREN (MALBEC/MARSALA),""2026-03-25 13:33:09"",""3634.71"""
"[101445] PORTAPASAPORTE CHESTER (BRIDGE, NEGRO),""2026-03-25 13:34:22"",""2808.26"""
"[101119] MONEDERO AMBAR (NAPADO, AZUL),""2026-03-25 13:35:17"",""9254.55"""
"[101120] MONEDERO AMBAR (NAPADO, CARAMELO),""2026-03-25 13:35:17"",""9254.55"""
"[101122] MONEDERO AMBAR (NAPADO, ROJO),""2026-03-25 13:35:17"",""9254.55"""
"[101123] MONEDERO AMBAR (NAPADO, TABACO),""2026-03-25 13:35:17"",""9254.55"""
"[105081] MONEDERO GRACE (NAPADO, CARAMELO),""2026-03-25 13:39:51"",""0.0"""
"[101150] MONEDERO GRACE (NAPADO, ROJO),""2026-03-25 13:39:51"",""4461.16"""
"[101138] MONEDERO GRACE (BRIDGE, CARAMELO),""2026-03-25 13:39:51"",""4461.16"""
"[101139] MONEDERO GRACE (BRIDGE, MALBEC),""2026-03-25 13:39:51"",""4461.16"""
"[101141] MONEDERO GRACE (BRIDGE, ROJO),""2026-03-25 13:39:51"",""4461.16"""
"[101140] MONEDERO GRACE (BRIDGE, NEGRO),""2026-03-25 13:39:51"",""4461.16"""
"[101386] PORTALENTES LUZ (BRIDGE, CHOCOLATE),""2026-03-25 13:41:44"",""2312.4"""
"[102102] ANILLO PIEDRA SEMI PRECIOSA CIRCULAR (1) (13, RODOCROSITA),""2026-03-25 14:53:10"",""22821.12"""
"[101493] PORTAVINO TANDIL (PELO, HEREFORD),""2026-03-26 10:29:42"",""10742.15"""
"[101502] PORTAVINO UCO (PELO, HEREFORD),""2026-03-26 10:30:17"",""14047.93"""
"[103184] CARTERA INES (BRIDGE, TABACO),""2026-03-26 10:40:37"",""25618.18"""
"[105068] CARTERA NINA GRANDE (TABACO),""2026-03-26 10:45:07"",""0.0"""
"[105066] CARTERA NINA GRANDE (CARAMELO),""2026-03-26 10:45:07"",""0.0"""
"[105067] CARTERA NINA GRANDE (NEGRO),""2026-03-26 10:45:07"",""0.0"""
"[105065] CARTERA NINA CHICA (TABACO),""2026-03-26 10:45:49"",""0.0"""
"[105064] CARTERA NINA CHICA (NEGRO),""2026-03-26 10:45:49"",""0.0"""
"[105063] CARTERA NINA CHICA (CARAMELO),""2026-03-26 10:45:49"",""0.0"""
"[102493] CADENA BOLITA ALTERNADA,""2026-03-26 12:20:04"",""0.0"""
"[102494] CADENA BOLITA,""2026-03-26 12:20:04"",""0.0"""
"[102495] CADENA VALERIA,""2026-03-26 12:20:04"",""0.0"""
"[102497] CADENA FORCET,""2026-03-26 12:20:04"",""0.0"""
"[102498] PULSERA DIAMANTADA,""2026-03-26 12:20:04"",""0.0"""
"[102499] PULSERA BOLITA,""2026-03-26 12:20:04"",""0.0"""
"[102500] ARO PASANTE INICIAL (2) (UN) (A),""2026-03-26 12:20:04"",""0.0"""
"[104098] ARO PASANTE INICIAL (2) (UN) (B),""2026-03-26 12:20:04"",""0.0"""
"[104099] ARO PASANTE INICIAL (2) (UN) (C),""2026-03-26 12:20:04"",""0.0"""
"[104100] ARO PASANTE INICIAL (2) (UN) (D),""2026-03-26 12:20:04"",""0.0"""
"[104101] ARO PASANTE INICIAL (2) (UN) (E),""2026-03-26 12:20:04"",""0.0"""
"[104102] ARO PASANTE INICIAL (2) (UN) (F),""2026-03-26 12:20:04"",""0.0"""
"[104103] ARO PASANTE INICIAL (2) (UN) (G),""2026-03-26 12:20:04"",""0.0"""
"[104104] ARO PASANTE INICIAL (2) (UN) (J),""2026-03-26 12:20:04"",""0.0"""
"[104105] ARO PASANTE INICIAL (2) (UN) (L),""2026-03-26 12:20:04"",""0.0"""
"[104106] ARO PASANTE INICIAL (2) (UN) (M),""2026-03-26 12:20:04"",""0.0"""
"[104107] ARO PASANTE INICIAL (2) (UN) (N),""2026-03-26 12:20:04"",""0.0"""
"[104108] ARO PASANTE INICIAL (2) (UN) (P),""2026-03-26 12:20:04"",""0.0"""
"[104109] ARO PASANTE INICIAL (2) (UN) (R),""2026-03-26 12:20:04"",""0.0"""
"[104110] ARO PASANTE INICIAL (2) (UN) (S),""2026-03-26 12:20:04"",""0.0"""
"[104111] ARO PASANTE INICIAL (2) (UN) (T),""2026-03-26 12:20:04"",""0.0"""
"[104112] ARO PASANTE INICIAL (2) (UN) (V),""2026-03-26 12:20:04"",""0.0"""
"[102509] ARO PASANTE PIEDRA (UN),""2026-03-26 12:20:04"",""0.0"""
"[102504] PIERCING BOLITA (UN),""2026-03-26 12:20:04"",""0.0"""
"[102505] ARO ARGOLLA (2) (UN),""2026-03-26 12:20:04"",""0.0"""
"[102506] ARO ARGOLLA (1) (UN),""2026-03-26 12:20:04"",""0.0"""
"[102507] ARO PASANTE ESTRELLA (2) (UN),""2026-03-26 12:20:04"",""0.0"""
"[102508] ARO PASANTE CORAZON (4) (UN),""2026-03-26 12:20:04"",""0.0"""
"[102510] ARO PASANTE ESTRELLA (1) (UN),""2026-03-26 12:20:04"",""0.0"""
"[102511] ARO PASANTE MOÑO (UN),""2026-03-26 12:20:04"",""0.0"""
"[102516] ARO ARGOLLA CORAZON (UN),""2026-03-26 12:20:04"",""0.0"""
"[102517] ARO APRETADOR ARGOLLA BOLITA (UN),""2026-03-26 12:20:04"",""0.0"""
"[105123] PULSERA HILO CUBO INICIAL (A, BEIGE),""2026-03-26 13:13:43"",""0.0"""
"[105124] PULSERA HILO CUBO INICIAL (A, MARRON),""2026-03-26 13:13:43"",""0.0"""
"[105125] PULSERA HILO CUBO INICIAL (A, NEGRO),""2026-03-26 13:13:43"",""0.0"""
"[105126] PULSERA HILO CUBO INICIAL (A, ROJO),""2026-03-26 13:13:43"",""0.0"""
"[105127] PULSERA HILO CUBO INICIAL (B, BEIGE),""2026-03-26 13:13:43"",""0.0"""
"[105128] PULSERA HILO CUBO INICIAL (B, MARRON),""2026-03-26 13:13:43"",""0.0"""
"[105129] PULSERA HILO CUBO INICIAL (B, NEGRO),""2026-03-26 13:13:43"",""0.0"""
"[105130] PULSERA HILO CUBO INICIAL (B, ROJO),""2026-03-26 13:13:43"",""0.0"""
"[105131] PULSERA HILO CUBO INICIAL (C, BEIGE),""2026-03-26 13:13:43"",""0.0"""
"[105132] PULSERA HILO CUBO INICIAL (C, MARRON),""2026-03-26 13:13:43"",""0.0"""
"[105133] PULSERA HILO CUBO INICIAL (C, NEGRO),""2026-03-26 13:13:43"",""0.0"""
"[105134] PULSERA HILO CUBO INICIAL (C, ROJO),""2026-03-26 13:13:43"",""0.0"""
"[105135] PULSERA HILO CUBO INICIAL (D, BEIGE),""2026-03-26 13:13:43"",""0.0"""
"[105136] PULSERA HILO CUBO INICIAL (D, MARRON),""2026-03-26 13:13:43"",""0.0"""
"[105137] PULSERA HILO CUBO INICIAL (D, NEGRO),""2026-03-26 13:13:43"",""0.0"""
"[105138] PULSERA HILO CUBO INICIAL (D, ROJO),""2026-03-26 13:13:43"",""0.0"""
"[105139] PULSERA HILO CUBO INICIAL (E, BEIGE),""2026-03-26 13:13:43"",""0.0"""
"[105140] PULSERA HILO CUBO INICIAL (E, MARRON),""2026-03-26 13:13:43"",""0.0"""
"[105141] PULSERA HILO CUBO INICIAL (E, NEGRO),""2026-03-26 13:13:43"",""0.0"""
"[105142] PULSERA HILO CUBO INICIAL (E, ROJO),""2026-03-26 13:13:43"",""0.0"""
"[105143] PULSERA HILO CUBO INICIAL (F, BEIGE),""2026-03-26 13:13:43"",""0.0"""
"[105144] PULSERA HILO CUBO INICIAL (F, MARRON),""2026-03-26 13:13:43"",""0.0"""
"[105145] PULSERA HILO CUBO INICIAL (F, NEGRO),""2026-03-26 13:13:43"",""0.0"""
"[105146] PULSERA HILO CUBO INICIAL (F, ROJO),""2026-03-26 13:13:43"",""0.0"""
"[105147] PULSERA HILO CUBO INICIAL (G, BEIGE),""2026-03-26 13:13:43"",""0.0"""
"[105148] PULSERA HILO CUBO INICIAL (G, MARRON),""2026-03-26 13:13:43"",""0.0"""
"[105149] PULSERA HILO CUBO INICIAL (G, NEGRO),""2026-03-26 13:13:43"",""0.0"""
"[105150] PULSERA HILO CUBO INICIAL (G, ROJO),""2026-03-26 13:13:43"",""0.0"""
"[105151] PULSERA HILO CUBO INICIAL (H, BEIGE),""2026-03-26 13:13:43"",""0.0"""
"[105152] PULSERA HILO CUBO INICIAL (H, MARRON),""2026-03-26 13:13:43"",""0.0"""
"[105153] PULSERA HILO CUBO INICIAL (H, NEGRO),""2026-03-26 13:13:43"",""0.0"""
"[105154] PULSERA HILO CUBO INICIAL (H, ROJO),""2026-03-26 13:13:43"",""0.0"""
"[105211] PULSERA HILO CUBO INICIAL (I, BEIGE),""2026-03-26 13:13:43"",""0.0"""
"[105212] PULSERA HILO CUBO INICIAL (I, MARRON),""2026-03-26 13:13:43"",""0.0"""
"[105213] PULSERA HILO CUBO INICIAL (I, NEGRO),""2026-03-26 13:13:43"",""0.0"""
"[105214] PULSERA HILO CUBO INICIAL (I, ROJO),""2026-03-26 13:13:43"",""0.0"""
"[105155] PULSERA HILO CUBO INICIAL (J, BEIGE),""2026-03-26 13:13:43"",""0.0"""
"[105156] PULSERA HILO CUBO INICIAL (J, MARRON),""2026-03-26 13:13:43"",""0.0"""
"[105157] PULSERA HILO CUBO INICIAL (J, NEGRO),""2026-03-26 13:13:43"",""0.0"""
"[105158] PULSERA HILO CUBO INICIAL (J, ROJO),""2026-03-26 13:13:43"",""0.0"""
"[105207] PULSERA HILO CUBO INICIAL (O, BEIGE),""2026-03-26 13:13:43"",""0.0"""
"[105208] PULSERA HILO CUBO INICIAL (O, MARRON),""2026-03-26 13:13:43"",""0.0"""
"[105209] PULSERA HILO CUBO INICIAL (O, NEGRO),""2026-03-26 13:13:43"",""0.0"""
"[105210] PULSERA HILO CUBO INICIAL (O, ROJO),""2026-03-26 13:13:43"",""0.0"""
"[105199] PULSERA HILO CUBO INICIAL (W, BEIGE),""2026-03-26 13:13:43"",""0.0"""
"[105200] PULSERA HILO CUBO INICIAL (W, MARRON),""2026-03-26 13:13:43"",""0.0"""
"[105201] PULSERA HILO CUBO INICIAL (W, NEGRO),""2026-03-26 13:13:43"",""0.0"""
"[105202] PULSERA HILO CUBO INICIAL (W, ROJO),""2026-03-26 13:13:43"",""0.0"""
"[105215] PULSERA HILO CUBO INICIAL (X, BEIGE),""2026-03-26 13:13:43"",""0.0"""
"[105216] PULSERA HILO CUBO INICIAL (X, MARRON),""2026-03-26 13:13:43"",""0.0"""
"[105217] PULSERA HILO CUBO INICIAL (X, NEGRO),""2026-03-26 13:13:43"",""0.0"""
"[105218] PULSERA HILO CUBO INICIAL (X, ROJO),""2026-03-26 13:13:43"",""0.0"""
"[105191] PULSERA HILO CUBO INICIAL (Y, BEIGE),""2026-03-26 13:13:43"",""0.0"""
"[105192] PULSERA HILO CUBO INICIAL (Y, MARRON),""2026-03-26 13:13:43"",""0.0"""
"[105193] PULSERA HILO CUBO INICIAL (Y, NEGRO),""2026-03-26 13:13:43"",""0.0"""
"[105194] PULSERA HILO CUBO INICIAL (Y, ROJO),""2026-03-26 13:13:43"",""0.0"""
"[105203] PULSERA HILO CUBO INICIAL (Z, BEIGE),""2026-03-26 13:13:43"",""0.0"""
"[105204] PULSERA HILO CUBO INICIAL (Z, MARRON),""2026-03-26 13:13:43"",""0.0"""
"[105205] PULSERA HILO CUBO INICIAL (Z, NEGRO),""2026-03-26 13:13:43"",""0.0"""
"[105206] PULSERA HILO CUBO INICIAL (Z, ROJO),""2026-03-26 13:13:43"",""0.0"""
"[105115] PULSERA HILO CUBO CORAZON (BEIGE),""2026-03-26 13:13:43"",""0.0"""
"[105116] PULSERA HILO CUBO CORAZON (MARRON),""2026-03-26 13:13:43"",""0.0"""
"[105117] PULSERA HILO CUBO CORAZON (NEGRO),""2026-03-26 13:13:43"",""0.0"""
"[105118] PULSERA HILO CUBO CORAZON (ROJO),""2026-03-26 13:13:43"",""0.0"""
"[105226] PULSERA HILO BARRITA (1) (MARRON),""2026-03-26 13:13:43"",""0.0"""
"[105227] PULSERA HILO BARRITA (1) (NEGRO),""2026-03-26 13:13:43"",""0.0"""
"[105228] PULSERA HILO BARRITA (1) (ROJO),""2026-03-26 13:13:43"",""0.0"""
"[105219] PULSERA HILO BARRITA (2),""2026-03-26 13:13:43"",""0.0"""
"[105229] PULSERA HILO MACRAME,""2026-03-26 13:13:43"",""4.59"""
"[105222] PULSERA TUBO CUERO CUBOS MULTI (MARRON),""2026-03-26 13:13:43"",""0.0"""
"[105223] PULSERA TUBO CUERO CUBOS MULTI (NEGRO),""2026-03-26 13:13:43"",""0.0"""
"[105220] PULSERA TUBO CUERO CUBO CORAZON (MARRON),""2026-03-26 13:13:43"",""0.0"""
"[105221] PULSERA TUBO CUERO CUBO CORAZON (NEGRO),""2026-03-26 13:13:43"",""0.0"""
"[105224] PULSERA TUBO CUERO BARRITA (MARRON),""2026-03-26 13:13:43"",""0.0"""
"[105225] PULSERA TUBO CUERO BARRITA (NEGRO),""2026-03-26 13:13:43"",""0.0"""
"[105114] COLLAR TUBO CUERO (35),""2026-03-26 13:13:43"",""0.0"""
"[105113] COLLAR TUBO CUERO (45),""2026-03-26 13:13:43"",""0.0"""
"[105159] PULSERA HILO CUBO INICIAL (K, BEIGE),""2026-03-26 13:13:43"",""0.0"""
"[105162] PULSERA HILO CUBO INICIAL (K, ROJO),""2026-03-26 13:13:43"",""0.0"""
"[105160] PULSERA HILO CUBO INICIAL (K, MARRON),""2026-03-26 13:13:43"",""0.0"""
"[105161] PULSERA HILO CUBO INICIAL (K, NEGRO),""2026-03-26 13:13:43"",""0.0"""
"[105163] PULSERA HILO CUBO INICIAL (L, BEIGE),""2026-03-26 13:13:43"",""0.0"""
"[105164] PULSERA HILO CUBO INICIAL (L, MARRON),""2026-03-26 13:13:43"",""0.0"""
"[105165] PULSERA HILO CUBO INICIAL (L, NEGRO),""2026-03-26 13:13:43"",""0.0"""
"[105166] PULSERA HILO CUBO INICIAL (L, ROJO),""2026-03-26 13:13:43"",""0.0"""
"[105119] PULSERA HILO CUBO INICIAL (M, BEIGE),""2026-03-26 13:13:43"",""0.0"""
"[105120] PULSERA HILO CUBO INICIAL (M, MARRON),""2026-03-26 13:13:43"",""0.0"""
"[105121] PULSERA HILO CUBO INICIAL (M, NEGRO),""2026-03-26 13:13:43"",""0.0"""
"[105122] PULSERA HILO CUBO INICIAL (M, ROJO),""2026-03-26 13:13:43"",""0.0"""
"[105167] PULSERA HILO CUBO INICIAL (N, BEIGE),""2026-03-26 13:13:43"",""0.0"""
"[105168] PULSERA HILO CUBO INICIAL (N, MARRON),""2026-03-26 13:13:43"",""0.0"""
"[105169] PULSERA HILO CUBO INICIAL (N, NEGRO),""2026-03-26 13:13:43"",""0.0"""
"[105170] PULSERA HILO CUBO INICIAL (N, ROJO),""2026-03-26 13:13:43"",""0.0"""
"[105171] PULSERA HILO CUBO INICIAL (P, BEIGE),""2026-03-26 13:13:43"",""0.0"""
"[105172] PULSERA HILO CUBO INICIAL (P, MARRON),""2026-03-26 13:13:43"",""0.0"""
"[105173] PULSERA HILO CUBO INICIAL (P, NEGRO),""2026-03-26 13:13:43"",""0.0"""
"[105174] PULSERA HILO CUBO INICIAL (P, ROJO),""2026-03-26 13:13:43"",""0.0"""
"[105175] PULSERA HILO CUBO INICIAL (R, BEIGE),""2026-03-26 13:13:43"",""0.0"""
"[105176] PULSERA HILO CUBO INICIAL (R, MARRON),""2026-03-26 13:13:43"",""0.0"""
"[105177] PULSERA HILO CUBO INICIAL (R, NEGRO),""2026-03-26 13:13:43"",""0.0"""
"[105178] PULSERA HILO CUBO INICIAL (R, ROJO),""2026-03-26 13:13:43"",""0.0"""
"[105179] PULSERA HILO CUBO INICIAL (S, BEIGE),""2026-03-26 13:13:43"",""0.0"""
"[105180] PULSERA HILO CUBO INICIAL (S, MARRON),""2026-03-26 13:13:43"",""0.0"""
"[105181] PULSERA HILO CUBO INICIAL (S, NEGRO),""2026-03-26 13:13:43"",""0.0"""
"[105182] PULSERA HILO CUBO INICIAL (S, ROJO),""2026-03-26 13:13:43"",""0.0"""
"[105183] PULSERA HILO CUBO INICIAL (T, BEIGE),""2026-03-26 13:13:43"",""0.0"""
"[105184] PULSERA HILO CUBO INICIAL (T, MARRON),""2026-03-26 13:13:43"",""0.0"""
"[105185] PULSERA HILO CUBO INICIAL (T, NEGRO),""2026-03-26 13:13:43"",""0.0"""
"[105186] PULSERA HILO CUBO INICIAL (T, ROJO),""2026-03-26 13:13:43"",""0.0"""
"[105195] PULSERA HILO CUBO INICIAL (U, BEIGE),""2026-03-26 13:13:43"",""0.0"""
"[105196] PULSERA HILO CUBO INICIAL (U, MARRON),""2026-03-26 13:13:43"",""0.0"""
"[105197] PULSERA HILO CUBO INICIAL (U, NEGRO),""2026-03-26 13:13:43"",""0.0"""
"[105198] PULSERA HILO CUBO INICIAL (U, ROJO),""2026-03-26 13:13:43"",""0.0"""
"[105187] PULSERA HILO CUBO INICIAL (V, BEIGE),""2026-03-26 13:13:43"",""0.0"""
"[105188] PULSERA HILO CUBO INICIAL (V, MARRON),""2026-03-26 13:13:43"",""0.0"""
"[105189] PULSERA HILO CUBO INICIAL (V, NEGRO),""2026-03-26 13:13:43"",""0.0"""
"[105190] PULSERA HILO CUBO INICIAL (V, ROJO),""2026-03-26 13:13:43"",""0.0"""
"[104220] PULSERA TRENZA 3 CABOS (BRIDGE, S, NEGRO),""2026-03-26 15:40:06"",""0.0"""
"[104221] PULSERA TRENZA 3 CABOS (BRIDGE, M, NEGRO),""2026-03-26 15:40:06"",""0.0"""
"[104223] PULSERA TRENZA 3 CABOS (BRIDGE, S, CHOCOLATE),""2026-03-26 15:40:06"",""0.0"""
"[104224] PULSERA TRENZA 3 CABOS (BRIDGE, M, CHOCOLATE),""2026-03-26 15:40:06"",""0.0"""
"[104226] PULSERA TRENZA 3 CABOS (BRIDGE, S, MALBEC),""2026-03-26 15:40:06"",""0.0"""
"[104227] PULSERA TRENZA 3 CABOS (BRIDGE, M, MALBEC),""2026-03-26 15:40:06"",""0.0"""
"[104250] BRAZALETE PICA (BRIDGE, S, NEGRO),""2026-03-26 15:49:00"",""0.0"""
"[104251] BRAZALETE PICA (BRIDGE, L, NEGRO),""2026-03-26 15:49:00"",""0.0"""
"[104252] BRAZALETE PICA (BRIDGE, S, CHOCOLATE),""2026-03-26 15:49:00"",""0.0"""
"[104253] BRAZALETE PICA (BRIDGE, L, CHOCOLATE),""2026-03-26 15:49:00"",""0.0"""
"[104254] BRAZALETE PICA (BRIDGE, S, MALBEC),""2026-03-26 15:49:00"",""0.0"""
"[104255] BRAZALETE PICA (BRIDGE, L, MALBEC),""2026-03-26 15:49:00"",""0.0"""
"[104256] BRAZALETE PICA (VAQUETA, S, CHOCOLATE),""2026-03-26 15:51:28"",""0.0"""
"[104257] BRAZALETE PICA (VAQUETA, L, CHOCOLATE),""2026-03-26 15:51:28"",""0.0"""
"[104258] BRAZALETE PICA (VAQUETA, S, NATURAL),""2026-03-26 15:51:28"",""0.0"""
"[104259] BRAZALETE PICA (VAQUETA, L, NATURAL),""2026-03-26 15:51:28"",""0.0"""
"[104260] BRAZALETE PICA (VAQUETA, S, DULCE DE LECHE),""2026-03-26 15:51:28"",""0.0"""
"[104261] BRAZALETE PICA (VAQUETA, L, DULCE DE LECHE),""2026-03-26 15:51:28"",""0.0"""
"[105069] BRAZALETE LARGO (NEGRO),""2026-03-27 10:47:46"",""0.0"""
"[105070] BRAZALETE LARGO (CHOCOLATE),""2026-03-27 10:47:46"",""0.0"""
"[105071] BRAZALETE LARGO (MALBEC),""2026-03-27 10:47:46"",""0.0"""
"[105056] SANDALIA TEO (45),""2026-03-27 12:44:53"",""0.0"""
"[105230] TOTE TATI RAYAS (NEGRO),""2026-03-27 14:27:23"",""0.0"""
"[105231] TOTE TATI RAYAS (VERDE),""2026-03-27 14:27:23"",""0.0"""
"[103630] PORTACOSMETICOS UMA (VISON),""2026-03-27 14:27:23"",""0.0"""
"[103956] SOBRE ANALIA CHICO (PU, NEGRO),""2026-03-27 14:27:23"",""0.0"""
"[103557] CARTUCHERA PU (PU, VERDE),""2026-03-27 14:27:23"",""0.0"""
"[103966] SOBRE ANALIA GRANDE (PU, GRIS),""2026-03-27 14:27:23"",""0.0"""
"[104197] SOBRE ANALIA GRANDE (CROCO, VERDE),""2026-03-27 14:27:23"",""0.0"""
"[103548] CARTUCHERA PU (PU, AZUL),""2026-03-27 14:27:23"",""0.0"""
"[102226] CADENA GRUMET ALTERNADA 0.4 (45),""2026-03-27 15:22:02"",""9386.59"""
"[104089] TIENTO CUERO (120, VESUBIO, 4 mm, GAMUZA),""2026-03-27 15:22:47"",""1650.0"""
"[102900] ARO PASANTE PIEDRA CUBIC GEOMETRICO (12) (PAR),""2026-03-27 15:23:03"",""22804.0"""
"[102962] DIJE PIEDRA CUBIC HIJO NIÑA (4),""2026-03-27 15:24:36"",""5225.58"""
"[102900] ARO PASANTE PIEDRA CUBIC GEOMETRICO (12) (PAR),""2026-03-27 15:26:34"",""22804.0"""
"[102327] PULSERA GRUMET ALTERNADA 1.0 (18),""2026-03-27 15:35:09"",""22133.12"""
"[104935] ANILLO PIEDRA CUBIC CINTILLO (2) (10),""2026-03-27 15:35:13"",""0.0"""
"[102845] ARO PASANTE PIEDRA CUBIC ESTRELLA (UN),""2026-03-27 15:35:20"",""6121.7"""
"[101274] PORTACABLES (2) (VAQUETA, CHOCOLATE),""2026-03-27 20:41:00"",""1320.66"""
"[101517] REMERA AMADEO (S, NEGRO),""2026-03-28 19:04:33"",""8262.81"""
"[101518] REMERA AMADEO (M, NEGRO),""2026-03-29 13:28:20"",""8262.81"""
"[101688] TARJETERO ARIES (BRIDGE, CARAMELO),""2026-03-29 15:05:49"",""1651.24"""
"[101690] TARJETERO ARIES (BRIDGE, NEGRO),""2026-03-29 15:05:49"",""1651.24"""
"[100622] CHOMBA POLO NAOS (S, AZUL MARINO),""2026-03-29 16:21:27"",""11568.6"""
"[100980] LLAVERO KAREN (AZUL/MARSALA),""2026-03-29 16:58:17"",""3634.7100000000005"""
"[102781] ARO COLGANTE PIEDRA CUBIC CORAZON (UN),""2026-03-29 18:05:26"",""9284.15"""
"[102541] ARO COLGANTE PAMPA (PAR),""2026-03-30 14:18:21"",""13140.86"""
"[105080] ANILLO DOS LETRAS (12, BF),""2026-03-30 14:18:27"",""0.0"""
"[102346] PULSERA ROLO 2.0 (19.5),""2026-03-30 14:57:31"",""55278.88"""
"[103442] ARO PASANTE SEMI ESLABON MEDIANO (PLATEADO),""2026-03-30 15:04:19"",""431.71999999999997"""
"[103806] SET PASANTES PRESION PERLA DORADO,""2026-03-30 15:04:25"",""421.41"""
"[103017] MEDIAS ADULTO X 1,""2026-03-30 15:59:30"",""364.83333333333326"""
"[103018] MEDIAS ADULTO X 2,""2026-03-30 15:59:43"",""658.1666666666667"""
"[103019] MEDIAS INFANTILES,""2026-03-30 15:59:55"",""364.84603773584905"""
"[103922] SET X6 GOMITAS CLASICOS/BRILLOS,""2026-03-30 16:00:53"",""206.34000000000003"""
"[100001] BANDEJA CHICA (HEREFORD),""2026-03-30 16:35:30"",""5948.76"""
"[105090] CINTURON JAIRO (90, CHOCOLATE),""2026-03-30 17:42:59"",""15900.0"""
"[100617] CHALINA EXEDRA (CELESTE),""2026-03-30 20:03:24"",""4957.0199999999995"""
"[101529] REMERA DANA (M, BLANCO),""2026-03-30 20:03:24"",""8262.81"""
"[104418] DRIVER SONIA (36, CAMEL),""2026-03-30 20:03:24"",""29159.100505132057"""
"[102985] CHALECO TRINIDAD (BEIGE),""2026-03-30 20:03:24"",""16527.27"""
"[103271] ARMA TU LOOK (LETRAS BYN REDONDAS),""2026-03-30 21:03:14"",""273.17"""
"[103504] CADENA LETRA (S, PLATEADO),""2026-03-30 21:03:17"",""237.79000000000002"""
"[104141] ARO PASANTE CHISPA 4 PUNTAS NIQUEL 5 MM,""2026-03-30 21:03:24"",""195.09600000000003"""
"[104162] ARO PASANTE BOLITA 12 MM (DORADO),""2026-03-30 21:03:26"",""367.708"""
"[102907] ARO APRETADOR ONDAS (UN),""2026-03-31 09:58:45"",""6124.78"""
"[104685] ANILLO PIEDRA CUBIC MEDIO SIN FIN (8) (14),""2026-03-31 09:59:28"",""10567.013958637692"""
"[105111] ANILLO HOJAS (15),""2026-03-31 10:01:01"",""17550.932629033196"""
"[103018] MEDIAS ADULTO X 2,""2026-03-31 12:22:34"",""658.1666666666667"""
"[103019] MEDIAS INFANTILES,""2026-03-31 12:22:56"",""364.84603773584905"""
"[101193] MOUSEPAD (BRIDGE, NEGRO),""2026-03-31 13:46:56"",""2808.26"""
"[105089] CINTURON GUS (105, NEGRO),""2026-03-31 13:47:44"",""15500.0"""
"[101140] MONEDERO GRACE (BRIDGE, NEGRO),""2026-03-31 13:50:24"",""4461.16"""
"[101690] TARJETERO ARIES (BRIDGE, NEGRO),""2026-03-31 14:24:36"",""1651.2400000000002"""
"[101691] TARJETERO ARIES (BRIDGE, ROJO),""2026-03-31 14:24:36"",""1651.24"""
"[101692] TARJETERO ARIES (BRIDGE, TABACO),""2026-03-31 14:24:36"",""1651.2400000000002"""
"[100183] BILLETERA LIAM (NAPADO, NEGRO),""2026-03-31 14:25:15"",""14874.38"""
"[100181] BILLETERA LIAM (NAPADO, CARAMELO),""2026-03-31 14:25:15"",""14874.38"""
"[100182] BILLETERA LIAM (NAPADO, CHOCOLATE),""2026-03-31 14:25:15"",""14874.38"""
"[100184] BILLETERA LIAM (NAPADO, SUELA),""2026-03-31 14:25:15"",""14874.38"""
"[101701] TARJETERO ARIES BIFAZ (AZUL),""2026-03-31 14:26:27"",""1651.24"""
"[103966] SOBRE ANALIA GRANDE (PU, GRIS),""2026-03-31 14:47:10"",""1715.18"""
"[103978] SOBRE PRAGA (CELESTE),""2026-03-31 14:47:13"",""2025.54"""
"[103518] CARTUCHERA CILINDRO (GRIS),""2026-03-31 14:47:16"",""1421.15"""
"[103533] CARTUCHERA LUNA (PU, GRIS),""2026-03-31 14:47:18"",""1780.515"""
"[103957] SOBRE ANALIA CHICO (PU, SALMON),""2026-03-31 14:47:32"",""1486.49"""
"[105095] CINTURON JAIRO (95, NEGRO),""2026-03-31 19:39:05"",""15900.0"""
"[103966] SOBRE ANALIA GRANDE (PU, GRIS),""2026-04-01 11:17:30"",""1715.18"""
"[103920] SET X6 BROCHES CHICOS CUADRADOS PASTEL,""2026-04-01 11:30:23"",""410.26000000000005"""
"[103688] PULSERA HILO REGULABLE SIGNO (ESCORPIO),""2026-04-01 11:34:26"",""361.19999999999993"""
"[103703] PULSERA REGULABLE CRISTAL FASCETADAS C/ OJOS ROJO,""2026-04-01 11:34:34"",""421.41"""
"[103716] PULSERA REGULABLE MOSTACILLA FASCETADA C/ OJO TURCO CELESTE,""2026-04-01 11:34:37"",""421.4099999999999"""
"[103740] SCRAP BIJOU 1990,""2026-04-01 11:38:36"",""364.83"""
"[103741] SCRAP BIJOU 2990,""2026-04-01 11:38:39"",""548.17"""
"[103742] SCRAP BIJOU 3990,""2026-04-01 11:38:41"",""731.5"""
"[103744] SCRAP BIJOU 5990,""2026-04-01 11:38:44"",""1098.17"""
"[103745] SCRAP BIJOU 6990,""2026-04-01 11:38:45"",""1281.5"""
"[103774] SCRAP PELO 1990,""2026-04-01 11:38:48"",""364.837"""
"[101316] PORTAFOLIO VENUS CHICO (BRIDGE, TABACO),""2026-04-01 12:32:52"",""44626.45"""
"[105059] BANDOLERA FREDA (CHOCOLATE),""2026-04-01 12:34:51"",""0.0"""
"[105058] BANDOLERA FREDA (NEGRO),""2026-04-01 12:34:51"",""0.0"""
"[105085] CARTERA VERA (NOBUCK, CUOIO),""2026-04-01 12:36:29"",""0.0"""
"[100048] BANDOLERA MATILDA (HEREFORD),""2026-04-01 12:37:54"",""14874.38"""
"[104279] CARTERA MINI EMMA (PELO, HOLANDO),""2026-04-01 12:38:32"",""21485.95"""
"[102469] DIJE INICIAL (N),""2026-04-01 13:25:40"",""1976.52"""
"[103246] PRODUCTO OUTLET 24990,""2026-04-01 15:20:51"",""8261.160000000002"""
"[103252] PRODUCTO OUTLET 54990,""2026-04-01 15:21:10"",""18178.51"""
"[103243] PRODUCTO OUTLET 9990,""2026-04-01 15:22:48"",""3302.48"""
"[103257] PRODUCTO OUTLET 89990,""2026-04-01 15:24:16"",""29748.76"""
"[103260] PRODUCTO OUTLET 159990,""2026-04-01 15:26:10"",""52889.26"""
"[101390] PORTALENTES LUZ (BRIDGE, TABACO),""2026-04-01 15:30:54"",""2312.4"""
"[105237] PORTALENTES LUZ (BRIDGE, CAMEL),""2026-04-01 15:32:23"",""0.0"""
"[105226] PULSERA HILO BARRITA (1) (MARRON),""2026-04-01 15:35:19"",""8136.25"""
"[105235] FUNDA DE CUADERNO A4 (BRIDGE, SUELA),""2026-04-01 15:35:51"",""0.0"""
"[105236] FUNDA DE CUADERNO A4 (BRIDGE, CAMEL),""2026-04-01 15:35:51"",""0.0"""
"[103258] PRODUCTO OUTLET 99990,""2026-04-01 15:49:34"",""33054.55"""
"[103261] PRODUCTO OUTLET 199990,""2026-04-01 15:50:05"",""66112.4"""
"[100106] BANDOLERA VICENTA (BRIDGE, CARAMELO),""2026-04-01 17:10:33"",""16527.27"""
"[103767] SCRAP MARRO GRANDE 19990,""2026-04-02 14:11:18"",""3664.8300000000004"""
"[102409] ANILLO ZODIACO (17, ARIES),""2026-04-02 15:23:12"",""3218.6"""
"[101359] PORTALAPTOP MILTON (BRIDGE, CARAMELO),""2026-04-03 16:48:34"",""12395.04"""
"[100635] CHOMBA POLO NAOS (M, DENIM GASTADO),""2026-04-05 13:26:53"",""11568.6"""
"[101207] NECESSAIRE FELI (BRIDGE, ROJO),""2026-04-05 14:43:04"",""12395.04"""
"[100547] CARTERA LISBOA (IGUANA, NEGRO),""2026-04-05 14:55:36"",""13221.49"""
"[101386] PORTALENTES LUZ (BRIDGE, CHOCOLATE),""2026-04-05 15:09:37"",""2312.4"""
"[101459] PORTAPASAPORTE CHESTER BIFAZ (VERDE/SUELA),""2026-04-05 15:53:19"",""2808.26"""
"[101534] REMERA DANA (M, CHARCOAL),""2026-04-06 14:42:25"",""8262.81"""
"[103182] CARTERA HARPER (DESCARNE, VERDE MILITAR),""2026-04-06 14:42:26"",""36361.98"""
"[101350] PORTALAPTOP JOY (MODENA, TABACO),""2026-04-07 09:41:22"",""11568.6"""
"[104983] CARTERA MANA FLECOS (LINEA PESPUNTES) (NAPADO, TABACO),""2026-04-07 09:53:35"",""42312.4"""
"[101310] PORTAFOLIO RUBEN (CHOCOLATE),""2026-04-07 10:14:56"",""57849.59"""
"[105107] CINTURON MIA (S, TABACO),""2026-04-07 14:04:03"",""13100.0"""
"[101360] PORTALAPTOP MILTON (BRIDGE, MALBEC),""2026-04-07 14:34:41"",""12395.04"""
"[100558] CARTERA LONDRES (BRIDGE, MALBEC),""2026-04-07 14:35:26"",""30576.86"""
"[100470] CARTERA APHOLO C/CIERRE (BRIDGE, MALBEC),""2026-04-07 14:36:12"",""33056.2"""
"[100034] BANDOLERA CARLA (PELO, HEREFORD),""2026-04-07 14:37:08"",""11568.6"""
"[100472] CARTERA APHOLO C/CIERRE (BRIDGE, TABACO),""2026-04-07 14:37:48"",""33056.2"""
"[100533] CARTERA LEANDRA (NAPADO, ROJO),""2026-04-07 14:38:24"",""18180.17"""
"[100531] CARTERA LEANDRA (NAPADO, MALBEC),""2026-04-07 14:42:38"",""18180.17"""
"[101087] MOCHILA PACARI (BRIDGE, MALBEC),""2026-04-07 14:43:32"",""39667.77"""
"[101091] MOCHILA PACARI (CRASH, MALBORO),""2026-04-07 14:43:32"",""39667.77"""
"[103188] CARTERA VERA (NAPOLE, CAOBA),""2026-04-07 14:45:09"",""29750.41"""
"[101516] REMERA AMADEO (2XL, CHARCOAL),""2026-04-07 14:45:11"",""8262.81"""
"[101034] MEDIAS MEDIA CAÑA CORTAS (NEGRO),""2026-04-07 14:45:13"",""1072.73"""
"[101459] PORTAPASAPORTE CHESTER BIFAZ (VERDE/SUELA),""2026-04-07 14:45:19"",""2808.26"""
"[103170] BANDOLERA JADE (LINEA FRUNCES) (BRIDGE, LONDON),""2026-04-07 14:45:21"",""11568.6"""
"[104438] DRIVER AIDA (36, CREMA),""2026-04-07 14:45:29"",""29159.100505132057"""
"[101706] TARJETERO BILL (BRIDGE, NEGRO),""2026-04-07 14:48:29"",""3634.7100000000005"""
"[101707] TARJETERO BILL (BRIDGE, ROJO),""2026-04-07 14:48:29"",""3634.71"""
"[101688] TARJETERO ARIES (BRIDGE, CARAMELO),""2026-04-07 14:51:05"",""1651.24"""
"[101689] TARJETERO ARIES (BRIDGE, MALBEC),""2026-04-07 14:51:05"",""1651.24"""
"[100109] BANDOLERA VICENTA (BRIDGE, ROJO),""2026-04-07 15:16:34"",""16527.27"""
"[100259] BOLSO TUBO GRANDE (GAMUZA, AZUL/TABACO),""2026-04-07 15:21:17"",""71072.73"""
"[100467] CARTERA AMARILLA SET SOBRE BIFAZ (VERDE/SUELA),""2026-04-07 15:24:00"",""26444.63"""
"[100041] BANDOLERA LENA (NAPADO, AZUL),""2026-04-07 15:32:37"",""33056.2"""
"[101076] MOCHILA MARCOS (NAPADO, NEGRO),""2026-04-07 15:36:40"",""71072.73"""
"[101103] MOCHILA PORTIA (BRIDGE, CHOCOLATE),""2026-04-07 15:36:42"",""49585.12"""
"[101111] MOCHILA TECH 21066,""2026-04-07 15:36:44"",""11568.6"""
"[101656] SOBRE OMEGA (GAMUZA, GRIS OSCURO),""2026-04-07 15:36:48"",""9915.7"""
"[101811] TOTE CACHI  (PELO, HOLANDO),""2026-04-07 15:36:50"",""16527.27"""
"[104182] TOTE TILCARA (CARAMELO),""2026-04-07 15:36:52"",""16527.27"""
"[101800] TARJETERO VINCENT (CHOCOLATE),""2026-04-07 18:19:02"",""5783.47"""
"[103736] SCRAP BEAUTY 6990,""2026-04-08 13:08:27"",""1281.5"""
"[103737] SCRAP BEAUTY 7990,""2026-04-08 13:08:29"",""1464.8300000000002"""
"[104746] ANILLO PIEDRA CUBIC (14) (17, NEGRO/TRANSPARENTE),""2026-04-08 13:19:39"",""27268.75078752739"""
"[101702] TARJETERO ARIES BIFAZ (NEGRO),""2026-04-08 13:34:41"",""1651.24"""
"[101703] TARJETERO ARIES BIFAZ (VERDE),""2026-04-08 13:34:41"",""1651.24"""
"[103748] SCRAP HOME 19990,""2026-04-08 13:37:56"",""3664.83"""
"[103749] SCRAP HOME 2990,""2026-04-08 13:37:58"",""548.163"""
"[103750] SCRAP HOME 29990,""2026-04-08 13:38:00"",""5498.170000000001"""
"[103751] SCRAP HOME 3990,""2026-04-08 13:38:01"",""731.5"""
"[103752] SCRAP HOME 4990,""2026-04-08 13:38:03"",""914.8299999999999"""
"[103754] SCRAP HOME 6990,""2026-04-08 13:38:05"",""1281.5"""
"[103758] SCRAP MARRO CHICA 14990,""2026-04-08 13:41:49"",""2748.170000000001"""
"[103762] SCRAP MARRO CHICA 6990,""2026-04-08 13:41:54"",""1281.5"""
"[103763] SCRAP MARRO CHICA 7990,""2026-04-08 13:41:55"",""1331.6699999999998"""
"[105079] SCRAP MARRO CHICA 990,""2026-04-08 13:42:01"",""181.50000000000003"""
"[103769] SCRAP MARRO GRANDE 29990,""2026-04-08 13:47:47"",""5498.17"""
"[103770] SCRAP MARRO GRANDE 34990,""2026-04-08 13:47:48"",""6414.829999999999"""
"[105061] BILLETERA GAEL (NEGRO),""2026-04-08 15:37:50"",""0.0"""
"[105062] BILLETERA GAEL (TABACO),""2026-04-08 15:37:50"",""0.0"""
"[102498] PULSERA DIAMANTADA,""2026-04-08 18:41:13"",""8047.30866239869"""
"[100894] CARTERA VERA (NAPOLE, MUSGO),""2026-04-09 10:03:37"",""0.0"""
"[103148] PORTALENTES NOLE (LINEA FRUNCES) (BRIDGE, MALBEC),""2026-04-09 13:49:10"",""5783.47"""
"[103145] PORTALENTES NOLE (LINEA FRUNCES) (NAPADO, ROJO),""2026-04-09 13:49:10"",""5783.47"""
"[103147] PORTALENTES NOLE (LINEA FRUNCES) (NAPADO, CARAMELO),""2026-04-09 13:49:10"",""5783.47"""
"[101241] PHONEBAG TANIA (BRIDGE, CARAMELO),""2026-04-09 16:05:13"",""7436.359999999999"""
"[101243] PHONEBAG TANIA (BRIDGE, ROJO),""2026-04-09 16:05:13"",""7436.36"""
"[101244] PHONEBAG TANIA (BRIDGE, TABACO),""2026-04-09 16:05:13"",""7436.359999999999"""
"[101250] PHONEBAG TANIA (GAMUZA, VESUBIO),""2026-04-09 16:05:13"",""7436.36"""
"[101248] PHONEBAG TANIA (GAMUZA, OLIVE),""2026-04-09 16:05:13"",""7436.36"""
"[105223] PULSERA TUBO CUERO CUBOS MULTI (NEGRO),""2026-04-09 18:57:50"",""10881.35"""
"[100772] CINTURON RUS (M-L, MARRON ROJIZO),""2026-04-10 09:54:44"",""6940.5"""
"[100769] CINTURON RUS (S-M, BEIGE),""2026-04-10 09:54:44"",""6940.5"""
"[100770] CINTURON RUS (M-L, BEIGE),""2026-04-10 09:54:44"",""6940.5"""
"[102993] CINTURON FLORA (1) (S-M, BEIGE),""2026-04-10 11:02:18"",""8262.81"""
"[102994] CINTURON FLORA (1) (M-L, BEIGE),""2026-04-10 11:02:18"",""8262.81"""
"[100969] LLAVERO INICIALES (NAPADO, AZUL),""2026-04-10 11:09:22"",""2147.11"""
"[100971] LLAVERO INICIALES (NAPADO, NEGRO),""2026-04-10 11:09:22"",""2147.11"""
"[100972] LLAVERO INICIALES (NAPADO, ROJO),""2026-04-10 11:09:22"",""2147.11"""
"[100973] LLAVERO INICIALES (NAPADO, SUELA),""2026-04-10 11:09:22"",""2147.11"""
"[100974] LLAVERO INICIALES (NAPADO, TABACO),""2026-04-10 11:09:22"",""2147.11"""
"[100975] LLAVERO INICIALES (NAPADO, VERDE),""2026-04-10 11:09:22"",""2147.11"""
"[100970] LLAVERO INICIALES (NAPADO, MALBEC),""2026-04-10 11:09:22"",""2147.11"""
"[100900] INDIVIDUAL CURVO (NAPADO, SUELA),""2026-04-10 12:49:18"",""5948.759999999999"""
"[100910] INDIVIDUAL RECTO (NAPADO, SUELA),""2026-04-10 12:50:56"",""5948.76"""
"[101705] TARJETERO BILL (BRIDGE, CARAMELO),""2026-04-10 13:28:40"",""3634.7100000000005"""
"[101706] TARJETERO BILL (BRIDGE, NEGRO),""2026-04-10 13:28:40"",""3634.7100000000005"""
"[101709] TARJETERO BILL (BRIDGE, TABACO),""2026-04-10 13:28:40"",""3634.71"""
"[101717] TARJETERO BILL (MODENA, VERDE),""2026-04-10 13:28:40"",""3634.71"""
"[101444] PORTAPASAPORTE CHESTER (BRIDGE, MALBEC),""2026-04-10 13:50:06"",""2808.26"""
"[102216] CADENA FORCET FACETADA LARGA 0.3 (45),""2026-04-10 16:03:02"",""6409.604388698542"""
"[101153] MONEDERO LUISA (BRIDGE, MALBEC),""2026-04-10 16:18:26"",""10907.44"""
"[101155] MONEDERO LUISA (BRIDGE, ROJO),""2026-04-10 16:18:26"",""10907.44"""
"[101156] MONEDERO LUISA (BRIDGE, TABACO),""2026-04-10 16:18:26"",""10907.44"""
"[101152] MONEDERO LUISA (BRIDGE, CARAMELO),""2026-04-10 16:18:26"",""10907.44"""
"[102805] ARO ARGOLLA PIEDRA CUBIC (7) (UN),""2026-04-11 15:22:59"",""8022.142229047272"""
"[102605] DIJE INICIAL (2) (P),""2026-04-11 18:42:05"",""5146.995978596909"""
"[103766] SCRAP MARRO GRANDE 14990,""2026-04-11 20:49:28"",""2748.17"""
"[103767] SCRAP MARRO GRANDE 19990,""2026-04-11 20:49:30"",""3664.830000000001"""
"[101457] PORTAPASAPORTE CHESTER BIFAZ (AZUL/SUELA),""2026-04-12 11:52:21"",""2808.26"""
"[101141] MONEDERO GRACE (BRIDGE, ROJO),""2026-04-13 09:39:10"",""4461.16"""
"[105079] SCRAP MARRO CHICA 990,""2026-04-13 11:12:10"",""181.50000000000003"""
"[102995] CINTURON FLORA (2) (S-M, BEIGE),""2026-04-13 11:53:12"",""0.0"""
"[102996] CINTURON FLORA (2) (M-L, BEIGE),""2026-04-13 11:53:12"",""0.0"""
"[102983] CARTUCHERA PU (GAMUZA, AZUL),""2026-04-13 12:57:52"",""1355.805"""
"[103004] COLALESS (XS),""2026-04-13 13:01:12"",""364.83333333333337"""
"[103005] COLALESS (S),""2026-04-13 13:01:38"",""364.8333333333333"""
"[103009] VEDETINA (S),""2026-04-13 13:02:46"",""364.83333333333337"""
"[103014] CULOTTE (M),""2026-04-13 13:09:20"",""364.83333333333337"""
"[103000] BOMBACHA NIÑA (4/5),""2026-04-13 13:16:40"",""364.83333333333337"""
"[103004] COLALESS (XS),""2026-04-13 13:16:41"",""364.83333333333337"""
"[103014] CULOTTE (M),""2026-04-13 13:16:44"",""364.83333333333337"""
"[103018] MEDIAS ADULTO X 2,""2026-04-13 13:16:45"",""658.1671428571427"""
"[103548] CARTUCHERA PU (PU, AZUL),""2026-04-13 13:19:00"",""1355.805"""
"[103525] CARTUCHERA JANA (NEGRO),""2026-04-13 13:19:01"",""1047.2"""
"[103533] CARTUCHERA LUNA (PU, GRIS),""2026-04-13 13:19:04"",""1780.515"""
"[103622] PORTACOSMETICOS UMA (CRUDO),""2026-04-13 13:19:10"",""1551.83"""
"[103477] CADENA LETRA (A, DORADO),""2026-04-13 14:46:51"",""237.79"""
"[103733] SCRAP BEAUTY 3990,""2026-04-13 20:15:28"",""731.5"""
"[103734] SCRAP BEAUTY 4990,""2026-04-13 20:16:15"",""914.83"""
"[103733] SCRAP BEAUTY 3990,""2026-04-13 20:18:19"",""731.5"""
"[103734] SCRAP BEAUTY 4990,""2026-04-13 20:18:21"",""914.8300000000002"""
"[103751] SCRAP HOME 3990,""2026-04-13 20:18:24"",""731.5"""
"[103762] SCRAP MARRO CHICA 6990,""2026-04-13 20:18:27"",""1281.5"""
"[100632] CHOMBA POLO NAOS (2XL, BLANCO),""2026-04-14 15:23:15"",""11568.6"""
"[101023] MEDIAS DE VESTIR 472 (1 (38-41)),""2026-04-14 15:23:17"",""824.7940000000001"""
"[101518] REMERA AMADEO (M, NEGRO),""2026-04-14 15:23:20"",""8262.81"""
"[100865] GORRO VEGA (AZUL MARINO),""2026-04-14 15:23:25"",""4130.58"""
"[105009] ANILLO INICIAL (1) (19, V),""2026-04-14 15:50:54"",""38798.55591059602"""
"[101978] ANILLO INICIAL (1) (17, V),""2026-04-14 15:51:04"",""35316.3728769084"""
"[105008] ANILLO INICIAL (1) (16, V),""2026-04-14 15:51:45"",""36951.00562913907"""
"[104993] ANILLO INICIAL (1) (14, N),""2026-04-14 15:54:03"",""34204.647102649"""
"[104159] ARO PASANTE BOLITA NEGRO 8 MM ,""2026-04-14 16:05:30"",""234.94799999999995"""
"[103704] PULSERA REGULABLE CUENTAS C/ DIJE MANITO ROJO,""2026-04-14 16:05:54"",""391.29999999999995"""
"[103922] SET X6 GOMITAS CLASICOS/BRILLOS,""2026-04-14 16:06:38"",""206.34000000000003"""
"[103712] PULSERA REGULABLE MOSTACILLA C/ MANITO NEGRO/CELESTE,""2026-04-14 16:06:53"",""421.41"""
"[103018] MEDIAS ADULTO X 2,""2026-04-14 16:07:44"",""658.1671428571428"""
"[103731] RIÑONERA FLAT (NEGRO TRAMA),""2026-04-14 16:08:04"",""2417.8"""
"[103693] PULSERA HILO TRENZADO REGULABLE C/ MANITO CELESTE,""2026-04-14 16:08:19"",""391.30000000000024"""
"[104143] ARO PASANTE CHISPA ENGARZADO VARIAS PUNTAS DORADO 10 MM,""2026-04-14 16:08:54"",""195.08666666666667"""
"[103378] ARO PASANTE GOTA GRANDE (PLATEADO),""2026-04-14 16:09:46"",""496.66999999999996"""
"[103473] BROCHE GRANDE MATE ROSA,""2026-04-14 16:10:30"",""344.08000000000004"""
"[101815] TOTE IRUYA (NAPADO, SUELA),""2026-04-15 09:46:03"",""16527.27"""
"[101808] TOTE CACHI  (NAPADO, MALBEC),""2026-04-15 09:47:15"",""16527.27"""
"[100520] CARTERA INES (BRIDGE, MALBEC),""2026-04-15 09:48:22"",""25618.180000000004"""
"[101815] TOTE IRUYA (NAPADO, SUELA),""2026-04-15 09:49:16"",""16527.27"""
"[103187] CARTERA VERA (NOBUCK, CAFE),""2026-04-15 09:50:18"",""29750.41"""
"[104184] TOTE TILCARA (MALBEC),""2026-04-15 09:51:11"",""16527.27"""
"[101812] TOTE IRUYA (NAPADO, CARAMELO),""2026-04-15 09:52:23"",""16527.27"""
"[101807] TOTE CACHI  (NAPADO, CARAMELO),""2026-04-15 09:53:04"",""16527.27"""
"[103171] BANDOLERA JADE (LINEA FRUNCES) (NAPADO, SUELA),""2026-04-15 09:54:00"",""11568.6"""
"[100584] CARTERA MINI EMMA (NAPADO, MALBEC),""2026-04-15 09:56:05"",""21485.95"""
"[101490] PORTAVINO TANDIL (BRIDGE, MALBEC),""2026-04-15 09:57:11"",""10742.15"""
"[100157] BILLETERA COPAHUE (NAPADO, NEGRO),""2026-04-15 13:39:41"",""11568.6"""
"[100200] BILLETERA LUCA (NAPADO, NEGRO),""2026-04-15 13:40:18"",""8262.81"""
"[102940] COLLAR CADENA VENECIANA CON DIJE PIEDRA CUBIC GEOMETRICO,""2026-04-15 14:04:29"",""19411.20587591723"""
"[101388] PORTALENTES LUZ (BRIDGE, NEGRO),""2026-04-15 14:05:27"",""2312.4"""
"[101974] ANILLO INICIAL (1) (17, N),""2026-04-15 14:30:12"",""0.0"""
"[101981] ANILLO INICIAL (1) (18, V),""2026-04-15 14:30:12"",""0.0"""
"[103086] ANILLO INICIAL (1) (16, N),""2026-04-15 14:30:12"",""0.0"""
"[104990] ANILLO INICIAL (1) (11, N),""2026-04-15 14:30:12"",""0.0"""
"[104992] ANILLO INICIAL (1) (13, N),""2026-04-15 14:30:12"",""0.0"""
"[104993] ANILLO INICIAL (1) (14, N),""2026-04-15 14:30:12"",""0.0"""
"[104994] ANILLO INICIAL (1) (15, N),""2026-04-15 14:30:12"",""0.0"""
"[104995] ANILLO INICIAL (1) (18, N),""2026-04-15 14:30:12"",""0.0"""
"[104996] ANILLO INICIAL (1) (20, N),""2026-04-15 14:30:12"",""0.0"""
"[104997] ANILLO INICIAL (1) (21, N),""2026-04-15 14:30:12"",""0.0"""
"[104998] ANILLO INICIAL (1) (22, N),""2026-04-15 14:30:12"",""0.0"""
"[104999] ANILLO INICIAL (1) (23, N),""2026-04-15 14:30:12"",""0.0"""
"[105000] ANILLO INICIAL (1) (24, N),""2026-04-15 14:30:12"",""0.0"""
"[105002] ANILLO INICIAL (1) (9, N),""2026-04-15 14:30:12"",""0.0"""
"[105004] ANILLO INICIAL (1) (12, V),""2026-04-15 14:30:12"",""0.0"""
"[105005] ANILLO INICIAL (1) (13, V),""2026-04-15 14:30:12"",""0.0"""
"[105006] ANILLO INICIAL (1) (14, V),""2026-04-15 14:30:12"",""0.0"""
"[105007] ANILLO INICIAL (1) (15, V),""2026-04-15 14:30:12"",""0.0"""
"[105009] ANILLO INICIAL (1) (19, V),""2026-04-15 14:30:12"",""0.0"""
"[105011] ANILLO INICIAL (1) (21, V),""2026-04-15 14:30:12"",""0.0"""
"[105013] ANILLO INICIAL (1) (23, V),""2026-04-15 14:30:12"",""0.0"""
"[101978] ANILLO INICIAL (1) (17, V),""2026-04-15 14:30:12"",""0.0"""
"[103753] SCRAP HOME 5990,""2026-04-15 15:49:20"",""1098.17"""
"[103755] SCRAP HOME 7990,""2026-04-15 15:49:22"",""1464.8300000000002"""
"[103756] SCRAP HOME 8990,""2026-04-15 15:49:23"",""1648.1699999999996"""
"[103757] SCRAP HOME 9990,""2026-04-15 15:49:25"",""1831.5"""
"[103759] SCRAP MARRO CHICA 3990,""2026-04-15 16:07:21"",""731.5"""
"[103760] SCRAP MARRO CHICA 4990,""2026-04-15 16:07:23"",""914.8369999999999"""
"[103761] SCRAP MARRO CHICA 5990,""2026-04-15 16:07:24"",""1098.17"""
"[103762] SCRAP MARRO CHICA 6990,""2026-04-15 16:07:26"",""1281.5"""
"[103169] BANDOLERA JADE (LINEA FRUNCES) (NAPADO, MALBEC),""2026-04-16 09:23:39"",""11568.6"""
"[102265] DIJE CRUZ (4),""2026-04-16 12:49:31"",""4288.480368549513"""
"[101771] TARJETERO NEW KENNY (BRIDGE, MALBEC),""2026-04-16 13:02:12"",""10742.15"""
"[101774] TARJETERO NEW KENNY (BRIDGE, TABACO),""2026-04-16 13:02:12"",""10742.15"""
"[101770] TARJETERO NEW KENNY (BRIDGE, CARAMELO),""2026-04-16 13:02:12"",""10742.15"""
"[101539] REMERA DANA (M, HUESO),""2026-04-16 14:30:58"",""8262.81"""
"[102801] ARO ARGOLLA OVAL (UN),""2026-04-16 15:04:26"",""5593.9807852024105"""
"[102505] ARO ARGOLLA (2) (UN),""2026-04-16 15:20:28"",""2081.460981077498"""
"[103378] ARO PASANTE GOTA GRANDE (PLATEADO),""2026-04-16 20:12:39"",""496.66999999999996"""
"[103806] SET PASANTES PRESION PERLA DORADO,""2026-04-16 20:12:44"",""421.40999999999997"""
"[103865] SET X3 ANILLOS PERLITA/MANO/CORAZONES PLATEADO,""2026-04-16 20:12:45"",""692.29"""
"[100892] ARMA TU LOOK (CARITAS TRANSPARENTES FLUO),""2026-04-16 20:16:19"",""273.17"""
"[103270] ARMA TU LOOK (LETRAS BYN CUBO NEGRO),""2026-04-16 20:16:21"",""273.17"""
"[103495] CADENA LETRA (F, PLATEADO),""2026-04-16 20:16:23"",""237.79"""
"[100892] ARMA TU LOOK (CARITAS TRANSPARENTES FLUO),""2026-04-16 20:18:34"",""273.17"""
"[103908] SET X4 OREJITAS C/ ESTRELLAS NARANJA/BLANCO,""2026-04-16 20:25:38"",""139.35"""
"[103474] BROCHE GRANDE MATE VERDE,""2026-04-16 20:25:45"",""344.08"""
"[103905] SET X4 MINI GOMITAS RAYADAS C/ BOLITAS,""2026-04-16 20:25:47"",""133.98"""
"[103928] SET X6 HEBILLAS NEGRO,""2026-04-16 20:25:53"",""251.44999999999996"""
"[103859] SET X2 PULSERAS CRISTAL ROMBO VIOLETA/GRIS,""2026-04-16 20:28:55"",""489.87"""
"[103922] SET X6 GOMITAS CLASICOS/BRILLOS,""2026-04-16 20:28:57"",""206.34000000000003"""
"[103774] SCRAP PELO 1990,""2026-04-16 20:33:18"",""364.837"""
"[103775] SCRAP PELO 2990,""2026-04-16 20:33:20"",""548.1630000000001"""
"[103477] CADENA LETRA (A, DORADO),""2026-04-16 20:44:07"",""237.79"""
"[103472] BROCHE GRANDE MATE CRUDO,""2026-04-16 20:44:09"",""344.08"""
"[102235] CADENA ROLO 0.25 (40),""2026-04-17 11:39:57"",""0.0"""
"[102236] CADENA ROLO 0.25 (45),""2026-04-17 11:39:57"",""0.0"""
"[102237] CADENA ROLO 0.25 (50),""2026-04-17 11:39:57"",""0.0"""
"[102238] CADENA ROLO 0.4 (40),""2026-04-17 11:39:57"",""0.0"""
"[102240] CADENA ROLO 0.4 (50),""2026-04-17 11:39:57"",""0.0"""
"[102203] CADENA FORCET FACETADA 0.4 (40),""2026-04-17 11:39:57"",""0.0"""
"[102204] CADENA FORCET FACETADA 0.4 (45),""2026-04-17 11:39:57"",""0.0"""
"[102205] CADENA FORCET FACETADA 0.4 (50),""2026-04-17 11:39:57"",""0.0"""
"[102242] CADENA VALERIA REDONDA 0.6,""2026-04-17 11:39:57"",""0.0"""
"[102245] CADENA VENECIANA Nº 2 (45),""2026-04-17 11:39:57"",""0.0"""
"[102246] CADENA VENECIANA Nº 2 (50),""2026-04-17 11:39:57"",""0.0"""
"[102194] CADENA ESPIGA 0.45,""2026-04-17 11:39:57"",""0.0"""
"[102304] PULSERA ESPIGA 0.45 (18),""2026-04-17 11:39:57"",""0.0"""
"[102363] PULSERA VALERIA REDONDA 0.4 (18),""2026-04-17 11:39:57"",""0.0"""
"[102364] PULSERA VALERIA REDONDA 0.4 (19.5),""2026-04-17 11:39:57"",""0.0"""
"[102197] CADENA FORCET 0.35 (40),""2026-04-17 11:39:57"",""0.0"""
"[102198] CADENA FORCET 0.35 (45),""2026-04-17 11:39:57"",""0.0"""
"[102199] CADENA FORCET 0.35 (50),""2026-04-17 11:39:57"",""0.0"""
"[102236] CADENA ROLO 0.25 (45),""2026-04-17 11:40:22"",""0.0"""
"[102237] CADENA ROLO 0.25 (50),""2026-04-17 11:40:22"",""0.0"""
"[102240] CADENA ROLO 0.4 (50),""2026-04-17 11:40:22"",""0.0"""
"[102204] CADENA FORCET FACETADA 0.4 (45),""2026-04-17 11:40:22"",""0.0"""
"[102205] CADENA FORCET FACETADA 0.4 (50),""2026-04-17 11:40:22"",""0.0"""
"[102246] CADENA VENECIANA Nº 2 (50),""2026-04-17 11:40:22"",""0.0"""
"[102197] CADENA FORCET 0.35 (40),""2026-04-17 11:40:22"",""0.0"""
"[102198] CADENA FORCET 0.35 (45),""2026-04-17 11:40:22"",""0.0"""
"[105072] PULSERA FORCET FACETADA 2.5 (19.5),""2026-04-17 11:55:18"",""0.0"""
"[105074] PULSERA FORCET FACETADA 2.5 (21),""2026-04-17 11:55:18"",""0.0"""
"[105075] CADENA FORCET FACETADA 2.5 (50),""2026-04-17 11:55:18"",""0.0"""
"[105076] CADENA FORCET FACETADA 2.5 (55),""2026-04-17 11:55:18"",""0.0"""
"[105077] CADENA FORCET FACETADA 2.5 (60),""2026-04-17 11:55:18"",""0.0"""
"[105078] CADENA FORCET FACETADA 2.5 (70),""2026-04-17 11:55:18"",""0.0"""
"[102216] CADENA FORCET FACETADA LARGA 0.3 (45),""2026-04-17 14:06:08"",""6409.604388698542"""
"[102227] CADENA GRUMET DIAMANTADA 0.35 (40),""2026-04-17 14:07:12"",""10038.708729188547"""
"[103767] SCRAP MARRO GRANDE 19990,""2026-04-17 14:15:52"",""3664.830000000001"""
"[103772] SCRAP MARRO GRANDE 44990,""2026-04-17 14:16:12"",""8248.17"""
"[103771] SCRAP MARRO GRANDE 39990,""2026-04-17 14:16:15"",""7331.5"""
"[103770] SCRAP MARRO GRANDE 34990,""2026-04-17 14:16:17"",""6414.829999999999"""
"[103769] SCRAP MARRO GRANDE 29990,""2026-04-17 14:16:19"",""5498.17"""
"[103768] SCRAP MARRO GRANDE 24990,""2026-04-17 14:16:21"",""4581.5"""
"[103766] SCRAP MARRO GRANDE 14990,""2026-04-17 14:16:22"",""2748.17"""
"[100251] BOLSO TUBO GRANDE (BRIDGE, CARAMELO),""2026-04-17 15:09:56"",""71072.73"""
"[101934] ANILLO DOS LETRAS (13, LC),""2026-04-17 22:03:44"",""86638.31262532562"""
"[100742] CINTURON PANAMA (120, AZUL),""2026-04-18 11:54:23"",""8593.39"""
"[101362] PORTALAPTOP MILTON (BRIDGE, TABACO),""2026-04-18 17:00:17"",""12395.04"""
"[101139] MONEDERO GRACE (BRIDGE, MALBEC),""2026-04-19 16:37:31"",""4461.16"""
"[101140] MONEDERO GRACE (BRIDGE, NEGRO),""2026-04-19 16:37:31"",""4461.16"""
"[101443] PORTAPASAPORTE CHESTER (BRIDGE, CARAMELO),""2026-04-19 16:37:31"",""2808.26"""
"[101692] TARJETERO ARIES (BRIDGE, TABACO),""2026-04-19 16:37:31"",""1651.2400000000005"""
"[105081] MONEDERO GRACE (NAPADO, CARAMELO),""2026-04-19 16:37:31"",""4461.16"""
"[105224] PULSERA TUBO CUERO BARRITA (MARRON),""2026-04-20 11:48:37"",""21239.15"""
"[104364] MOCASIN DESI (36, ARENA),""2026-04-20 13:11:06"",""0.0"""
"[104365] MOCASIN DESI (36, BEIGE),""2026-04-20 13:11:06"",""0.0"""
"[104366] MOCASIN DESI (36, MARRON),""2026-04-20 13:11:06"",""0.0"""
"[104367] MOCASIN DESI (37, ARENA),""2026-04-20 13:11:06"",""0.0"""
"[104368] MOCASIN DESI (37, BEIGE),""2026-04-20 13:11:06"",""0.0"""
"[104369] MOCASIN DESI (37, MARRON),""2026-04-20 13:11:06"",""0.0"""
"[104370] MOCASIN DESI (38, ARENA),""2026-04-20 13:11:06"",""0.0"""
"[104371] MOCASIN DESI (38, BEIGE),""2026-04-20 13:11:06"",""0.0"""
"[104372] MOCASIN DESI (38, MARRON),""2026-04-20 13:11:06"",""0.0"""
"[104373] MOCASIN DESI (39, ARENA),""2026-04-20 13:11:06"",""0.0"""
"[104374] MOCASIN DESI (39, BEIGE),""2026-04-20 13:11:06"",""0.0"""
"[104375] MOCASIN DESI (39, MARRON),""2026-04-20 13:11:06"",""0.0"""
"[104376] MOCASIN DESI (40, ARENA),""2026-04-20 13:11:06"",""0.0"""
"[104377] MOCASIN DESI (40, BEIGE),""2026-04-20 13:11:06"",""0.0"""
"[104378] MOCASIN DESI (40, MARRON),""2026-04-20 13:11:06"",""0.0"""
"[104456] MOCASIN PENNY JULIA (CUERO, 36, NEGRO),""2026-04-20 13:11:06"",""0.0"""
"[104457] MOCASIN PENNY JULIA (CUERO, 36, RUBI),""2026-04-20 13:11:06"",""0.0"""
"[104458] MOCASIN PENNY JULIA (CUERO, 37, NEGRO),""2026-04-20 13:11:06"",""0.0"""
"[104459] MOCASIN PENNY JULIA (CUERO, 37, RUBI),""2026-04-20 13:11:06"",""0.0"""
"[104460] MOCASIN PENNY JULIA (CUERO, 38, NEGRO),""2026-04-20 13:11:06"",""0.0"""
"[104461] MOCASIN PENNY JULIA (CUERO, 38, RUBI),""2026-04-20 13:11:06"",""0.0"""
"[104462] MOCASIN PENNY JULIA (CUERO, 39, NEGRO),""2026-04-20 13:11:06"",""0.0"""
"[104463] MOCASIN PENNY JULIA (CUERO, 39, RUBI),""2026-04-20 13:11:06"",""0.0"""
"[104464] MOCASIN PENNY JULIA (CUERO, 40, NEGRO),""2026-04-20 13:11:06"",""0.0"""
"[104465] MOCASIN PENNY JULIA (CUERO, 40, RUBI),""2026-04-20 13:11:06"",""0.0"""
"[104466] MOCASIN PENNY JULIA (NOBUCK, 36, NUEZ),""2026-04-20 13:11:06"",""0.0"""
"[104467] MOCASIN PENNY JULIA (NOBUCK, 36, GRIS),""2026-04-20 13:11:06"",""0.0"""
"[104468] MOCASIN PENNY JULIA (NOBUCK, 37, NUEZ),""2026-04-20 13:11:06"",""0.0"""
"[104469] MOCASIN PENNY JULIA (NOBUCK, 37, GRIS),""2026-04-20 13:11:06"",""0.0"""
"[104470] MOCASIN PENNY JULIA (NOBUCK, 38, NUEZ),""2026-04-20 13:11:06"",""0.0"""
"[104471] MOCASIN PENNY JULIA (NOBUCK, 38, GRIS),""2026-04-20 13:11:06"",""0.0"""
"[104472] MOCASIN PENNY JULIA (NOBUCK, 39, NUEZ),""2026-04-20 13:11:06"",""0.0"""
"[104473] MOCASIN PENNY JULIA (NOBUCK, 39, GRIS),""2026-04-20 13:11:06"",""0.0"""
"[104474] MOCASIN PENNY JULIA (NOBUCK, 40, NUEZ),""2026-04-20 13:11:06"",""0.0"""
"[104475] MOCASIN PENNY JULIA (NOBUCK, 40, GRIS),""2026-04-20 13:11:06"",""0.0"""
"[104396] MOCASIN ISA (36, BORDO),""2026-04-20 13:58:58"",""0.0"""
"[104397] MOCASIN ISA (36, MARRON),""2026-04-20 13:58:58"",""0.0"""
"[104398] MOCASIN ISA (37, BORDO),""2026-04-20 13:58:58"",""0.0"""
"[104399] MOCASIN ISA (37, MARRON),""2026-04-20 13:58:58"",""0.0"""
"[104400] MOCASIN ISA (38, BORDO),""2026-04-20 13:58:58"",""0.0"""
"[104401] MOCASIN ISA (38, MARRON),""2026-04-20 13:58:58"",""0.0"""
"[104402] MOCASIN ISA (39, BORDO),""2026-04-20 13:58:58"",""0.0"""
"[104403] MOCASIN ISA (39, MARRON),""2026-04-20 13:58:58"",""0.0"""
"[104404] MOCASIN ISA (40, BORDO),""2026-04-20 13:58:58"",""0.0"""
"[104405] MOCASIN ISA (40, MARRON),""2026-04-20 13:58:58"",""0.0"""
"[105431] MOCASIN PENNY BAIA (36, COGNAC),""2026-04-20 14:59:47"",""0.0"""
"[105432] MOCASIN PENNY BAIA (36, CAFE),""2026-04-20 14:59:47"",""0.0"""
"[105433] MOCASIN PENNY BAIA (36, NEGRO),""2026-04-20 14:59:47"",""0.0"""
"[105434] MOCASIN PENNY BAIA (37, COGNAC),""2026-04-20 14:59:47"",""0.0"""
"[105435] MOCASIN PENNY BAIA (37, CAFE),""2026-04-20 14:59:47"",""0.0"""
"[105436] MOCASIN PENNY BAIA (37, NEGRO),""2026-04-20 14:59:47"",""0.0"""
"[105437] MOCASIN PENNY BAIA (38, COGNAC),""2026-04-20 14:59:47"",""0.0"""
"[105438] MOCASIN PENNY BAIA (38, CAFE),""2026-04-20 14:59:47"",""0.0"""
"[105439] MOCASIN PENNY BAIA (38, NEGRO),""2026-04-20 14:59:47"",""0.0"""
"[105440] MOCASIN PENNY BAIA (39, COGNAC),""2026-04-20 14:59:47"",""0.0"""
"[105441] MOCASIN PENNY BAIA (39, CAFE),""2026-04-20 14:59:47"",""0.0"""
"[105442] MOCASIN PENNY BAIA (39, NEGRO),""2026-04-20 14:59:47"",""0.0"""
"[105443] MOCASIN PENNY BAIA (40, COGNAC),""2026-04-20 14:59:47"",""0.0"""
"[105444] MOCASIN PENNY BAIA (40, CAFE),""2026-04-20 14:59:47"",""0.0"""
"[105445] MOCASIN PENNY BAIA (40, NEGRO),""2026-04-20 14:59:47"",""0.0"""
"[104539] NAUTICO MIGUE (39),""2026-04-20 14:59:47"",""0.0"""
"[104540] NAUTICO MIGUE (40),""2026-04-20 14:59:47"",""0.0"""
"[104541] NAUTICO MIGUE (41),""2026-04-20 14:59:47"",""0.0"""
"[104542] NAUTICO MIGUE (42),""2026-04-20 14:59:47"",""0.0"""
"[104543] NAUTICO MIGUE (43),""2026-04-20 14:59:47"",""0.0"""
"[104544] NAUTICO MIGUE (44),""2026-04-20 14:59:47"",""0.0"""
"[104545] NAUTICO MIGUE (45),""2026-04-20 14:59:47"",""0.0"""
"[104406] MOCASIN MOÑO BEL (36, ARENA),""2026-04-20 15:13:50"",""0.0"""
"[104407] MOCASIN MOÑO BEL (36, VERDE MUSGO),""2026-04-20 15:13:50"",""0.0"""
"[104443] MOCASIN MOÑO BEL (36, GRIS),""2026-04-20 15:13:50"",""0.0"""
"[104444] MOCASIN MOÑO BEL (37, ARENA),""2026-04-20 15:13:50"",""0.0"""
"[104445] MOCASIN MOÑO BEL (37, VERDE MUSGO),""2026-04-20 15:13:50"",""0.0"""
"[104446] MOCASIN MOÑO BEL (37, GRIS),""2026-04-20 15:13:50"",""0.0"""
"[104447] MOCASIN MOÑO BEL (38, ARENA),""2026-04-20 15:13:50"",""0.0"""
"[104448] MOCASIN MOÑO BEL (38, VERDE MUSGO),""2026-04-20 15:13:50"",""0.0"""
"[104449] MOCASIN MOÑO BEL (38, GRIS),""2026-04-20 15:13:50"",""0.0"""
"[104450] MOCASIN MOÑO BEL (39, ARENA),""2026-04-20 15:13:50"",""0.0"""
"[104451] MOCASIN MOÑO BEL (39, VERDE MUSGO),""2026-04-20 15:13:50"",""0.0"""
"[104452] MOCASIN MOÑO BEL (39, GRIS),""2026-04-20 15:13:50"",""0.0"""
"[104453] MOCASIN MOÑO BEL (40, ARENA),""2026-04-20 15:13:50"",""0.0"""
"[104454] MOCASIN MOÑO BEL (40, VERDE MUSGO),""2026-04-20 15:13:50"",""0.0"""
"[104455] MOCASIN MOÑO BEL (40, GRIS),""2026-04-20 15:13:50"",""0.0"""
"[105126] PULSERA HILO CUBO INICIAL (A, ROJO),""2026-04-20 15:40:04"",""2971.5"""
"[104350] DRIVER VICTOR (39),""2026-04-21 10:00:11"",""0.0"""
"[104351] DRIVER VICTOR (40),""2026-04-21 10:00:11"",""0.0"""
"[104352] DRIVER VICTOR (41),""2026-04-21 10:00:11"",""0.0"""
"[104353] DRIVER VICTOR (42),""2026-04-21 10:00:11"",""0.0"""
"[104354] DRIVER VICTOR (43),""2026-04-21 10:00:11"",""0.0"""
"[104355] DRIVER VICTOR (44),""2026-04-21 10:00:11"",""0.0"""
"[104356] DRIVER VICTOR (45),""2026-04-21 10:00:11"",""0.0"""
"[104357] MOCASIN AXEL (39),""2026-04-21 10:00:11"",""0.0"""
"[104358] MOCASIN AXEL (40),""2026-04-21 10:00:11"",""0.0"""
"[104359] MOCASIN AXEL (41),""2026-04-21 10:00:11"",""0.0"""
"[104360] MOCASIN AXEL (42),""2026-04-21 10:00:11"",""0.0"""
"[104361] MOCASIN AXEL (43),""2026-04-21 10:00:11"",""0.0"""
"[104362] MOCASIN AXEL (44),""2026-04-21 10:00:11"",""0.0"""
"[104363] MOCASIN AXEL (45),""2026-04-21 10:00:11"",""0.0"""
"[101723] TARJETERO HARRY (BRIDGE, CARAMELO),""2026-04-21 10:02:35"",""4957.02"""
"[101733] TARJETERO HARRY (NAPADO, ROJO),""2026-04-21 10:02:35"",""4957.02"""
"[103630] PORTACOSMETICOS UMA (VISON),""2026-04-21 11:13:55"",""0.0"""
"[103625] PORTACOSMETICOS UMA (NEGRO),""2026-04-21 11:13:55"",""0.0"""
"[101247] PHONEBAG TANIA (GAMUZA, GRIS MEDIO),""2026-04-21 12:05:08"",""7436.36"""
"[101783] TARJETERO RUBI (BRIDGE, CARAMELO),""2026-04-21 12:28:25"",""2477.69"""
"[103752] SCRAP HOME 4990,""2026-04-21 12:50:47"",""914.8299999999999"""
"[103753] SCRAP HOME 5990,""2026-04-21 12:50:48"",""1098.17"""
"[103755] SCRAP HOME 7990,""2026-04-21 12:50:50"",""1464.8300000000002"""
"[103733] SCRAP BEAUTY 3990,""2026-04-21 12:55:14"",""731.5"""
"[103734] SCRAP BEAUTY 4990,""2026-04-21 12:55:15"",""914.8300000000002"""
"[104336] DRIVER ERIC (39),""2026-04-21 13:50:39"",""0.0"""
"[104337] DRIVER ERIC (40),""2026-04-21 13:50:39"",""0.0"""
"[104338] DRIVER ERIC (41),""2026-04-21 13:50:39"",""0.0"""
"[104339] DRIVER ERIC (42),""2026-04-21 13:50:39"",""0.0"""
"[104340] DRIVER ERIC (43),""2026-04-21 13:50:39"",""0.0"""
"[104341] DRIVER ERIC (44),""2026-04-21 13:50:39"",""0.0"""
"[104342] DRIVER ERIC (45),""2026-04-21 13:50:39"",""0.0"""
"[104386] MOCASIN HERRAJE SOLEIL (36, MIEL),""2026-04-21 13:50:39"",""0.0"""
"[104387] MOCASIN HERRAJE SOLEIL (36, CAFE),""2026-04-21 13:50:39"",""0.0"""
"[104388] MOCASIN HERRAJE SOLEIL (37, MIEL),""2026-04-21 13:50:39"",""0.0"""
"[104389] MOCASIN HERRAJE SOLEIL (37, CAFE),""2026-04-21 13:50:39"",""0.0"""
"[104390] MOCASIN HERRAJE SOLEIL (38, MIEL),""2026-04-21 13:50:39"",""0.0"""
"[104391] MOCASIN HERRAJE SOLEIL (38, CAFE),""2026-04-21 13:50:39"",""0.0"""
"[104392] MOCASIN HERRAJE SOLEIL (39, MIEL),""2026-04-21 13:50:39"",""0.0"""
"[104393] MOCASIN HERRAJE SOLEIL (39, CAFE),""2026-04-21 13:50:39"",""0.0"""
"[104394] MOCASIN HERRAJE SOLEIL (40, MIEL),""2026-04-21 13:50:39"",""0.0"""
"[104395] MOCASIN HERRAJE SOLEIL (40, CAFE),""2026-04-21 13:50:39"",""0.0"""
"[104476] MOCASIN PENNY LALO (39),""2026-04-21 13:50:39"",""0.0"""
"[104477] MOCASIN PENNY LALO (40),""2026-04-21 13:50:39"",""0.0"""
"[104478] MOCASIN PENNY LALO (41),""2026-04-21 13:50:39"",""0.0"""
"[104479] MOCASIN PENNY LALO (42),""2026-04-21 13:50:39"",""0.0"""
"[104480] MOCASIN PENNY LALO (43),""2026-04-21 13:50:39"",""0.0"""
"[104481] MOCASIN PENNY LALO (44),""2026-04-21 13:50:39"",""0.0"""
"[104482] MOCASIN PENNY LALO (45),""2026-04-21 13:50:39"",""0.0"""
"[104511] MOCASIN RODO (39),""2026-04-21 13:50:39"",""0.0"""
"[104512] MOCASIN RODO (40),""2026-04-21 13:50:39"",""0.0"""
"[104513] MOCASIN RODO (41),""2026-04-21 13:50:39"",""0.0"""
"[104514] MOCASIN RODO (42),""2026-04-21 13:50:39"",""0.0"""
"[104515] MOCASIN RODO (43),""2026-04-21 13:50:39"",""0.0"""
"[104516] MOCASIN RODO (44),""2026-04-21 13:50:39"",""0.0"""
"[104517] MOCASIN RODO (45),""2026-04-21 13:50:39"",""0.0"""
"[104518] MOCASIN SAMUEL (39),""2026-04-21 13:50:39"",""0.0"""
"[104519] MOCASIN SAMUEL (40),""2026-04-21 13:50:39"",""0.0"""
"[104520] MOCASIN SAMUEL (41),""2026-04-21 13:50:39"",""0.0"""
"[104521] MOCASIN SAMUEL (42),""2026-04-21 13:50:39"",""0.0"""
"[104522] MOCASIN SAMUEL (43),""2026-04-21 13:50:39"",""0.0"""
"[104523] MOCASIN SAMUEL (44),""2026-04-21 13:50:39"",""0.0"""
"[104524] MOCASIN SAMUEL (45),""2026-04-21 13:50:39"",""0.0"""
"[104546] NAUTICO MOÑO MARTINA (36, COGNAC),""2026-04-21 14:02:34"",""0.0"""
"[104547] NAUTICO MOÑO MARTINA (36, CAFE),""2026-04-21 14:02:34"",""0.0"""
"[104548] NAUTICO MOÑO MARTINA (36, VERDE MILITAR),""2026-04-21 14:02:34"",""0.0"""
"[104549] NAUTICO MOÑO MARTINA (37, COGNAC),""2026-04-21 14:02:34"",""0.0"""
"[104550] NAUTICO MOÑO MARTINA (37, CAFE),""2026-04-21 14:02:34"",""0.0"""
"[104551] NAUTICO MOÑO MARTINA (37, VERDE MILITAR),""2026-04-21 14:02:34"",""0.0"""
"[104552] NAUTICO MOÑO MARTINA (38, COGNAC),""2026-04-21 14:02:34"",""0.0"""
"[104553] NAUTICO MOÑO MARTINA (38, CAFE),""2026-04-21 14:02:34"",""0.0"""
"[104554] NAUTICO MOÑO MARTINA (38, VERDE MILITAR),""2026-04-21 14:02:34"",""0.0"""
"[104555] NAUTICO MOÑO MARTINA (39, COGNAC),""2026-04-21 14:02:34"",""0.0"""
"[104556] NAUTICO MOÑO MARTINA (39, CAFE),""2026-04-21 14:02:34"",""0.0"""
"[104557] NAUTICO MOÑO MARTINA (39, VERDE MILITAR),""2026-04-21 14:02:34"",""0.0"""
"[104558] NAUTICO MOÑO MARTINA (40, COGNAC),""2026-04-21 14:02:34"",""0.0"""
"[104559] NAUTICO MOÑO MARTINA (40, CAFE),""2026-04-21 14:02:34"",""0.0"""
"[104560] NAUTICO MOÑO MARTINA (40, VERDE MILITAR),""2026-04-21 14:02:34"",""0.0"""
"[104561] ZAPATILLA ANISA (39, BORDO),""2026-04-21 14:02:34"",""0.0"""
"[104562] ZAPATILLA ANISA (39, AZUL),""2026-04-21 14:02:34"",""0.0"""
"[104563] ZAPATILLA ANISA (39, BEIGE),""2026-04-21 14:02:34"",""0.0"""
"[104564] ZAPATILLA ANISA (40, BORDO),""2026-04-21 14:02:34"",""0.0"""
"[104565] ZAPATILLA ANISA (40, AZUL),""2026-04-21 14:02:34"",""0.0"""
"[104566] ZAPATILLA ANISA (40, BEIGE),""2026-04-21 14:02:34"",""0.0"""
"[104567] ZAPATILLA ANISA (36, BORDO),""2026-04-21 14:02:34"",""0.0"""
"[104568] ZAPATILLA ANISA (36, AZUL),""2026-04-21 14:02:34"",""0.0"""
"[104569] ZAPATILLA ANISA (36, BEIGE),""2026-04-21 14:02:34"",""0.0"""
"[104570] ZAPATILLA ANISA (37, BORDO),""2026-04-21 14:02:34"",""0.0"""
"[104571] ZAPATILLA ANISA (37, AZUL),""2026-04-21 14:02:34"",""0.0"""
"[104572] ZAPATILLA ANISA (37, BEIGE),""2026-04-21 14:02:34"",""0.0"""
"[104573] ZAPATILLA ANISA (38, BORDO),""2026-04-21 14:02:34"",""0.0"""
"[104574] ZAPATILLA ANISA (38, AZUL),""2026-04-21 14:02:34"",""0.0"""
"[104575] ZAPATILLA ANISA (38, BEIGE),""2026-04-21 14:02:34"",""0.0"""
"[101343] PORTALAPTOP ELOY (FIORENTINO, NEGRO),""2026-04-21 14:08:39"",""14047.93"""
"[102858] ARO PASANTE CIRCULAR (4) (PAR),""2026-04-21 14:32:44"",""21059.208710186624"""
"[104483] MOCASIN PENNY PABLO (39, ARENA),""2026-04-21 15:28:19"",""0.0"""
"[104484] MOCASIN PENNY PABLO (39, AZUL),""2026-04-21 15:28:19"",""0.0"""
"[104485] MOCASIN PENNY PABLO (39, MARRON),""2026-04-21 15:28:19"",""0.0"""
"[104486] MOCASIN PENNY PABLO (39, NEGRO),""2026-04-21 15:28:19"",""0.0"""
"[104487] MOCASIN PENNY PABLO (40, ARENA),""2026-04-21 15:28:19"",""0.0"""
"[104488] MOCASIN PENNY PABLO (40, AZUL),""2026-04-21 15:28:19"",""0.0"""
"[104489] MOCASIN PENNY PABLO (40, MARRON),""2026-04-21 15:28:19"",""0.0"""
"[104490] MOCASIN PENNY PABLO (40, NEGRO),""2026-04-21 15:28:19"",""0.0"""
"[104491] MOCASIN PENNY PABLO (41, ARENA),""2026-04-21 15:28:19"",""0.0"""
"[104492] MOCASIN PENNY PABLO (41, AZUL),""2026-04-21 15:28:19"",""0.0"""
"[104493] MOCASIN PENNY PABLO (41, MARRON),""2026-04-21 15:28:19"",""0.0"""
"[104494] MOCASIN PENNY PABLO (41, NEGRO),""2026-04-21 15:28:19"",""0.0"""
"[104495] MOCASIN PENNY PABLO (42, ARENA),""2026-04-21 15:28:19"",""0.0"""
"[104496] MOCASIN PENNY PABLO (42, AZUL),""2026-04-21 15:28:19"",""0.0"""
"[104497] MOCASIN PENNY PABLO (42, MARRON),""2026-04-21 15:28:19"",""0.0"""
"[104498] MOCASIN PENNY PABLO (42, NEGRO),""2026-04-21 15:28:19"",""0.0"""
"[104499] MOCASIN PENNY PABLO (43, ARENA),""2026-04-21 15:28:19"",""0.0"""
"[104500] MOCASIN PENNY PABLO (43, AZUL),""2026-04-21 15:28:19"",""0.0"""
"[104501] MOCASIN PENNY PABLO (43, MARRON),""2026-04-21 15:28:19"",""0.0"""
"[104502] MOCASIN PENNY PABLO (43, NEGRO),""2026-04-21 15:28:19"",""0.0"""
"[104503] MOCASIN PENNY PABLO (44, ARENA),""2026-04-21 15:28:19"",""0.0"""
"[104504] MOCASIN PENNY PABLO (44, AZUL),""2026-04-21 15:28:19"",""0.0"""
"[104505] MOCASIN PENNY PABLO (44, MARRON),""2026-04-21 15:28:19"",""0.0"""
"[104506] MOCASIN PENNY PABLO (44, NEGRO),""2026-04-21 15:28:19"",""0.0"""
"[104507] MOCASIN PENNY PABLO (45, ARENA),""2026-04-21 15:28:19"",""0.0"""
"[104508] MOCASIN PENNY PABLO (45, AZUL),""2026-04-21 15:28:19"",""0.0"""
"[104509] MOCASIN PENNY PABLO (45, MARRON),""2026-04-21 15:28:19"",""0.0"""
"[104510] MOCASIN PENNY PABLO (45, NEGRO),""2026-04-21 15:28:19"",""0.0"""
"[104576] NAUTICO MANUEL (NOBUCK, 39, DENIM),""2026-04-21 15:28:19"",""0.0"""
"[104577] NAUTICO MANUEL (NOBUCK, 40, DENIM),""2026-04-21 15:28:19"",""0.0"""
"[104578] NAUTICO MANUEL (NOBUCK, 41, DENIM),""2026-04-21 15:28:19"",""0.0"""
"[104579] NAUTICO MANUEL (NOBUCK, 42, DENIM),""2026-04-21 15:28:19"",""0.0"""
"[104580] NAUTICO MANUEL (NOBUCK, 43, DENIM),""2026-04-21 15:28:19"",""0.0"""
"[104581] NAUTICO MANUEL (NOBUCK, 44, DENIM),""2026-04-21 15:28:19"",""0.0"""
"[104582] NAUTICO MANUEL (NOBUCK, 45, DENIM),""2026-04-21 15:28:19"",""0.0"""
"[104625] NAUTICO MANUEL (CUERO, 39, MARRON),""2026-04-21 15:28:19"",""0.0"""
"[104626] NAUTICO MANUEL (CUERO, 40, MARRON),""2026-04-21 15:28:19"",""0.0"""
"[104627] NAUTICO MANUEL (CUERO, 41, MARRON),""2026-04-21 15:28:19"",""0.0"""
"[104628] NAUTICO MANUEL (CUERO, 42, MARRON),""2026-04-21 15:28:19"",""0.0"""
"[104629] NAUTICO MANUEL (CUERO, 43, MARRON),""2026-04-21 15:28:19"",""0.0"""
"[104631] NAUTICO MANUEL (CUERO, 45, MARRON),""2026-04-21 15:28:19"",""0.0"""
"[104630] NAUTICO MANUEL (CUERO, 44, MARRON),""2026-04-21 15:28:19"",""0.0"""
"[105263] BOTA CHELSEA ARM (39),""2026-04-21 15:49:53"",""0.0"""
"[105264] BOTA CHELSEA ARM (40),""2026-04-21 15:49:53"",""0.0"""
"[105265] BOTA CHELSEA ARM (41),""2026-04-21 15:49:53"",""0.0"""
"[105266] BOTA CHELSEA ARM (42),""2026-04-21 15:49:53"",""0.0"""
"[105267] BOTA CHELSEA ARM (43),""2026-04-21 15:49:53"",""0.0"""
"[105268] BOTA CHELSEA ARM (44),""2026-04-21 15:49:53"",""0.0"""
"[105269] BOTA CHELSEA ARM (45),""2026-04-21 15:49:53"",""0.0"""
"[105340] MOCASIN PENNY TRISTAN (39, NEGRO),""2026-04-21 15:49:53"",""0.0"""
"[105341] MOCASIN PENNY TRISTAN (40, NEGRO),""2026-04-21 15:49:53"",""0.0"""
"[105342] MOCASIN PENNY TRISTAN (41, NEGRO),""2026-04-21 15:49:53"",""0.0"""
"[105343] MOCASIN PENNY TRISTAN (42, NEGRO),""2026-04-21 15:49:53"",""0.0"""
"[105344] MOCASIN PENNY TRISTAN (43, NEGRO),""2026-04-21 15:49:53"",""0.0"""
"[105345] MOCASIN PENNY TRISTAN (44, NEGRO),""2026-04-21 15:49:53"",""0.0"""
"[105346] MOCASIN PENNY TRISTAN (45, NEGRO),""2026-04-21 15:49:53"",""0.0"""
"[105347] MOCASIN PENNY TRISTAN (39, MARRON),""2026-04-21 15:49:53"",""0.0"""
"[105348] MOCASIN PENNY TRISTAN (40, MARRON),""2026-04-21 15:49:53"",""0.0"""
"[105349] MOCASIN PENNY TRISTAN (41, MARRON),""2026-04-21 15:49:53"",""0.0"""
"[105350] MOCASIN PENNY TRISTAN (42, MARRON),""2026-04-21 15:49:53"",""0.0"""
"[105351] MOCASIN PENNY TRISTAN (43, MARRON),""2026-04-21 15:49:53"",""0.0"""
"[105352] MOCASIN PENNY TRISTAN (44, MARRON),""2026-04-21 15:49:53"",""0.0"""
"[105353] MOCASIN PENNY TRISTAN (45, MARRON),""2026-04-21 15:49:53"",""0.0"""
"[105368] ZAPATO DERBY BIEL (39, CAFE),""2026-04-21 15:49:53"",""0.0"""
"[105369] ZAPATO DERBY BIEL (39, NEGRO),""2026-04-21 15:49:53"",""0.0"""
"[105370] ZAPATO DERBY BIEL (40, CAFE),""2026-04-21 15:49:53"",""0.0"""
"[105371] ZAPATO DERBY BIEL (40, NEGRO),""2026-04-21 15:49:53"",""0.0"""
"[105372] ZAPATO DERBY BIEL (41, CAFE),""2026-04-21 15:49:53"",""0.0"""
"[105373] ZAPATO DERBY BIEL (41, NEGRO),""2026-04-21 15:49:53"",""0.0"""
"[105374] ZAPATO DERBY BIEL (42, CAFE),""2026-04-21 15:49:53"",""0.0"""
"[105375] ZAPATO DERBY BIEL (42, NEGRO),""2026-04-21 15:49:53"",""0.0"""
"[105376] ZAPATO DERBY BIEL (43, CAFE),""2026-04-21 15:49:53"",""0.0"""
"[105377] ZAPATO DERBY BIEL (43, NEGRO),""2026-04-21 15:49:53"",""0.0"""
"[105378] ZAPATO DERBY BIEL (44, CAFE),""2026-04-21 15:49:53"",""0.0"""
"[105379] ZAPATO DERBY BIEL (44, NEGRO),""2026-04-21 15:49:53"",""0.0"""
"[105380] ZAPATO DERBY BIEL (45, CAFE),""2026-04-21 15:49:53"",""0.0"""
"[105381] ZAPATO DERBY BIEL (45, NEGRO),""2026-04-21 15:49:53"",""0.0"""
"[105382] ZAPATO DERBY DARIO (39),""2026-04-21 15:49:53"",""0.0"""
"[105383] ZAPATO DERBY DARIO (40),""2026-04-21 15:49:53"",""0.0"""
"[105384] ZAPATO DERBY DARIO (41),""2026-04-21 15:49:53"",""0.0"""
"[105385] ZAPATO DERBY DARIO (42),""2026-04-21 15:49:53"",""0.0"""
"[105386] ZAPATO DERBY DARIO (43),""2026-04-21 15:49:53"",""0.0"""
"[105388] ZAPATO DERBY DARIO (45),""2026-04-21 15:49:53"",""0.0"""
"[105424] ZAPATO OXFORD HUMMER (39),""2026-04-21 15:49:53"",""0.0"""
"[105425] ZAPATO OXFORD HUMMER (40),""2026-04-21 15:49:53"",""0.0"""
"[105426] ZAPATO OXFORD HUMMER (41),""2026-04-21 15:49:53"",""0.0"""
"[105427] ZAPATO OXFORD HUMMER (42),""2026-04-21 15:49:53"",""0.0"""
"[105428] ZAPATO OXFORD HUMMER (43),""2026-04-21 15:49:53"",""0.0"""
"[105429] ZAPATO OXFORD HUMMER (44),""2026-04-21 15:49:53"",""0.0"""
"[105430] ZAPATO OXFORD HUMMER (45),""2026-04-21 15:49:53"",""0.0"""
"[105387] ZAPATO DERBY DARIO (44),""2026-04-21 15:49:53"",""0.0"""
"[105255] MONEDERO BEIJING MINI (ROJO),""2026-04-21 15:50:52"",""0.0"""
"[105251] MONEDERO BEIJING MINI (AZUL),""2026-04-21 15:50:52"",""0.0"""
"[105252] MONEDERO BEIJING MINI (CARAMELO),""2026-04-21 15:50:52"",""0.0"""
"[105253] MONEDERO BEIJING MINI (MALBEC),""2026-04-21 15:50:52"",""0.0"""
"[105254] MONEDERO BEIJING MINI (NEGRO),""2026-04-21 15:50:52"",""0.0"""
"[101314] PORTAFOLIO VENUS CHICO (BRIDGE, MALBEC),""2026-04-22 09:36:47"",""44626.45"""
"[101299] PORTAFOLIO HUAPI (BRIDGE, MALBEC),""2026-04-22 09:37:51"",""42973.55"""
"[101817] TOTE IRUYA (PELO, HEREFORD),""2026-04-22 09:39:00"",""16527.27"""
"[101189] MORRAL OLDIE (BRIDGE, TABACO),""2026-04-22 09:40:12"",""33056.2"""
"[100121] BANDOLERA VICENTA (NAPADO, CARAMELO),""2026-04-22 09:40:53"",""16527.27"""
"[100587] CARTERA MINI EMMA (NAPADO, SUELA),""2026-04-22 09:41:54"",""21485.95"""
"[100534] CARTERA LEANDRA (NAPADO, SUELA),""2026-04-22 09:44:29"",""18180.17"""
"[101815] TOTE IRUYA (NAPADO, SUELA),""2026-04-22 09:45:49"",""16527.27"""
"[100085] BANDOLERA NEW VICENTA (NAPADO, SUELA),""2026-04-22 09:47:57"",""14874.38"""
"[100084] BANDOLERA NEW VICENTA (NAPADO, ROJO),""2026-04-22 09:47:57"",""14874.38"""
"[103171] BANDOLERA JADE (LINEA FRUNCES) (NAPADO, SUELA),""2026-04-22 09:50:09"",""11568.6"""
"[101186] MORRAL OLDIE (BRIDGE, CARAMELO),""2026-04-22 09:52:12"",""33056.2"""
"[101212] NECESSAIRE LANIN (BRIDGE, CARAMELO),""2026-04-22 09:53:08"",""16527.27"""
"[100523] CARTERA INES (PELO, HOLANDO),""2026-04-22 09:53:58"",""25618.18"""
"[101319] PORTAFOLIO VENUS CHICO (GAMUZA, OLIVE/CARAMELO),""2026-04-22 09:55:08"",""44626.45"""
"[101818] TOTE IRUYA (PELO, HOLANDO),""2026-04-22 12:59:26"",""16527.27"""
"[103737] SCRAP BEAUTY 7990,""2026-04-22 14:06:40"",""1464.8300000000006"""
"[103755] SCRAP HOME 7990,""2026-04-22 14:12:14"",""1464.8300000000002"""
"[103758] SCRAP MARRO CHICA 14990,""2026-04-22 14:16:20"",""2748.170000000001"""
"[103759] SCRAP MARRO CHICA 3990,""2026-04-22 14:16:21"",""731.5"""
"[103761] SCRAP MARRO CHICA 5990,""2026-04-22 14:16:22"",""1098.17"""
"[103762] SCRAP MARRO CHICA 6990,""2026-04-22 14:16:24"",""1281.5"""
"[103763] SCRAP MARRO CHICA 7990,""2026-04-22 14:16:25"",""1331.6699999999998"""
"[103768] SCRAP MARRO GRANDE 24990,""2026-04-22 14:22:08"",""4581.5"""
"[103771] SCRAP MARRO GRANDE 39990,""2026-04-22 14:22:11"",""7331.5"""
"[103749] SCRAP HOME 2990,""2026-04-22 14:37:28"",""548.163"""
"[103751] SCRAP HOME 3990,""2026-04-22 14:37:29"",""731.5"""
"[103753] SCRAP HOME 5990,""2026-04-22 14:37:32"",""1098.17"""
"[103733] SCRAP BEAUTY 3990,""2026-04-22 14:41:43"",""731.5"""
"[103759] SCRAP MARRO CHICA 3990,""2026-04-22 14:44:17"",""731.5"""
"[103761] SCRAP MARRO CHICA 5990,""2026-04-22 14:44:19"",""1098.17"""
"[104308] DRIVER BRUNO (39, ARENA),""2026-04-22 14:45:39"",""0.0"""
"[104309] DRIVER BRUNO (39, AZUL),""2026-04-22 14:45:39"",""0.0"""
"[104310] DRIVER BRUNO (39, MARRON),""2026-04-22 14:45:39"",""0.0"""
"[104311] DRIVER BRUNO (39, NEGRO),""2026-04-22 14:45:39"",""0.0"""
"[104312] DRIVER BRUNO (40, ARENA),""2026-04-22 14:45:39"",""0.0"""
"[104313] DRIVER BRUNO (40, AZUL),""2026-04-22 14:45:39"",""0.0"""
"[104314] DRIVER BRUNO (40, MARRON),""2026-04-22 14:45:39"",""0.0"""
"[104315] DRIVER BRUNO (40, NEGRO),""2026-04-22 14:45:39"",""0.0"""
"[104316] DRIVER BRUNO (41, ARENA),""2026-04-22 14:45:39"",""0.0"""
"[104317] DRIVER BRUNO (41, AZUL),""2026-04-22 14:45:39"",""0.0"""
"[104318] DRIVER BRUNO (41, MARRON),""2026-04-22 14:45:39"",""0.0"""
"[104319] DRIVER BRUNO (41, NEGRO),""2026-04-22 14:45:39"",""0.0"""
"[104320] DRIVER BRUNO (42, ARENA),""2026-04-22 14:45:39"",""0.0"""
"[104321] DRIVER BRUNO (42, AZUL),""2026-04-22 14:45:39"",""0.0"""
"[104322] DRIVER BRUNO (42, MARRON),""2026-04-22 14:45:39"",""0.0"""
"[104323] DRIVER BRUNO (42, NEGRO),""2026-04-22 14:45:39"",""0.0"""
"[104324] DRIVER BRUNO (43, ARENA),""2026-04-22 14:45:39"",""0.0"""
"[104325] DRIVER BRUNO (43, AZUL),""2026-04-22 14:45:39"",""0.0"""
"[104326] DRIVER BRUNO (43, MARRON),""2026-04-22 14:45:39"",""0.0"""
"[104327] DRIVER BRUNO (43, NEGRO),""2026-04-22 14:45:39"",""0.0"""
"[104328] DRIVER BRUNO (44, ARENA),""2026-04-22 14:45:39"",""0.0"""
"[104329] DRIVER BRUNO (44, AZUL),""2026-04-22 14:45:39"",""0.0"""
"[104330] DRIVER BRUNO (44, MARRON),""2026-04-22 14:45:39"",""0.0"""
"[104331] DRIVER BRUNO (44, NEGRO),""2026-04-22 14:45:39"",""0.0"""
"[104332] DRIVER BRUNO (45, ARENA),""2026-04-22 14:45:39"",""0.0"""
"[104333] DRIVER BRUNO (45, AZUL),""2026-04-22 14:45:39"",""0.0"""
"[104334] DRIVER BRUNO (45, MARRON),""2026-04-22 14:45:39"",""0.0"""
"[104335] DRIVER BRUNO (45, NEGRO),""2026-04-22 14:45:39"",""0.0"""
"[104343] DRIVER HUGO (39),""2026-04-22 14:45:39"",""0.0"""
"[104344] DRIVER HUGO (40),""2026-04-22 14:45:39"",""0.0"""
"[104345] DRIVER HUGO (41),""2026-04-22 14:45:39"",""0.0"""
"[104346] DRIVER HUGO (42),""2026-04-22 14:45:39"",""0.0"""
"[104347] DRIVER HUGO (43),""2026-04-22 14:45:39"",""0.0"""
"[104348] DRIVER HUGO (44),""2026-04-22 14:45:39"",""0.0"""
"[104349] DRIVER HUGO (45),""2026-04-22 14:45:39"",""0.0"""
"[104379] MOCASIN HECTOR (39),""2026-04-22 14:45:39"",""0.0"""
"[104380] MOCASIN HECTOR (40),""2026-04-22 14:45:39"",""0.0"""
"[104381] MOCASIN HECTOR (41),""2026-04-22 14:45:39"",""0.0"""
"[104382] MOCASIN HECTOR (42),""2026-04-22 14:45:39"",""0.0"""
"[104383] MOCASIN HECTOR (43),""2026-04-22 14:45:39"",""0.0"""
"[104385] MOCASIN HECTOR (45),""2026-04-22 14:45:39"",""0.0"""
"[104384] MOCASIN HECTOR (44),""2026-04-22 14:45:39"",""0.0"""
"[101872] ZAPATILLA URBANA (44, TABACO),""2026-04-22 15:06:01"",""13221.49"""
"[100444] CARTERA AMARILLA SET SOBRE (BRIDGE, TABACO),""2026-04-22 15:06:01"",""26444.63"""
"[104525] NAUTICO ARIEL (NOBUCK, 39, DENIM),""2026-04-22 15:26:15"",""0.0"""
"[104526] NAUTICO ARIEL (NOBUCK, 40, DENIM),""2026-04-22 15:26:15"",""0.0"""
"[104527] NAUTICO ARIEL (NOBUCK, 41, DENIM),""2026-04-22 15:26:15"",""0.0"""
"[104528] NAUTICO ARIEL (NOBUCK, 42, DENIM),""2026-04-22 15:26:15"",""0.0"""
"[104529] NAUTICO ARIEL (NOBUCK, 43, DENIM),""2026-04-22 15:26:15"",""0.0"""
"[104530] NAUTICO ARIEL (NOBUCK, 44, DENIM),""2026-04-22 15:26:15"",""0.0"""
"[104531] NAUTICO ARIEL (NOBUCK, 45, DENIM),""2026-04-22 15:26:15"",""0.0"""
"[104532] NAUTICO ARIEL (CUERO, 39, MARRON),""2026-04-22 15:26:15"",""0.0"""
"[104533] NAUTICO ARIEL (CUERO, 40, MARRON),""2026-04-22 15:26:15"",""0.0"""
"[104534] NAUTICO ARIEL (CUERO, 41, MARRON),""2026-04-22 15:26:15"",""0.0"""
"[104535] NAUTICO ARIEL (CUERO, 42, MARRON),""2026-04-22 15:26:15"",""0.0"""
"[104536] NAUTICO ARIEL (CUERO, 43, MARRON),""2026-04-22 15:26:15"",""0.0"""
"[104537] NAUTICO ARIEL (CUERO, 44, MARRON),""2026-04-22 15:26:15"",""0.0"""
"[104538] NAUTICO ARIEL (CUERO, 45, MARRON),""2026-04-22 15:26:15"",""0.0"""
"[105256] BORCEGO DARIO (39),""2026-04-22 15:26:15"",""0.0"""
"[105257] BORCEGO DARIO (40),""2026-04-22 15:26:15"",""0.0"""
"[105258] BORCEGO DARIO (41),""2026-04-22 15:26:15"",""0.0"""
"[105259] BORCEGO DARIO (42),""2026-04-22 15:26:15"",""0.0"""
"[105260] BORCEGO DARIO (43),""2026-04-22 15:26:15"",""0.0"""
"[105261] BORCEGO DARIO (44),""2026-04-22 15:26:15"",""0.0"""
"[105262] BORCEGO DARIO (45),""2026-04-22 15:26:15"",""0.0"""
"[105263] BOTA CHELSEA ARM (39),""2026-04-22 15:26:15"",""0.0"""
"[105270] BOTA CHELSEA CESAR (CUERO, 39),""2026-04-22 15:26:15"",""0.0"""
"[105271] BOTA CHELSEA CESAR (CUERO, 40),""2026-04-22 15:26:15"",""0.0"""
"[105272] BOTA CHELSEA CESAR (CUERO, 41),""2026-04-22 15:26:15"",""0.0"""
"[105273] BOTA CHELSEA CESAR (CUERO, 42),""2026-04-22 15:26:15"",""0.0"""
"[105274] BOTA CHELSEA CESAR (CUERO, 43),""2026-04-22 15:26:15"",""0.0"""
"[105275] BOTA CHELSEA CESAR (CUERO, 44),""2026-04-22 15:26:15"",""0.0"""
"[105276] BOTA CHELSEA CESAR (CUERO, 45),""2026-04-22 15:26:15"",""0.0"""
"[105277] BOTA CHELSEA CESAR (GAMUZA, 39),""2026-04-22 15:26:15"",""0.0"""
"[105278] BOTA CHELSEA CESAR (GAMUZA, 40),""2026-04-22 15:26:15"",""0.0"""
"[105279] BOTA CHELSEA CESAR (GAMUZA, 41),""2026-04-22 15:26:15"",""0.0"""
"[105280] BOTA CHELSEA CESAR (GAMUZA, 42),""2026-04-22 15:26:15"",""0.0"""
"[105281] BOTA CHELSEA CESAR (GAMUZA, 43),""2026-04-22 15:26:15"",""0.0"""
"[105282] BOTA CHELSEA CESAR (GAMUZA, 44),""2026-04-22 15:26:15"",""0.0"""
"[105283] BOTA CHELSEA CESAR (GAMUZA, 45),""2026-04-22 15:26:15"",""0.0"""
"[105284] BOTA CHELSEA EMILIO (39),""2026-04-22 15:26:15"",""0.0"""
"[105285] BOTA CHELSEA EMILIO (40),""2026-04-22 15:26:15"",""0.0"""
"[105286] BOTA CHELSEA EMILIO (41),""2026-04-22 15:26:15"",""0.0"""
"[105287] BOTA CHELSEA EMILIO (42),""2026-04-22 15:26:15"",""0.0"""
"[105288] BOTA CHELSEA EMILIO (43),""2026-04-22 15:53:14"",""0.0"""
"[105289] BOTA CHELSEA EMILIO (44),""2026-04-22 15:53:14"",""0.0"""
"[105290] BOTA CHELSEA EMILIO (45),""2026-04-22 15:53:14"",""0.0"""
"[105291] BOTA CHELSEA NIL (39),""2026-04-22 15:53:14"",""0.0"""
"[105292] BOTA CHELSEA NIL (40),""2026-04-22 15:53:14"",""0.0"""
"[105293] BOTA CHELSEA NIL (41),""2026-04-22 15:53:14"",""0.0"""
"[105294] BOTA CHELSEA NIL (42),""2026-04-22 15:53:14"",""0.0"""
"[105295] BOTA CHELSEA NIL (43),""2026-04-22 15:53:14"",""0.0"""
"[105296] BOTA CHELSEA NIL (44),""2026-04-22 15:53:14"",""0.0"""
"[105297] BOTA CHELSEA NIL (45),""2026-04-22 15:53:14"",""0.0"""
"[105298] BOTA DESSERT RAVAN (39),""2026-04-22 15:53:14"",""0.0"""
"[105299] BOTA DESSERT RAVAN (40),""2026-04-22 15:53:14"",""0.0"""
"[105300] BOTA DESSERT RAVAN (41),""2026-04-22 15:53:14"",""0.0"""
"[105301] BOTA DESSERT RAVAN (42),""2026-04-22 15:53:14"",""0.0"""
"[105302] BOTA DESSERT RAVAN (43),""2026-04-22 15:53:14"",""0.0"""
"[105303] BOTA DESSERT RAVAN (44),""2026-04-22 15:53:14"",""0.0"""
"[105304] BOTA DESSERT RAVAN (45),""2026-04-22 15:53:14"",""0.0"""
"[105305] MOCASIN HERRAJE POL (39),""2026-04-22 15:53:14"",""0.0"""
"[105306] MOCASIN HERRAJE POL (40),""2026-04-22 15:53:14"",""0.0"""
"[105307] MOCASIN HERRAJE POL (41),""2026-04-22 15:53:14"",""0.0"""
"[105308] MOCASIN HERRAJE POL (42),""2026-04-22 15:53:14"",""0.0"""
"[105309] MOCASIN HERRAJE POL (43),""2026-04-22 15:53:14"",""0.0"""
"[105310] MOCASIN HERRAJE POL (44),""2026-04-22 15:53:14"",""0.0"""
"[105311] MOCASIN HERRAJE POL (45),""2026-04-22 15:53:14"",""0.0"""
"[105312] MOCASIN IVAN (39),""2026-04-22 15:53:14"",""0.0"""
"[105313] MOCASIN IVAN (40),""2026-04-22 15:53:14"",""0.0"""
"[105314] MOCASIN IVAN (41),""2026-04-22 15:53:14"",""0.0"""
"[105315] MOCASIN IVAN (42),""2026-04-22 15:53:14"",""0.0"""
"[105316] MOCASIN IVAN (43),""2026-04-22 15:53:14"",""0.0"""
"[105317] MOCASIN IVAN (44),""2026-04-22 15:53:14"",""0.0"""
"[105318] MOCASIN IVAN (45),""2026-04-22 15:53:14"",""0.0"""
"[105319] MOCASIN PENNY JAIME (39, COGNAC),""2026-04-22 15:53:14"",""0.0"""
"[105320] MOCASIN PENNY JAIME (39, CAFE),""2026-04-22 15:53:14"",""0.0"""
"[105321] MOCASIN PENNY JAIME (40, COGNAC),""2026-04-22 15:53:14"",""0.0"""
"[105322] MOCASIN PENNY JAIME (40, CAFE),""2026-04-22 15:53:14"",""0.0"""
"[105323] MOCASIN PENNY JAIME (41, COGNAC),""2026-04-22 15:53:14"",""0.0"""
"[105324] MOCASIN PENNY JAIME (41, CAFE),""2026-04-22 15:53:14"",""0.0"""
"[105325] MOCASIN PENNY JAIME (42, COGNAC),""2026-04-22 15:53:14"",""0.0"""
"[105326] MOCASIN PENNY JAIME (42, CAFE),""2026-04-22 15:53:14"",""0.0"""
"[105327] MOCASIN PENNY JAIME (43, COGNAC),""2026-04-22 15:53:14"",""0.0"""
"[105330] MOCASIN PENNY JAIME (44, CAFE),""2026-04-22 15:53:14"",""0.0"""
"[105331] MOCASIN PENNY JAIME (45, COGNAC),""2026-04-22 15:53:14"",""0.0"""
"[105332] MOCASIN PENNY JAIME (45, CAFE),""2026-04-22 15:53:14"",""0.0"""
"[105333] MOCASIN PENNY JAN (39),""2026-04-22 15:53:14"",""0.0"""
"[105334] MOCASIN PENNY JAN (40),""2026-04-22 15:53:14"",""0.0"""
"[105336] MOCASIN PENNY JAN (42),""2026-04-22 15:53:14"",""0.0"""
"[105337] MOCASIN PENNY JAN (43),""2026-04-22 15:53:14"",""0.0"""
"[105338] MOCASIN PENNY JAN (44),""2026-04-22 15:53:14"",""0.0"""
"[105339] MOCASIN PENNY JAN (45),""2026-04-22 15:53:14"",""0.0"""
"[105328] MOCASIN PENNY JAIME (43, CAFE),""2026-04-22 15:53:14"",""0.0"""
"[105329] MOCASIN PENNY JAIME (44, COGNAC),""2026-04-22 15:53:14"",""0.0"""
"[100157] BILLETERA COPAHUE (NAPADO, NEGRO),""2026-04-22 19:33:44"",""11568.6"""
"[101153] MONEDERO LUISA (BRIDGE, MALBEC),""2026-04-22 19:33:44"",""10907.44"""
"[100029] BANDOLERA CARLA (BRIDGE, MALBEC),""2026-04-22 19:33:44"",""11568.6"""
"[105354] ZAPATO DERBY ABEL (39),""2026-04-23 09:43:17"",""0.0"""
"[105355] ZAPATO DERBY ABEL (40),""2026-04-23 09:43:17"",""0.0"""
"[105356] ZAPATO DERBY ABEL (41),""2026-04-23 09:43:17"",""0.0"""
"[105357] ZAPATO DERBY ABEL (42),""2026-04-23 09:43:17"",""0.0"""
"[105358] ZAPATO DERBY ABEL (43),""2026-04-23 09:43:17"",""0.0"""
"[105359] ZAPATO DERBY ABEL (44),""2026-04-23 09:43:17"",""0.0"""
"[105360] ZAPATO DERBY ABEL (45),""2026-04-23 09:43:17"",""0.0"""
"[105361] ZAPATO DERBY AMIR (39),""2026-04-23 09:43:17"",""0.0"""
"[105362] ZAPATO DERBY AMIR (40),""2026-04-23 09:43:17"",""0.0"""
"[105363] ZAPATO DERBY AMIR (41),""2026-04-23 09:43:17"",""0.0"""
"[105364] ZAPATO DERBY AMIR (42),""2026-04-23 09:43:17"",""0.0"""
"[105365] ZAPATO DERBY AMIR (43),""2026-04-23 09:43:17"",""0.0"""
"[105366] ZAPATO DERBY AMIR (44),""2026-04-23 09:43:17"",""0.0"""
"[105367] ZAPATO DERBY AMIR (45),""2026-04-23 09:43:17"",""0.0"""
"[105389] ZAPATO DERBY GEORGE (39),""2026-04-23 09:43:17"",""0.0"""
"[105390] ZAPATO DERBY GEORGE (40),""2026-04-23 09:43:17"",""0.0"""
"[105391] ZAPATO DERBY GEORGE (41),""2026-04-23 09:43:17"",""0.0"""
"[105392] ZAPATO DERBY GEORGE (42),""2026-04-23 09:43:17"",""0.0"""
"[105393] ZAPATO DERBY GEORGE (43),""2026-04-23 09:43:17"",""0.0"""
"[105394] ZAPATO DERBY GEORGE (44),""2026-04-23 09:43:17"",""0.0"""
"[105395] ZAPATO DERBY GEORGE (45),""2026-04-23 09:43:17"",""0.0"""
"[105396] ZAPATO DERBY ISMAEL (39),""2026-04-23 09:43:17"",""0.0"""
"[105397] ZAPATO DERBY ISMAEL (40),""2026-04-23 09:43:17"",""0.0"""
"[105398] ZAPATO DERBY ISMAEL (41),""2026-04-23 09:43:17"",""0.0"""
"[105399] ZAPATO DERBY ISMAEL (42),""2026-04-23 09:43:17"",""0.0"""
"[105400] ZAPATO DERBY ISMAEL (43),""2026-04-23 09:43:17"",""0.0"""
"[105401] ZAPATO DERBY ISMAEL (44),""2026-04-23 09:43:17"",""0.0"""
"[105402] ZAPATO DERBY ISMAEL (45),""2026-04-23 09:43:17"",""0.0"""
"[105403] ZAPATO DERBY JOEL (39),""2026-04-23 09:43:17"",""0.0"""
"[105404] ZAPATO DERBY JOEL (40),""2026-04-23 09:43:17"",""0.0"""
"[105405] ZAPATO DERBY JOEL (41),""2026-04-23 09:43:17"",""0.0"""
"[105406] ZAPATO DERBY JOEL (42),""2026-04-23 09:43:17"",""0.0"""
"[105407] ZAPATO DERBY JOEL (43),""2026-04-23 09:43:17"",""0.0"""
"[105408] ZAPATO DERBY JOEL (44),""2026-04-23 09:43:17"",""0.0"""
"[105409] ZAPATO DERBY JOEL (45),""2026-04-23 09:43:17"",""0.0"""
"[105410] ZAPATO DERBY ULISES (39),""2026-04-23 09:43:17"",""0.0"""
"[105411] ZAPATO DERBY ULISES (40),""2026-04-23 09:43:17"",""0.0"""
"[105412] ZAPATO DERBY ULISES (41),""2026-04-23 09:43:17"",""0.0"""
"[105413] ZAPATO DERBY ULISES (42),""2026-04-23 09:43:17"",""0.0"""
"[105414] ZAPATO DERBY ULISES (43),""2026-04-23 09:43:17"",""0.0"""
"[105416] ZAPATO DERBY ULISES (45),""2026-04-23 09:43:17"",""0.0"""
"[105417] ZAPATO OXFORD AXEL (39),""2026-04-23 09:43:17"",""0.0"""
"[105418] ZAPATO OXFORD AXEL (40),""2026-04-23 09:43:17"",""0.0"""
"[105419] ZAPATO OXFORD AXEL (41),""2026-04-23 09:43:17"",""0.0"""
"[105420] ZAPATO OXFORD AXEL (42),""2026-04-23 09:43:17"",""0.0"""
"[105421] ZAPATO OXFORD AXEL (43),""2026-04-23 09:43:17"",""0.0"""
"[105422] ZAPATO OXFORD AXEL (44),""2026-04-23 09:43:17"",""0.0"""
"[105423] ZAPATO OXFORD AXEL (45),""2026-04-23 09:43:17"",""0.0"""
"[105415] ZAPATO DERBY ULISES (44),""2026-04-23 09:43:17"",""0.0"""
"[101808] TOTE CACHI  (NAPADO, MALBEC),""2026-04-23 10:19:38"",""16527.27"""
"[101036] MEDIAS MEDIA CAÑA FANTASIA (MULTIRAYAS, NEGRO/GRIS MELANGE),""2026-04-23 13:11:30"",""1072.73"""
"[101508] REMERA AMADEO (M, BLANCO),""2026-04-23 13:11:35"",""8262.81"""
"[101275] PORTACABLES (2) (VAQUETA, DULCE DE LECHE),""2026-04-23 13:11:38"",""1320.66"""
"[102498] PULSERA DIAMANTADA,""2026-04-23 13:22:23"",""8047.30866239869"""
"[102498] PULSERA DIAMANTADA,""2026-04-23 13:30:56"",""8047.308662398691"""
"[100059] BANDOLERA NATY SIMPLE (BRIDGE, CARAMELO),""2026-04-23 14:46:12"",""14874.38"""
"[100001] BANDEJA CHICA (HEREFORD),""2026-04-24 14:45:05"",""5948.76"""
"[101619] SET POSAVASOS CIRCULAR X4 (PELO, HOLANDO),""2026-04-24 14:46:49"",""0.0"""
"[101618] SET POSAVASOS CIRCULAR X4 (PELO, HEREFORD),""2026-04-24 14:46:49"",""0.0"""
"[105446] LLAVERO PAMPA (HOLANDO),""2026-04-24 14:48:38"",""0.0"""
"[105016] LLAVERO PAMPA (HEREFORD),""2026-04-24 14:48:38"",""0.0"""
"[105592] MONEDERO MARIA (HEREFORD),""2026-04-24 14:49:20"",""0.0"""
"[105593] MONEDERO MARIA (HOLANDO),""2026-04-24 14:49:20"",""0.0"""
"[101724] TARJETERO HARRY (BRIDGE, MALBEC),""2026-04-24 14:51:42"",""4957.02"""
"[103985] TOTE TATI RAYAS (BLANCO),""2026-04-24 15:36:48"",""0.0"""
"[103985] TOTE TATI RAYAS (BLANCO),""2026-04-24 15:36:48"",""0.0"""
"[105231] TOTE TATI RAYAS (VERDE),""2026-04-24 15:36:48"",""0.0"""
"[105231] TOTE TATI RAYAS (VERDE),""2026-04-24 15:36:48"",""0.0"""
"[103953] SOBRE ANALIA CHICO (PU, BORDO),""2026-04-24 15:36:48"",""0.0"""
"[103953] SOBRE ANALIA CHICO (PU, BORDO),""2026-04-24 15:36:48"",""0.0"""
"[104197] SOBRE ANALIA GRANDE (CROCO, VERDE),""2026-04-24 15:36:48"",""0.0"""
"[104197] SOBRE ANALIA GRANDE (CROCO, VERDE),""2026-04-24 15:36:48"",""0.0"""
"[103016] SOBRE ANALIA GRANDE (CROCO, AZUL),""2026-04-24 15:36:48"",""0.0"""
"[103016] SOBRE ANALIA GRANDE (CROCO, AZUL),""2026-04-24 15:36:48"",""0.0"""
"[103966] SOBRE ANALIA GRANDE (PU, GRIS),""2026-04-24 15:36:48"",""0.0"""
"[103966] SOBRE ANALIA GRANDE (PU, GRIS),""2026-04-24 15:36:48"",""0.0"""
"[103549] CARTUCHERA PU (PU, BORDO),""2026-04-24 15:36:48"",""0.0"""
"[103549] CARTUCHERA PU (PU, BORDO),""2026-04-24 15:36:48"",""0.0"""
"[103557] CARTUCHERA PU (PU, VERDE),""2026-04-24 15:36:48"",""0.0"""
"[103557] CARTUCHERA PU (PU, VERDE),""2026-04-24 15:36:48"",""0.0"""
"[103550] CARTUCHERA PU (PU, CELESTE),""2026-04-24 15:36:48"",""0.0"""
"[103550] CARTUCHERA PU (PU, CELESTE),""2026-04-24 15:36:48"",""0.0"""
"[103548] CARTUCHERA PU (PU, AZUL),""2026-04-24 15:36:48"",""0.0"""
"[103548] CARTUCHERA PU (PU, AZUL),""2026-04-24 15:36:48"",""0.0"""
"[100969] LLAVERO INICIALES (NAPADO, AZUL),""2026-04-24 15:45:18"",""2147.11"""
"[100990] LLAVERO KAREN (MALBEC/MARSALA),""2026-04-24 15:45:52"",""3634.7100000000005"""
"[101138] MONEDERO GRACE (BRIDGE, CARAMELO),""2026-04-24 15:47:35"",""4461.16"""
"[101269] PORTACABLES  (1) (VAQUETA, DULCE DE LECHE),""2026-04-24 15:49:43"",""990.082"""
"[101445] PORTAPASAPORTE CHESTER (BRIDGE, NEGRO),""2026-04-24 15:50:32"",""2808.26"""
"[101707] TARJETERO BILL (BRIDGE, ROJO),""2026-04-24 15:51:06"",""3634.71"""
"[101814] TOTE IRUYA (NAPADO, NEGRO),""2026-04-24 15:52:33"",""16527.27"""
"[103021] PORTAVINO CROCHET (1) (BEIGE),""2026-04-24 15:52:49"",""6940.495867768595"""
"[103022] PORTAVINO CROCHET (1) (CRUDO),""2026-04-24 15:53:05"",""6940.495867768596"""
"[103243] PRODUCTO OUTLET 9990,""2026-04-24 15:53:55"",""3302.4800000000005"""
"[104066] TIENTO CUERO (100, ROJO, 3 mm, NAPADO),""2026-04-24 15:57:21"",""816.67"""
"[104067] TIENTO CUERO (120, VERDE, 3 mm, NAPADO),""2026-04-24 15:57:36"",""1650.0"""
"[104073] TIENTO CUERO (120, NEGRO, 4 mm, NAPADO),""2026-04-24 15:57:53"",""1650.0"""
"[104075] TIENTO CUERO (130, NEGRO, 4 mm, NAPADO),""2026-04-24 15:58:09"",""1650.0"""
"[104080] TIENTO CUERO (120, CHOCOLATE, 3 mm, GAMUZA),""2026-04-24 15:58:30"",""1650.0"""
"[104081] TIENTO CUERO (120, OLIVE, 3 mm, GAMUZA),""2026-04-24 15:59:20"",""1650.0"""
"[104082] TIENTO CUERO (100, OLIVE, 4 mm, GAMUZA),""2026-04-24 16:00:55"",""816.67"""
"[104085] TIENTO CUERO (120, CHOCOLATE, 4 mm, GAMUZA),""2026-04-24 16:01:10"",""1650.0"""
"[104086] TIENTO CUERO (120, MARSALA, 4 mm, GAMUZA),""2026-04-24 16:01:29"",""1650.0"""
"[104087] TIENTO CUERO (120, AZUL, 4 mm, GAMUZA),""2026-04-24 16:02:11"",""1650.0"""
"[104088] TIENTO CUERO (120, TABACO, 4 mm, GAMUZA),""2026-04-24 16:02:28"",""1650.0"""
"[104089] TIENTO CUERO (120, VESUBIO, 4 mm, GAMUZA),""2026-04-24 16:03:04"",""1650.0"""
"[104090] TIENTO CUERO (130, MARSALA, 4 mm, GAMUZA),""2026-04-24 16:03:19"",""1650.0"""
"[104091] TIENTO CUERO (130, GRIS OSCURO, 4 mm, GAMUZA),""2026-04-24 16:03:37"",""1650.0"""
"[104090] TIENTO CUERO (130, MARSALA, 4 mm, GAMUZA),""2026-04-24 16:03:54"",""1650.0"""
"[104091] TIENTO CUERO (130, GRIS OSCURO, 4 mm, GAMUZA),""2026-04-24 16:08:04"",""1650.0"""
"[104090] TIENTO CUERO (130, MARSALA, 4 mm, GAMUZA),""2026-04-24 16:08:20"",""1650.0"""
"[104089] TIENTO CUERO (120, VESUBIO, 4 mm, GAMUZA),""2026-04-24 16:08:38"",""1650.0"""
"[104088] TIENTO CUERO (120, TABACO, 4 mm, GAMUZA),""2026-04-24 16:08:56"",""1650.0"""
"[104087] TIENTO CUERO (120, AZUL, 4 mm, GAMUZA),""2026-04-24 16:09:13"",""1650.0"""
"[104086] TIENTO CUERO (120, MARSALA, 4 mm, GAMUZA),""2026-04-24 16:09:32"",""1650.0"""
"[104085] TIENTO CUERO (120, CHOCOLATE, 4 mm, GAMUZA),""2026-04-24 16:09:48"",""1650.0"""
"[100458] CARTERA AMARILLA SET SOBRE (MODENA, VERDE),""2026-04-25 17:49:49"",""26444.63"""
"[101087] MOCHILA PACARI (BRIDGE, MALBEC),""2026-04-26 19:35:21"",""39667.77"""
"[105079] SCRAP MARRO CHICA 990,""2026-04-27 10:50:11"",""181.50000000000003"""
"[103005] COLALESS (S),""2026-04-27 11:34:56"",""364.83333333333337"""
"[103008] VEDETINA (XS),""2026-04-27 11:34:58"",""364.8333333333333"""
"[103017] MEDIAS ADULTO X 1,""2026-04-27 11:35:02"",""364.8333333333333"""
"[103533] CARTUCHERA LUNA (PU, GRIS),""2026-04-27 11:35:09"",""1780.515"""
"[103543] CARTUCHERA MONI (BLANCO),""2026-04-27 11:35:17"",""1535.49"""
"[103951] SOBRE ANALIA CHICO (PU, AZUL),""2026-04-27 11:35:25"",""1486.49"""
"[102834] ARO ARGOLLA (11) (PAR),""2026-04-27 13:29:30"",""19907.912931385512"""
"[105055] SANDALIA TEO (44),""2026-04-27 15:03:23"",""30996.485750209555"""
"[103757] SCRAP HOME 9990,""2026-04-27 20:39:33"",""1831.5"""
"[103762] SCRAP MARRO CHICA 6990,""2026-04-27 20:45:16"",""1281.5"""
"[103765] SCRAP MARRO CHICA 9990,""2026-04-27 20:45:19"",""1831.5"""
"[105079] SCRAP MARRO CHICA 990,""2026-04-27 20:45:21"",""181.50000000000003"""
"[105594] CADENA FORCET LARGA 0.35 (40),""2026-04-28 10:12:09"",""10202.15"""
"[105595] CADENA FORCET LARGA 0.35 (45),""2026-04-28 10:12:09"",""10202.15"""
"[105596] CADENA FORCET LARGA 0.35 (50),""2026-04-28 10:12:09"",""10202.15"""
"[104667] ANILLO PIEDRA CUBIC MEDIO SIN FIN (10) (15),""2026-04-28 15:07:18"",""12725.57274926954"""
"[101977] ANILLO INICIAL (1) (17, T),""2026-04-28 15:07:21"",""35843.48291984732"""
"[102504] PIERCING BOLITA (UN),""2026-04-28 15:07:23"",""2073.7615559288492"""
"[103752] SCRAP HOME 4990,""2026-04-28 16:18:44"",""914.8299999999999"""
"[103762] SCRAP MARRO CHICA 6990,""2026-04-28 22:51:58"",""1281.5"""
"[103766] SCRAP MARRO GRANDE 14990,""2026-04-28 22:54:25"",""2748.1700000000005"""
"[105244] ANILLO CORAZON (5) (CHOCOLATE),""2026-04-29 10:29:58"",""0.0"""
"[105245] ANILLO CORAZON (5) (MALBEC),""2026-04-29 10:29:58"",""0.0"""
"[105247] ANILLO CORAZON (5) (CARAMELO),""2026-04-29 10:29:58"",""0.0"""
"[105246] ANILLO CORAZON (5) (TABACO),""2026-04-29 10:29:58"",""0.0"""
"[105248] ANILLO CIRCULO (CHOCOLATE),""2026-04-29 10:30:43"",""0.0"""
"[105249] ANILLO CIRCULO (NEGRO),""2026-04-29 10:30:43"",""0.0"""
"[105250] ANILLO CIRCULO (TABACO),""2026-04-29 10:30:43"",""0.0"""
"[105241] ANILLO PICA (BRIDGE, NEGRO),""2026-04-29 10:36:29"",""0.0"""
"[105242] ANILLO PICA (BRIDGE, CHOCOLATE),""2026-04-29 10:36:29"",""0.0"""
"[105243] ANILLO PICA (BRIDGE, MALBEC),""2026-04-29 10:36:29"",""0.0"""
"[104220] PULSERA TRENZA 3 CABOS (BRIDGE, S/M, NEGRO),""2026-04-29 12:07:43"",""0.0"""
"[104221] PULSERA TRENZA 3 CABOS (BRIDGE, M/L, NEGRO),""2026-04-29 12:07:43"",""0.0"""
"[104223] PULSERA TRENZA 3 CABOS (BRIDGE, S/M, CHOCOLATE),""2026-04-29 12:07:43"",""0.0"""
"[104224] PULSERA TRENZA 3 CABOS (BRIDGE, M/L, CHOCOLATE),""2026-04-29 12:07:43"",""0.0"""
"[104226] PULSERA TRENZA 3 CABOS (BRIDGE, S/M, MALBEC),""2026-04-29 12:07:43"",""0.0"""
"[104227] PULSERA TRENZA 3 CABOS (BRIDGE, M/L, MALBEC),""2026-04-29 12:07:43"",""0.0"""
"[104229] PULSERA TRENZA 3 CABOS (VAQUETA, S/M, CHOCOLATE),""2026-04-29 12:07:43"",""0.0"""
"[104230] PULSERA TRENZA 3 CABOS (VAQUETA, M/L, CHOCOLATE),""2026-04-29 12:07:43"",""0.0"""
"[104232] PULSERA TRENZA 3 CABOS (VAQUETA, S/M, NATURAL),""2026-04-29 12:07:43"",""0.0"""
"[104233] PULSERA TRENZA 3 CABOS (VAQUETA, M/L, NATURAL),""2026-04-29 12:07:43"",""0.0"""
"[104235] PULSERA TRENZA 3 CABOS (VAQUETA, S/M, DULCE DE LECHE),""2026-04-29 12:07:43"",""0.0"""
"[104236] PULSERA TRENZA 3 CABOS (VAQUETA, M/L, DULCE DE LECHE),""2026-04-29 12:07:43"",""0.0"""
"[103618] PORTACOSMETICOS UMA (BEIGE),""2026-04-29 14:19:48"",""1551.8299999999997"""
"[103945] SHOPPER MARU (NEGRO),""2026-04-29 14:19:53"",""1551.8300000000002"""
"[103621] PORTACOSMETICOS UMA (CORAL),""2026-04-29 14:19:55"",""1551.83"""
"[103942] SHOPPER MARU (CELESTE),""2026-04-29 14:19:57"",""1551.83"""
"[103766] SCRAP MARRO GRANDE 14990,""2026-04-29 15:39:34"",""2748.1700000000005"""
"[103767] SCRAP MARRO GRANDE 19990,""2026-04-29 15:39:52"",""3664.830000000001"""
"[103768] SCRAP MARRO GRANDE 24990,""2026-04-29 15:40:10"",""4581.5"""
"[103769] SCRAP MARRO GRANDE 29990,""2026-04-29 15:41:04"",""5498.169999999999"""
"[103770] SCRAP MARRO GRANDE 34990,""2026-04-29 15:41:24"",""6414.83"""
"[103771] SCRAP MARRO GRANDE 39990,""2026-04-29 15:42:10"",""7331.5"""
"[103772] SCRAP MARRO GRANDE 44990,""2026-04-29 15:42:25"",""8248.17"""
"[103765] SCRAP MARRO CHICA 9990,""2026-04-29 15:43:08"",""1831.5"""
"[100454] CARTERA AMARILLA SET SOBRE (IGUANA, NEGRO),""2026-04-29 17:56:31"",""26444.63"""
"[100623] CHOMBA POLO NAOS (M, AZUL MARINO),""2026-04-29 20:05:44"",""11568.6"""
"[100634] CHOMBA POLO NAOS (S, DENIM GASTADO),""2026-04-29 20:05:44"",""11568.6"""
"[103742] SCRAP BIJOU 3990,""2026-04-30 09:51:34"",""731.5"""
"[103745] SCRAP BIJOU 6990,""2026-04-30 09:51:37"",""1281.5"""
"[103774] SCRAP PELO 1990,""2026-04-30 09:51:40"",""364.837"""
"[103442] ARO PASANTE SEMI ESLABON MEDIANO (PLATEADO),""2026-04-30 09:54:33"",""431.7199999999999"""
"[103804] SET PASANTES PRESION ARGOLLAS DORADO,""2026-04-30 09:54:35"",""451.48000000000025"""
"[103348] ARO PASANTE CORAZON MEDIANO (PLATEADO),""2026-04-30 09:58:27"",""496.6700000000001"""
"[104140] ARO PASANTE CHISPA 4 PUNTAS NIQUEL 6 MM,""2026-04-30 09:58:29"",""195.09600000000003"""
"[103471] BROCHE GRANDE FLOR MATE ROSA,""2026-04-30 10:03:01"",""317.61999999999995"""
"[103897] SET X4 GOMITAS CHICAS MARRON,""2026-04-30 10:03:04"",""174.18"""
"[103918] SET X5 COLITAS DEGRADE ROSA,""2026-04-30 10:03:07"",""227.77"""
"[103859] SET X2 PULSERAS CRISTAL ROMBO VIOLETA/GRIS,""2026-04-30 10:08:32"",""489.87000000000006"""
"[103740] SCRAP BIJOU 1990,""2026-04-30 10:12:52"",""364.83"""
"[100641] CHOMBA POLO NAOS (M, NEGRO),""2026-04-30 14:00:57"",""11568.6"""
"[100468] CARTERA APHOLO C/CIERRE (BRIDGE, CARAMELO),""2026-04-30 14:17:11"",""33056.2"""
"[100468] CARTERA APHOLO C/CIERRE (BRIDGE, CARAMELO),""2026-04-30 14:20:12"",""33056.2"""
"[100471] CARTERA APHOLO C/CIERRE (BRIDGE, NEGRO),""2026-04-30 14:20:12"",""33056.2"""
"[101359] PORTALAPTOP MILTON (BRIDGE, CARAMELO),""2026-04-30 14:23:28"",""12395.04"""
"[101361] PORTALAPTOP MILTON (BRIDGE, NEGRO),""2026-04-30 14:23:28"",""12395.04"""
"[105059] BANDOLERA FREDA (CHOCOLATE),""2026-04-30 14:23:52"",""0.0"""
"[105057] BANDOLERA FREDA (CARAMELO),""2026-04-30 14:23:52"",""0.0"""
"[101811] TOTE CACHI  (PELO, HOLANDO),""2026-04-30 14:24:49"",""16527.27"""
"[103167] TOTE CACHI  (BRIDGE, LONDON),""2026-04-30 14:24:49"",""16527.27"""
"[100495] CARTERA CHALTEN (BRIDGE, LONDON),""2026-04-30 14:28:39"",""19833.06"""
"[100496] CARTERA CHALTEN (BRIDGE, MALBEC),""2026-04-30 14:28:39"",""19833.06"""
"[100497] CARTERA CHALTEN (BRIDGE, NEGRO),""2026-04-30 14:28:39"",""19833.06"""
"[100499] CARTERA CHALTEN (BRIDGE, TABACO),""2026-04-30 14:28:39"",""19833.06"""
"[100049] BANDOLERA MATILDA (HOLANDO),""2026-04-30 14:29:50"",""14874.379999999997"""
"[102194] CADENA ESPIGA 0.45,""2026-04-30 14:38:55"",""2856.415699864192"""
"[100889] GUANTE BASICO HOMBRE (2, NEGRO),""2026-04-30 15:18:53"",""4957.02"""
"[100891] GUANTE BASICO HOMBRE (2, VISON),""2026-04-30 15:19:19"",""4957.02"""
"[100234] BOINA CLYDE (L, BEIGE),""2026-04-30 15:19:41"",""9915.7"""
"[100294] BUFANDA ACRUX (CHOCOLATE),""2026-04-30 15:20:25"",""13221.49"""
"[103158] BUFANDA CAPELLA (CAFE),""2026-04-30 15:25:41"",""13221.49"""
"[102455] ARO PASANTE FLOR (2) (UN),""2026-04-30 15:44:57"",""7520.050772999914"""
"[101725] TARJETERO HARRY (BRIDGE, NEGRO),""2026-04-30 16:01:45"",""4957.02"""
"[101730] TARJETERO HARRY (NAPADO, AZUL),""2026-04-30 16:01:45"",""4957.02"""
"[105063] CARTERA NINA CHICA (CARAMELO),""2026-05-02 13:28:53"",""33056.198347107435"""
"[101709] TARJETERO BILL (BRIDGE, TABACO),""2026-05-02 14:42:27"",""3634.7100000000005"""
"[101717] TARJETERO BILL (MODENA, VERDE),""2026-05-02 14:42:27"",""3634.7100000000005"""
"[105122] PULSERA HILO CUBO INICIAL (M, ROJO),""2026-05-02 20:17:08"",""2971.5"""
"[101035] MEDIAS MEDIA CAÑA FANTASIA (MULTIRAYAS, GRIS OSCURO/GRIS CLARO),""2026-05-04 10:57:50"",""1072.73"""
"[101040] MEDIAS MEDIA CAÑA FANTASIA (ROMBOS CHICOS, GRIS OSCURO/GRIS CLARO),""2026-05-04 10:57:53"",""1072.73"""
"[100200] BILLETERA LUCA (NAPADO, NEGRO),""2026-05-04 13:29:25"",""8262.81"""
"[101738] TARJETERO JUAN (BRIDGE, MALBEC),""2026-05-04 14:16:11"",""4957.02"""
"[101689] TARJETERO ARIES (BRIDGE, MALBEC),""2026-05-04 14:20:10"",""1651.24"""
"[100642] CHOMBA POLO NAOS (L, NEGRO),""2026-05-04 17:37:53"",""11568.6"""
"[104317] DRIVER BRUNO (41, AZUL),""2026-05-05 12:32:04"",""0.0"""
"[104222] GORRO ADULTO,""2026-05-05 12:37:58"",""0.0"""
"[104225] GORRO INFANTIL,""2026-05-05 12:38:16"",""0.0"""
"[105601] GUANTE INFANTIL,""2026-05-05 12:39:48"",""0.0"""
"[101909] ANILLO CRUZ VASCA (13),""2026-05-05 14:07:26"",""10412.444347826087"""
"[104195] ANILLO CRUZ (17),""2026-05-05 14:33:31"",""0.0"""
"[100780] CINTURON TINO (120, CARAMELO),""2026-05-05 14:34:30"",""16527.27"""
"[101027] MEDIAS MEDIA CAÑA (GRIS),""2026-05-05 14:34:33"",""1072.7300000000002"""
"[101040] MEDIAS MEDIA CAÑA FANTASIA (ROMBOS CHICOS, GRIS OSCURO/GRIS CLARO),""2026-05-05 14:34:40"",""1072.73"""
"[101139] MONEDERO GRACE (BRIDGE, MALBEC),""2026-05-05 14:34:42"",""4461.16"""
"[101147] MONEDERO GRACE (MODENA, VERDE),""2026-05-05 14:34:44"",""4461.16"""
"[100246] BOLSO LIHUEN (BRIDGE, TABACO),""2026-05-05 14:34:45"",""28097.52"""
"[100697] CINTURON GUS (115, SUELA),""2026-05-05 14:34:49"",""15500.0"""
"[101014] MATERA OLI (BRIDGE, CHOCOLATE),""2026-05-05 14:34:52"",""28097.52"""
"[102427] ANILLO ZODIACO (14, LIBRA),""2026-05-05 14:35:45"",""5013.3671819999445"""
"[102416] ANILLO ZODIACO (17, CAPRICORNIO),""2026-05-05 14:36:16"",""5013.3671819999445"""
"[101059] MOCHILA CASPIO FULL BLACK,""2026-05-05 14:43:07"",""71072.73"""
"[100214] BILLETERA OSADIA (BRIDGE, CARAMELO),""2026-05-05 15:59:28"",""15866.12"""
"[101262] PORTABILLETES CORVUS (MALBEC),""2026-05-05 16:00:45"",""6609.920000000001"""
"[101914] ANILLO CURVAS (1) (11),""2026-05-06 09:27:13"",""24247.06197519084"""
"[102446] ANILLO ZODIACO (12, CANCER),""2026-05-06 09:35:42"",""5013.3671819999445"""
"[102446] ANILLO ZODIACO (12, CANCER),""2026-05-06 09:37:49"",""5013.3671819999445"""
"[102000] ANILLO ONDULADO (1) (21),""2026-05-06 12:46:52"",""24340.023713389124"""
"[103734] SCRAP BEAUTY 4990,""2026-05-06 14:14:52"",""914.8300000000002"""
"[103736] SCRAP BEAUTY 6990,""2026-05-06 14:14:56"",""1281.5"""
"[100188] BILLETERA LUCA (BRIDGE, CHOCOLATE),""2026-05-06 14:16:18"",""8262.81"""
"[100200] BILLETERA LUCA (NAPADO, NEGRO),""2026-05-06 14:16:18"",""8262.81"""
"[101333] PORTALAPICERAS (BRIDGE, MALBEC),""2026-05-06 14:18:10"",""2147.11"""
"[101205] NECESSAIRE FELI (BRIDGE, CARAMELO),""2026-05-06 14:18:39"",""12395.04"""
"[101208] NECESSAIRE FELI (BRIDGE, TABACO),""2026-05-06 14:18:39"",""12395.04"""
"[103150] NECESSAIRE FELI (BRIDGE, MALBEC),""2026-05-06 14:18:39"",""12395.04"""
"[103746] SCRAP HOME 14990,""2026-05-06 14:19:24"",""2498.3300000000004"""
"[103752] SCRAP HOME 4990,""2026-05-06 14:19:31"",""914.8299999999998"""
"[103755] SCRAP HOME 7990,""2026-05-06 14:19:34"",""1464.8300000000002"""
"[105602] MONEDERO HILVAN (HEREFORD),""2026-05-06 14:21:02"",""0.0"""
"[105603] MONEDERO HILVAN (HOLANDO),""2026-05-06 14:21:02"",""0.0"""
"[101726] TARJETERO HARRY (BRIDGE, ROJO),""2026-05-06 14:22:20"",""4957.02"""
"[101727] TARJETERO HARRY (BRIDGE, TABACO),""2026-05-06 14:22:20"",""4957.02"""
"[101734] TARJETERO HARRY (NAPADO, SUELA),""2026-05-06 14:22:20"",""4957.02"""
"[103760] SCRAP MARRO CHICA 4990,""2026-05-06 14:22:31"",""914.8369999999998"""
"[103765] SCRAP MARRO CHICA 9990,""2026-05-06 14:22:34"",""1831.5"""
"[103767] SCRAP MARRO GRANDE 19990,""2026-05-06 14:25:49"",""3664.8300000000013"""
"[101825] TOTE TILCARA (LONDON),""2026-05-06 14:36:09"",""16527.27"""
"[101826] TOTE TILCARA (NEGRO),""2026-05-06 14:36:09"",""16527.27"""
"[100520] CARTERA INES (BRIDGE, MALBEC),""2026-05-06 14:38:36"",""25618.18"""
"[100521] CARTERA INES (BRIDGE, NEGRO),""2026-05-06 14:38:36"",""25618.18"""
"[103184] CARTERA INES (BRIDGE, TABACO),""2026-05-06 14:38:36"",""25618.18"""
"[105065] CARTERA NINA CHICA (TABACO),""2026-05-06 14:39:43"",""0.0"""
"[101226] NECESSAIRE MINI MARCOS (BRIDGE, CHOCOLATE),""2026-05-06 14:40:29"",""17353.72"""
"[101229] NECESSAIRE MINI MARCOS (BRIDGE, TABACO),""2026-05-06 14:40:29"",""17353.72"""
"[101503] PORTAVINO UCO (PELO, HOLANDO),""2026-05-06 14:42:39"",""14047.93"""
"[101501] PORTAVINO UCO (BRIDGE, TABACO),""2026-05-06 14:42:39"",""14047.93"""
"[101500] PORTAVINO UCO (BRIDGE, NEGRO),""2026-05-06 14:42:39"",""14047.93"""
"[103188] CARTERA VERA (NAPOLE, CAOBA),""2026-05-06 14:43:28"",""29750.41"""
"[103168] CARTERA VERA (NAPOLE, TABACO),""2026-05-06 14:43:28"",""29750.41"""
"[101691] TARJETERO ARIES (BRIDGE, ROJO),""2026-05-06 15:00:39"",""1651.24"""
"[101692] TARJETERO ARIES (BRIDGE, TABACO),""2026-05-06 15:00:39"",""1651.24"""
"[100623] CHOMBA POLO NAOS (M, AZUL MARINO),""2026-05-06 19:23:35"",""11568.6"""
"[100634] CHOMBA POLO NAOS (S, DENIM GASTADO),""2026-05-06 19:23:35"",""11568.6"""
"[105604] BUFANDA ADULTO 14990,""2026-05-07 12:36:26"",""0.0"""
"[103782] SCRAP TEXTIL 34990,""2026-05-07 15:02:30"",""5831.67"""
"[100696] CINTURON GUS (110, SUELA),""2026-05-07 15:29:16"",""15500.0"""
"[100106] BANDOLERA VICENTA (BRIDGE, CARAMELO),""2026-05-07 15:29:18"",""16527.27"""
"[100581] CARTERA MINI APHOLO SET SOBRE (MODENA, AZUL),""2026-05-07 15:29:22"",""27436.36"""
"[101368] PORTALENTES COLBY (BRIDGE, NEGRO),""2026-05-07 15:29:28"",""4957.02"""
"[103782] SCRAP TEXTIL 34990,""2026-05-07 15:29:29"",""5831.67"""
"[101369] PORTALENTES COLBY (BRIDGE, ROJO),""2026-05-07 15:29:30"",""4957.02"""
"[104199] PORTAPASAPORTE CHESTER (NAPADO, MALBEC),""2026-05-07 15:29:35"",""2808.26"""
"[105058] BANDOLERA FREDA (NEGRO),""2026-05-07 15:29:37"",""36361.98347"""
"[103750] SCRAP HOME 29990,""2026-05-07 15:36:37"",""5498.170000000001"""
"[105247] ANILLO CORAZON (5) (CARAMELO),""2026-05-07 15:40:54"",""0.0"""
"[100849] GORRO PAÑO (S, GRIS TOPO),""2026-05-07 15:42:21"",""8262.81"""
"[100181] BILLETERA LIAM (NAPADO, CARAMELO),""2026-05-08 12:34:57"",""14874.38"""
"[101261] PORTABILLETES CORVUS (CARAMELO),""2026-05-08 14:07:03"",""6609.920000000001"""
"[101263] PORTABILLETES CORVUS (NEGRO),""2026-05-08 14:07:03"",""6609.920000000001"""
"[105060] BILLETERA GAEL (CHOCOLATE),""2026-05-08 14:09:15"",""0.0"""
"[100913] LLAVERO ABC (A, MALBEC/AZUL),""2026-05-08 14:12:17"",""4957.0199999999995"""
"[100912] LLAVERO ABC (A, CARAMELO/OXIDO),""2026-05-08 14:12:17"",""4957.0199999999995"""
"[100924] LLAVERO ABC (F, CARAMELO/OXIDO),""2026-05-08 14:12:17"",""4957.02"""
"[101688] TARJETERO ARIES (BRIDGE, CARAMELO),""2026-05-08 14:54:00"",""1651.24"""
"[101139] MONEDERO GRACE (BRIDGE, MALBEC),""2026-05-08 15:00:54"",""4461.16"""
"[101403] PORTALENTES LUZ (NAPADO, SUELA),""2026-05-08 15:02:12"",""2312.4"""
"[101783] TARJETERO RUBI (BRIDGE, CARAMELO),""2026-05-08 15:04:16"",""2477.69"""
"[101785] TARJETERO RUBI (BRIDGE, NEGRO),""2026-05-08 15:04:16"",""2477.69"""
"[101444] PORTAPASAPORTE CHESTER (BRIDGE, MALBEC),""2026-05-08 15:05:17"",""2808.26"""
"[101444] PORTAPASAPORTE CHESTER (BRIDGE, MALBEC),""2026-05-08 15:06:15"",""2808.26"""
"[104135] ARO PASANTE CHISPA STRASS ENGARZADO 4 PUNTAS 10 MM ,""2026-05-08 15:46:49"",""195.096"""
"[104143] ARO PASANTE CHISPA ENGARZADO VARIAS PUNTAS DORADO 10 MM,""2026-05-08 15:48:28"",""195.08666666666667"""
"[104160] ARO PASANTE BOLITA NEGRO 10 MM ,""2026-05-08 15:56:46"",""244.39800000000005"""
"[103752] SCRAP HOME 4990,""2026-05-08 21:21:25"",""914.8299999999997"""
"[105230] TOTE TATI RAYAS (NEGRO),""2026-05-11 09:19:47"",""0.0"""
"[103985] TOTE TATI RAYAS (BLANCO),""2026-05-11 09:19:47"",""0.0"""
"[103557] CARTUCHERA PU (PU, VERDE),""2026-05-11 09:19:47"",""0.0"""
"[103016] SOBRE ANALIA GRANDE (CROCO, AZUL),""2026-05-11 09:19:47"",""0.0"""
"[103967] SOBRE ANALIA GRANDE (PU, NEGRO),""2026-05-11 09:19:47"",""0.0"""
"[103956] SOBRE ANALIA CHICO (PU, NEGRO),""2026-05-11 09:19:47"",""0.0"""
"[103953] SOBRE ANALIA CHICO (PU, BORDO),""2026-05-11 09:19:47"",""0.0"""
"[103769] SCRAP MARRO GRANDE 29990,""2026-05-11 09:49:43"",""5498.169999999998"""
"[103770] SCRAP MARRO GRANDE 34990,""2026-05-11 09:49:47"",""6414.83"""
"[103766] SCRAP MARRO GRANDE 14990,""2026-05-11 09:49:49"",""2748.1700000000005"""
"[103767] SCRAP MARRO GRANDE 19990,""2026-05-11 09:49:52"",""3664.8300000000017"""
"[103768] SCRAP MARRO GRANDE 24990,""2026-05-11 09:49:54"",""4581.5"""
"[103771] SCRAP MARRO GRANDE 39990,""2026-05-11 09:50:29"",""7331.5"""
"[102925] ARO PASANTE PIEDRA CUBIC CORAZONES (1) (UN),""2026-05-11 12:36:21"",""3286.188678057837"""
"[102864] ARO PASANTE CORAZON (7) (UN),""2026-05-11 13:52:24"",""2732.0811837087113"""
"[103347] ARO PASANTE CORAZON MEDIANO (DORADO),""2026-05-11 15:50:35"",""496.67"""
"[103897] SET X4 GOMITAS CHICAS MARRON,""2026-05-11 15:51:33"",""174.17999999999998"""
"[103018] MEDIAS ADULTO X 2,""2026-05-11 15:52:17"",""658.1671428571427"""
"[104225] GORRO INFANTIL,""2026-05-11 15:53:14"",""0.0"""
"[104225] GORRO INFANTIL,""2026-05-11 15:53:34"",""0.0"""
"[105601] GUANTE INFANTIL,""2026-05-11 15:53:55"",""0.0"""
"[105601] GUANTE INFANTIL,""2026-05-11 15:54:52"",""0.0"""
"[104234] CUELLO ADULTO,""2026-05-11 15:55:14"",""0.0"""
"[103787] SCRAP TEXTIL 9990,""2026-05-11 15:55:46"",""1831.5"""
"[103374] ARO PASANTE GOTA CHICA (PLATEADO),""2026-05-11 15:56:09"",""496.6699999999999"""
"[103378] ARO PASANTE GOTA GRANDE (PLATEADO),""2026-05-11 15:56:22"",""496.67"""
"[103888] SET X4 BROCHES CHICOS MATE PASTEL,""2026-05-11 15:56:46"",""291.15"""
