sku,nombre,archivo
100557,ARMA_TU_LOOK,100557_ARMA_TU_LOOK.jpg
100892,ARMA_TU_LOOK,100892_ARMA_TU_LOOK.jpg
100893,ARMA_TU_LOOK,100893_ARMA_TU_LOOK.jpg
101873,ANILLO_BOMBE,101873_ANILLO_BOMBE.jpg
101874,ANILLO_BOMBE,101874_ANILLO_BOMBE.jpg
101875,ANILLO_BOMBE,101875_ANILLO_BOMBE.jpg
101876,ANILLO_BOMBE,101876_ANILLO_BOMBE.jpg
101877,ANILLO_BOMBE,101877_ANILLO_BOMBE.jpg
101878,ANILLO_BOMBE,101878_ANILLO_BOMBE.jpg
101879,ANILLO_BOMBE,101879_ANILLO_BOMBE.jpg
101880,ANILLO_BOMBE,101880_ANILLO_BOMBE.jpg
101881,ANILLO_BOMBE,101881_ANILLO_BOMBE.jpg
101882,ANILLO_BOMBE,101882_ANILLO_BOMBE.jpg
101883,ANILLO_BOMBE,101883_ANILLO_BOMBE.jpg
101884,ANILLO_BOMBE,101884_ANILLO_BOMBE.jpg
101885,ANILLO_BOMBE,101885_ANILLO_BOMBE.jpg
101886,ANILLO_BOMBE,101886_ANILLO_BOMBE.jpg
101887,ANILLO_CORAZON,101887_ANILLO_CORAZON.jpg
101888,ANILLO_CORAZON,101888_ANILLO_CORAZON.jpg
101889,ANILLO_CORAZON,101889_ANILLO_CORAZON.jpg
101890,ANILLO_CORAZON,101890_ANILLO_CORAZON.jpg
101891,ANILLO_CORAZON,101891_ANILLO_CORAZON.jpg
101892,ANILLO_CORAZON,101892_ANILLO_CORAZON.jpg
101893,ANILLO_CORAZON,101893_ANILLO_CORAZON.jpg
101894,ANILLO_CORAZON,101894_ANILLO_CORAZON.jpg
101895,ANILLO_CORAZON,101895_ANILLO_CORAZON.jpg
101896,ANILLO_CORAZON,101896_ANILLO_CORAZON.jpg
101897,ANILLO_CORAZON,101897_ANILLO_CORAZON.jpg
101898,ANILLO_CORAZON,101898_ANILLO_CORAZON.jpg
101899,ANILLO_CORAZON,101899_ANILLO_CORAZON.jpg
101900,ANILLO_CORAZON,101900_ANILLO_CORAZON.jpg
101901,ANILLO_CORAZON,101901_ANILLO_CORAZON.jpg
101902,ANILLO_CORAZON,101902_ANILLO_CORAZON.jpg
101903,ANILLO_CRUZ,101903_ANILLO_CRUZ.jpg
101904,ANILLO_CRUZ,101904_ANILLO_CRUZ.jpg
101905,ANILLO_CRUZ,101905_ANILLO_CRUZ.jpg
101906,ANILLO_CRUZ,101906_ANILLO_CRUZ.jpg
101907,ANILLO_CRUZ_VASCA,101907_ANILLO_CRUZ_VASCA.jpg
101908,ANILLO_CRUZ_VASCA,101908_ANILLO_CRUZ_VASCA.jpg
101909,ANILLO_CRUZ_VASCA,101909_ANILLO_CRUZ_VASCA.jpg
101910,ANILLO_CRUZ_VASCA,101910_ANILLO_CRUZ_VASCA.jpg
101911,ANILLO_CRUZ_VASCA,101911_ANILLO_CRUZ_VASCA.jpg
101912,ANILLO_CURVAS,101912_ANILLO_CURVAS.jpg
101913,ANILLO_CURVAS,101913_ANILLO_CURVAS.jpg
101914,ANILLO_CURVAS,101914_ANILLO_CURVAS.jpg
101915,ANILLO_CURVAS,101915_ANILLO_CURVAS.jpg
101916,ANILLO_CURVAS,101916_ANILLO_CURVAS.jpg
101917,ANILLO_CURVAS,101917_ANILLO_CURVAS.jpg
101918,ANILLO_CURVAS,101918_ANILLO_CURVAS.jpg
101919,ANILLO_CURVAS,101919_ANILLO_CURVAS.jpg
101920,ANILLO_CURVAS,101920_ANILLO_CURVAS.jpg
101921,ANILLO_DOS_LETRAS,101921_ANILLO_DOS_LETRAS.jpg
101922,ANILLO_DOS_LETRAS,101922_ANILLO_DOS_LETRAS.jpg
101923,ANILLO_DOS_LETRAS,101923_ANILLO_DOS_LETRAS.jpg
101924,ANILLO_DOS_LETRAS,101924_ANILLO_DOS_LETRAS.jpg
101925,ANILLO_DOS_LETRAS,101925_ANILLO_DOS_LETRAS.jpg
101926,ANILLO_DOS_LETRAS,101926_ANILLO_DOS_LETRAS.jpg
101927,ANILLO_DOS_LETRAS,101927_ANILLO_DOS_LETRAS.jpg
101928,ANILLO_DOS_LETRAS,101928_ANILLO_DOS_LETRAS.jpg
101929,ANILLO_DOS_LETRAS,101929_ANILLO_DOS_LETRAS.jpg
101930,ANILLO_DOS_LETRAS,101930_ANILLO_DOS_LETRAS.jpg
101931,ANILLO_DOS_LETRAS,101931_ANILLO_DOS_LETRAS.jpg
101932,ANILLO_DOS_LETRAS,101932_ANILLO_DOS_LETRAS.jpg
101933,ANILLO_DOS_LETRAS,101933_ANILLO_DOS_LETRAS.jpg
101934,ANILLO_DOS_LETRAS,101934_ANILLO_DOS_LETRAS.jpg
101935,ANILLO_DOS_LETRAS,101935_ANILLO_DOS_LETRAS.jpg
101936,ANILLO_DOS_LETRAS,101936_ANILLO_DOS_LETRAS.jpg
101937,ANILLO_DOS_LETRAS,101937_ANILLO_DOS_LETRAS.jpg
101938,ANILLO_DOS_LETRAS,101938_ANILLO_DOS_LETRAS.jpg
101939,ANILLO_DOS_LETRAS,101939_ANILLO_DOS_LETRAS.jpg
101940,ANILLO_DOS_LETRAS,101940_ANILLO_DOS_LETRAS.jpg
101941,ANILLO_DOS_LETRAS,101941_ANILLO_DOS_LETRAS.jpg
101942,ANILLO_DOS_LETRAS,101942_ANILLO_DOS_LETRAS.jpg
101943,ANILLO_DOS_LETRAS,101943_ANILLO_DOS_LETRAS.jpg
101944,ANILLO_DOS_LETRAS,101944_ANILLO_DOS_LETRAS.jpg
101945,ANILLO_DOS_LETRAS,101945_ANILLO_DOS_LETRAS.jpg
101946,ANILLO_DOS_LETRAS,101946_ANILLO_DOS_LETRAS.jpg
101947,ANILLO_DOS_LETRAS,101947_ANILLO_DOS_LETRAS.jpg
101948,ANILLO_DOS_LETRAS,101948_ANILLO_DOS_LETRAS.jpg
101949,ANILLO_DOS_LETRAS,101949_ANILLO_DOS_LETRAS.jpg
101950,ANILLO_DOS_LETRAS,101950_ANILLO_DOS_LETRAS.jpg
101951,ANILLO_GEOMETRICO,101951_ANILLO_GEOMETRICO.jpg
101952,ANILLO_GEOMETRICO,101952_ANILLO_GEOMETRICO.jpg
101953,ANILLO_GEOMETRICO,101953_ANILLO_GEOMETRICO.jpg
101954,ANILLO_GEOMETRICO,101954_ANILLO_GEOMETRICO.jpg
101955,ANILLO_GEOMETRICO,101955_ANILLO_GEOMETRICO.jpg
101956,ANILLO_GEOMETRICO,101956_ANILLO_GEOMETRICO.jpg
101957,ANILLO_GEOMETRICO,101957_ANILLO_GEOMETRICO.jpg
101958,ANILLO_GEOMETRICO,101958_ANILLO_GEOMETRICO.jpg
101959,ANILLO_GEOMETRICO,101959_ANILLO_GEOMETRICO.jpg
101960,ANILLO_GEOMETRICO,101960_ANILLO_GEOMETRICO.jpg
101961,ANILLO_INFINITO,101961_ANILLO_INFINITO.jpg
101962,ANILLO_INFINITO,101962_ANILLO_INFINITO.jpg
101963,ANILLO_INFINITO,101963_ANILLO_INFINITO.jpg
101964,ANILLO_INICIAL,101964_ANILLO_INICIAL.jpg
101965,ANILLO_INICIAL,101965_ANILLO_INICIAL.jpg
101966,ANILLO_INICIAL,101966_ANILLO_INICIAL.jpg
101967,ANILLO_INICIAL,101967_ANILLO_INICIAL.jpg
101968,ANILLO_INICIAL,101968_ANILLO_INICIAL.jpg
101969,ANILLO_INICIAL,101969_ANILLO_INICIAL.jpg
101970,ANILLO_INICIAL,101970_ANILLO_INICIAL.jpg
101971,ANILLO_INICIAL,101971_ANILLO_INICIAL.jpg
101972,ANILLO_INICIAL,101972_ANILLO_INICIAL.jpg
101973,ANILLO_INICIAL,101973_ANILLO_INICIAL.jpg
101974,ANILLO_INICIAL,101974_ANILLO_INICIAL.jpg
101975,ANILLO_INICIAL,101975_ANILLO_INICIAL.jpg
101976,ANILLO_INICIAL,101976_ANILLO_INICIAL.jpg
101977,ANILLO_INICIAL,101977_ANILLO_INICIAL.jpg
101978,ANILLO_INICIAL,101978_ANILLO_INICIAL.jpg
101979,ANILLO_INICIAL,101979_ANILLO_INICIAL.jpg
101980,ANILLO_INICIAL,101980_ANILLO_INICIAL.jpg
101981,ANILLO_INICIAL,101981_ANILLO_INICIAL.jpg
101982,ANILLO_INICIAL,101982_ANILLO_INICIAL.jpg
101983,ANILLO_INICIAL,101983_ANILLO_INICIAL.jpg
101984,ANILLO_ONDAS,101984_ANILLO_ONDAS.jpg
101985,ANILLO_ONDAS,101985_ANILLO_ONDAS.jpg
101986,ANILLO_ONDAS,101986_ANILLO_ONDAS.jpg
101987,ANILLO_ONDAS,101987_ANILLO_ONDAS.jpg
101988,ANILLO_ONDAS,101988_ANILLO_ONDAS.jpg
101989,ANILLO_ONDAS,101989_ANILLO_ONDAS.jpg
101990,ANILLO_ONDAS,101990_ANILLO_ONDAS.jpg
101991,ANILLO_ONDAS,101991_ANILLO_ONDAS.jpg
101992,ANILLO_ONDAS,101992_ANILLO_ONDAS.jpg
101993,ANILLO_PIEDRA_CUBIC_MEDIO_SIN_FIN_2,101993_ANILLO_PIEDRA_CUBIC_MEDIO_SIN_FIN_2.jpg
101994,ANILLO_PIEDRA_CUBIC_MEDIO_SIN_FIN_2,101994_ANILLO_PIEDRA_CUBIC_MEDIO_SIN_FIN_2.jpg
101995,ANILLO_PIEDRA_CUBIC_MULTI_5,101995_ANILLO_PIEDRA_CUBIC_MULTI_5.jpg
101996,ANILLO_PIEDRA_CUBIC_OVAL_2,101996_ANILLO_PIEDRA_CUBIC_OVAL_2.jpg
101997,ANILLO_ONDULADO,101997_ANILLO_ONDULADO.jpg
101998,ANILLO_ONDULADO,101998_ANILLO_ONDULADO.jpg
101999,ANILLO_ONDULADO,101999_ANILLO_ONDULADO.jpg
102000,ANILLO_ONDULADO,102000_ANILLO_ONDULADO.jpg
102001,ANILLO_ONDULADO,102001_ANILLO_ONDULADO.jpg
102002,ANILLO_ONDULADO,102002_ANILLO_ONDULADO.jpg
102003,ANILLO_ONDULADO,102003_ANILLO_ONDULADO.jpg
102004,ANILLO_ONDULADO,102004_ANILLO_ONDULADO.jpg
102005,ANILLO_ONDULADO,102005_ANILLO_ONDULADO.jpg
102006,ANILLO_ONDULADO,102006_ANILLO_ONDULADO.jpg
102007,ANILLO_PAMPA,102007_ANILLO_PAMPA.jpg
102008,ANILLO_PAMPA,102008_ANILLO_PAMPA.jpg
102009,ANILLO_PAMPA,102009_ANILLO_PAMPA.jpg
102010,ANILLO_PIEDRA_CUBIC_BARRITA,102010_ANILLO_PIEDRA_CUBIC_BARRITA.jpg
102011,ANILLO_PIEDRA_CUBIC_BARRITA,102011_ANILLO_PIEDRA_CUBIC_BARRITA.jpg
102012,ANILLO_PIEDRA_CUBIC_BARRITA,102012_ANILLO_PIEDRA_CUBIC_BARRITA.jpg
102013,ANILLO_PIEDRA_CUBIC_BARRITA,102013_ANILLO_PIEDRA_CUBIC_BARRITA.jpg
102014,ANILLO_PIEDRA_CUBIC_BARRITA,102014_ANILLO_PIEDRA_CUBIC_BARRITA.jpg
102015,ANILLO_PIEDRA_CUBIC_BARRITA,102015_ANILLO_PIEDRA_CUBIC_BARRITA.jpg
102016,ANILLO_PIEDRA_CUBIC_BARRITA,102016_ANILLO_PIEDRA_CUBIC_BARRITA.jpg
102017,ANILLO_PIEDRA_CUBIC_BARRITA,102017_ANILLO_PIEDRA_CUBIC_BARRITA.jpg
102018,ANILLO_PIEDRA_CUBIC_BARRITA,102018_ANILLO_PIEDRA_CUBIC_BARRITA.jpg
102019,ANILLO_PIEDRA_CUBIC_BARRITA,102019_ANILLO_PIEDRA_CUBIC_BARRITA.jpg
102020,ANILLO_PIEDRA_CUBIC_HALO,102020_ANILLO_PIEDRA_CUBIC_HALO.jpg
102021,ANILLO_PIEDRA_CUBIC_HALO,102021_ANILLO_PIEDRA_CUBIC_HALO.jpg
102022,ANILLO_PIEDRA_CUBIC_HALO,102022_ANILLO_PIEDRA_CUBIC_HALO.jpg
102023,ANILLO_PIEDRA_CUBIC_HALO,102023_ANILLO_PIEDRA_CUBIC_HALO.jpg
102024,ANILLO_PIEDRA_CUBIC_MEDIO_SIN_FIN,102024_ANILLO_PIEDRA_CUBIC_MEDIO_SIN_FIN.jpg
102025,ANILLO_PIEDRA_CUBIC_MEDIO_SIN_FIN,102025_ANILLO_PIEDRA_CUBIC_MEDIO_SIN_FIN.jpg
102026,ANILLO_PIEDRA_CUBIC_MEDIO_SIN_FIN,102026_ANILLO_PIEDRA_CUBIC_MEDIO_SIN_FIN.jpg
102027,ANILLO_PIEDRA_CUBIC_MEDIO_SIN_FIN,102027_ANILLO_PIEDRA_CUBIC_MEDIO_SIN_FIN.jpg
102028,ANILLO_PIEDRA_CUBIC_MEDIO_SIN_FIN,102028_ANILLO_PIEDRA_CUBIC_MEDIO_SIN_FIN.jpg
102029,ANILLO_PIEDRA_CUBIC_MEDIO_SIN_FIN_2,102029_ANILLO_PIEDRA_CUBIC_MEDIO_SIN_FIN_2.jpg
102030,ANILLO_PIEDRA_CUBIC_MEDIO_SIN_FIN_2,102030_ANILLO_PIEDRA_CUBIC_MEDIO_SIN_FIN_2.jpg
102031,ANILLO_PIEDRA_CUBIC_MEDIO_SIN_FIN_2,102031_ANILLO_PIEDRA_CUBIC_MEDIO_SIN_FIN_2.jpg
102032,ANILLO_PIEDRA_CUBIC_MULTI,102032_ANILLO_PIEDRA_CUBIC_MULTI.jpg
102033,ANILLO_PIEDRA_CUBIC_MULTI,102033_ANILLO_PIEDRA_CUBIC_MULTI.jpg
102034,ANILLO_PIEDRA_CUBIC_MULTI,102034_ANILLO_PIEDRA_CUBIC_MULTI.jpg
102035,ANILLO_PIEDRA_CUBIC_MULTI,102035_ANILLO_PIEDRA_CUBIC_MULTI.jpg
102036,ANILLO_PIEDRA_CUBIC_MULTI,102036_ANILLO_PIEDRA_CUBIC_MULTI.jpg
102037,ANILLO_PIEDRA_CUBIC_MULTI,102037_ANILLO_PIEDRA_CUBIC_MULTI.jpg
102038,ANILLO_PIEDRA_CUBIC_MULTI,102038_ANILLO_PIEDRA_CUBIC_MULTI.jpg
102039,ANILLO_PIEDRA_CUBIC_MULTI,102039_ANILLO_PIEDRA_CUBIC_MULTI.jpg
102040,ANILLO_PIEDRA_CUBIC_MULTI,102040_ANILLO_PIEDRA_CUBIC_MULTI.jpg
102041,ANILLO_PIEDRA_CUBIC_MULTI,102041_ANILLO_PIEDRA_CUBIC_MULTI.jpg
102042,ANILLO_PIEDRA_CUBIC_MULTI,102042_ANILLO_PIEDRA_CUBIC_MULTI.jpg
102043,ANILLO_PIEDRA_CUBIC_MULTI,102043_ANILLO_PIEDRA_CUBIC_MULTI.jpg
102044,ANILLO_PIEDRA_CUBIC_MULTI,102044_ANILLO_PIEDRA_CUBIC_MULTI.jpg
102045,ANILLO_PIEDRA_CUBIC_MULTI,102045_ANILLO_PIEDRA_CUBIC_MULTI.jpg
102046,ANILLO_PIEDRA_CUBIC_MULTI,102046_ANILLO_PIEDRA_CUBIC_MULTI.jpg
102047,ANILLO_PIEDRA_CUBIC_MULTI,102047_ANILLO_PIEDRA_CUBIC_MULTI.jpg
102048,ANILLO_PIEDRA_CUBIC_MULTI,102048_ANILLO_PIEDRA_CUBIC_MULTI.jpg
102049,ANILLO_PIEDRA_CUBIC_MULTI,102049_ANILLO_PIEDRA_CUBIC_MULTI.jpg
102050,ANILLO_PIEDRA_CUBIC_MULTI,102050_ANILLO_PIEDRA_CUBIC_MULTI.jpg
102051,ANILLO_PIEDRA_CUBIC_MULTI,102051_ANILLO_PIEDRA_CUBIC_MULTI.jpg
102052,ANILLO_PIEDRA_CUBIC_MULTI,102052_ANILLO_PIEDRA_CUBIC_MULTI.jpg
102053,ANILLO_PIEDRA_CUBIC_MULTI,102053_ANILLO_PIEDRA_CUBIC_MULTI.jpg
102054,ANILLO_PIEDRA_CUBIC_MULTI,102054_ANILLO_PIEDRA_CUBIC_MULTI.jpg
102055,ANILLO_PIEDRA_CUBIC_MULTI,102055_ANILLO_PIEDRA_CUBIC_MULTI.jpg
102056,ANILLO_PIEDRA_CUBIC_MULTI,102056_ANILLO_PIEDRA_CUBIC_MULTI.jpg
102057,ANILLO_GEOMETRICO,102057_ANILLO_GEOMETRICO.jpg
102058,ANILLO_PIEDRA_CUBIC_MULTI,102058_ANILLO_PIEDRA_CUBIC_MULTI.jpg
102059,ANILLO_PIEDRA_CUBIC_MULTI,102059_ANILLO_PIEDRA_CUBIC_MULTI.jpg
102060,ANILLO_PIEDRA_CUBIC_MULTI,102060_ANILLO_PIEDRA_CUBIC_MULTI.jpg
102061,ANILLO_PIEDRA_CUBIC_OVAL,102061_ANILLO_PIEDRA_CUBIC_OVAL.jpg
102062,ANILLO_PIEDRA_CUBIC_OVAL,102062_ANILLO_PIEDRA_CUBIC_OVAL.jpg
102063,ANILLO_PIEDRA_CUBIC_OVAL,102063_ANILLO_PIEDRA_CUBIC_OVAL.jpg
102064,ANILLO_PIEDRA_CUBIC_OVAL,102064_ANILLO_PIEDRA_CUBIC_OVAL.jpg
102065,ANILLO_PIEDRA_CUBIC_OVAL,102065_ANILLO_PIEDRA_CUBIC_OVAL.jpg
102066,ANILLO_PIEDRA_CUBIC_OVAL,102066_ANILLO_PIEDRA_CUBIC_OVAL.jpg
102067,ANILLO_PIEDRA_CUBIC_OVAL,102067_ANILLO_PIEDRA_CUBIC_OVAL.jpg
102068,ANILLO_PIEDRA_CUBIC_OVAL,102068_ANILLO_PIEDRA_CUBIC_OVAL.jpg
102069,ANILLO_PIEDRA_CUBIC_OVAL,102069_ANILLO_PIEDRA_CUBIC_OVAL.jpg
102070,ANILLO_PIEDRA_CUBIC_OVAL,102070_ANILLO_PIEDRA_CUBIC_OVAL.jpg
102071,ANILLO_PIEDRA_CUBIC_OVAL,102071_ANILLO_PIEDRA_CUBIC_OVAL.jpg
102072,ANILLO_PIEDRA_CUBIC_OVAL,102072_ANILLO_PIEDRA_CUBIC_OVAL.jpg
102073,ANILLO_PIEDRA_CUBIC_OVAL,102073_ANILLO_PIEDRA_CUBIC_OVAL.jpg
102074,ANILLO_PIEDRA_CUBIC_OVAL,102074_ANILLO_PIEDRA_CUBIC_OVAL.jpg
102075,ANILLO_PIEDRA_CUBIC_OVAL,102075_ANILLO_PIEDRA_CUBIC_OVAL.jpg
102076,ANILLO_PIEDRA_CUBIC_OVAL,102076_ANILLO_PIEDRA_CUBIC_OVAL.jpg
102077,ANILLO_PIEDRA_CUBIC_OVAL,102077_ANILLO_PIEDRA_CUBIC_OVAL.jpg
102078,ANILLO_PIEDRA_CUBIC_OVAL,102078_ANILLO_PIEDRA_CUBIC_OVAL.jpg
102079,ANILLO_PIEDRA_CUBIC_OVAL,102079_ANILLO_PIEDRA_CUBIC_OVAL.jpg
102080,ANILLO_PIEDRA_CUBIC_OVAL,102080_ANILLO_PIEDRA_CUBIC_OVAL.jpg
102081,ANILLO_PIEDRA_CUBIC_OVAL,102081_ANILLO_PIEDRA_CUBIC_OVAL.jpg
102082,ANILLO_PIEDRA_CUBIC_SOLITARIO,102082_ANILLO_PIEDRA_CUBIC_SOLITARIO.jpg
102083,ANILLO_PIEDRA_CUBIC_SOLITARIO,102083_ANILLO_PIEDRA_CUBIC_SOLITARIO.jpg
102084,ANILLO_PIEDRA_CUBIC_SOLITARIO,102084_ANILLO_PIEDRA_CUBIC_SOLITARIO.jpg
102085,ANILLO_PIEDRA_CUBIC_SOLITARIO,102085_ANILLO_PIEDRA_CUBIC_SOLITARIO.jpg
102086,ANILLO_PIEDRA_CUBIC_SOLITARIO,102086_ANILLO_PIEDRA_CUBIC_SOLITARIO.jpg
102087,ANILLO_PIEDRA_CUBIC_SOLITARIO,102087_ANILLO_PIEDRA_CUBIC_SOLITARIO.jpg
102088,ANILLO_PIEDRA_CUBIC_SOLITARIO,102088_ANILLO_PIEDRA_CUBIC_SOLITARIO.jpg
102089,ANILLO_PIEDRA_CUBIC_SOLITARIO,102089_ANILLO_PIEDRA_CUBIC_SOLITARIO.jpg
102090,ANILLO_PIEDRA_CUBIC_SOLITARIO,102090_ANILLO_PIEDRA_CUBIC_SOLITARIO.jpg
102091,ANILLO_PIEDRA_CUBIC_SOLITARIO,102091_ANILLO_PIEDRA_CUBIC_SOLITARIO.jpg
102092,ANILLO_PIEDRA_CUBIC_SOLITARIO,102092_ANILLO_PIEDRA_CUBIC_SOLITARIO.jpg
102093,ANILLO_PIEDRA_CUBIC_SOLITARIO,102093_ANILLO_PIEDRA_CUBIC_SOLITARIO.jpg
102094,ANILLO_PIEDRA_CUBIC_SOLITARIO,102094_ANILLO_PIEDRA_CUBIC_SOLITARIO.jpg
102095,ANILLO_PIEDRA_CUBIC_SOLITARIO,102095_ANILLO_PIEDRA_CUBIC_SOLITARIO.jpg
102096,ANILLO_PIEDRA_CUBIC_SOLITARIO,102096_ANILLO_PIEDRA_CUBIC_SOLITARIO.jpg
102097,ANILLO_PIEDRA_CUBIC_SOLITARIO,102097_ANILLO_PIEDRA_CUBIC_SOLITARIO.jpg
102098,ANILLO_PIEDRA_CUBIC_SOLITARIO,102098_ANILLO_PIEDRA_CUBIC_SOLITARIO.jpg
102099,ANILLO_PIEDRA_CUBIC_SOLITARIO,102099_ANILLO_PIEDRA_CUBIC_SOLITARIO.jpg
102100,ANILLO_PIEDRA_CUBIC_SOLITARIO,102100_ANILLO_PIEDRA_CUBIC_SOLITARIO.jpg
102101,ANILLO_PIEDRA_CUBIC_SOLITARIO,102101_ANILLO_PIEDRA_CUBIC_SOLITARIO.jpg
102102,ANILLO_PIEDRA_SEMI_PRECIOSA_CIRCULAR,102102_ANILLO_PIEDRA_SEMI_PRECIOSA_CIRCULAR.jpg
102103,ANILLO_PIEDRA_SEMI_PRECIOSA_CIRCULAR,102103_ANILLO_PIEDRA_SEMI_PRECIOSA_CIRCULAR.jpg
102104,ANILLO_PIEDRA_SEMI_PRECIOSA_CIRCULAR,102104_ANILLO_PIEDRA_SEMI_PRECIOSA_CIRCULAR.jpg
102105,ANILLO_PIEDRA_SEMI_PRECIOSA_CIRCULAR,102105_ANILLO_PIEDRA_SEMI_PRECIOSA_CIRCULAR.jpg
102106,ANILLO_PIEDRA_SEMI_PRECIOSA_CIRCULAR,102106_ANILLO_PIEDRA_SEMI_PRECIOSA_CIRCULAR.jpg
102107,ANILLO_PIEDRA_SEMI_PRECIOSA_CIRCULAR,102107_ANILLO_PIEDRA_SEMI_PRECIOSA_CIRCULAR.jpg
102108,ANILLO_PIEDRA_SEMI_PRECIOSA_CIRCULAR,102108_ANILLO_PIEDRA_SEMI_PRECIOSA_CIRCULAR.jpg
102109,ANILLO_PIEDRA_SEMI_PRECIOSA_CIRCULAR,102109_ANILLO_PIEDRA_SEMI_PRECIOSA_CIRCULAR.jpg
102110,ANILLO_PIEDRA_SEMI_PRECIOSA_CIRCULAR,102110_ANILLO_PIEDRA_SEMI_PRECIOSA_CIRCULAR.jpg
102111,ANILLO_PIEDRA_SEMI_PRECIOSA_CIRCULAR,102111_ANILLO_PIEDRA_SEMI_PRECIOSA_CIRCULAR.jpg
102112,ANILLO_PIEDRA_SEMI_PRECIOSA_CIRCULAR_3,102112_ANILLO_PIEDRA_SEMI_PRECIOSA_CIRCULAR_3.jpg
102113,ANILLO_PIEDRA_SEMI_PRECIOSA_CIRCULAR_3,102113_ANILLO_PIEDRA_SEMI_PRECIOSA_CIRCULAR_3.jpg
102114,ANILLO_PIEDRA_SEMI_PRECIOSA_CIRCULAR_3,102114_ANILLO_PIEDRA_SEMI_PRECIOSA_CIRCULAR_3.jpg
102115,ANILLO_PIEDRA_SEMI_PRECIOSA_CIRCULAR_3,102115_ANILLO_PIEDRA_SEMI_PRECIOSA_CIRCULAR_3.jpg
102116,ANILLO_PIEDRA_SEMI_PRECIOSA_CIRCULAR_3,102116_ANILLO_PIEDRA_SEMI_PRECIOSA_CIRCULAR_3.jpg
102117,ANILLO_PIEDRA_CUBIC_OVAL,102117_ANILLO_PIEDRA_CUBIC_OVAL.jpg
102118,ANILLO_PIEDRA_CUBIC_OVAL_4,102118_ANILLO_PIEDRA_CUBIC_OVAL_4.jpg
102119,ANILLO_PIEDRA_CUBIC_OVAL_6,102119_ANILLO_PIEDRA_CUBIC_OVAL_6.jpg
102120,ANILLO_PIEDRA_SEMI_PRECIOSA_OVAL,102120_ANILLO_PIEDRA_SEMI_PRECIOSA_OVAL.jpg
102121,ANILLO_PIEDRA_SEMI_PRECIOSA_OVAL,102121_ANILLO_PIEDRA_SEMI_PRECIOSA_OVAL.jpg
102122,ANILLO_PIEDRA_SEMI_PRECIOSA_OVAL,102122_ANILLO_PIEDRA_SEMI_PRECIOSA_OVAL.jpg
102123,ANILLO_PIEDRA_SEMI_PRECIOSA_OVAL,102123_ANILLO_PIEDRA_SEMI_PRECIOSA_OVAL.jpg
102124,ANILLO_PIEDRA_SEMI_PRECIOSA_OVAL,102124_ANILLO_PIEDRA_SEMI_PRECIOSA_OVAL.jpg
102125,ANILLO_PIEDRA_SEMI_PRECIOSA_OVAL,102125_ANILLO_PIEDRA_SEMI_PRECIOSA_OVAL.jpg
102126,ANILLO_PIEDRA_SEMI_PRECIOSA_OVAL,102126_ANILLO_PIEDRA_SEMI_PRECIOSA_OVAL.jpg
102127,ANILLO_PIEDRA_SEMI_PRECIOSA_OVAL,102127_ANILLO_PIEDRA_SEMI_PRECIOSA_OVAL.jpg
102128,ANILLO_PIEDRA_SEMI_PRECIOSA_OVAL,102128_ANILLO_PIEDRA_SEMI_PRECIOSA_OVAL.jpg
102129,ANILLO_PIEDRA_SEMI_PRECIOSA_OVAL,102129_ANILLO_PIEDRA_SEMI_PRECIOSA_OVAL.jpg
102130,ANILLO_PIEDRA_SEMI_PRECIOSA_CIRCULAR_3,102130_ANILLO_PIEDRA_SEMI_PRECIOSA_CIRCULAR_3.jpg
102131,ANILLO_PIEDRA_SEMI_PRECIOSA_CIRCULAR_3,102131_ANILLO_PIEDRA_SEMI_PRECIOSA_CIRCULAR_3.jpg
102132,ANILLO_PIEDRA_SEMI_PRECIOSA_CIRCULAR_3,102132_ANILLO_PIEDRA_SEMI_PRECIOSA_CIRCULAR_3.jpg
102135,ANILLO_SAN_BENITO,102135_ANILLO_SAN_BENITO.jpg
102136,ANILLO_SAN_BENITO,102136_ANILLO_SAN_BENITO.jpg
102137,ANILLO_SAN_BENITO,102137_ANILLO_SAN_BENITO.jpg
102138,ANILLO_SAN_BENITO,102138_ANILLO_SAN_BENITO.jpg
102139,ARO_COLGANTE_CIRCULAR,102139_ARO_COLGANTE_CIRCULAR.jpg
102140,ARO_COLGANTE_CIRCULAR,102140_ARO_COLGANTE_CIRCULAR.jpg
102141,ARO_COLGANTE_CUBIC_BARRITA,102141_ARO_COLGANTE_CUBIC_BARRITA.jpg
102142,ARO_COLGANTE_CUBIC_BARRITA,102142_ARO_COLGANTE_CUBIC_BARRITA.jpg
102143,ARO_COLGANTE_CUBIC_BARRITA,102143_ARO_COLGANTE_CUBIC_BARRITA.jpg
102144,ARO_COLGANTE_CUBIC_FLOR,102144_ARO_COLGANTE_CUBIC_FLOR.jpg
102145,ARO_COLGANTE_CUBIC_FLOR,102145_ARO_COLGANTE_CUBIC_FLOR.jpg
102146,ARO_COLGANTE_CUBIC_FLOR,102146_ARO_COLGANTE_CUBIC_FLOR.jpg
102147,ARO_COLGANTE_CUBIC_FLOR,102147_ARO_COLGANTE_CUBIC_FLOR.jpg
102148,ARO_COLGANTE_ESTRELLA,102148_ARO_COLGANTE_ESTRELLA.jpg
102149,ARO_PASANTE_ARGOLLA,102149_ARO_PASANTE_ARGOLLA.jpg
102150,ARO_PASANTE_BARRITA,102150_ARO_PASANTE_BARRITA.jpg
102151,ARO_PASANTE_BARRITA,102151_ARO_PASANTE_BARRITA.jpg
102152,ARO_PASANTE_BARRITA,102152_ARO_PASANTE_BARRITA.jpg
102153,ARO_PASANTE_BARRITA,102153_ARO_PASANTE_BARRITA.jpg
102154,ARO_PASANTE_CIRCULAR,102154_ARO_PASANTE_CIRCULAR.jpg
102155,ARO_PASANTE_CIRCULAR,102155_ARO_PASANTE_CIRCULAR.jpg
102156,ARO_PASANTE_CORAZON,102156_ARO_PASANTE_CORAZON.jpg
102157,ARO_PASANTE_CORAZON,102157_ARO_PASANTE_CORAZON.jpg
102158,ARO_PASANTE_CORAZON,102158_ARO_PASANTE_CORAZON.jpg
102159,ARO_PASANTE_CORAZON,102159_ARO_PASANTE_CORAZON.jpg
102160,ANILLO_SAN_BENITO,102160_ANILLO_SAN_BENITO.jpg
102161,ARO_PASANTE_CRUZ,102161_ARO_PASANTE_CRUZ.jpg
102162,ARO_PASANTE_CUBIC_ESTRELLA,102162_ARO_PASANTE_CUBIC_ESTRELLA.jpg
102163,ARO_PASANTE_CUBIC_GEOMETRICO,102163_ARO_PASANTE_CUBIC_GEOMETRICO.jpg
102164,ARO_PASANTE_CUBIC_GEOMETRICO,102164_ARO_PASANTE_CUBIC_GEOMETRICO.jpg
102165,ARO_PASANTE_CUBIC_GEOMETRICO,102165_ARO_PASANTE_CUBIC_GEOMETRICO.jpg
102166,ARO_PASANTE_CUBIC_GEOMETRICO,102166_ARO_PASANTE_CUBIC_GEOMETRICO.jpg
102167,ARO_PASANTE_CUBIC_GEOMETRICO,102167_ARO_PASANTE_CUBIC_GEOMETRICO.jpg
102168,ARO_PASANTE_CUBIC_GEOMETRICO,102168_ARO_PASANTE_CUBIC_GEOMETRICO.jpg
102169,ARO_PASANTE_CUBIC_GEOMETRICO,102169_ARO_PASANTE_CUBIC_GEOMETRICO.jpg
102170,ARO_PASANTE_CUBIC_GEOMETRICO,102170_ARO_PASANTE_CUBIC_GEOMETRICO.jpg
102171,ARO_PASANTE_CUBIC_GEOMETRICO,102171_ARO_PASANTE_CUBIC_GEOMETRICO.jpg
102172,ARO_PASANTE_CUBIC_SOLITARIO,102172_ARO_PASANTE_CUBIC_SOLITARIO.jpg
102173,ARO_PASANTE_CUBIC_SOLITARIO,102173_ARO_PASANTE_CUBIC_SOLITARIO.jpg
102174,ARO_PASANTE_CUBIC_SOLITARIO,102174_ARO_PASANTE_CUBIC_SOLITARIO.jpg
102175,ARO_PASANTE_CUBO,102175_ARO_PASANTE_CUBO.jpg
102176,ARO_PASANTE_DELFIN,102176_ARO_PASANTE_DELFIN.jpg
102177,ARO_PASANTE_ESTRELLA,102177_ARO_PASANTE_ESTRELLA.jpg
102178,ARO_PASANTE_GEOMETRICO,102178_ARO_PASANTE_GEOMETRICO.jpg
102179,ARO_PASANTE_GEOMETRICO,102179_ARO_PASANTE_GEOMETRICO.jpg
102180,ARO_PASANTE_GEOMETRICO,102180_ARO_PASANTE_GEOMETRICO.jpg
102181,ARO_PASANTE_ONDAS,102181_ARO_PASANTE_ONDAS.jpg
102182,ARO_PASANTE_PAZ,102182_ARO_PASANTE_PAZ.jpg
102183,ARO_PASANTE_PEZ,102183_ARO_PASANTE_PEZ.jpg
102184,ARO_PASANTE_RACIMO,102184_ARO_PASANTE_RACIMO.jpg
102185,ARO_PASANTE_RAYO,102185_ARO_PASANTE_RAYO.jpg
102186,ANILLO_CORAZON,102186_ANILLO_CORAZON.jpg
102187,CADENA_BIZANTINA,102187_CADENA_BIZANTINA.jpg
102188,CADENA_BIZANTINA,102188_CADENA_BIZANTINA.jpg
102189,CADENA_BIZANTINA,102189_CADENA_BIZANTINA.jpg
102190,CADENA_CARACOL,102190_CADENA_CARACOL.jpg
102191,CADENA_CARACOL,102191_CADENA_CARACOL.jpg
102192,CADENA_CARACOL,102192_CADENA_CARACOL.jpg
102193,CADENA_CARACOL,102193_CADENA_CARACOL.jpg
102194,CADENA_ESPIGA,102194_CADENA_ESPIGA.jpg
102195,CADENA_FORCET_1_15,102195_CADENA_FORCET_1_15.jpg
102196,CADENA_FORCET_1_15,102196_CADENA_FORCET_1_15.jpg
102197,CADENA_FORCET,102197_CADENA_FORCET.jpg
102198,CADENA_FORCET,102198_CADENA_FORCET.jpg
102199,CADENA_FORCET,102199_CADENA_FORCET.jpg
102200,CADENA_FORCET,102200_CADENA_FORCET.jpg
102201,CADENA_FORCET_FACETADA,102201_CADENA_FORCET_FACETADA.jpg
102202,CADENA_FORCET_FACETADA,102202_CADENA_FORCET_FACETADA.jpg
102203,CADENA_FORCET_FACETADA,102203_CADENA_FORCET_FACETADA.jpg
102204,CADENA_FORCET_FACETADA,102204_CADENA_FORCET_FACETADA.jpg
102205,CADENA_FORCET_FACETADA,102205_CADENA_FORCET_FACETADA.jpg
102206,CADENA_FORCET_FACETADA,102206_CADENA_FORCET_FACETADA.jpg
102207,CADENA_FORCET_FACETADA,102207_CADENA_FORCET_FACETADA.jpg
102211,CADENA_FORCET_FACETADA,102211_CADENA_FORCET_FACETADA.jpg
102212,CADENA_FORCET_FACETADA,102212_CADENA_FORCET_FACETADA.jpg
102213,CADENA_FORCET_FACETADA,102213_CADENA_FORCET_FACETADA.jpg
102214,CADENA_FORCET_FACETADA,102214_CADENA_FORCET_FACETADA.jpg
102215,CADENA_FORCET_FACETADA_LARGA,102215_CADENA_FORCET_FACETADA_LARGA.jpg
102216,CADENA_FORCET_FACETADA_LARGA,102216_CADENA_FORCET_FACETADA_LARGA.jpg
102217,CADENA_FORCET_FACETADA_LARGA,102217_CADENA_FORCET_FACETADA_LARGA.jpg
102218,CADENA_FORCET_FACETADA_LARGA,102218_CADENA_FORCET_FACETADA_LARGA.jpg
102219,CADENA_FORCET_FACETADA_LARGA,102219_CADENA_FORCET_FACETADA_LARGA.jpg
102220,CADENA_FORCET_FACETADA_LARGA,102220_CADENA_FORCET_FACETADA_LARGA.jpg
102221,CADENA_FORCET_FACETADA_LARGA,102221_CADENA_FORCET_FACETADA_LARGA.jpg
102222,CADENA_FORCET_FACETADA_LARGA,102222_CADENA_FORCET_FACETADA_LARGA.jpg
102223,CADENA_GRUMET_ALTERNADA,102223_CADENA_GRUMET_ALTERNADA.jpg
102224,CADENA_GRUMET_ALTERNADA,102224_CADENA_GRUMET_ALTERNADA.jpg
102225,CADENA_GRUMET_ALTERNADA,102225_CADENA_GRUMET_ALTERNADA.jpg
102226,CADENA_GRUMET_ALTERNADA,102226_CADENA_GRUMET_ALTERNADA.jpg
102227,CADENA_GRUMET_DIAMANTADA,102227_CADENA_GRUMET_DIAMANTADA.jpg
102228,CADENA_GRUMET_DIAMANTADA,102228_CADENA_GRUMET_DIAMANTADA.jpg
102229,CADENA_GRUMET_DIAMANTADA,102229_CADENA_GRUMET_DIAMANTADA.jpg
102230,CADENA_GRUMET_DIAMANTADA,102230_CADENA_GRUMET_DIAMANTADA.jpg
102231,CADENA_GRUMET_DOBLE_LAMINADA,102231_CADENA_GRUMET_DOBLE_LAMINADA.jpg
102232,CADENA_ROLO,102232_CADENA_ROLO.jpg
102233,CADENA_ROLO,102233_CADENA_ROLO.jpg
102234,CADENA_ROLO,102234_CADENA_ROLO.jpg
102235,CADENA_ROLO,102235_CADENA_ROLO.jpg
102236,CADENA_ROLO,102236_CADENA_ROLO.jpg
102237,CADENA_ROLO,102237_CADENA_ROLO.jpg
102238,CADENA_ROLO,102238_CADENA_ROLO.jpg
102239,CADENA_ROLO,102239_CADENA_ROLO.jpg
102240,CADENA_ROLO,102240_CADENA_ROLO.jpg
102241,CADENA_VALERIA_REDONDA,102241_CADENA_VALERIA_REDONDA.jpg
102242,CADENA_VALERIA_REDONDA,102242_CADENA_VALERIA_REDONDA.jpg
102243,CADENA_VALERIA_REDONDA,102243_CADENA_VALERIA_REDONDA.jpg
102244,CADENA_VENECIANA_N_2,102244_CADENA_VENECIANA_N_2.jpg
102245,CADENA_VENECIANA_N_2,102245_CADENA_VENECIANA_N_2.jpg
102246,CADENA_VENECIANA_N_2,102246_CADENA_VENECIANA_N_2.jpg
102247,COLGANTE_ARGOLLA,102247_COLGANTE_ARGOLLA.jpg
102248,COLGANTE_CIRCULAR,102248_COLGANTE_CIRCULAR.jpg
102249,COLGANTE_CIRCULAR,102249_COLGANTE_CIRCULAR.jpg
102250,COLGANTE_CRUCIFIJO,102250_COLGANTE_CRUCIFIJO.jpg
102251,COLGANTE_CRUCIFIJO,102251_COLGANTE_CRUCIFIJO.jpg
102252,COLGANTE_CRUZ,102252_COLGANTE_CRUZ.jpg
102253,COLGANTE_CRUZ,102253_COLGANTE_CRUZ.jpg
102254,COLGANTE_CRUZ,102254_COLGANTE_CRUZ.jpg
102255,COLGANTE_CRUZ_ANKH,102255_COLGANTE_CRUZ_ANKH.jpg
102256,COLGANTE_CURVAS,102256_COLGANTE_CURVAS.jpg
102257,COLGANTE_GEOMETRICO,102257_COLGANTE_GEOMETRICO.jpg
102258,COLGANTE_PIEDRA_SEMI_PRECIOSA_CIRCULAR,102258_COLGANTE_PIEDRA_SEMI_PRECIOSA_CIRCULAR.jpg
102259,COLGANTE_PIEDRA_SEMI_PRECIOSA_CIRCULAR,102259_COLGANTE_PIEDRA_SEMI_PRECIOSA_CIRCULAR.jpg
102260,COLGANTE_SERPIENTE,102260_COLGANTE_SERPIENTE.jpg
102261,DIJE_CORAZON,102261_DIJE_CORAZON.jpg
102262,DIJE_CRUZ,102262_DIJE_CRUZ.jpg
102263,DIJE_CRUZ,102263_DIJE_CRUZ.jpg
102264,DIJE_CRUZ,102264_DIJE_CRUZ.jpg
102265,DIJE_CRUZ,102265_DIJE_CRUZ.jpg
102266,DIJE_HIJO_NIÑA,102266_DIJE_HIJO_NIÑA.jpg
102267,DIJE_HIJO_NIÑO,102267_DIJE_HIJO_NIÑO.jpg
102268,DIJE_MANO_DE_FATIMA,102268_DIJE_MANO_DE_FATIMA.jpg
102269,DIJE_MEDALLA_SAN_EXPEDITO,102269_DIJE_MEDALLA_SAN_EXPEDITO.jpg
102270,DIJE_PAZ,102270_DIJE_PAZ.jpg
102271,DIJE_PIEDRA_CUBIC_CRUZ,102271_DIJE_PIEDRA_CUBIC_CRUZ.jpg
102272,DIJE_PIEDRA_CUBIC_CRUZ,102272_DIJE_PIEDRA_CUBIC_CRUZ.jpg
102273,DIJE_PIEDRA_CUBIC_CRUZ,102273_DIJE_PIEDRA_CUBIC_CRUZ.jpg
102274,DIJE_PIEDRA_CUBIC_CRUZ,102274_DIJE_PIEDRA_CUBIC_CRUZ.jpg
102275,DIJE_PIEDRA_CUBIC_ESTRELLA,102275_DIJE_PIEDRA_CUBIC_ESTRELLA.jpg
102276,DIJE_PIEDRA_CUBIC_FLOR,102276_DIJE_PIEDRA_CUBIC_FLOR.jpg
102277,DIJE_PIEDRA_CUBIC_FLOR,102277_DIJE_PIEDRA_CUBIC_FLOR.jpg
102278,DIJE_PIEDRA_CUBIC_FLOR,102278_DIJE_PIEDRA_CUBIC_FLOR.jpg
102279,DIJE_PIEDRA_CUBIC_FLOR,102279_DIJE_PIEDRA_CUBIC_FLOR.jpg
102280,DIJE_PIEDRA_CUBIC_FLOR,102280_DIJE_PIEDRA_CUBIC_FLOR.jpg
102281,DIJE_PIEDRA_CUBIC_OVAL,102281_DIJE_PIEDRA_CUBIC_OVAL.jpg
102282,DIJE_PIEDRA_CUBIC_OVAL,102282_DIJE_PIEDRA_CUBIC_OVAL.jpg
102283,DIJE_PIEDRA_CUBIC_OVAL,102283_DIJE_PIEDRA_CUBIC_OVAL.jpg
102284,DIJE_PIEDRA_CUBIC_OVAL,102284_DIJE_PIEDRA_CUBIC_OVAL.jpg
102285,DIJE_PIEDRA_CUBIC_RECTANGULAR,102285_DIJE_PIEDRA_CUBIC_RECTANGULAR.jpg
102286,DIJE_PIEDRA_CUBIC_RECTANGULAR,102286_DIJE_PIEDRA_CUBIC_RECTANGULAR.jpg
102287,DIJE_PIEDRA_CUBIC_RECTANGULAR,102287_DIJE_PIEDRA_CUBIC_RECTANGULAR.jpg
102288,DIJE_PIEDRA_CUBIC_RECTANGULAR,102288_DIJE_PIEDRA_CUBIC_RECTANGULAR.jpg
102289,DIJE_PIEDRA_CUBIC_SOLITARIO,102289_DIJE_PIEDRA_CUBIC_SOLITARIO.jpg
102290,DIJE_PIEDRA_CUBIC_SOLITARIO,102290_DIJE_PIEDRA_CUBIC_SOLITARIO.jpg
102291,DIJE_PIEDRA_SEMI_PRECIOSA_CIRCULAR,102291_DIJE_PIEDRA_SEMI_PRECIOSA_CIRCULAR.jpg
102292,DIJE_PIEDRA_SEMI_PRECIOSA_OVAL,102292_DIJE_PIEDRA_SEMI_PRECIOSA_OVAL.jpg
102293,DIJE_PIEDRA_SEMI_PRECIOSA_OVAL,102293_DIJE_PIEDRA_SEMI_PRECIOSA_OVAL.jpg
102294,DIJE_PIES,102294_DIJE_PIES.jpg
102295,DIJE_VIRGEN_NIÑA,102295_DIJE_VIRGEN_NIÑA.jpg
102296,MEDALLA_SAN_BENITO,102296_MEDALLA_SAN_BENITO.jpg
102297,MEDALLA_SAN_BENITO,102297_MEDALLA_SAN_BENITO.jpg
102298,MEDALLA_VIRGEN_MILAGROSA,102298_MEDALLA_VIRGEN_MILAGROSA.jpg
102299,MEDALLA_VIRGEN_MILAGROSA,102299_MEDALLA_VIRGEN_MILAGROSA.jpg
102300,MEDALLA_VIRGEN_NIÑA,102300_MEDALLA_VIRGEN_NIÑA.jpg
102303,PULSERA_CARACOL,102303_PULSERA_CARACOL.jpg
102304,PULSERA_ESPIGA,102304_PULSERA_ESPIGA.jpg
102305,PULSERA_ESPIGA,102305_PULSERA_ESPIGA.jpg
102306,PULSERA_ESPIGA,102306_PULSERA_ESPIGA.jpg
102307,PULSERA_ESPIGA,102307_PULSERA_ESPIGA.jpg
102308,PULSERA_FLOR_DE_LIS,102308_PULSERA_FLOR_DE_LIS.jpg
102309,PULSERA_FORCET,102309_PULSERA_FORCET.jpg
102310,PULSERA_FORCET,102310_PULSERA_FORCET.jpg
102314,PULSERA_FORCET_FACETADA,102314_PULSERA_FORCET_FACETADA.jpg
102315,PULSERA_FORCET_FACETADA,102315_PULSERA_FORCET_FACETADA.jpg
102316,PULSERA_FORCET_FACETADA,102316_PULSERA_FORCET_FACETADA.jpg
102317,PULSERA_FORCET_FACETADA,102317_PULSERA_FORCET_FACETADA.jpg
102318,PULSERA_FORCET_FACETADA,102318_PULSERA_FORCET_FACETADA.jpg
102319,PULSERA_FORCET_FACETADA,102319_PULSERA_FORCET_FACETADA.jpg
102320,PULSERA_FORCET_FACETADA_LARGA,102320_PULSERA_FORCET_FACETADA_LARGA.jpg
102321,PULSERA_FORCET_FACETADA_LARGA,102321_PULSERA_FORCET_FACETADA_LARGA.jpg
102322,PULSERA_FORCET_FACETADA_LARGA,102322_PULSERA_FORCET_FACETADA_LARGA.jpg
102325,PULSERA_GRUMET_ALTERNADA,102325_PULSERA_GRUMET_ALTERNADA.jpg
102326,PULSERA_GRUMET_ALTERNADA,102326_PULSERA_GRUMET_ALTERNADA.jpg
102327,PULSERA_GRUMET_ALTERNADA,102327_PULSERA_GRUMET_ALTERNADA.jpg
102328,PULSERA_GRUMET_ALTERNADA,102328_PULSERA_GRUMET_ALTERNADA.jpg
102329,PULSERA_GRUMET_ALTERNADA,102329_PULSERA_GRUMET_ALTERNADA.jpg
102330,PULSERA_GRUMET_ALTERNADA,102330_PULSERA_GRUMET_ALTERNADA.jpg
102331,PULSERA_GRUMET_ALTERNADA,102331_PULSERA_GRUMET_ALTERNADA.jpg
102332,PULSERA_GRUMET_ALTERNADA,102332_PULSERA_GRUMET_ALTERNADA.jpg
102333,PULSERA_GRUMET_ALTERNADA,102333_PULSERA_GRUMET_ALTERNADA.jpg
102334,PULSERA_GRUMET_ALTERNADA,102334_PULSERA_GRUMET_ALTERNADA.jpg
102335,PULSERA_GRUMET_DOBLE_LAMINADA,102335_PULSERA_GRUMET_DOBLE_LAMINADA.jpg
102338,PULSERA_GRUMET_PLANA_LAMINADA_2_0,102338_PULSERA_GRUMET_PLANA_LAMINADA_2_0.jpg
102339,PULSERA_GRUMET_PLANA_LAMINADA,102339_PULSERA_GRUMET_PLANA_LAMINADA.jpg
102340,PULSERA_GRUMET_PLANA_LAMINADA,102340_PULSERA_GRUMET_PLANA_LAMINADA.jpg
102341,PULSERA_GRUMET_PLANA_LAMINADA,102341_PULSERA_GRUMET_PLANA_LAMINADA.jpg
102342,PULSERA_GRUMET_PLANA_LAMINADA,102342_PULSERA_GRUMET_PLANA_LAMINADA.jpg
102343,PULSERA_ROLO,102343_PULSERA_ROLO.jpg
102344,PULSERA_ROLO,102344_PULSERA_ROLO.jpg
102345,PULSERA_ROLO,102345_PULSERA_ROLO.jpg
102346,PULSERA_ROLO,102346_PULSERA_ROLO.jpg
102347,PULSERA_ROLO,102347_PULSERA_ROLO.jpg
102348,PULSERA_ROLO,102348_PULSERA_ROLO.jpg
102349,PULSERA_ROLO_OVAL,102349_PULSERA_ROLO_OVAL.jpg
102350,PULSERA_ROLO_OVAL,102350_PULSERA_ROLO_OVAL.jpg
102351,PULSERA_ROLO_OVAL,102351_PULSERA_ROLO_OVAL.jpg
102352,PULSERA_ROLO_OVAL,102352_PULSERA_ROLO_OVAL.jpg
102353,PULSERA_ROSARIO,102353_PULSERA_ROSARIO.jpg
102354,PULSERA_TEJIDO_4_MM,102354_PULSERA_TEJIDO_4_MM.jpg
102355,PULSERA_TEJIDO_4_MM,102355_PULSERA_TEJIDO_4_MM.jpg
102356,PULSERA_TEJIDO_6_MM,102356_PULSERA_TEJIDO_6_MM.jpg
102357,PULSERA_TEJIDO_6_MM,102357_PULSERA_TEJIDO_6_MM.jpg
102358,PULSERA_TEJIDO_ROULET_6MM,102358_PULSERA_TEJIDO_ROULET_6MM.jpg
102359,PULSERA_TRAVERSINO,102359_PULSERA_TRAVERSINO.jpg
102360,PULSERA_TRAVERSINO,102360_PULSERA_TRAVERSINO.jpg
102361,PULSERA_VALERIA_PLANA_BOMBE,102361_PULSERA_VALERIA_PLANA_BOMBE.jpg
102362,PULSERA_VALERIA_PLANA_BOMBE,102362_PULSERA_VALERIA_PLANA_BOMBE.jpg
102363,PULSERA_VALERIA_REDONDA,102363_PULSERA_VALERIA_REDONDA.jpg
102364,PULSERA_VALERIA_REDONDA,102364_PULSERA_VALERIA_REDONDA.jpg
102365,PULSERA_VALERIA_REDONDA,102365_PULSERA_VALERIA_REDONDA.jpg
102366,PULSERA_VALERIA_REDONDA,102366_PULSERA_VALERIA_REDONDA.jpg
102367,PULSERA_VALERIA_REDONDA,102367_PULSERA_VALERIA_REDONDA.jpg
102368,PULSERA_VALERIA_REDONDA,102368_PULSERA_VALERIA_REDONDA.jpg
102371,PULSERA_ANIVERSARIO,102371_PULSERA_ANIVERSARIO.jpg
102372,PULSERA_ANIVERSARIO,102372_PULSERA_ANIVERSARIO.jpg
102373,PULSERA_ANIVERSARIO,102373_PULSERA_ANIVERSARIO.jpg
102374,PULSERA_ANIVERSARIO_1_75,102374_PULSERA_ANIVERSARIO_1_75.jpg
102375,PULSERA_ANIVERSARIO_1_75,102375_PULSERA_ANIVERSARIO_1_75.jpg
102376,PULSERA_ANIVERSARIO_2_0,102376_PULSERA_ANIVERSARIO_2_0.jpg
102377,PULSERA_ANIVERSARIO_2_0,102377_PULSERA_ANIVERSARIO_2_0.jpg
102378,PULSERA_ANIVERSARIO_2_25,102378_PULSERA_ANIVERSARIO_2_25.jpg
102379,ANILLO_ZODIACO,102379_ANILLO_ZODIACO.jpg
102380,ANILLO_ZODIACO,102380_ANILLO_ZODIACO.jpg
102381,ANILLO_ZODIACO,102381_ANILLO_ZODIACO.jpg
102382,ANILLO_ZODIACO,102382_ANILLO_ZODIACO.jpg
102383,ANILLO_ZODIACO,102383_ANILLO_ZODIACO.jpg
102384,ANILLO_ZODIACO,102384_ANILLO_ZODIACO.jpg
102385,ANILLO_ZODIACO,102385_ANILLO_ZODIACO.jpg
102386,ANILLO_ZODIACO,102386_ANILLO_ZODIACO.jpg
102387,ANILLO_ZODIACO,102387_ANILLO_ZODIACO.jpg
102388,ANILLO_ZODIACO,102388_ANILLO_ZODIACO.jpg
102389,ANILLO_ZODIACO,102389_ANILLO_ZODIACO.jpg
102390,ANILLO_ZODIACO,102390_ANILLO_ZODIACO.jpg
102391,ANILLO_ZODIACO,102391_ANILLO_ZODIACO.jpg
102392,ANILLO_ZODIACO,102392_ANILLO_ZODIACO.jpg
102393,ANILLO_ZODIACO,102393_ANILLO_ZODIACO.jpg
102394,ANILLO_ZODIACO,102394_ANILLO_ZODIACO.jpg
102395,ANILLO_ZODIACO,102395_ANILLO_ZODIACO.jpg
102396,ANILLO_ZODIACO,102396_ANILLO_ZODIACO.jpg
102397,ANILLO_ZODIACO,102397_ANILLO_ZODIACO.jpg
102398,ANILLO_ZODIACO,102398_ANILLO_ZODIACO.jpg
102399,ANILLO_ZODIACO,102399_ANILLO_ZODIACO.jpg
102400,ANILLO_ZODIACO,102400_ANILLO_ZODIACO.jpg
102401,ANILLO_ZODIACO,102401_ANILLO_ZODIACO.jpg
102402,ANILLO_ZODIACO,102402_ANILLO_ZODIACO.jpg
102403,ANILLO_ZODIACO,102403_ANILLO_ZODIACO.jpg
102404,ANILLO_ZODIACO,102404_ANILLO_ZODIACO.jpg
102405,ANILLO_ZODIACO,102405_ANILLO_ZODIACO.jpg
102406,ANILLO_ZODIACO,102406_ANILLO_ZODIACO.jpg
102407,ANILLO_ZODIACO,102407_ANILLO_ZODIACO.jpg
102408,ANILLO_ZODIACO,102408_ANILLO_ZODIACO.jpg
102409,ANILLO_ZODIACO,102409_ANILLO_ZODIACO.jpg
102410,ANILLO_ZODIACO,102410_ANILLO_ZODIACO.jpg
102411,ANILLO_ZODIACO,102411_ANILLO_ZODIACO.jpg
102412,ANILLO_ZODIACO,102412_ANILLO_ZODIACO.jpg
102413,ANILLO_ZODIACO,102413_ANILLO_ZODIACO.jpg
102414,ANILLO_ZODIACO,102414_ANILLO_ZODIACO.jpg
102415,ANILLO_ZODIACO,102415_ANILLO_ZODIACO.jpg
102416,ANILLO_ZODIACO,102416_ANILLO_ZODIACO.jpg
102417,ANILLO_ZODIACO,102417_ANILLO_ZODIACO.jpg
102418,ANILLO_ZODIACO,102418_ANILLO_ZODIACO.jpg
102419,ANILLO_ZODIACO,102419_ANILLO_ZODIACO.jpg
102420,ANILLO_ZODIACO,102420_ANILLO_ZODIACO.jpg
102421,ANILLO_ZODIACO,102421_ANILLO_ZODIACO.jpg
102422,ANILLO_ZODIACO,102422_ANILLO_ZODIACO.jpg
102423,ANILLO_ZODIACO,102423_ANILLO_ZODIACO.jpg
102424,ANILLO_ZODIACO,102424_ANILLO_ZODIACO.jpg
102425,ANILLO_ZODIACO,102425_ANILLO_ZODIACO.jpg
102426,ANILLO_ZODIACO,102426_ANILLO_ZODIACO.jpg
102427,ANILLO_ZODIACO,102427_ANILLO_ZODIACO.jpg
102428,ANILLO_ZODIACO,102428_ANILLO_ZODIACO.jpg
102429,ANILLO_ZODIACO,102429_ANILLO_ZODIACO.jpg
102430,ANILLO_ZODIACO,102430_ANILLO_ZODIACO.jpg
102431,ANILLO_ZODIACO,102431_ANILLO_ZODIACO.jpg
102432,ANILLO_ZODIACO,102432_ANILLO_ZODIACO.jpg
102433,ANILLO_ZODIACO,102433_ANILLO_ZODIACO.jpg
102434,ANILLO_ZODIACO,102434_ANILLO_ZODIACO.jpg
102435,ANILLO_ZODIACO,102435_ANILLO_ZODIACO.jpg
102436,ANILLO_ZODIACO,102436_ANILLO_ZODIACO.jpg
102437,ANILLO_ZODIACO,102437_ANILLO_ZODIACO.jpg
102438,ANILLO_ZODIACO,102438_ANILLO_ZODIACO.jpg
102439,ANILLO_ZODIACO,102439_ANILLO_ZODIACO.jpg
102440,ANILLO_ZODIACO,102440_ANILLO_ZODIACO.jpg
102441,ANILLO_ZODIACO,102441_ANILLO_ZODIACO.jpg
102442,ANILLO_ZODIACO,102442_ANILLO_ZODIACO.jpg
102443,ANILLO_ZODIACO,102443_ANILLO_ZODIACO.jpg
102444,ANILLO_ZODIACO,102444_ANILLO_ZODIACO.jpg
102445,ANILLO_ZODIACO,102445_ANILLO_ZODIACO.jpg
102446,ANILLO_ZODIACO,102446_ANILLO_ZODIACO.jpg
102447,ANILLO_ZODIACO,102447_ANILLO_ZODIACO.jpg
102448,ANILLO_ZODIACO,102448_ANILLO_ZODIACO.jpg
102449,ANILLO_ZODIACO,102449_ANILLO_ZODIACO.jpg
102450,ANILLO_ZODIACO,102450_ANILLO_ZODIACO.jpg
102451,ARO_PASANTE_FLOR,102451_ARO_PASANTE_FLOR.jpg
102452,ARO_PASANTE_ARGOLLITAS,102452_ARO_PASANTE_ARGOLLITAS.jpg
102453,ARO_PASANTE_GEOMETRICO,102453_ARO_PASANTE_GEOMETRICO.jpg
102454,ANILLO_ZODIACO,102454_ANILLO_ZODIACO.jpg
102455,ARO_PASANTE_FLOR,102455_ARO_PASANTE_FLOR.jpg
102456,DIJE_INICIAL,102456_DIJE_INICIAL.jpg
102457,DIJE_INICIAL,102457_DIJE_INICIAL.jpg
102458,DIJE_INICIAL,102458_DIJE_INICIAL.jpg
102459,DIJE_INICIAL,102459_DIJE_INICIAL.jpg
102460,DIJE_INICIAL,102460_DIJE_INICIAL.jpg
102461,DIJE_INICIAL,102461_DIJE_INICIAL.jpg
102462,DIJE_INICIAL,102462_DIJE_INICIAL.jpg
102463,DIJE_INICIAL,102463_DIJE_INICIAL.jpg
102464,DIJE_INICIAL,102464_DIJE_INICIAL.jpg
102465,DIJE_INICIAL,102465_DIJE_INICIAL.jpg
102466,DIJE_INICIAL,102466_DIJE_INICIAL.jpg
102467,DIJE_INICIAL,102467_DIJE_INICIAL.jpg
102468,DIJE_INICIAL,102468_DIJE_INICIAL.jpg
102469,DIJE_INICIAL,102469_DIJE_INICIAL.jpg
102470,DIJE_INICIAL,102470_DIJE_INICIAL.jpg
102471,DIJE_INICIAL,102471_DIJE_INICIAL.jpg
102472,DIJE_INICIAL,102472_DIJE_INICIAL.jpg
102473,DIJE_INICIAL,102473_DIJE_INICIAL.jpg
102474,DIJE_INICIAL,102474_DIJE_INICIAL.jpg
102475,DIJE_INICIAL,102475_DIJE_INICIAL.jpg
102476,DIJE_INICIAL,102476_DIJE_INICIAL.jpg
102477,DIJE_INICIAL,102477_DIJE_INICIAL.jpg
102478,DIJE_INICIAL,102478_DIJE_INICIAL.jpg
102479,DIJE_INICIAL,102479_DIJE_INICIAL.jpg
102480,DIJE_CRUZ,102480_DIJE_CRUZ.jpg
102481,DIJE_CRUZ,102481_DIJE_CRUZ.jpg
102482,COLGANTE_CRUZ,102482_COLGANTE_CRUZ.jpg
102483,COLGANTE_CRUZ,102483_COLGANTE_CRUZ.jpg
102484,ANILLO_ZODIACO,102484_ANILLO_ZODIACO.jpg
102485,DIJE_CRUZ,102485_DIJE_CRUZ.jpg
102486,ANILLO_ZODIACO,102486_ANILLO_ZODIACO.jpg
102487,DIJE_ARBOL_DE_LA_VIDA,102487_DIJE_ARBOL_DE_LA_VIDA.jpg
102488,DIJE_CRUZ_DEL_EQUILIBRIO,102488_DIJE_CRUZ_DEL_EQUILIBRIO.jpg
102489,DIJE_CRUZ_9,102489_DIJE_CRUZ_9.jpg
102490,DIJE_BUDA,102490_DIJE_BUDA.jpg
102491,DIJE_CRUZ_DEL_EQUILIBRIO,102491_DIJE_CRUZ_DEL_EQUILIBRIO.jpg
102492,DIJE_FLOR,102492_DIJE_FLOR.jpg
102493,CADENA_BOLITA_ALTERNADA,102493_CADENA_BOLITA_ALTERNADA.jpg
102494,CADENA_BOLITA,102494_CADENA_BOLITA.jpg
102495,CADENA_VALERIA,102495_CADENA_VALERIA.jpg
102496,CADENA_BOLITA_ALTERNADA,102496_CADENA_BOLITA_ALTERNADA.jpg
102497,CADENA_FORCET,102497_CADENA_FORCET.jpg
102498,PULSERA_DIAMANTADA,102498_PULSERA_DIAMANTADA.jpg
102499,PULSERA_BOLITA,102499_PULSERA_BOLITA.jpg
102500,ARO_PASANTE_INICIAL,102500_ARO_PASANTE_INICIAL.jpg
102501,ARO_PASANTE_FLORES,102501_ARO_PASANTE_FLORES.jpg
102502,ARO_PASANTE_CRUZ,102502_ARO_PASANTE_CRUZ.jpg
102503,ARO_PASANTE_CADENA_MOÑO,102503_ARO_PASANTE_CADENA_MOÑO.jpg
102504,PIERCING_BOLITA,102504_PIERCING_BOLITA.jpg
102505,ARO_ARGOLLA,102505_ARO_ARGOLLA.jpg
102506,ARO_ARGOLLA,102506_ARO_ARGOLLA.jpg
102507,ARO_PASANTE_ESTRELLA,102507_ARO_PASANTE_ESTRELLA.jpg
102508,ARO_PASANTE_CORAZON,102508_ARO_PASANTE_CORAZON.jpg
102509,ARO_PASANTE_PIEDRA,102509_ARO_PASANTE_PIEDRA.jpg
102510,ARO_PASANTE_ESTRELLA,102510_ARO_PASANTE_ESTRELLA.jpg
102511,ARO_PASANTE_MOÑO,102511_ARO_PASANTE_MOÑO.jpg
102512,ARO_PASANTE_CADENA_BOLITA,102512_ARO_PASANTE_CADENA_BOLITA.jpg
102513,ARO_PASANTE_INICIAL_H,102513_ARO_PASANTE_INICIAL_H.jpg
102515,ARO_PASANTE_CADENA_CUBO,102515_ARO_PASANTE_CADENA_CUBO.jpg
102516,ARO_ARGOLLA_CORAZON,102516_ARO_ARGOLLA_CORAZON.jpg
102517,ARO_APRETADOR_ARGOLLA_BOLITA,102517_ARO_APRETADOR_ARGOLLA_BOLITA.jpg
102518,ANILLO_INFINITO,102518_ANILLO_INFINITO.jpg
102519,ANILLO_DOS_LETRAS,102519_ANILLO_DOS_LETRAS.jpg
102520,ANILLO_DOS_LETRAS,102520_ANILLO_DOS_LETRAS.jpg
102521,ANILLO_DOS_LETRAS,102521_ANILLO_DOS_LETRAS.jpg
102522,ANILLO_DOS_LETRAS,102522_ANILLO_DOS_LETRAS.jpg
102523,ANILLO_DOS_LETRAS,102523_ANILLO_DOS_LETRAS.jpg
102524,ANILLO_DOS_LETRAS,102524_ANILLO_DOS_LETRAS.jpg
102525,ANILLO_DOS_LETRAS,102525_ANILLO_DOS_LETRAS.jpg
102526,ANILLO_DOS_LETRAS,102526_ANILLO_DOS_LETRAS.jpg
102527,ANILLO_DOS_LETRAS,102527_ANILLO_DOS_LETRAS.jpg
102528,ANILLO_DOS_LETRAS,102528_ANILLO_DOS_LETRAS.jpg
102529,ANILLO_DOS_LETRAS,102529_ANILLO_DOS_LETRAS.jpg
102530,ANILLO_DOS_LETRAS,102530_ANILLO_DOS_LETRAS.jpg
102534,ARO_PASANTE_MANO_HAMSA,102534_ARO_PASANTE_MANO_HAMSA.jpg
102538,ANILLO_CRUZ,102538_ANILLO_CRUZ.jpg
102539,PULSERA_INFLADA_GRUMET_PLANA,102539_PULSERA_INFLADA_GRUMET_PLANA.jpg
102541,ARO_COLGANTE_ESTRELLA,102541_ARO_COLGANTE_ESTRELLA.jpg
102542,PULSERA_INFLADA_GRUMET_PLANA,102542_PULSERA_INFLADA_GRUMET_PLANA.jpg
102543,PULSERA_INFLADA_GRUMET_PLANA,102543_PULSERA_INFLADA_GRUMET_PLANA.jpg
102544,PULSERA_INFLADA_GUCCI,102544_PULSERA_INFLADA_GUCCI.jpg
102545,PULSERA_INFLADA_GUCCI_CHICA,102545_PULSERA_INFLADA_GUCCI_CHICA.jpg
102546,PULSERA_INFLADA_FORCET_TOURBILLON_ALTERNADA_1X1,102546_PULSERA_INFLADA_FORCET_TOURBILLON_ALTERNADA_1X1.jpg
102547,PULSERA_BIZANTINA_0_6,102547_PULSERA_BIZANTINA_0_6.jpg
102548,PULSERA_BIZANTINA_0_6,102548_PULSERA_BIZANTINA_0_6.jpg
102549,PULSERA_BIZANTINA_0_6,102549_PULSERA_BIZANTINA_0_6.jpg
102550,PULSERA_BIZANTINA_0_6,102550_PULSERA_BIZANTINA_0_6.jpg
102552,DIJE_OVALADO,102552_DIJE_OVALADO.jpg
102553,PULSERA_ANIVERSARIO_1_75,102553_PULSERA_ANIVERSARIO_1_75.jpg
102554,PULSERA_ANIVERSARIO_2_20,102554_PULSERA_ANIVERSARIO_2_20.jpg
102557,PULSERA_GRUMET_ALTERNADA_PLANA_1X1,102557_PULSERA_GRUMET_ALTERNADA_PLANA_1X1.jpg
102560,ANILLO_GEOMETRICO,102560_ANILLO_GEOMETRICO.jpg
102561,ANILLO_GEOMETRICO,102561_ANILLO_GEOMETRICO.jpg
102562,ANILLO_GEOMETRICO,102562_ANILLO_GEOMETRICO.jpg
102563,ANILLO_GEOMETRICO,102563_ANILLO_GEOMETRICO.jpg
102564,ANILLO_MULTI,102564_ANILLO_MULTI.jpg
102565,ANILLO_MULTI,102565_ANILLO_MULTI.jpg
102566,ANILLO_MULTI,102566_ANILLO_MULTI.jpg
102567,ANILLO_MULTI,102567_ANILLO_MULTI.jpg
102568,ANILLO_MULTI,102568_ANILLO_MULTI.jpg
102569,ANILLO_DOS_LETRAS,102569_ANILLO_DOS_LETRAS.jpg
102570,ANILLO_DOS_LETRAS,102570_ANILLO_DOS_LETRAS.jpg
102571,ANILLO_DOS_LETRAS,102571_ANILLO_DOS_LETRAS.jpg
102572,ANILLO_DOS_LETRAS,102572_ANILLO_DOS_LETRAS.jpg
102573,ANILLO_DOS_LETRAS,102573_ANILLO_DOS_LETRAS.jpg
102574,ANILLO_DOS_LETRAS,102574_ANILLO_DOS_LETRAS.jpg
102575,ANILLO_DOS_LETRAS,102575_ANILLO_DOS_LETRAS.jpg
102576,ANILLO_DOS_LETRAS,102576_ANILLO_DOS_LETRAS.jpg
102577,ANILLO_DOS_LETRAS,102577_ANILLO_DOS_LETRAS.jpg
102578,ANILLO_DOS_LETRAS,102578_ANILLO_DOS_LETRAS.jpg
102579,ANILLO_DOS_LETRAS,102579_ANILLO_DOS_LETRAS.jpg
102580,ANILLO_DOS_LETRAS,102580_ANILLO_DOS_LETRAS.jpg
102581,ANILLO_DOS_LETRAS,102581_ANILLO_DOS_LETRAS.jpg
102582,ANILLO_DOS_LETRAS,102582_ANILLO_DOS_LETRAS.jpg
102583,ANILLO_DOS_LETRAS,102583_ANILLO_DOS_LETRAS.jpg
102584,ANILLO_DOS_LETRAS,102584_ANILLO_DOS_LETRAS.jpg
102585,ANILLO_ESLABONES,102585_ANILLO_ESLABONES.jpg
102586,ANILLO_ESLABONES,102586_ANILLO_ESLABONES.jpg
102587,ANILLO_ESLABONES,102587_ANILLO_ESLABONES.jpg
102588,ANILLO_INICIAL,102588_ANILLO_INICIAL.jpg
102589,PULSERA_GRUMET_LAMINADA,102589_PULSERA_GRUMET_LAMINADA.jpg
102590,DIJE_INICIAL_2,102590_DIJE_INICIAL_2.jpg
102591,DIJE_INICIAL_2,102591_DIJE_INICIAL_2.jpg
102592,DIJE_INICIAL_2,102592_DIJE_INICIAL_2.jpg
102593,DIJE_INICIAL_2,102593_DIJE_INICIAL_2.jpg
102594,DIJE_INICIAL_2,102594_DIJE_INICIAL_2.jpg
102595,DIJE_INICIAL_2,102595_DIJE_INICIAL_2.jpg
102596,DIJE_INICIAL_2,102596_DIJE_INICIAL_2.jpg
102597,DIJE_INICIAL_2,102597_DIJE_INICIAL_2.jpg
102598,DIJE_INICIAL_2,102598_DIJE_INICIAL_2.jpg
102599,DIJE_INICIAL_2,102599_DIJE_INICIAL_2.jpg
102600,DIJE_INICIAL_2,102600_DIJE_INICIAL_2.jpg
102601,DIJE_INICIAL_2,102601_DIJE_INICIAL_2.jpg
102602,DIJE_INICIAL_2,102602_DIJE_INICIAL_2.jpg
102603,DIJE_INICIAL_2,102603_DIJE_INICIAL_2.jpg
102604,DIJE_INICIAL_2,102604_DIJE_INICIAL_2.jpg
102605,DIJE_INICIAL_2,102605_DIJE_INICIAL_2.jpg
102606,DIJE_INICIAL_2,102606_DIJE_INICIAL_2.jpg
102607,DIJE_INICIAL_2,102607_DIJE_INICIAL_2.jpg
102608,DIJE_INICIAL_2,102608_DIJE_INICIAL_2.jpg
102609,DIJE_INICIAL_2,102609_DIJE_INICIAL_2.jpg
102610,DIJE_INICIAL_2,102610_DIJE_INICIAL_2.jpg
102611,DIJE_INICIAL_2,102611_DIJE_INICIAL_2.jpg
102612,DIJE_INICIAL_2,102612_DIJE_INICIAL_2.jpg
102613,DIJE_INICIAL_2,102613_DIJE_INICIAL_2.jpg
102614,DIJE_INICIAL_2,102614_DIJE_INICIAL_2.jpg
102615,DIJE_INICIAL_2,102615_DIJE_INICIAL_2.jpg
102616,ANILLO_PIEDRA_CUBIC_OVAL,102616_ANILLO_PIEDRA_CUBIC_OVAL.jpg
102617,ANILLO_INICIAL__2_,102617_ANILLO_INICIAL__2_.jpg
102618,ANILLO_INICIAL__2_,102618_ANILLO_INICIAL__2_.jpg
102619,ANILLO_INICIAL__2_,102619_ANILLO_INICIAL__2_.jpg
102620,ANILLO_INICIAL__2_,102620_ANILLO_INICIAL__2_.jpg
102621,ANILLO_INICIAL__2_,102621_ANILLO_INICIAL__2_.jpg
102622,ANILLO_INICIAL__2_,102622_ANILLO_INICIAL__2_.jpg
102623,CADENA_GRUMET_DOBLE_LAMINADA__1_5_,102623_CADENA_GRUMET_DOBLE_LAMINADA__1_5_.jpg
102624,CUBO_INICIAL,102624_CUBO_INICIAL.jpg
102625,CUBO_INICIAL,102625_CUBO_INICIAL.jpg
102626,CUBO_INICIAL,102626_CUBO_INICIAL.jpg
102627,CUBO_INICIAL,102627_CUBO_INICIAL.jpg
102628,CUBO_INICIAL,102628_CUBO_INICIAL.jpg
102629,CUBO_INICIAL,102629_CUBO_INICIAL.jpg
102630,CUBO_INICIAL,102630_CUBO_INICIAL.jpg
102631,CUBO_INICIAL,102631_CUBO_INICIAL.jpg
102632,CUBO_INICIAL,102632_CUBO_INICIAL.jpg
102633,CUBO_INICIAL,102633_CUBO_INICIAL.jpg
102634,CUBO_INICIAL,102634_CUBO_INICIAL.jpg
102635,CUBO_INICIAL,102635_CUBO_INICIAL.jpg
102636,CUBO_INICIAL,102636_CUBO_INICIAL.jpg
102637,CUBO_INICIAL,102637_CUBO_INICIAL.jpg
102638,CUBO_INICIAL,102638_CUBO_INICIAL.jpg
102639,CUBO_INICIAL,102639_CUBO_INICIAL.jpg
102640,CUBO_INICIAL,102640_CUBO_INICIAL.jpg
102641,CUBO_INICIAL,102641_CUBO_INICIAL.jpg
102642,CUBO_INICIAL,102642_CUBO_INICIAL.jpg
102643,CUBO_INICIAL,102643_CUBO_INICIAL.jpg
102644,CUBO_INICIAL,102644_CUBO_INICIAL.jpg
102645,CUBO_INICIAL,102645_CUBO_INICIAL.jpg
102646,CUBO_INICIAL,102646_CUBO_INICIAL.jpg
102647,CUBO_INICIAL,102647_CUBO_INICIAL.jpg
102648,CUBO_INICIAL,102648_CUBO_INICIAL.jpg
102649,CUBO_CORAZON,102649_CUBO_CORAZON.jpg
102658,ANILLO_PIEDRA_CUBIC_CINTILLO__1_,102658_ANILLO_PIEDRA_CUBIC_CINTILLO__1_.jpg
102659,ANILLO_PIEDRA_CUBIC_CINTILLO__1_,102659_ANILLO_PIEDRA_CUBIC_CINTILLO__1_.jpg
102660,ANILLO_PIEDRA_CUBIC_CINTILLO__1_,102660_ANILLO_PIEDRA_CUBIC_CINTILLO__1_.jpg
102661,ANILLO_PIEDRA_CUBIC_CINTILLO__1_,102661_ANILLO_PIEDRA_CUBIC_CINTILLO__1_.jpg
102707,ANILLO_GRABADO_AMOR,102707_ANILLO_GRABADO_AMOR.jpg
102708,ANILLO_GRABADO_AMOR,102708_ANILLO_GRABADO_AMOR.jpg
102709,ANILLO_GRABADO_AMOR,102709_ANILLO_GRABADO_AMOR.jpg
102710,ANILLO_PIEDRA_CUBIC_MEDIO_SIN_FIN__5_,102710_ANILLO_PIEDRA_CUBIC_MEDIO_SIN_FIN__5_.jpg
102711,ANILLO_PIEDRA_CUBIC_MEDIO_SIN_FIN__5_,102711_ANILLO_PIEDRA_CUBIC_MEDIO_SIN_FIN__5_.jpg
102712,ANILLO_PIEDRA_CUBIC_MEDIO_SIN_FIN__5_,102712_ANILLO_PIEDRA_CUBIC_MEDIO_SIN_FIN__5_.jpg
102713,ANILLO_PIEDRA_CUBIC_MEDIO_SIN_FIN__5_,102713_ANILLO_PIEDRA_CUBIC_MEDIO_SIN_FIN__5_.jpg
102733,ANILLO_PIEDRA_CUBIC_MULTI__8_,102733_ANILLO_PIEDRA_CUBIC_MULTI__8_.jpg
102734,ANILLO_PIEDRA_CUBIC_MULTI__8_,102734_ANILLO_PIEDRA_CUBIC_MULTI__8_.jpg
102735,ANILLO_PIEDRA_CUBIC_MULTI__8_,102735_ANILLO_PIEDRA_CUBIC_MULTI__8_.jpg
102736,ANILLO_PIEDRA_CUBIC_MULTI__8_,102736_ANILLO_PIEDRA_CUBIC_MULTI__8_.jpg
102737,ANILLO_PIEDRA_CUBIC_INFINITO__2_,102737_ANILLO_PIEDRA_CUBIC_INFINITO__2_.jpg
102738,ANILLO_PIEDRA_CUBIC_INFINITO__2_,102738_ANILLO_PIEDRA_CUBIC_INFINITO__2_.jpg
102739,ANILLO_PIEDRA_CUBIC_INFINITO__2_,102739_ANILLO_PIEDRA_CUBIC_INFINITO__2_.jpg
102740,ANILLO_PIEDRA_CUBIC_INFINITO__2_,102740_ANILLO_PIEDRA_CUBIC_INFINITO__2_.jpg
102754,ARO_PASANTE_PIEDRA_CUBIC_CORAZON__9___UN_,102754_ARO_PASANTE_PIEDRA_CUBIC_CORAZON__9___UN_.jpg
102758,ARO_PASANTE_PIEDRA_CUBIC_CORAZON__10___UN_,102758_ARO_PASANTE_PIEDRA_CUBIC_CORAZON__10___UN_.jpg
102764,ARO_PASANTE_PIEDRA_CUBIC_BARRITA__1___PAR_,102764_ARO_PASANTE_PIEDRA_CUBIC_BARRITA__1___PAR_.jpg
102776,ARO_PASANTE_PIEDRA_CUBIC_CORAZON__1___UN_,102776_ARO_PASANTE_PIEDRA_CUBIC_CORAZON__1___UN_.jpg
102781,ARO_COLGANTE_PIEDRA_CUBIC_CORAZON__UN_,102781_ARO_COLGANTE_PIEDRA_CUBIC_CORAZON__UN_.jpg
102787,ARO_PASANTE_PIEDRA_CUBIC_DIJE_ESTRELLA__UN_,102787_ARO_PASANTE_PIEDRA_CUBIC_DIJE_ESTRELLA__UN_.jpg
102793,ARO_PASANTE_PIEDRA_CUBIC_CRUZ__1___UN_,102793_ARO_PASANTE_PIEDRA_CUBIC_CRUZ__1___UN_.jpg
102795,ARO_ARGOLLA__3___UN_,102795_ARO_ARGOLLA__3___UN_.jpg
102797,ARO_ARGOLLA__8___UN_,102797_ARO_ARGOLLA__8___UN_.jpg
102801,ARO_ARGOLLA_OVAL__UN_,102801_ARO_ARGOLLA_OVAL__UN_.jpg
102803,ARO_ARGOLLA_PIEDRA_CUBIC__5___UN_,102803_ARO_ARGOLLA_PIEDRA_CUBIC__5___UN_.jpg
102810,ARO_PASANTE_PIEDRA_CUBIC_FLOR__1___UN_,102810_ARO_PASANTE_PIEDRA_CUBIC_FLOR__1___UN_.jpg
102813,ARO_PASANTE_PIEDRA_CUBIC_CORAZON__2___UN_,102813_ARO_PASANTE_PIEDRA_CUBIC_CORAZON__2___UN_.jpg
102814,ARO_PASANTE_PIEDRA_CUBIC_CORAZON__3___UN_,102814_ARO_PASANTE_PIEDRA_CUBIC_CORAZON__3___UN_.jpg
102817,ARO_PASANTE_PIEDRA_CUBIC_CORAZON__4___UN_,102817_ARO_PASANTE_PIEDRA_CUBIC_CORAZON__4___UN_.jpg
102822,ARO_PASANTE_PIEDRA_CUBIC_LUNA__1___UN_,102822_ARO_PASANTE_PIEDRA_CUBIC_LUNA__1___UN_.jpg
102824,ARO_PASANTE_PIEDRA_CUBIC_CORAZON__5___UN_,102824_ARO_PASANTE_PIEDRA_CUBIC_CORAZON__5___UN_.jpg
102825,ARO_PASANTE_PIEDRA_CUBIC_GOTA__1___UN_,102825_ARO_PASANTE_PIEDRA_CUBIC_GOTA__1___UN_.jpg
102828,ARO_PASANTE_PIEDRA_CUBIC_SOLITARIO__3___UN_,102828_ARO_PASANTE_PIEDRA_CUBIC_SOLITARIO__3___UN_.jpg
102832,ARO_PASANTE_INFINITO__1___UN_,102832_ARO_PASANTE_INFINITO__1___UN_.jpg
102836,ARO_ARGOLLA_PIEDRA_CUBIC__10___UN_,102836_ARO_ARGOLLA_PIEDRA_CUBIC__10___UN_.jpg
102841,ARO_PASANTE_PIEDRA_CUBIC_FLOR__3___UN_,102841_ARO_PASANTE_PIEDRA_CUBIC_FLOR__3___UN_.jpg
102842,ARO_PASANTE_PIEDRA_CUBIC_FLOR__4___UN_,102842_ARO_PASANTE_PIEDRA_CUBIC_FLOR__4___UN_.jpg
102844,ARO_ARGOLLA_PIEDRA_CUBIC_CORAZON__UN_,102844_ARO_ARGOLLA_PIEDRA_CUBIC_CORAZON__UN_.jpg
102845,ARO_PASANTE_PIEDRA_CUBIC_ESTRELLA__UN_,102845_ARO_PASANTE_PIEDRA_CUBIC_ESTRELLA__UN_.jpg
102846,ARO_PASANTE_PIEDRA_CUBIC_CORAZON__6___UN_,102846_ARO_PASANTE_PIEDRA_CUBIC_CORAZON__6___UN_.jpg
102860,ARO_PASANTE_PIEDRA_CUBIC_CORAZON__7___UN_,102860_ARO_PASANTE_PIEDRA_CUBIC_CORAZON__7___UN_.jpg
102861,ARO_PASANTE_PIEDRA_CUBIC_CORAZON__8___UN_,102861_ARO_PASANTE_PIEDRA_CUBIC_CORAZON__8___UN_.jpg
102863,ARO_PASANTE_CORAZON__6___UN_,102863_ARO_PASANTE_CORAZON__6___UN_.jpg
102864,ARO_PASANTE_CORAZON__7___UN_,102864_ARO_PASANTE_CORAZON__7___UN_.jpg
102865,ARO_PASANTE_CORAZON__8___UN_,102865_ARO_PASANTE_CORAZON__8___UN_.jpg
102905,ARO_PASANTE_PIEDRA_CUBIC_BARRITA__2___UN_,102905_ARO_PASANTE_PIEDRA_CUBIC_BARRITA__2___UN_.jpg
102922,ARO_PASANTE_CORAZON__9___UN_,102922_ARO_PASANTE_CORAZON__9___UN_.jpg
102923,ARO_PASANTE_LUNA__UN_,102923_ARO_PASANTE_LUNA__UN_.jpg
102925,ARO_PASANTE_PIEDRA_CUBIC_CORAZONES__1___UN_,102925_ARO_PASANTE_PIEDRA_CUBIC_CORAZONES__1___UN_.jpg
102928,ARO_PASANTE_PIEDRA_CUBIC_MOÑO__UN_,102928_ARO_PASANTE_PIEDRA_CUBIC_MOÑO__UN_.jpg
102932,ARO_PASANTE_INFINITO__2___UN_,102932_ARO_PASANTE_INFINITO__2___UN_.jpg
102961,DIJE_PIEDRA_CUBIC_LLAVE__UN_,102961_DIJE_PIEDRA_CUBIC_LLAVE__UN_.jpg
102968,DIJE_CORAZON__2___UN_,102968_DIJE_CORAZON__2___UN_.jpg
102975,DIJE_PIEDRA_CUBIC_CORAZON__1___UN_,102975_DIJE_PIEDRA_CUBIC_CORAZON__1___UN_.jpg
102978,DIJE_CORAZON__3___UN_,102978_DIJE_CORAZON__3___UN_.jpg
102980,DIJE_CRUZ,102980_DIJE_CRUZ.jpg
103081,ANILLO_ZODIACO,103081_ANILLO_ZODIACO.jpg
103082,ANILLO_ZODIACO,103082_ANILLO_ZODIACO.jpg
103083,ANILLO_INICIAL,103083_ANILLO_INICIAL.jpg
103084,ANILLO_INICIAL,103084_ANILLO_INICIAL.jpg
103085,ANILLO_INICIAL,103085_ANILLO_INICIAL.jpg
103086,ANILLO_INICIAL,103086_ANILLO_INICIAL.jpg
103087,ANILLO_INICIAL,103087_ANILLO_INICIAL.jpg
103088,ANILLO_DOS_LETRAS,103088_ANILLO_DOS_LETRAS.jpg
103089,ANILLO_ONDAS,103089_ANILLO_ONDAS.jpg
103090,ANILLO_ONDULADO,103090_ANILLO_ONDULADO.jpg
103091,ANILLO_PIEDRA_CUBIC_OVAL,103091_ANILLO_PIEDRA_CUBIC_OVAL.jpg
103092,ANILLO_PIEDRA_SEMI_PRECIOSA_OVAL,103092_ANILLO_PIEDRA_SEMI_PRECIOSA_OVAL.jpg
103093,ANILLO_PIEDRA_CUBIC_OVAL,103093_ANILLO_PIEDRA_CUBIC_OVAL.jpg
103094,ANILLO_INICIAL,103094_ANILLO_INICIAL.jpg
103095,ANILLO_INICIAL,103095_ANILLO_INICIAL.jpg
103096,ANILLO_ESLABONES,103096_ANILLO_ESLABONES.jpg
103097,ANILLO_PIEDRA_CUBIC_SOLITARIO,103097_ANILLO_PIEDRA_CUBIC_SOLITARIO.jpg
103177,ARMA_TU_LOOK,103177_ARMA_TU_LOOK.jpg
103265,ARMA_TU_LOOK,103265_ARMA_TU_LOOK.jpg
103266,ARMA_TU_LOOK,103266_ARMA_TU_LOOK.jpg
103267,ARMA_TU_LOOK,103267_ARMA_TU_LOOK.jpg
103268,ARMA_TU_LOOK,103268_ARMA_TU_LOOK.jpg
103269,ARMA_TU_LOOK,103269_ARMA_TU_LOOK.jpg
103270,ARMA_TU_LOOK,103270_ARMA_TU_LOOK.jpg
103271,ARMA_TU_LOOK,103271_ARMA_TU_LOOK.jpg
103272,ARMA_TU_LOOK,103272_ARMA_TU_LOOK.jpg
103273,ARMA_TU_LOOK,103273_ARMA_TU_LOOK.jpg
103274,ARMA_TU_LOOK,103274_ARMA_TU_LOOK.jpg
103275,ARMA_TU_LOOK,103275_ARMA_TU_LOOK.jpg
103276,ARMA_TU_LOOK,103276_ARMA_TU_LOOK.jpg
103277,ARMA_TU_LOOK,103277_ARMA_TU_LOOK.jpg
103278,ARMA_TU_LOOK,103278_ARMA_TU_LOOK.jpg
103279,ARMA_TU_LOOK,103279_ARMA_TU_LOOK.jpg
103280,ARMA_TU_LOOK,103280_ARMA_TU_LOOK.jpg
103281,ARMA_TU_LOOK,103281_ARMA_TU_LOOK.jpg
103282,ARMA_TU_LOOK,103282_ARMA_TU_LOOK.jpg
103283,ARMA_TU_LOOK,103283_ARMA_TU_LOOK.jpg
103284,ARMA_TU_LOOK,103284_ARMA_TU_LOOK.jpg
103285,ARMA_TU_LOOK,103285_ARMA_TU_LOOK.jpg
103286,ARMA_TU_LOOK,103286_ARMA_TU_LOOK.jpg
103287,ARMA_TU_LOOK,103287_ARMA_TU_LOOK.jpg
103288,ARMA_TU_LOOK,103288_ARMA_TU_LOOK.jpg
103289,ARO_PASANTE_ARGOLLA_BOLITAS,103289_ARO_PASANTE_ARGOLLA_BOLITAS.jpg
103290,ARO_PASANTE_ARGOLLA_BOLITAS,103290_ARO_PASANTE_ARGOLLA_BOLITAS.jpg
103291,ARO_PASANTE_ARGOLLA_C__ARANDELAS,103291_ARO_PASANTE_ARGOLLA_C__ARANDELAS.jpg
103292,ARO_PASANTE_ARGOLLA_C__ARANDELAS,103292_ARO_PASANTE_ARGOLLA_C__ARANDELAS.jpg
103293,ARO_PASANTE_ARGOLLA_CHICA_LISA_PLATEADO,103293_ARO_PASANTE_ARGOLLA_CHICA_LISA_PLATEADO.jpg
103294,ARO_PASANTE_ARGOLLA_CHICA_PLATEADO,103294_ARO_PASANTE_ARGOLLA_CHICA_PLATEADO.jpg
103295,ARO_PASANTE_ARGOLLA_CHICA_TORZADA,103295_ARO_PASANTE_ARGOLLA_CHICA_TORZADA.jpg
103296,ARO_PASANTE_ARGOLLA_CHICA_TORZADA,103296_ARO_PASANTE_ARGOLLA_CHICA_TORZADA.jpg
103297,ARO_PASANTE_ARGOLLA_GRANDE,103297_ARO_PASANTE_ARGOLLA_GRANDE.jpg
103298,ARO_PASANTE_ARGOLLA_GRANDE,103298_ARO_PASANTE_ARGOLLA_GRANDE.jpg
103299,ARO_PASANTE_ARGOLLA_GRANDE_DORADO,103299_ARO_PASANTE_ARGOLLA_GRANDE_DORADO.jpg
103300,ARO_PASANTE_ARGOLLA_GRANDE_ESCAMAS,103300_ARO_PASANTE_ARGOLLA_GRANDE_ESCAMAS.jpg
103301,ARO_PASANTE_ARGOLLA_GRANDE_ESCAMAS,103301_ARO_PASANTE_ARGOLLA_GRANDE_ESCAMAS.jpg
103302,ARO_PASANTE_ARGOLLA_GRANDE_GANCHO_PLATEADO,103302_ARO_PASANTE_ARGOLLA_GRANDE_GANCHO_PLATEADO.jpg
103303,ARO_PASANTE_ARGOLLA_GRANDE_GLOBO,103303_ARO_PASANTE_ARGOLLA_GRANDE_GLOBO.jpg
103304,ARO_PASANTE_ARGOLLA_GRANDE_GLOBO,103304_ARO_PASANTE_ARGOLLA_GRANDE_GLOBO.jpg
103305,ARO_PASANTE_ARGOLLA_GRANDE_PLANA,103305_ARO_PASANTE_ARGOLLA_GRANDE_PLANA.jpg
103306,ARO_PASANTE_ARGOLLA_GRANDE_PLANA,103306_ARO_PASANTE_ARGOLLA_GRANDE_PLANA.jpg
103307,ARO_PASANTE_ARGOLLA_GRANDE_PLANA,103307_ARO_PASANTE_ARGOLLA_GRANDE_PLANA.jpg
103308,ARO_PASANTE_ARGOLLA_GRANDE_PLANA,103308_ARO_PASANTE_ARGOLLA_GRANDE_PLANA.jpg
103309,ARO_PASANTE_ARGOLLA_LISA_MEDIANA,103309_ARO_PASANTE_ARGOLLA_LISA_MEDIANA.jpg
103310,ARO_PASANTE_ARGOLLA_LISA_MEDIANA,103310_ARO_PASANTE_ARGOLLA_LISA_MEDIANA.jpg
103311,ARO_PASANTE_ARGOLLA_MEDIANA,103311_ARO_PASANTE_ARGOLLA_MEDIANA.jpg
103312,ARO_PASANTE_ARGOLLA_MEDIANA,103312_ARO_PASANTE_ARGOLLA_MEDIANA.jpg
103313,ARO_PASANTE_ARGOLLA_MEDIANA_C__BOLITAS,103313_ARO_PASANTE_ARGOLLA_MEDIANA_C__BOLITAS.jpg
103314,ARO_PASANTE_ARGOLLA_MEDIANA_C__BOLITAS,103314_ARO_PASANTE_ARGOLLA_MEDIANA_C__BOLITAS.jpg
103315,ARO_PASANTE_ARGOLLA_MEDIANA_DORADO,103315_ARO_PASANTE_ARGOLLA_MEDIANA_DORADO.jpg
103316,ARO_PASANTE_ARGOLLA_MEDIANA_ENROLLADA,103316_ARO_PASANTE_ARGOLLA_MEDIANA_ENROLLADA.jpg
103317,ARO_PASANTE_ARGOLLA_MEDIANA_ENROLLADA,103317_ARO_PASANTE_ARGOLLA_MEDIANA_ENROLLADA.jpg
103318,ARO_PASANTE_ARGOLLA_MEDIANA_GRUESA_PLATEADO,103318_ARO_PASANTE_ARGOLLA_MEDIANA_GRUESA_PLATEADO.jpg
103319,ARO_PASANTE_ARGOLLA_MEDIANA_PLATEADO,103319_ARO_PASANTE_ARGOLLA_MEDIANA_PLATEADO.jpg
103320,ARO_PASANTE_ARGOLLA_MEDIANA_PLATEADO,103320_ARO_PASANTE_ARGOLLA_MEDIANA_PLATEADO.jpg
103321,ARO_PASANTE_ARGOLLA_MEDIANA_TORCIDA,103321_ARO_PASANTE_ARGOLLA_MEDIANA_TORCIDA.jpg
103322,ARO_PASANTE_ARGOLLA_MEDIANA_TORCIDA,103322_ARO_PASANTE_ARGOLLA_MEDIANA_TORCIDA.jpg
103323,ARO_PASANTE_ARGOLLA_MEDIANA_TORZADA,103323_ARO_PASANTE_ARGOLLA_MEDIANA_TORZADA.jpg
103324,ARO_PASANTE_ARGOLLA_MEDIANA_TORZADA,103324_ARO_PASANTE_ARGOLLA_MEDIANA_TORZADA.jpg
103325,ARO_PASANTE_ARGOLLA_MEDIANA_TRENZADA,103325_ARO_PASANTE_ARGOLLA_MEDIANA_TRENZADA.jpg
103326,ARO_PASANTE_ARGOLLA_MEDIANA_TRENZADA,103326_ARO_PASANTE_ARGOLLA_MEDIANA_TRENZADA.jpg
103327,ARO_PASANTE_BOTON,103327_ARO_PASANTE_BOTON.jpg
103328,ARO_PASANTE_BOTON,103328_ARO_PASANTE_BOTON.jpg
103329,ARO_PASANTE_BOTON_CHICO,103329_ARO_PASANTE_BOTON_CHICO.jpg
103330,ARO_PASANTE_BOTON_CHICO,103330_ARO_PASANTE_BOTON_CHICO.jpg
103331,ARO_PASANTE_BOTON_GRANDE_PLANO_PLATEADO,103331_ARO_PASANTE_BOTON_GRANDE_PLANO_PLATEADO.jpg
103332,ARO_PASANTE_CIRCULO_DORADO_NACAR,103332_ARO_PASANTE_CIRCULO_DORADO_NACAR.jpg
103333,ARO_PASANTE_CIRCULOS_DORADO,103333_ARO_PASANTE_CIRCULOS_DORADO.jpg
103334,ARO_PASANTE_CIRCULOS_RUSTICOS_COLGANTES_PLATEADO,103334_ARO_PASANTE_CIRCULOS_RUSTICOS_COLGANTES_PLATEADO.jpg
103335,ARO_PASANTE_COLGANTE_ESLABONES_COMBINADOS_PLATEADO_DORADO,103335_ARO_PASANTE_COLGANTE_ESLABONES_COMBINADOS_PLATEADO_DORADO.jpg
103336,ARO_PASANTE_COLGANTE_GOTA_GRANDE_PLANA,103336_ARO_PASANTE_COLGANTE_GOTA_GRANDE_PLANA.jpg
103337,ARO_PASANTE_COLGANTE_GOTA_GRANDE_PLANA,103337_ARO_PASANTE_COLGANTE_GOTA_GRANDE_PLANA.jpg
103338,ARO_PASANTE_COLGANTE_GOTA_MEDIANA_PLANA,103338_ARO_PASANTE_COLGANTE_GOTA_MEDIANA_PLANA.jpg
103339,ARO_PASANTE_COLGANTE_GOTA_MEDIANA_PLANA,103339_ARO_PASANTE_COLGANTE_GOTA_MEDIANA_PLANA.jpg
103340,ARO_PASANTE_COLGANTE_GRANDE_CIRCULO,103340_ARO_PASANTE_COLGANTE_GRANDE_CIRCULO.jpg
103341,ARO_PASANTE_COLGANTE_GRANDE_CIRCULO,103341_ARO_PASANTE_COLGANTE_GRANDE_CIRCULO.jpg
103342,ARO_PASANTE_CONFITE,103342_ARO_PASANTE_CONFITE.jpg
103343,ARO_PASANTE_CONFITE,103343_ARO_PASANTE_CONFITE.jpg
103344,ARO_PASANTE_CORAZON_CHICO,103344_ARO_PASANTE_CORAZON_CHICO.jpg
103345,ARO_PASANTE_CORAZON_CHICO,103345_ARO_PASANTE_CORAZON_CHICO.jpg
103346,ARO_PASANTE_CORAZON_GRANDE_DORADO,103346_ARO_PASANTE_CORAZON_GRANDE_DORADO.jpg
103347,ARO_PASANTE_CORAZON_MEDIANO,103347_ARO_PASANTE_CORAZON_MEDIANO.jpg
103348,ARO_PASANTE_CORAZON_MEDIANO,103348_ARO_PASANTE_CORAZON_MEDIANO.jpg
103349,ARO_PASANTE_CUADRADO_CHICO,103349_ARO_PASANTE_CUADRADO_CHICO.jpg
103350,ARO_PASANTE_CUADRADO_CHICO,103350_ARO_PASANTE_CUADRADO_CHICO.jpg
103351,ARO_PASANTE_CUADRADO_GRANDE_PLATEADO,103351_ARO_PASANTE_CUADRADO_GRANDE_PLATEADO.jpg
103352,ARO_PASANTE_CURVO_CHICO,103352_ARO_PASANTE_CURVO_CHICO.jpg
103353,ARO_PASANTE_CURVO_CHICO,103353_ARO_PASANTE_CURVO_CHICO.jpg
103354,ARO_PASANTE_ESLABON_GRANDE_DORADO,103354_ARO_PASANTE_ESLABON_GRANDE_DORADO.jpg
103355,ARO_PASANTE_ESLABON_METAL_CUADRADO_COLGANTE_DORADO,103355_ARO_PASANTE_ESLABON_METAL_CUADRADO_COLGANTE_DORADO.jpg
103356,ARO_PASANTE_ESTILO_GOTA_MEDIANO_CHUNKY_PLATEADO,103356_ARO_PASANTE_ESTILO_GOTA_MEDIANO_CHUNKY_PLATEADO.jpg
103357,ARO_PASANTE_ESTILO_V_MEDIANO,103357_ARO_PASANTE_ESTILO_V_MEDIANO.jpg
103358,ARO_PASANTE_ESTILO_V_MEDIANO,103358_ARO_PASANTE_ESTILO_V_MEDIANO.jpg
103359,ARO_PASANTE_ESTRELLA_CHICO,103359_ARO_PASANTE_ESTRELLA_CHICO.jpg
103360,ARO_PASANTE_ESTRELLA_CHICO,103360_ARO_PASANTE_ESTRELLA_CHICO.jpg
103361,ARO_PASANTE_FLOR_BOLITAS,103361_ARO_PASANTE_FLOR_BOLITAS.jpg
103362,ARO_PASANTE_FLOR_BOLITAS,103362_ARO_PASANTE_FLOR_BOLITAS.jpg
103363,ARO_PASANTE_FLOR_C__PERLA_DORADO,103363_ARO_PASANTE_FLOR_C__PERLA_DORADO.jpg
103364,ARO_PASANTE_FLOR_GRANDE_METAL_PLATEADO,103364_ARO_PASANTE_FLOR_GRANDE_METAL_PLATEADO.jpg
103365,ARO_PASANTE_FLOR_MEDIANA_CALADO,103365_ARO_PASANTE_FLOR_MEDIANA_CALADO.jpg
103366,ARO_PASANTE_FLOR_MEDIANA_CALADO,103366_ARO_PASANTE_FLOR_MEDIANA_CALADO.jpg
103367,ARO_PASANTE_FLOR_MEDIANA_DORADO_NACAR,103367_ARO_PASANTE_FLOR_MEDIANA_DORADO_NACAR.jpg
103368,ARO_PASANTE_FLOR_MEDIANO,103368_ARO_PASANTE_FLOR_MEDIANO.jpg
103369,ARO_PASANTE_FLOR_MEDIANO,103369_ARO_PASANTE_FLOR_MEDIANO.jpg
103370,ARO_PASANTE_GANCHO_GRANDE,103370_ARO_PASANTE_GANCHO_GRANDE.jpg
103371,ARO_PASANTE_GANCHO_GRANDE,103371_ARO_PASANTE_GANCHO_GRANDE.jpg
103372,ARO_PASANTE_GLOBO_IRREGULAR_PLATEADO,103372_ARO_PASANTE_GLOBO_IRREGULAR_PLATEADO.jpg
103373,ARO_PASANTE_GOTA_CHICA,103373_ARO_PASANTE_GOTA_CHICA.jpg
103374,ARO_PASANTE_GOTA_CHICA,103374_ARO_PASANTE_GOTA_CHICA.jpg
103375,ARO_PASANTE_GOTA_GRANDE,103375_ARO_PASANTE_GOTA_GRANDE.jpg
103376,ARO_PASANTE_GOTA_GRANDE,103376_ARO_PASANTE_GOTA_GRANDE.jpg
103377,ARO_PASANTE_GOTA_GRANDE,103377_ARO_PASANTE_GOTA_GRANDE.jpg
103378,ARO_PASANTE_GOTA_GRANDE,103378_ARO_PASANTE_GOTA_GRANDE.jpg
103379,ARO_PASANTE_GOTA_GRANDE,103379_ARO_PASANTE_GOTA_GRANDE.jpg
103380,ARO_PASANTE_GOTA_GRANDE,103380_ARO_PASANTE_GOTA_GRANDE.jpg
103381,ARO_PASANTE_GOTA_GRANDE_ANCHA,103381_ARO_PASANTE_GOTA_GRANDE_ANCHA.jpg
103382,ARO_PASANTE_GOTA_GRANDE_ANCHA,103382_ARO_PASANTE_GOTA_GRANDE_ANCHA.jpg
103383,ARO_PASANTE_GOTA_GRANDE_DORADO,103383_ARO_PASANTE_GOTA_GRANDE_DORADO.jpg
103384,ARO_PASANTE_GOTA_GRANDE_MANCHAS,103384_ARO_PASANTE_GOTA_GRANDE_MANCHAS.jpg
103385,ARO_PASANTE_GOTA_GRANDE_MANCHAS,103385_ARO_PASANTE_GOTA_GRANDE_MANCHAS.jpg
103386,ARO_PASANTE_GOTA_MEDIANA_ANCHA,103386_ARO_PASANTE_GOTA_MEDIANA_ANCHA.jpg
103387,ARO_PASANTE_GOTA_MEDIANA_ANCHA,103387_ARO_PASANTE_GOTA_MEDIANA_ANCHA.jpg
103388,ARO_PASANTE_HEXAGONAL_MEDIANO_PLATEADO,103388_ARO_PASANTE_HEXAGONAL_MEDIANO_PLATEADO.jpg
103389,ARO_PASANTE_IRREGULAR,103389_ARO_PASANTE_IRREGULAR.jpg
103390,ARO_PASANTE_IRREGULAR,103390_ARO_PASANTE_IRREGULAR.jpg
103391,ARO_PASANTE_IRREGULAR_CHICO_SIMIL_ARGOLLA_DORADO,103391_ARO_PASANTE_IRREGULAR_CHICO_SIMIL_ARGOLLA_DORADO.jpg
103392,ARO_PASANTE_MEDIA_ESFERA_GRANDE,103392_ARO_PASANTE_MEDIA_ESFERA_GRANDE.jpg
103393,ARO_PASANTE_MEDIA_ESFERA_GRANDE,103393_ARO_PASANTE_MEDIA_ESFERA_GRANDE.jpg
103394,ARO_PASANTE_MEDIO_CIRCULO_CROMADO,103394_ARO_PASANTE_MEDIO_CIRCULO_CROMADO.jpg
103395,ARO_PASANTE_MEDIO_CIRCULO_CROMADO,103395_ARO_PASANTE_MEDIO_CIRCULO_CROMADO.jpg
103396,ARO_PASANTE_MEDIO_CIRCULO_GRANDE,103396_ARO_PASANTE_MEDIO_CIRCULO_GRANDE.jpg
103397,ARO_PASANTE_MEDIO_CIRCULO_GRANDE,103397_ARO_PASANTE_MEDIO_CIRCULO_GRANDE.jpg
103398,ARO_PASANTE_MEDIO_CIRCULO_GRANDE_ANCHO,103398_ARO_PASANTE_MEDIO_CIRCULO_GRANDE_ANCHO.jpg
103399,ARO_PASANTE_MEDIO_CIRCULO_GRANDE_ANCHO,103399_ARO_PASANTE_MEDIO_CIRCULO_GRANDE_ANCHO.jpg
103400,ARO_PASANTE_METAL_CRUZADO_DORADO,103400_ARO_PASANTE_METAL_CRUZADO_DORADO.jpg
103401,ARO_PASANTE_METAL_NIDO_DORADO,103401_ARO_PASANTE_METAL_NIDO_DORADO.jpg
103402,ARO_PASANTE_METAL_NIDO_TRENZADO_DORADO,103402_ARO_PASANTE_METAL_NIDO_TRENZADO_DORADO.jpg
103403,ARO_PASANTE_PICO_GRANDE_DORADO,103403_ARO_PASANTE_PICO_GRANDE_DORADO.jpg
103404,ARO_PASANTE_SEMI_ARGOLLA_CHICA,103404_ARO_PASANTE_SEMI_ARGOLLA_CHICA.jpg
103405,ARO_PASANTE_SEMI_ARGOLLA_CHICA,103405_ARO_PASANTE_SEMI_ARGOLLA_CHICA.jpg
103406,ARO_PASANTE_SEMI_ARGOLLA_CORRUGADA,103406_ARO_PASANTE_SEMI_ARGOLLA_CORRUGADA.jpg
103407,ARO_PASANTE_SEMI_ARGOLLA_CORRUGADA,103407_ARO_PASANTE_SEMI_ARGOLLA_CORRUGADA.jpg
103408,ARO_PASANTE_SEMI_ARGOLLA_CUADRADA_DORADO,103408_ARO_PASANTE_SEMI_ARGOLLA_CUADRADA_DORADO.jpg
103409,ARO_PASANTE_SEMI_ARGOLLA_DORADO_BLANCO,103409_ARO_PASANTE_SEMI_ARGOLLA_DORADO_BLANCO.jpg
103410,ARO_PASANTE_SEMI_ARGOLLA_ESCAMAS,103410_ARO_PASANTE_SEMI_ARGOLLA_ESCAMAS.jpg
103411,ARO_PASANTE_SEMI_ARGOLLA_ESCAMAS,103411_ARO_PASANTE_SEMI_ARGOLLA_ESCAMAS.jpg
103412,ARO_PASANTE_SEMI_ARGOLLA_ESLABON,103412_ARO_PASANTE_SEMI_ARGOLLA_ESLABON.jpg
103413,ARO_PASANTE_SEMI_ARGOLLA_ESLABON,103413_ARO_PASANTE_SEMI_ARGOLLA_ESLABON.jpg
103414,ARO_PASANTE_SEMI_ARGOLLA_GRANDE_CORRUGADO,103414_ARO_PASANTE_SEMI_ARGOLLA_GRANDE_CORRUGADO.jpg
103415,ARO_PASANTE_SEMI_ARGOLLA_GRANDE_CORRUGADO,103415_ARO_PASANTE_SEMI_ARGOLLA_GRANDE_CORRUGADO.jpg
103416,ARO_PASANTE_SEMI_ARGOLLA_GRANDE_ESTILO_GOTA,103416_ARO_PASANTE_SEMI_ARGOLLA_GRANDE_ESTILO_GOTA.jpg
103417,ARO_PASANTE_SEMI_ARGOLLA_GRANDE_ESTILO_GOTA,103417_ARO_PASANTE_SEMI_ARGOLLA_GRANDE_ESTILO_GOTA.jpg
103418,ARO_PASANTE_SEMI_ARGOLLA_GRANDE_PLANA,103418_ARO_PASANTE_SEMI_ARGOLLA_GRANDE_PLANA.jpg
103419,ARO_PASANTE_SEMI_ARGOLLA_GRANDE_PLANA,103419_ARO_PASANTE_SEMI_ARGOLLA_GRANDE_PLANA.jpg
103420,ARO_PASANTE_SEMI_ARGOLLA_MEDIANA,103420_ARO_PASANTE_SEMI_ARGOLLA_MEDIANA.jpg
103421,ARO_PASANTE_SEMI_ARGOLLA_MEDIANA,103421_ARO_PASANTE_SEMI_ARGOLLA_MEDIANA.jpg
103422,ARO_PASANTE_SEMI_ARGOLLA_MEDIANA_CORRUGADA,103422_ARO_PASANTE_SEMI_ARGOLLA_MEDIANA_CORRUGADA.jpg
103423,ARO_PASANTE_SEMI_ARGOLLA_MEDIANA_CORRUGADA,103423_ARO_PASANTE_SEMI_ARGOLLA_MEDIANA_CORRUGADA.jpg
103424,ARO_PASANTE_SEMI_ARGOLLA_METAL_CAÑO_GRUESO,103424_ARO_PASANTE_SEMI_ARGOLLA_METAL_CAÑO_GRUESO.jpg
103425,ARO_PASANTE_SEMI_ARGOLLA_METAL_CAÑO_GRUESO,103425_ARO_PASANTE_SEMI_ARGOLLA_METAL_CAÑO_GRUESO.jpg
103426,ARO_PASANTE_SEMI_ARGOLLA_PLANA,103426_ARO_PASANTE_SEMI_ARGOLLA_PLANA.jpg
103427,ARO_PASANTE_SEMI_ARGOLLA_PLANA,103427_ARO_PASANTE_SEMI_ARGOLLA_PLANA.jpg
103428,ARO_PASANTE_SEMI_ARGOLLA_PLANA_RUSTICA,103428_ARO_PASANTE_SEMI_ARGOLLA_PLANA_RUSTICA.jpg
103429,ARO_PASANTE_SEMI_ARGOLLA_PLANA_RUSTICA,103429_ARO_PASANTE_SEMI_ARGOLLA_PLANA_RUSTICA.jpg
103430,ARO_PASANTE_SEMI_ARGOLLA_SECCIONES,103430_ARO_PASANTE_SEMI_ARGOLLA_SECCIONES.jpg
103431,ARO_PASANTE_SEMI_ARGOLLA_SECCIONES,103431_ARO_PASANTE_SEMI_ARGOLLA_SECCIONES.jpg
103432,ARO_PASANTE_SEMI_CORAZON_PLATEADO,103432_ARO_PASANTE_SEMI_CORAZON_PLATEADO.jpg
103433,ARO_PASANTE_SEMI_CUADRADO_GRANDE,103433_ARO_PASANTE_SEMI_CUADRADO_GRANDE.jpg
103434,ARO_PASANTE_SEMI_CUADRADO_GRANDE,103434_ARO_PASANTE_SEMI_CUADRADO_GRANDE.jpg
103435,ARO_PASANTE_SEMI_CUADRADO_REDONDEADO,103435_ARO_PASANTE_SEMI_CUADRADO_REDONDEADO.jpg
103436,ARO_PASANTE_SEMI_CUADRADO_REDONDEADO,103436_ARO_PASANTE_SEMI_CUADRADO_REDONDEADO.jpg
103437,ARO_PASANTE_SEMI_ESFERA_CHICA,103437_ARO_PASANTE_SEMI_ESFERA_CHICA.jpg
103438,ARO_PASANTE_SEMI_ESFERA_CHICA,103438_ARO_PASANTE_SEMI_ESFERA_CHICA.jpg
103439,ARO_PASANTE_SEMI_ESFERA_MEDIANA,103439_ARO_PASANTE_SEMI_ESFERA_MEDIANA.jpg
103440,ARO_PASANTE_SEMI_ESFERA_MEDIANA,103440_ARO_PASANTE_SEMI_ESFERA_MEDIANA.jpg
103441,ARO_PASANTE_SEMI_ESLABON_MEDIANO,103441_ARO_PASANTE_SEMI_ESLABON_MEDIANO.jpg
103442,ARO_PASANTE_SEMI_ESLABON_MEDIANO,103442_ARO_PASANTE_SEMI_ESLABON_MEDIANO.jpg
103443,ARO_PASANTE_TRIANGULO_GRANDE_DORADO,103443_ARO_PASANTE_TRIANGULO_GRANDE_DORADO.jpg
103444,ARO_PASANTE_TRIPLE_ARGOLLA_BOLITAS,103444_ARO_PASANTE_TRIPLE_ARGOLLA_BOLITAS.jpg
103445,ARO_PASANTE_TRIPLE_ARGOLLA_BOLITAS,103445_ARO_PASANTE_TRIPLE_ARGOLLA_BOLITAS.jpg
103446,ARO_PASANTE_TRIPLE_ARGOLLA_DORADO,103446_ARO_PASANTE_TRIPLE_ARGOLLA_DORADO.jpg
103463,BROCHE_GRANDE_ANIMAL_PRINT_BEIGE_CLARO,103463_BROCHE_GRANDE_ANIMAL_PRINT_BEIGE_CLARO.jpg
103464,BROCHE_GRANDE_ANIMAL_PRINT_BEIGE_OSCURO,103464_BROCHE_GRANDE_ANIMAL_PRINT_BEIGE_OSCURO.jpg
103465,BROCHE_GRANDE_CORAZON_CALADO_DORADO,103465_BROCHE_GRANDE_CORAZON_CALADO_DORADO.jpg
103466,BROCHE_GRANDE_CORAZON_CALADO_PLATEADO,103466_BROCHE_GRANDE_CORAZON_CALADO_PLATEADO.jpg
103467,BROCHE_GRANDE_EFECTO_VIDRIO_CELESTE_LILA,103467_BROCHE_GRANDE_EFECTO_VIDRIO_CELESTE_LILA.jpg
103468,BROCHE_GRANDE_EFECTO_VIDRIO_ROSA_AMARILLO,103468_BROCHE_GRANDE_EFECTO_VIDRIO_ROSA_AMARILLO.jpg
103469,BROCHE_GRANDE_FLOR_MATE_CRUDO,103469_BROCHE_GRANDE_FLOR_MATE_CRUDO.jpg
103470,BROCHE_GRANDE_FLOR_MATE_NEGRO,103470_BROCHE_GRANDE_FLOR_MATE_NEGRO.jpg
103471,BROCHE_GRANDE_FLOR_MATE_ROSA,103471_BROCHE_GRANDE_FLOR_MATE_ROSA.jpg
103472,BROCHE_GRANDE_MATE_CRUDO,103472_BROCHE_GRANDE_MATE_CRUDO.jpg
103473,BROCHE_GRANDE_MATE_ROSA,103473_BROCHE_GRANDE_MATE_ROSA.jpg
103474,BROCHE_GRANDE_MATE_VERDE,103474_BROCHE_GRANDE_MATE_VERDE.jpg
103560,GOMITA_C__MOÑO_METAL_DORADO,103560_GOMITA_C__MOÑO_METAL_DORADO.jpg
103561,GOMITA_C__PIEZA_METAL_DORADO_,103561_GOMITA_C__PIEZA_METAL_DORADO_.jpg
103562,HEBILLA_METAL_CORAZONES_DORADO,103562_HEBILLA_METAL_CORAZONES_DORADO.jpg
103563,HEBILLA_METAL_DORADO,103563_HEBILLA_METAL_DORADO.jpg
103564,HEBILLA_METAL_MOÑO_DORADO,103564_HEBILLA_METAL_MOÑO_DORADO.jpg
103565,HEBILLA_MOÑO_C__CORAZONES_CORAL,103565_HEBILLA_MOÑO_C__CORAZONES_CORAL.jpg
103566,HEBILLA_MOÑO_DOBLE_C__LENTEJUELAS_ESTRELLA_ROSA,103566_HEBILLA_MOÑO_DOBLE_C__LENTEJUELAS_ESTRELLA_ROSA.jpg
103567,HEBILLA_MOÑO_DOBLE_TUL_TORNASOL_BLANCO,103567_HEBILLA_MOÑO_DOBLE_TUL_TORNASOL_BLANCO.jpg
103568,HEBILLA_MOÑO_GRANDE_DOBLE_BORDO,103568_HEBILLA_MOÑO_GRANDE_DOBLE_BORDO.jpg
103569,HEBILLA_MOÑO_GRANDE_DOBLE_FUCSIA_VIOLETA,103569_HEBILLA_MOÑO_GRANDE_DOBLE_FUCSIA_VIOLETA.jpg
103570,HEBILLA_MOÑO_GRANDE_DOBLE_ROJO,103570_HEBILLA_MOÑO_GRANDE_DOBLE_ROJO.jpg
103571,HEBILLA_MOÑO_GRANDE_DOBLE_ROSA,103571_HEBILLA_MOÑO_GRANDE_DOBLE_ROSA.jpg
103572,HEBILLA_MOÑO_SALMON,103572_HEBILLA_MOÑO_SALMON.jpg
103633,PULSERA_CANUTILLO_METAL_CUENTAS_C__DIJES_METAL_TURQUESA,103633_PULSERA_CANUTILLO_METAL_CUENTAS_C__DIJES_METAL_TURQUESA.jpg
103634,PULSERA_CANUTILLO_METAL_FASCETADAS_C__DIJES,103634_PULSERA_CANUTILLO_METAL_FASCETADAS_C__DIJES.jpg
103635,PULSERA_CANUTILLO_METAL_FASCETADAS_C__MARIPOSAS,103635_PULSERA_CANUTILLO_METAL_FASCETADAS_C__MARIPOSAS.jpg
103636,PULSERA_CANUTILLO_METAL_REDONDAS_TORNASOL_PLATEADO,103636_PULSERA_CANUTILLO_METAL_REDONDAS_TORNASOL_PLATEADO.jpg
103637,PULSERA_CRISTAL_FASCETADO_TORNASOL_VERDE,103637_PULSERA_CRISTAL_FASCETADO_TORNASOL_VERDE.jpg
103638,PULSERA_CRISTAL_FASCETADO_TORNASOL_VIOLETA,103638_PULSERA_CRISTAL_FASCETADO_TORNASOL_VIOLETA.jpg
103639,PULSERA_CRISTAL_REDONDO_C__MARIPOSAS_AZUL,103639_PULSERA_CRISTAL_REDONDO_C__MARIPOSAS_AZUL.jpg
103640,PULSERA_CRISTAL_REDONDO_C__MARIPOSAS_NEGRO,103640_PULSERA_CRISTAL_REDONDO_C__MARIPOSAS_NEGRO.jpg
103641,PULSERA_CRISTAL_REDONDO_C__MARIPOSAS_PLATEADO,103641_PULSERA_CRISTAL_REDONDO_C__MARIPOSAS_PLATEADO.jpg
103650,PULSERA_CUENTAS_C__CRUZ_MADERA,103650_PULSERA_CUENTAS_C__CRUZ_MADERA.jpg
103651,PULSERA_CUENTAS_FLOREADAS_NARANJA,103651_PULSERA_CUENTAS_FLOREADAS_NARANJA.jpg
103652,PULSERA_CUENTAS_MADERA_CARAMELO,103652_PULSERA_CUENTAS_MADERA_CARAMELO.jpg
103653,PULSERA_CUENTAS_MADERA_CHOCOLATE,103653_PULSERA_CUENTAS_MADERA_CHOCOLATE.jpg
103654,PULSERA_CUENTAS_VIDRIO_REDONDAS_CUADRADAS_FASCETADAS_COBRE,103654_PULSERA_CUENTAS_VIDRIO_REDONDAS_CUADRADAS_FASCETADAS_COBRE.jpg
103655,PULSERA_CUENTAS_VIDRIO_REDONDAS_CUADRADAS_FASCETADAS_NEGRO,103655_PULSERA_CUENTAS_VIDRIO_REDONDAS_CUADRADAS_FASCETADAS_NEGRO.jpg
103656,PULSERA_CUENTAS_VIDRIO_REDONDAS_CUADRADAS_FASCETADAS_ROJO,103656_PULSERA_CUENTAS_VIDRIO_REDONDAS_CUADRADAS_FASCETADAS_ROJO.jpg
103657,PULSERA_CUENTAS_VIDRIO_REDONDAS_CUADRADAS_FASCETADAS_ROSA,103657_PULSERA_CUENTAS_VIDRIO_REDONDAS_CUADRADAS_FASCETADAS_ROSA.jpg
103658,PULSERA_CUENTAS_VIDRIO_REDONDAS_CUADRADAS_FASCETADAS_VIOLETA,103658_PULSERA_CUENTAS_VIDRIO_REDONDAS_CUADRADAS_FASCETADAS_VIOLETA.jpg
103659,PULSERA_CUENTAS_VIDRIO_REDONDAS_FASCETADAS_CELESTE,103659_PULSERA_CUENTAS_VIDRIO_REDONDAS_FASCETADAS_CELESTE.jpg
103660,PULSERA_CUENTAS_VIDRIO_REDONDAS_FASCETADAS_COBRE,103660_PULSERA_CUENTAS_VIDRIO_REDONDAS_FASCETADAS_COBRE.jpg
103661,PULSERA_CUENTAS_VIDRIO_REDONDAS_FASCETADAS_ROJO,103661_PULSERA_CUENTAS_VIDRIO_REDONDAS_FASCETADAS_ROJO.jpg
103662,PULSERA_CUENTAS_VIDRIO_REDONDAS_FASCETADAS_ROSA,103662_PULSERA_CUENTAS_VIDRIO_REDONDAS_FASCETADAS_ROSA.jpg
103663,PULSERA_CUENTAS_VIDRIO_REDONDAS_FASCETADAS_VERDE,103663_PULSERA_CUENTAS_VIDRIO_REDONDAS_FASCETADAS_VERDE.jpg
103664,PULSERA_CUENTAS_VIDRIO_REDONDAS_FASCETADAS_VIOLETA,103664_PULSERA_CUENTAS_VIDRIO_REDONDAS_FASCETADAS_VIOLETA.jpg
103665,PULSERA_CUENTAS_VIDRIO_REDONDAS_OVALADAS_GRIS,103665_PULSERA_CUENTAS_VIDRIO_REDONDAS_OVALADAS_GRIS.jpg
103666,PULSERA_CUENTAS_VIDRIO_REDONDAS_OVALADAS_VERDE,103666_PULSERA_CUENTAS_VIDRIO_REDONDAS_OVALADAS_VERDE.jpg
103667,PULSERA_DISCOS_MADERA_C__VIRGENCITA_CARAMELO,103667_PULSERA_DISCOS_MADERA_C__VIRGENCITA_CARAMELO.jpg
103668,PULSERA_DISCOS_MADERA_C__VIRGENCITA_CHOCOLATE,103668_PULSERA_DISCOS_MADERA_C__VIRGENCITA_CHOCOLATE.jpg
103669,PULSERA_DISCOS_MADERA_C__VIRGENCITA_NEGRO,103669_PULSERA_DISCOS_MADERA_C__VIRGENCITA_NEGRO.jpg
103670,PULSERA_FASCETADA_REDONDA_OJO_TURCO_CELESTE,103670_PULSERA_FASCETADA_REDONDA_OJO_TURCO_CELESTE.jpg
103671,PULSERA_FASCETADA_REDONDA_OJO_TURCO_NEGRO,103671_PULSERA_FASCETADA_REDONDA_OJO_TURCO_NEGRO.jpg
103672,PULSERA_FASCETADA_REDONDA_OJO_TURCO_ROJO,103672_PULSERA_FASCETADA_REDONDA_OJO_TURCO_ROJO.jpg
103673,PULSERA_FASCETADA_REDONDA_OJO_TURCO_TRANSPARENTE,103673_PULSERA_FASCETADA_REDONDA_OJO_TURCO_TRANSPARENTE.jpg
103674,PULSERA_HILO_MIXTO_REGULABLE_C__OJO_TURCO_AZUL,103674_PULSERA_HILO_MIXTO_REGULABLE_C__OJO_TURCO_AZUL.jpg
103675,PULSERA_HILO_REGULABLE_C__OJO_TURCO_AZUL,103675_PULSERA_HILO_REGULABLE_C__OJO_TURCO_AZUL.jpg
103676,PULSERA_HILO_REGULABLE_C__OJO_TURCO_AZUL,103676_PULSERA_HILO_REGULABLE_C__OJO_TURCO_AZUL.jpg
103677,PULSERA_HILO_REGULABLE_C__OJO_TURCO_AZUL_NEGRO,103677_PULSERA_HILO_REGULABLE_C__OJO_TURCO_AZUL_NEGRO.jpg
103678,PULSERA_HILO_REGULABLE_C__OJO_TURCO_AZUL_PLATEADO,103678_PULSERA_HILO_REGULABLE_C__OJO_TURCO_AZUL_PLATEADO.jpg
103679,PULSERA_HILO_REGULABLE_FASCETADO_C__OJO_TURCO_BLANCO,103679_PULSERA_HILO_REGULABLE_FASCETADO_C__OJO_TURCO_BLANCO.jpg
103680,PULSERA_HILO_REGULABLE_OJO_TURCO_CELESTE_PLATEADO_,103680_PULSERA_HILO_REGULABLE_OJO_TURCO_CELESTE_PLATEADO_.jpg
103681,PULSERA_HILO_REGULABLE_SIGNO_NEGRO_DORADO,103681_PULSERA_HILO_REGULABLE_SIGNO_NEGRO_DORADO.jpg
103682,PULSERA_HILO_REGULABLE_SIGNO_NEGRO_DORADO,103682_PULSERA_HILO_REGULABLE_SIGNO_NEGRO_DORADO.jpg
103683,PULSERA_HILO_REGULABLE_SIGNO_NEGRO_DORADO,103683_PULSERA_HILO_REGULABLE_SIGNO_NEGRO_DORADO.jpg
103684,PULSERA_HILO_REGULABLE_SIGNO_NEGRO_DORADO,103684_PULSERA_HILO_REGULABLE_SIGNO_NEGRO_DORADO.jpg
103685,PULSERA_HILO_REGULABLE_SIGNO_NEGRO_DORADO,103685_PULSERA_HILO_REGULABLE_SIGNO_NEGRO_DORADO.jpg
103686,PULSERA_HILO_REGULABLE_SIGNO_NEGRO_DORADO,103686_PULSERA_HILO_REGULABLE_SIGNO_NEGRO_DORADO.jpg
103687,PULSERA_HILO_REGULABLE_SIGNO_NEGRO_DORADO,103687_PULSERA_HILO_REGULABLE_SIGNO_NEGRO_DORADO.jpg
103688,PULSERA_HILO_REGULABLE_SIGNO_NEGRO_DORADO,103688_PULSERA_HILO_REGULABLE_SIGNO_NEGRO_DORADO.jpg
103689,PULSERA_HILO_REGULABLE_SIGNO_NEGRO_DORADO,103689_PULSERA_HILO_REGULABLE_SIGNO_NEGRO_DORADO.jpg
103690,PULSERA_HILO_REGULABLE_SIGNO_NEGRO_DORADO,103690_PULSERA_HILO_REGULABLE_SIGNO_NEGRO_DORADO.jpg
103691,PULSERA_HILO_REGULABLE_SIGNO_NEGRO_DORADO,103691_PULSERA_HILO_REGULABLE_SIGNO_NEGRO_DORADO.jpg
103692,PULSERA_HILO_REGULABLE_SIGNO_NEGRO_DORADO,103692_PULSERA_HILO_REGULABLE_SIGNO_NEGRO_DORADO.jpg
103693,PULSERA_HILO_TRENZADO_REGULABLE_C__MANITO_CELESTE,103693_PULSERA_HILO_TRENZADO_REGULABLE_C__MANITO_CELESTE.jpg
103694,PULSERA_HILO_TRENZADO_REGULABLE_C__OJO_TURCO_CELESTE,103694_PULSERA_HILO_TRENZADO_REGULABLE_C__OJO_TURCO_CELESTE.jpg
103695,PULSERA_HILO_TRENZADO_REGULABLE_C__OJO_TURCO_REDONDO_AZUL,103695_PULSERA_HILO_TRENZADO_REGULABLE_C__OJO_TURCO_REDONDO_AZUL.jpg
103696,PULSERA_HILO_TRENZADO_REGULABLE_C__OJO_TURCO_REDONDO_CAMEL,103696_PULSERA_HILO_TRENZADO_REGULABLE_C__OJO_TURCO_REDONDO_CAMEL.jpg
103697,PULSERA_HILO_TRENZADO_REGULABLE_C__OJO_TURCO_ROMBO_AZUL,103697_PULSERA_HILO_TRENZADO_REGULABLE_C__OJO_TURCO_ROMBO_AZUL.jpg
103698,PULSERA_REDONDA_ACUARELA_CELESTE,103698_PULSERA_REDONDA_ACUARELA_CELESTE.jpg
103699,PULSERA_REGULABLE_CANUTILLO_C__CORAZON_BRILLO_ROJO,103699_PULSERA_REGULABLE_CANUTILLO_C__CORAZON_BRILLO_ROJO.jpg
103700,PULSERA_REGULABLE_CANUTILLO_C__CORAZON_ROJO,103700_PULSERA_REGULABLE_CANUTILLO_C__CORAZON_ROJO.jpg
103701,PULSERA_REGULABLE_CANUTILLO_C__CORAZON_ROJO_BLANCO,103701_PULSERA_REGULABLE_CANUTILLO_C__CORAZON_ROJO_BLANCO.jpg
103702,PULSERA_REGULABLE_CANUTILLO_C__TRIANGULO_BRILLO_ROJO_BLANCO,103702_PULSERA_REGULABLE_CANUTILLO_C__TRIANGULO_BRILLO_ROJO_BLANCO.jpg
103703,PULSERA_REGULABLE_CRISTAL_FASCETADAS_C__OJOS_ROJO,103703_PULSERA_REGULABLE_CRISTAL_FASCETADAS_C__OJOS_ROJO.jpg
103704,PULSERA_REGULABLE_CUENTAS_C__DIJE_MANITO_ROJO,103704_PULSERA_REGULABLE_CUENTAS_C__DIJE_MANITO_ROJO.jpg
103705,PULSERA_REGULABLE_FASCETADA_C__MANO_FATIMA_ROJO_BLANCO,103705_PULSERA_REGULABLE_FASCETADA_C__MANO_FATIMA_ROJO_BLANCO.jpg
103706,PULSERA_REGULABLE_FASCETADA_DISCOS_NEGRO_CELESTE,103706_PULSERA_REGULABLE_FASCETADA_DISCOS_NEGRO_CELESTE.jpg
103707,PULSERA_REGULABLE_FASCETADAS_C__CORAZON_PLATEADO_ROJO,103707_PULSERA_REGULABLE_FASCETADAS_C__CORAZON_PLATEADO_ROJO.jpg
103708,PULSERA_REGULABLE_FASCETADAS_CILINDRICAS_C__OJO_AZUL_CELESTE,103708_PULSERA_REGULABLE_FASCETADAS_CILINDRICAS_C__OJO_AZUL_CELESTE.jpg
103709,PULSERA_REGULABLE_MOSTACILLA_C__CARACOLES_ROJO,103709_PULSERA_REGULABLE_MOSTACILLA_C__CARACOLES_ROJO.jpg
103710,PULSERA_REGULABLE_MOSTACILLA_C__CRUZ_ROJO_BLANCO_PLATEADO,103710_PULSERA_REGULABLE_MOSTACILLA_C__CRUZ_ROJO_BLANCO_PLATEADO.jpg
103711,PULSERA_REGULABLE_MOSTACILLA_C__FLOR_ROJO_BLANCO,103711_PULSERA_REGULABLE_MOSTACILLA_C__FLOR_ROJO_BLANCO.jpg
103712,PULSERA_REGULABLE_MOSTACILLA_C__MANITO_NEGRO_CELESTE,103712_PULSERA_REGULABLE_MOSTACILLA_C__MANITO_NEGRO_CELESTE.jpg
103713,PULSERA_REGULABLE_MOSTACILLA_C__OJO_ROJO,103713_PULSERA_REGULABLE_MOSTACILLA_C__OJO_ROJO.jpg
103714,PULSERA_REGULABLE_MOSTACILLA_DORADO_ROJO,103714_PULSERA_REGULABLE_MOSTACILLA_DORADO_ROJO.jpg
103715,PULSERA_REGULABLE_MOSTACILLA_FASCETADA_C__CRUZ_PLATEADO_ROJO,103715_PULSERA_REGULABLE_MOSTACILLA_FASCETADA_C__CRUZ_PLATEADO_ROJO.jpg
103716,PULSERA_REGULABLE_MOSTACILLA_FASCETADA_C__OJO_TURCO_CELESTE,103716_PULSERA_REGULABLE_MOSTACILLA_FASCETADA_C__OJO_TURCO_CELESTE.jpg
103732,ROSARIO_MADERA_MARRON,103732_ROSARIO_MADERA_MARRON.jpg
103788,SCUNZI_CORAZON_DORADO_NEGRO,103788_SCUNZI_CORAZON_DORADO_NEGRO.jpg
103789,SCUNZI_CORAZON_PLATEADO_NEGRO,103789_SCUNZI_CORAZON_PLATEADO_NEGRO.jpg
103790,SCUNZI_TUL_C__FLOR_BRILLOS_BEIGE,103790_SCUNZI_TUL_C__FLOR_BRILLOS_BEIGE.jpg
103791,SCUNZI_CORAZON_DORADO_NEGRO_,103791_SCUNZI_CORAZON_DORADO_NEGRO_.jpg
103792,SET_COLITAS_CONEJO_C__MOÑO,103792_SET_COLITAS_CONEJO_C__MOÑO.jpg
103793,SET_COLLAR___PULSERA_INFANTIL_FLOR,103793_SET_COLLAR___PULSERA_INFANTIL_FLOR.jpg
103794,SET_GOMITA_MOÑO___PULSERA,103794_SET_GOMITA_MOÑO___PULSERA.jpg
103795,SET_GOMITAS___HEBILLA_MOÑO_TORNASOL_FUCSIA_ROSA,103795_SET_GOMITAS___HEBILLA_MOÑO_TORNASOL_FUCSIA_ROSA.jpg
103796,SET_GOMITAS___HEBILLAS_UNICORNIO,103796_SET_GOMITAS___HEBILLAS_UNICORNIO.jpg
103797,SET_GOMITAS_MOÑO___BROCHES_HELADO,103797_SET_GOMITAS_MOÑO___BROCHES_HELADO.jpg
103798,SET_HEBILLAS___GOMITAS_SIRENAS,103798_SET_HEBILLAS___GOMITAS_SIRENAS.jpg
103799,SET_HEBILLAS___INVISIBLES_METAL_BRILLOS,103799_SET_HEBILLAS___INVISIBLES_METAL_BRILLOS.jpg
103800,SET_HEBILLAS___SCUNZI_C__BRILLO_DORADO,103800_SET_HEBILLAS___SCUNZI_C__BRILLO_DORADO.jpg
103801,SET_INVISIBLES_METAL_MIXTOS,103801_SET_INVISIBLES_METAL_MIXTOS.jpg
103802,SET_INVISIBLES_METAL_NEGRO,103802_SET_INVISIBLES_METAL_NEGRO.jpg
103803,SET_PASANTES_PRESION_3_ESTRELLAS_PLATEADO,103803_SET_PASANTES_PRESION_3_ESTRELLAS_PLATEADO.jpg
103804,SET_PASANTES_PRESION_ARGOLLAS_DORADO,103804_SET_PASANTES_PRESION_ARGOLLAS_DORADO.jpg
103805,SET_PASANTES_PRESION_LUNA_ESTRELLA_PLATEADO,103805_SET_PASANTES_PRESION_LUNA_ESTRELLA_PLATEADO.jpg
103806,SET_PASANTES_PRESION_PERLA_DORADO,103806_SET_PASANTES_PRESION_PERLA_DORADO.jpg
103807,SET_PULSERAS_INFANTIL_LOVE,103807_SET_PULSERAS_INFANTIL_LOVE.jpg
103808,SET_PULSERAS_INFANTIL_MARIPOSA,103808_SET_PULSERAS_INFANTIL_MARIPOSA.jpg
103809,SET_X10_HEBILLAS_PLASTICAS_PASTEL,103809_SET_X10_HEBILLAS_PLASTICAS_PASTEL.jpg
103810,SET_X12_GOMITAS_INFANTIL_ROSA,103810_SET_X12_GOMITAS_INFANTIL_ROSA.jpg
103811,SET_X12_GOMITAS_INFANTIL_SURTIDO_PASTEL,103811_SET_X12_GOMITAS_INFANTIL_SURTIDO_PASTEL.jpg
103812,SET_X18_GOMITAS_SURTIDO_PASTEL,103812_SET_X18_GOMITAS_SURTIDO_PASTEL.jpg
103813,SET_X2_ANILLOS_INFANTILES_CONEJO_CEREZAS,103813_SET_X2_ANILLOS_INFANTILES_CONEJO_CEREZAS.jpg
103814,SET_X2_ANILLOS_INFANTILES_FLOR_CORAZON_LILA,103814_SET_X2_ANILLOS_INFANTILES_FLOR_CORAZON_LILA.jpg
103815,SET_X2_ANILLOS_INFANTILES_FLORES_PASTEL,103815_SET_X2_ANILLOS_INFANTILES_FLORES_PASTEL.jpg
103816,SET_X2_ANILLOS_INFANTILES_HELADO_CORAZON,103816_SET_X2_ANILLOS_INFANTILES_HELADO_CORAZON.jpg
103817,SET_X2_ANILLOS_INFANTILES_MOÑO_CHERRY,103817_SET_X2_ANILLOS_INFANTILES_MOÑO_CHERRY.jpg
103818,SET_X2_BROCHES_MEDIANOS_C__MOÑO,103818_SET_X2_BROCHES_MEDIANOS_C__MOÑO.jpg
103819,SET_X2_COLITAS_ANANA_FRUTILLA,103819_SET_X2_COLITAS_ANANA_FRUTILLA.jpg
103820,SET_X2_COLITAS_KIWI_SANDIA,103820_SET_X2_COLITAS_KIWI_SANDIA.jpg
103821,SET_X2_GOMITAS_C__APLIQUE_DONA,103821_SET_X2_GOMITAS_C__APLIQUE_DONA.jpg
103822,SET_X2_HEBILLA_MOÑO_CELESTE,103822_SET_X2_HEBILLA_MOÑO_CELESTE.jpg
103823,SET_X2_HEBILLAS_BRILLOS_C__MARIPOSAS_DORADO,103823_SET_X2_HEBILLAS_BRILLOS_C__MARIPOSAS_DORADO.jpg
103824,SET_X2_HEBILLAS_C__CEREZAS,103824_SET_X2_HEBILLAS_C__CEREZAS.jpg
103825,SET_X2_HEBILLAS_CORAZON_C__ESTRELLAS,103825_SET_X2_HEBILLAS_CORAZON_C__ESTRELLAS.jpg
103826,SET_X2_HEBILLAS_METAL_C__CARAMELO_FUCSIA,103826_SET_X2_HEBILLAS_METAL_C__CARAMELO_FUCSIA.jpg
103827,SET_X2_HEBILLAS_METAL_C__CARAMELO_LILA,103827_SET_X2_HEBILLAS_METAL_C__CARAMELO_LILA.jpg
103828,SET_X2_HEBILLAS_METAL_C__CORAZON_AMARILLO,103828_SET_X2_HEBILLAS_METAL_C__CORAZON_AMARILLO.jpg
103829,SET_X2_HEBILLAS_METAL_C__CORAZON_ROSA,103829_SET_X2_HEBILLAS_METAL_C__CORAZON_ROSA.jpg
103830,SET_X2_HEBILLAS_METAL_C__FLOR_CELESTE,103830_SET_X2_HEBILLAS_METAL_C__FLOR_CELESTE.jpg
103831,SET_X2_HEBILLAS_METAL_C__FLORES_VERDE,103831_SET_X2_HEBILLAS_METAL_C__FLORES_VERDE.jpg
103832,SET_X2_HEBILLAS_BRILLOS_C__MARIPOSAS_DORADO,103832_SET_X2_HEBILLAS_BRILLOS_C__MARIPOSAS_DORADO.jpg
103833,SET_X2_HEBILLAS_METAL_ESTRELLA,103833_SET_X2_HEBILLAS_METAL_ESTRELLA.jpg
103834,SET_X2_HEBILLAS_METAL_PLATEADO,103834_SET_X2_HEBILLAS_METAL_PLATEADO.jpg
103835,SET_X2_HEBILLAS_MOÑO_ALITAS___GOMITAS_PASTEL,103835_SET_X2_HEBILLAS_MOÑO_ALITAS___GOMITAS_PASTEL.jpg
103836,SET_X2_HEBILLAS_MOÑO_C__CORAZON_ROSA,103836_SET_X2_HEBILLAS_MOÑO_C__CORAZON_ROSA.jpg
103837,SET_X2_HEBILLAS_MOÑO_C__PERLA_BLANCO,103837_SET_X2_HEBILLAS_MOÑO_C__PERLA_BLANCO.jpg
103838,SET_X2_HEBILLAS_MOÑO_C__PERLA_ROSA,103838_SET_X2_HEBILLAS_MOÑO_C__PERLA_ROSA.jpg
103839,SET_X2_HEBILLAS_MOÑO_TUL_C__CEREZAS,103839_SET_X2_HEBILLAS_MOÑO_TUL_C__CEREZAS.jpg
103840,SET_X2_HEBILLAS_MOÑOS_C__APLIQUE_HELADO,103840_SET_X2_HEBILLAS_MOÑOS_C__APLIQUE_HELADO.jpg
103841,SET_X2_HEBILLAS_MOÑOS_CHICOS_C__CORAZONES,103841_SET_X2_HEBILLAS_MOÑOS_CHICOS_C__CORAZONES.jpg
103842,SET_X2_HEBILLAS_MOÑOS_CHICOS_CELESTE,103842_SET_X2_HEBILLAS_MOÑOS_CHICOS_CELESTE.jpg
103843,SET_X2_HEBILLAS_MOÑOS_CHICOS_CELESTE_LILA,103843_SET_X2_HEBILLAS_MOÑOS_CHICOS_CELESTE_LILA.jpg
103844,SET_X2_HEBILLAS_MOÑOS_CHICOS_CRUDO_ROSA,103844_SET_X2_HEBILLAS_MOÑOS_CHICOS_CRUDO_ROSA.jpg
103845,SET_X2_HEBILLAS_MOÑOS_CHICOS_ESTAMPADO_CEREZAS,103845_SET_X2_HEBILLAS_MOÑOS_CHICOS_ESTAMPADO_CEREZAS.jpg
103846,SET_X2_HEBILLAS_MOÑOS_CHICOS_FUCSIA,103846_SET_X2_HEBILLAS_MOÑOS_CHICOS_FUCSIA.jpg
103847,SET_X2_HEBILLAS_MOÑOS_CHICOS_ROSA,103847_SET_X2_HEBILLAS_MOÑOS_CHICOS_ROSA.jpg
103848,SET_X2_HEBILLAS_MOÑOS_CHICOS_ROSA_VIOLETA,103848_SET_X2_HEBILLAS_MOÑOS_CHICOS_ROSA_VIOLETA.jpg
103849,SET_X2_HEBILLAS_MOÑOS_DE_TUL_ROSA,103849_SET_X2_HEBILLAS_MOÑOS_DE_TUL_ROSA.jpg
103850,SET_X2_HEBILLAS_MOÑOS_GLITTER_BLANCO_VERDE,103850_SET_X2_HEBILLAS_MOÑOS_GLITTER_BLANCO_VERDE.jpg
103851,SET_X2_HEBILLAS_MOÑOS_GLITTER_ROSA_BLANCO,103851_SET_X2_HEBILLAS_MOÑOS_GLITTER_ROSA_BLANCO.jpg
103852,SET_X2_HEBILLAS_MOÑOS_MEDIANOS_BLANCO,103852_SET_X2_HEBILLAS_MOÑOS_MEDIANOS_BLANCO.jpg
103853,SET_X2_HEBILLAS_MOÑOS_MEDIANOS_DOBLE_ROSA,103853_SET_X2_HEBILLAS_MOÑOS_MEDIANOS_DOBLE_ROSA.jpg
103854,SET_X2_HEBILLAS_MOÑOS_PASTEL_ROSA,103854_SET_X2_HEBILLAS_MOÑOS_PASTEL_ROSA.jpg
103855,SET_X2_MOÑOS___GOMITAS_FUCSIA,103855_SET_X2_MOÑOS___GOMITAS_FUCSIA.jpg
103860,SET_X3_ANILLOS_BRILLOS_DORADO,103860_SET_X3_ANILLOS_BRILLOS_DORADO.jpg
103861,SET_X3_ANILLOS_CORAZON_LUNA_ESTRELLA_DORADO,103861_SET_X3_ANILLOS_CORAZON_LUNA_ESTRELLA_DORADO.jpg
103862,SET_X3_ANILLOS_BRILLOS_DORADO,103862_SET_X3_ANILLOS_BRILLOS_DORADO.jpg
103863,SET_X3_ANILLOS_FINITO_CRUZADO_DORADO_,103863_SET_X3_ANILLOS_FINITO_CRUZADO_DORADO_.jpg
103864,SET_X3_ANILLOS_BRILLOS_DORADO,103864_SET_X3_ANILLOS_BRILLOS_DORADO.jpg
103865,SET_X3_ANILLOS_PERLITA_MANO_CORAZONES_PLATEADO,103865_SET_X3_ANILLOS_PERLITA_MANO_CORAZONES_PLATEADO.jpg
103866,SET_X3_ANILLOS_PERLITA_MEDIA_CRUZ_DORADO,103866_SET_X3_ANILLOS_PERLITA_MEDIA_CRUZ_DORADO.jpg
103867,SET_X3_ANILLOS_PIEDRA_CUADRADA_ESLABONES_DORADO_,103867_SET_X3_ANILLOS_PIEDRA_CUADRADA_ESLABONES_DORADO_.jpg
103868,SET_X3_ANILLOS_PIEDRA_CUADRADA_LISO_PLATEADO,103868_SET_X3_ANILLOS_PIEDRA_CUADRADA_LISO_PLATEADO.jpg
103869,SET_X3_ANILLOS_TORZADO_ABRAZO_PLATEADO,103869_SET_X3_ANILLOS_TORZADO_ABRAZO_PLATEADO.jpg
103870,SET_X3_GOMITAS_C__CONEJITOS_SILICONA_FUCSIA,103870_SET_X3_GOMITAS_C__CONEJITOS_SILICONA_FUCSIA.jpg
103871,SET_X3_GOMITAS_GRANDES_LISAS_SURTIDO,103871_SET_X3_GOMITAS_GRANDES_LISAS_SURTIDO.jpg
103872,SET_X3_GOMITAS_GRANDES_RAYADO_SURTIDO,103872_SET_X3_GOMITAS_GRANDES_RAYADO_SURTIDO.jpg
103873,SET_X3_HEBILLA_MOÑO_CORAZON_C__LENTEJUELA_ROSA_CRUDO,103873_SET_X3_HEBILLA_MOÑO_CORAZON_C__LENTEJUELA_ROSA_CRUDO.jpg
103874,SET_X3_HEBILLAS_CUADRADAS_BEIGE_ROSA,103874_SET_X3_HEBILLAS_CUADRADAS_BEIGE_ROSA.jpg
103875,SET_X3_HEBILLAS_METAL_CORAZONES_ROSA,103875_SET_X3_HEBILLAS_METAL_CORAZONES_ROSA.jpg
103876,SET_X3_HEBILLAS_METAL_ONDULADAS_PASTEL,103876_SET_X3_HEBILLAS_METAL_ONDULADAS_PASTEL.jpg
103877,SET_X3_HEBILLAS_MOÑO_BRILLOS,103877_SET_X3_HEBILLAS_MOÑO_BRILLOS.jpg
103878,SET_X3_HEBILLAS_MOÑO_CORAL,103878_SET_X3_HEBILLAS_MOÑO_CORAL.jpg
103879,SET_X3_HEBILLAS_MOÑO_HEBILLA_CARAMELO_INFLABLE_ROSA,103879_SET_X3_HEBILLAS_MOÑO_HEBILLA_CARAMELO_INFLABLE_ROSA.jpg
103880,SET_X3_HEBILLAS_MOÑOS_CINTA_LILA,103880_SET_X3_HEBILLAS_MOÑOS_CINTA_LILA.jpg
103881,SET_X3_PASANTES_ARGOLLA_GRANDE_C__DIJE_PLATEADO,103881_SET_X3_PASANTES_ARGOLLA_GRANDE_C__DIJE_PLATEADO.jpg
103882,SET_X3_PASANTES_SEMI_ARGOLLA_PLATEADO,103882_SET_X3_PASANTES_SEMI_ARGOLLA_PLATEADO.jpg
103883,SET_X4_ANILLOS_INFANTIL_HELADO_FLOR_CORAZON,103883_SET_X4_ANILLOS_INFANTIL_HELADO_FLOR_CORAZON.jpg
103884,SET_X4_BROCHES___HEBILLAS_CORAZON_TRANSPARENTE_PASTEL,103884_SET_X4_BROCHES___HEBILLAS_CORAZON_TRANSPARENTE_PASTEL.jpg
103885,SET_X4_BROCHES_CHICOS_C__CORAZON_TRANSPARENTES,103885_SET_X4_BROCHES_CHICOS_C__CORAZON_TRANSPARENTES.jpg
103886,SET_X4_BROCHES_CHICOS_FLORES___GOMITAS_CONEJO___HEBILLA,103886_SET_X4_BROCHES_CHICOS_FLORES___GOMITAS_CONEJO___HEBILLA.jpg
103887,SET_X4_BROCHES_CHICOS_FLORES___HEBILLA_MOÑO_CHICO,103887_SET_X4_BROCHES_CHICOS_FLORES___HEBILLA_MOÑO_CHICO.jpg
103888,SET_X4_BROCHES_CHICOS_MATE_PASTEL,103888_SET_X4_BROCHES_CHICOS_MATE_PASTEL.jpg
103889,SET_X4_BROCHES_CHICOS_MATE_PASTEL,103889_SET_X4_BROCHES_CHICOS_MATE_PASTEL.jpg
103890,SET_X4_BROCHES_CHICOS_ONDULADOS_MATE_PASTEL,103890_SET_X4_BROCHES_CHICOS_ONDULADOS_MATE_PASTEL.jpg
103891,SET_X4_BROCHES_CHICOS_TORNASOL_ALMEJA,103891_SET_X4_BROCHES_CHICOS_TORNASOL_ALMEJA.jpg
103892,SET_X4_COLITAS_C__MOÑO_PASTEL,103892_SET_X4_COLITAS_C__MOÑO_PASTEL.jpg
103893,SET_X4_COLITAS_PRINT_PASTEL,103893_SET_X4_COLITAS_PRINT_PASTEL.jpg
103894,SET_X4_COLITAS_RAYADO_PASTEL,103894_SET_X4_COLITAS_RAYADO_PASTEL.jpg
103895,SET_X4_GOMITAS_CABLE_SURTIDO_BRILLANTE,103895_SET_X4_GOMITAS_CABLE_SURTIDO_BRILLANTE.jpg
103896,SET_X4_GOMITAS_CABLE_SURTIDO_NUDE,103896_SET_X4_GOMITAS_CABLE_SURTIDO_NUDE.jpg
103897,SET_X4_GOMITAS_CHICAS_MARRON,103897_SET_X4_GOMITAS_CHICAS_MARRON.jpg
103898,SET_X4_HEBILLAS___INVISIBLES_METAL_PASTEL,103898_SET_X4_HEBILLAS___INVISIBLES_METAL_PASTEL.jpg
103899,SET_X4_HEBILLAS_CEREZAS_ROJO,103899_SET_X4_HEBILLAS_CEREZAS_ROJO.jpg
103900,SET_X4_HEBILLAS_DE_SILICONA_VIOLETA,103900_SET_X4_HEBILLAS_DE_SILICONA_VIOLETA.jpg
103901,SET_X4_HEBILLAS_MARIPOSAS_MOÑOS_BRILLOS,103901_SET_X4_HEBILLAS_MARIPOSAS_MOÑOS_BRILLOS.jpg
103902,SET_X4_HEBILLAS_METAL_LISAS_ESTAMPADAS,103902_SET_X4_HEBILLAS_METAL_LISAS_ESTAMPADAS.jpg
103903,SET_X4_HEBILLAS_MOÑOS___MARIPOSAS_CELESTE,103903_SET_X4_HEBILLAS_MOÑOS___MARIPOSAS_CELESTE.jpg
103904,SET_X4_MINI_GOMITAS_C__BOLITAS_OREJITAS,103904_SET_X4_MINI_GOMITAS_C__BOLITAS_OREJITAS.jpg
103905,SET_X4_MINI_GOMITAS_RAYADAS_C__BOLITAS,103905_SET_X4_MINI_GOMITAS_RAYADAS_C__BOLITAS.jpg
103906,SET_X4_OREJITAS_C__ESTRELLAS_BLANCO_ROSA,103906_SET_X4_OREJITAS_C__ESTRELLAS_BLANCO_ROSA.jpg
103907,SET_X4_OREJITAS_C__ESTRELLAS_FUCSIA_BLANCO,103907_SET_X4_OREJITAS_C__ESTRELLAS_FUCSIA_BLANCO.jpg
103908,SET_X4_OREJITAS_C__ESTRELLAS_NARANJA_BLANCO,103908_SET_X4_OREJITAS_C__ESTRELLAS_NARANJA_BLANCO.jpg
103909,SET_X4_OREJITAS_C__ESTRELLAS_NEGRO_BLANCO,103909_SET_X4_OREJITAS_C__ESTRELLAS_NEGRO_BLANCO.jpg
103910,SET_X4_OREJITAS_C__ESTRELLAS_ROJO_BLANCO,103910_SET_X4_OREJITAS_C__ESTRELLAS_ROJO_BLANCO.jpg
103911,SET_X4_OREJITAS_C__ESTRELLAS_VERDE_BLANCO,103911_SET_X4_OREJITAS_C__ESTRELLAS_VERDE_BLANCO.jpg
103912,SET_X4_OREJITAS_C__POMPON_FUCSIA_NEGRO,103912_SET_X4_OREJITAS_C__POMPON_FUCSIA_NEGRO.jpg
103913,SET_X4_OREJITAS_C__POMPON_ROSA_FLUO,103913_SET_X4_OREJITAS_C__POMPON_ROSA_FLUO.jpg
103914,SET_X4_OREJITAS_C__POMPON_TURQUESA,103914_SET_X4_OREJITAS_C__POMPON_TURQUESA.jpg
103915,SET_X5_BROCHES_CHICOS_CORONITA___COLITAS,103915_SET_X5_BROCHES_CHICOS_CORONITA___COLITAS.jpg
103916,SET_X5_BROCHES_CHICOS_FLORES___COLITAS,103916_SET_X5_BROCHES_CHICOS_FLORES___COLITAS.jpg
103917,SET_X5_COLITAS_DEGRADE_CELESTE,103917_SET_X5_COLITAS_DEGRADE_CELESTE.jpg
103918,SET_X5_COLITAS_DEGRADE_ROSA,103918_SET_X5_COLITAS_DEGRADE_ROSA.jpg
103919,SET_X5_GOMITAS_C__APLIQUE,103919_SET_X5_GOMITAS_C__APLIQUE.jpg
103920,SET_X6_BROCHES_CHICOS_CUADRADOS_PASTEL,103920_SET_X6_BROCHES_CHICOS_CUADRADOS_PASTEL.jpg
103921,SET_X6_BROCHES_CHICOS_MOÑOS_PASTEL,103921_SET_X6_BROCHES_CHICOS_MOÑOS_PASTEL.jpg
103922,SET_X6_GOMITAS_CLASICOS_BRILLOS,103922_SET_X6_GOMITAS_CLASICOS_BRILLOS.jpg
103923,SET_X6_GOMITAS_GRANDES_MARRON,103923_SET_X6_GOMITAS_GRANDES_MARRON.jpg
103924,SET_X6_GOMITAS_MEDIANAS_BRILLOS_FRUTILLAS,103924_SET_X6_GOMITAS_MEDIANAS_BRILLOS_FRUTILLAS.jpg
103925,SET_X6_GOMITAS_MEDIANAS_C__ESTRELLA_PLATEADO_NEGRO,103925_SET_X6_GOMITAS_MEDIANAS_C__ESTRELLA_PLATEADO_NEGRO.jpg
103926,SET_X6_GOMITAS_MEDIANAS_MARRON,103926_SET_X6_GOMITAS_MEDIANAS_MARRON.jpg
103927,SET_X6_HEBILLAS_MOÑOS_CHICOS_C__CORAZONES,103927_SET_X6_HEBILLAS_MOÑOS_CHICOS_C__CORAZONES.jpg
103928,SET_X6_HEBILLAS_NEGRO,103928_SET_X6_HEBILLAS_NEGRO.jpg
103929,SET_X6_MINI_BROCHES_ESTRELLA_SURTIDO,103929_SET_X6_MINI_BROCHES_ESTRELLA_SURTIDO.jpg
103930,SET_X6_MINI_BROCHES_ESTRELLA_SURTIDO_BRILLANTE,103930_SET_X6_MINI_BROCHES_ESTRELLA_SURTIDO_BRILLANTE.jpg
103931,SET_X6_MINI_BROCHES_FLORCITAS_SURTIDO,103931_SET_X6_MINI_BROCHES_FLORCITAS_SURTIDO.jpg
103932,SET_X7_MINI_BROCHES_SURTIDOS_PASTEL,103932_SET_X7_MINI_BROCHES_SURTIDOS_PASTEL.jpg
103933,SET_X8_HEBILLAS___GOMITAS_PASTEL,103933_SET_X8_HEBILLAS___GOMITAS_PASTEL.jpg
103934,SET_X8_HEBILLAS_ANCHAS_FINAS_ROSA,103934_SET_X8_HEBILLAS_ANCHAS_FINAS_ROSA.jpg
103996,ARMA_TU_LOOK,103996_ARMA_TU_LOOK.jpg
104059,CADENA_ROLO,104059_CADENA_ROLO.jpg
104098,ARO_PASANTE_INICIAL,104098_ARO_PASANTE_INICIAL.jpg
104099,ARO_PASANTE_INICIAL,104099_ARO_PASANTE_INICIAL.jpg
104100,ARO_PASANTE_INICIAL,104100_ARO_PASANTE_INICIAL.jpg
104101,ARO_PASANTE_INICIAL,104101_ARO_PASANTE_INICIAL.jpg
104102,ARO_PASANTE_INICIAL,104102_ARO_PASANTE_INICIAL.jpg
104103,ARO_PASANTE_INICIAL,104103_ARO_PASANTE_INICIAL.jpg
104104,ARO_PASANTE_INICIAL,104104_ARO_PASANTE_INICIAL.jpg
104105,ARO_PASANTE_INICIAL,104105_ARO_PASANTE_INICIAL.jpg
104106,ARO_PASANTE_INICIAL,104106_ARO_PASANTE_INICIAL.jpg
104107,ARO_PASANTE_INICIAL,104107_ARO_PASANTE_INICIAL.jpg
104108,ARO_PASANTE_INICIAL,104108_ARO_PASANTE_INICIAL.jpg
104109,ARO_PASANTE_INICIAL,104109_ARO_PASANTE_INICIAL.jpg
104110,ARO_PASANTE_INICIAL,104110_ARO_PASANTE_INICIAL.jpg
104111,ARO_PASANTE_INICIAL,104111_ARO_PASANTE_INICIAL.jpg
104112,ARO_PASANTE_INICIAL,104112_ARO_PASANTE_INICIAL.jpg
104128,ARO_PASANTE_PERLA_BLANCA_10_MM,104128_ARO_PASANTE_PERLA_BLANCA_10_MM.jpg
104129,ARO_PASANTE_PERLA_BLANCA_8_MM,104129_ARO_PASANTE_PERLA_BLANCA_8_MM.jpg
104130,ARO_PASANTE_PERLA_BLANCA_6_MM,104130_ARO_PASANTE_PERLA_BLANCA_6_MM.jpg
104131,ARO_PASANTE_PERLA_BLANCA_4_MM,104131_ARO_PASANTE_PERLA_BLANCA_4_MM.jpg
104132,ARO_PASANTE_CON_STRASS_DORADO_8_MM_,104132_ARO_PASANTE_CON_STRASS_DORADO_8_MM_.jpg
104133,ARO_PASANTE_CON_STRASS_DORADO_6_MM_,104133_ARO_PASANTE_CON_STRASS_DORADO_6_MM_.jpg
104134,ARO_PASANTE_CON_STRASS_DORADO_4_MM_,104134_ARO_PASANTE_CON_STRASS_DORADO_4_MM_.jpg
104135,ARO_PASANTE_CHISPA_STRASS_ENGARZADO_4_PUNTAS_10_MM_,104135_ARO_PASANTE_CHISPA_STRASS_ENGARZADO_4_PUNTAS_10_MM_.jpg
104136,ARO_PASANTE_CHISPA_STRASS_ENGARZADO_4_PUNTAS_8_MM_,104136_ARO_PASANTE_CHISPA_STRASS_ENGARZADO_4_PUNTAS_8_MM_.jpg
104137,ARO_PASANTE_CHISPA_STRASS_ENGARZADO_4_PUNTAS_6_MM_,104137_ARO_PASANTE_CHISPA_STRASS_ENGARZADO_4_PUNTAS_6_MM_.jpg
104138,ARO_PASANTE_CHISPA_STRASS_ENGARZADO_4_PUNTAS_5_MM_,104138_ARO_PASANTE_CHISPA_STRASS_ENGARZADO_4_PUNTAS_5_MM_.jpg
104139,ARO_PASANTE_CHISPA_VARIAS_PUNTAS_NIQUEL_12_MM_,104139_ARO_PASANTE_CHISPA_VARIAS_PUNTAS_NIQUEL_12_MM_.jpg
104140,ARO_PASANTE_CHISPA_4_PUNTAS_NIQUEL_6_MM,104140_ARO_PASANTE_CHISPA_4_PUNTAS_NIQUEL_6_MM.jpg
104141,ARO_PASANTE_CHISPA_4_PUNTAS_NIQUEL_5_MM,104141_ARO_PASANTE_CHISPA_4_PUNTAS_NIQUEL_5_MM.jpg
104142,ARO_PASANTE_CHISPA_ENGARZADO_VARIAS_PUNTAS_DORADO_12_MM,104142_ARO_PASANTE_CHISPA_ENGARZADO_VARIAS_PUNTAS_DORADO_12_MM.jpg
104143,ARO_PASANTE_CHISPA_ENGARZADO_VARIAS_PUNTAS_DORADO_10_MM,104143_ARO_PASANTE_CHISPA_ENGARZADO_VARIAS_PUNTAS_DORADO_10_MM.jpg
104144,ARO_PASANTE_CHISPA_ENGARZADO_VARIAS_PUNTAS_DORADO_8_MM,104144_ARO_PASANTE_CHISPA_ENGARZADO_VARIAS_PUNTAS_DORADO_8_MM.jpg
104145,ARO_PASANTE_CHISPA_ENGARZADO_VARIAS_PUNTAS_DORADO_6_MM,104145_ARO_PASANTE_CHISPA_ENGARZADO_VARIAS_PUNTAS_DORADO_6_MM.jpg
104146,ARO_PASANTE_CHISPA_ENGARZADO_VARIAS_PUNTAS_DORADO_5_MM,104146_ARO_PASANTE_CHISPA_ENGARZADO_VARIAS_PUNTAS_DORADO_5_MM.jpg
104147,ARO_PASANTE_PERLA_BEIGE_10_MM,104147_ARO_PASANTE_PERLA_BEIGE_10_MM.jpg
104148,ARO_PASANTE_PERLA_BEIGE_8_MM,104148_ARO_PASANTE_PERLA_BEIGE_8_MM.jpg
104149,ARO_PASANTE_PERLA_BEIGE_6_MM,104149_ARO_PASANTE_PERLA_BEIGE_6_MM.jpg
104150,ARO_PASANTE_PERLA_BEIGE_4_MM,104150_ARO_PASANTE_PERLA_BEIGE_4_MM.jpg
104152,ARO_PASANTE_SIMIL_STRASS_PLATEADO_,104152_ARO_PASANTE_SIMIL_STRASS_PLATEADO_.jpg
104153,ARO_PASANTE_CORAZON_GRANDE,104153_ARO_PASANTE_CORAZON_GRANDE.jpg
104154,ARO_PASANTE_CORAZON_GRANDE,104154_ARO_PASANTE_CORAZON_GRANDE.jpg
104155,ARO_PASANTE_CORAZON_CHICO,104155_ARO_PASANTE_CORAZON_CHICO.jpg
104156,ARO_PASANTE_CORAZON_CHICO,104156_ARO_PASANTE_CORAZON_CHICO.jpg
104157,ARO_PASANTE_ESTRELLA_GRANDE_PLATEADO,104157_ARO_PASANTE_ESTRELLA_GRANDE_PLATEADO.jpg
104158,ARO_PASANTE_ESTRELLA_CHICO_PLATEADO,104158_ARO_PASANTE_ESTRELLA_CHICO_PLATEADO.jpg
104159,ARO_PASANTE_BOLITA_NEGRO_8_MM_,104159_ARO_PASANTE_BOLITA_NEGRO_8_MM_.jpg
104160,ARO_PASANTE_BOLITA_NEGRO_10_MM_,104160_ARO_PASANTE_BOLITA_NEGRO_10_MM_.jpg
104161,ARO_PASANTE_BOLITA_12_MM,104161_ARO_PASANTE_BOLITA_12_MM.jpg
104162,ARO_PASANTE_BOLITA_12_MM,104162_ARO_PASANTE_BOLITA_12_MM.jpg
104163,ARO_PASANTE_BOLITA_10_MM,104163_ARO_PASANTE_BOLITA_10_MM.jpg
104164,ARO_PASANTE_BOLITA_10_MM,104164_ARO_PASANTE_BOLITA_10_MM.jpg
104165,ARO_PASANTE_BOLITA_6_MM,104165_ARO_PASANTE_BOLITA_6_MM.jpg
104166,ARO_PASANTE_BOLITA_6_MM,104166_ARO_PASANTE_BOLITA_6_MM.jpg
104167,ARO_PASANTE_BOLITA_5_MM,104167_ARO_PASANTE_BOLITA_5_MM.jpg
104168,ARO_PASANTE_BOLITA_5_MM,104168_ARO_PASANTE_BOLITA_5_MM.jpg
104169,ARO_PASANTE_BOLITA_8_MM,104169_ARO_PASANTE_BOLITA_8_MM.jpg
104170,ARO_PASANTE_PASTILLA_14_MM,104170_ARO_PASANTE_PASTILLA_14_MM.jpg
104171,ARO_PASANTE_PASTILLA_14_MM,104171_ARO_PASANTE_PASTILLA_14_MM.jpg
104172,ARO_PASANTE_PASTILLA_12_MM,104172_ARO_PASANTE_PASTILLA_12_MM.jpg
104173,ARO_PASANTE_PASTILLA_12_MM,104173_ARO_PASANTE_PASTILLA_12_MM.jpg
104174,ARO_PASANTE_PASTILLA_10_MM,104174_ARO_PASANTE_PASTILLA_10_MM.jpg
104175,ARO_PASANTE_PASTILLA_10_MM,104175_ARO_PASANTE_PASTILLA_10_MM.jpg
104176,ARO_PASANTE_PASTILLA_8_MM,104176_ARO_PASANTE_PASTILLA_8_MM.jpg
104177,ARO_PASANTE_PASTILLA_8_MM,104177_ARO_PASANTE_PASTILLA_8_MM.jpg
104178,ARO_PASANTE_PASTILLA_6_MM,104178_ARO_PASANTE_PASTILLA_6_MM.jpg
104179,ARO_PASANTE_PASTILLA_6_MM,104179_ARO_PASANTE_PASTILLA_6_MM.jpg
104192,ANILLO_PIEDRA_SEMI_PRECIOSA_CIRCULAR,104192_ANILLO_PIEDRA_SEMI_PRECIOSA_CIRCULAR.jpg
104193,ANILLO_PIEDRA_SEMI_PRECIOSA_CIRCULAR,104193_ANILLO_PIEDRA_SEMI_PRECIOSA_CIRCULAR.jpg
104194,ANILLO_ZODIACO,104194_ANILLO_ZODIACO.jpg
104195,ANILLO_CRUZ,104195_ANILLO_CRUZ.jpg
104278,ANILLO_ONDULADO,104278_ANILLO_ONDULADO.jpg
104291,ANILLO_PIEDRA_CUBIC_MULTI,104291_ANILLO_PIEDRA_CUBIC_MULTI.jpg
104292,ANILLO_ZODIACO,104292_ANILLO_ZODIACO.jpg
104293,ANILLO_ZODIACO,104293_ANILLO_ZODIACO.jpg
104294,ANILLO_ZODIACO,104294_ANILLO_ZODIACO.jpg
104295,ANILLO_BOMBE,104295_ANILLO_BOMBE.jpg
104296,ANILLO_CORAZON,104296_ANILLO_CORAZON.jpg
104297,ANILLO_CURVAS,104297_ANILLO_CURVAS.jpg
104298,ANILLO_DOS_LETRAS,104298_ANILLO_DOS_LETRAS.jpg
104299,ANILLO_DOS_LETRAS,104299_ANILLO_DOS_LETRAS.jpg
104300,ANILLO_DOS_LETRAS,104300_ANILLO_DOS_LETRAS.jpg
104301,ANILLO_DOS_LETRAS,104301_ANILLO_DOS_LETRAS.jpg
104302,ANILLO_ONDAS,104302_ANILLO_ONDAS.jpg
104303,ANILLO_ONDAS,104303_ANILLO_ONDAS.jpg
104304,ANILLO_ONDULADO,104304_ANILLO_ONDULADO.jpg
104305,ANILLO_PIEDRA_CUBIC_BARRITA,104305_ANILLO_PIEDRA_CUBIC_BARRITA.jpg
104306,ANILLO_PIEDRA_CUBIC_MULTI,104306_ANILLO_PIEDRA_CUBIC_MULTI.jpg
104307,ANILLO_PIEDRA_CUBIC_OVAL,104307_ANILLO_PIEDRA_CUBIC_OVAL.jpg
104885,ARMA_TU_LOOK,104885_ARMA_TU_LOOK.jpg
104886,ARMA_TU_LOOK,104886_ARMA_TU_LOOK.jpg
104887,ARMA_TU_LOOK,104887_ARMA_TU_LOOK.jpg
104888,ARMA_TU_LOOK,104888_ARMA_TU_LOOK.jpg
104889,ARMA_TU_LOOK,104889_ARMA_TU_LOOK.jpg
104890,ARMA_TU_LOOK,104890_ARMA_TU_LOOK.jpg
104891,ARMA_TU_LOOK,104891_ARMA_TU_LOOK.jpg
104892,ARMA_TU_LOOK,104892_ARMA_TU_LOOK.jpg
104893,ARMA_TU_LOOK,104893_ARMA_TU_LOOK.jpg
104894,ARMA_TU_LOOK,104894_ARMA_TU_LOOK.jpg
104895,ARMA_TU_LOOK,104895_ARMA_TU_LOOK.jpg
104922,ANILLO_GRABADO_AMOR,104922_ANILLO_GRABADO_AMOR.jpg
104923,ANILLO_GRABADO_AMOR,104923_ANILLO_GRABADO_AMOR.jpg
104931,ANILLO_PIEDRA_CUBIC_CINTILLO__1_,104931_ANILLO_PIEDRA_CUBIC_CINTILLO__1_.jpg
104932,ANILLO_PIEDRA_CUBIC_CINTILLO__1_,104932_ANILLO_PIEDRA_CUBIC_CINTILLO__1_.jpg
104933,ANILLO_PIEDRA_CUBIC_CINTILLO__1_,104933_ANILLO_PIEDRA_CUBIC_CINTILLO__1_.jpg
104934,ANILLO_PIEDRA_CUBIC_CINTILLO__1_,104934_ANILLO_PIEDRA_CUBIC_CINTILLO__1_.jpg
104944,ANILLO_PIEDRA_CUBIC_INFINITO__2_,104944_ANILLO_PIEDRA_CUBIC_INFINITO__2_.jpg
104945,ANILLO_PIEDRA_CUBIC_INFINITO__2_,104945_ANILLO_PIEDRA_CUBIC_INFINITO__2_.jpg
104946,ANILLO_PIEDRA_CUBIC_INFINITO__2_,104946_ANILLO_PIEDRA_CUBIC_INFINITO__2_.jpg
104952,ANILLO_PIEDRA_CUBIC_MEDIO_SIN_FIN__5_,104952_ANILLO_PIEDRA_CUBIC_MEDIO_SIN_FIN__5_.jpg
104953,ANILLO_PIEDRA_CUBIC_MEDIO_SIN_FIN__5_,104953_ANILLO_PIEDRA_CUBIC_MEDIO_SIN_FIN__5_.jpg
104960,ANILLO_PIEDRA_CUBIC_MULTI__8_,104960_ANILLO_PIEDRA_CUBIC_MULTI__8_.jpg
104961,ANILLO_PIEDRA_CUBIC_MULTI__8_,104961_ANILLO_PIEDRA_CUBIC_MULTI__8_.jpg
104962,ANILLO_PIEDRA_CUBIC_MULTI__8_,104962_ANILLO_PIEDRA_CUBIC_MULTI__8_.jpg
104971,ANILLO_PIEDRA_CUBIC_CINTILLO__1_,104971_ANILLO_PIEDRA_CUBIC_CINTILLO__1_.jpg
104978,ANILLO_PIEDRA_CUBIC_MULTI__8_,104978_ANILLO_PIEDRA_CUBIC_MULTI__8_.jpg
104979,ANILLO_PIEDRA_CUBIC_MULTI__8_,104979_ANILLO_PIEDRA_CUBIC_MULTI__8_.jpg
104984,ANILLO_PIEDRA_CUBIC_MULTI,104984_ANILLO_PIEDRA_CUBIC_MULTI.jpg
104985,DIJE_PIEDRA_CUBIC_ESTRELLA,104985_DIJE_PIEDRA_CUBIC_ESTRELLA.jpg
104986,ANILLO_PIEDRA_CUBIC_MEDIO_SIN_FIN,104986_ANILLO_PIEDRA_CUBIC_MEDIO_SIN_FIN.jpg
104987,ANILLO_CURVAS,104987_ANILLO_CURVAS.jpg
104990,ANILLO_INICIAL,104990_ANILLO_INICIAL.jpg
104991,ANILLO_INICIAL,104991_ANILLO_INICIAL.jpg
104992,ANILLO_INICIAL,104992_ANILLO_INICIAL.jpg
104993,ANILLO_INICIAL,104993_ANILLO_INICIAL.jpg
104994,ANILLO_INICIAL,104994_ANILLO_INICIAL.jpg
104995,ANILLO_INICIAL,104995_ANILLO_INICIAL.jpg
104996,ANILLO_INICIAL,104996_ANILLO_INICIAL.jpg
104997,ANILLO_INICIAL,104997_ANILLO_INICIAL.jpg
104998,ANILLO_INICIAL,104998_ANILLO_INICIAL.jpg
104999,ANILLO_INICIAL,104999_ANILLO_INICIAL.jpg
105000,ANILLO_INICIAL,105000_ANILLO_INICIAL.jpg
105001,ANILLO_INICIAL,105001_ANILLO_INICIAL.jpg
105002,ANILLO_INICIAL,105002_ANILLO_INICIAL.jpg
105003,ANILLO_INICIAL,105003_ANILLO_INICIAL.jpg
105004,ANILLO_INICIAL,105004_ANILLO_INICIAL.jpg
105005,ANILLO_INICIAL,105005_ANILLO_INICIAL.jpg
105006,ANILLO_INICIAL,105006_ANILLO_INICIAL.jpg
105007,ANILLO_INICIAL,105007_ANILLO_INICIAL.jpg
105008,ANILLO_INICIAL,105008_ANILLO_INICIAL.jpg
105009,ANILLO_INICIAL,105009_ANILLO_INICIAL.jpg
105010,ANILLO_INICIAL,105010_ANILLO_INICIAL.jpg
105011,ANILLO_INICIAL,105011_ANILLO_INICIAL.jpg
105012,ANILLO_INICIAL,105012_ANILLO_INICIAL.jpg
105013,ANILLO_INICIAL,105013_ANILLO_INICIAL.jpg
105014,ANILLO_INICIAL,105014_ANILLO_INICIAL.jpg
105015,ANILLO_INICIAL,105015_ANILLO_INICIAL.jpg
105018,ANILLO_ZODIACO,105018_ANILLO_ZODIACO.jpg
105019,ANILLO_ZODIACO,105019_ANILLO_ZODIACO.jpg
105020,ANILLO_PIEDRA_CUBIC_OVAL_6,105020_ANILLO_PIEDRA_CUBIC_OVAL_6.jpg
105021,ANILLO_PIEDRA_CUBIC_OVAL_4,105021_ANILLO_PIEDRA_CUBIC_OVAL_4.jpg
105072,PULSERA_FORCET_FACETADA_2_5,105072_PULSERA_FORCET_FACETADA_2_5.jpg
105073,PULSERA_FORCET_FACETADA_2_5,105073_PULSERA_FORCET_FACETADA_2_5.jpg
105074,PULSERA_FORCET_FACETADA_2_5,105074_PULSERA_FORCET_FACETADA_2_5.jpg
105075,CADENA_FORCET_FACETADA_2_5,105075_CADENA_FORCET_FACETADA_2_5.jpg
105076,CADENA_FORCET_FACETADA_2_5,105076_CADENA_FORCET_FACETADA_2_5.jpg
105077,CADENA_FORCET_FACETADA_2_5,105077_CADENA_FORCET_FACETADA_2_5.jpg
105078,CADENA_FORCET_FACETADA_2_5,105078_CADENA_FORCET_FACETADA_2_5.jpg
105080,ANILLO_DOS_LETRAS,105080_ANILLO_DOS_LETRAS.jpg
105112,ANILLO_DOS_LETRAS,105112_ANILLO_DOS_LETRAS.jpg
105447,ANILLO_INICIAL,105447_ANILLO_INICIAL.jpg
105448,ANILLO_INICIAL,105448_ANILLO_INICIAL.jpg
105449,ANILLO_INICIAL,105449_ANILLO_INICIAL.jpg
105450,ANILLO_INICIAL,105450_ANILLO_INICIAL.jpg
105451,ANILLO_INICIAL,105451_ANILLO_INICIAL.jpg
105452,ANILLO_INICIAL,105452_ANILLO_INICIAL.jpg
105453,ANILLO_INICIAL,105453_ANILLO_INICIAL.jpg
105454,ANILLO_INICIAL,105454_ANILLO_INICIAL.jpg
105455,ANILLO_INICIAL,105455_ANILLO_INICIAL.jpg
105456,ANILLO_INICIAL,105456_ANILLO_INICIAL.jpg
105457,ANILLO_INICIAL,105457_ANILLO_INICIAL.jpg
105458,ANILLO_INICIAL,105458_ANILLO_INICIAL.jpg
105459,ANILLO_INICIAL,105459_ANILLO_INICIAL.jpg
105460,ANILLO_INICIAL,105460_ANILLO_INICIAL.jpg
105461,ANILLO_INICIAL,105461_ANILLO_INICIAL.jpg
105462,ANILLO_INICIAL,105462_ANILLO_INICIAL.jpg
105463,ANILLO_INICIAL,105463_ANILLO_INICIAL.jpg
105464,ANILLO_INICIAL,105464_ANILLO_INICIAL.jpg
105465,ANILLO_INICIAL,105465_ANILLO_INICIAL.jpg
105466,ANILLO_INICIAL,105466_ANILLO_INICIAL.jpg
105467,ANILLO_INICIAL,105467_ANILLO_INICIAL.jpg
105468,ANILLO_INICIAL,105468_ANILLO_INICIAL.jpg
105469,ANILLO_INICIAL,105469_ANILLO_INICIAL.jpg
105470,ANILLO_INICIAL,105470_ANILLO_INICIAL.jpg
105471,ANILLO_INICIAL,105471_ANILLO_INICIAL.jpg
105472,ANILLO_INICIAL,105472_ANILLO_INICIAL.jpg
105473,ANILLO_INICIAL,105473_ANILLO_INICIAL.jpg
105474,ANILLO_INICIAL,105474_ANILLO_INICIAL.jpg
105475,ANILLO_INICIAL,105475_ANILLO_INICIAL.jpg
105476,ANILLO_INICIAL,105476_ANILLO_INICIAL.jpg
105477,ANILLO_INICIAL,105477_ANILLO_INICIAL.jpg
105478,ANILLO_INICIAL,105478_ANILLO_INICIAL.jpg
105479,ANILLO_INICIAL,105479_ANILLO_INICIAL.jpg
105480,ANILLO_INICIAL,105480_ANILLO_INICIAL.jpg
105481,ANILLO_INICIAL,105481_ANILLO_INICIAL.jpg
105482,ANILLO_INICIAL,105482_ANILLO_INICIAL.jpg
105483,ANILLO_INICIAL,105483_ANILLO_INICIAL.jpg
105484,ANILLO_INICIAL,105484_ANILLO_INICIAL.jpg
105485,ANILLO_INICIAL,105485_ANILLO_INICIAL.jpg
105486,ANILLO_INICIAL,105486_ANILLO_INICIAL.jpg
105487,ANILLO_INICIAL,105487_ANILLO_INICIAL.jpg
105488,ANILLO_INICIAL,105488_ANILLO_INICIAL.jpg
105489,ANILLO_INICIAL,105489_ANILLO_INICIAL.jpg
105490,ANILLO_INICIAL,105490_ANILLO_INICIAL.jpg
105491,ANILLO_INICIAL,105491_ANILLO_INICIAL.jpg
105492,ANILLO_INICIAL,105492_ANILLO_INICIAL.jpg
105493,ANILLO_INICIAL,105493_ANILLO_INICIAL.jpg
105494,ANILLO_INICIAL,105494_ANILLO_INICIAL.jpg
105495,ANILLO_INICIAL,105495_ANILLO_INICIAL.jpg
105496,ANILLO_INICIAL,105496_ANILLO_INICIAL.jpg
105497,ANILLO_INICIAL,105497_ANILLO_INICIAL.jpg
105498,ANILLO_INICIAL,105498_ANILLO_INICIAL.jpg
105499,ANILLO_INICIAL,105499_ANILLO_INICIAL.jpg
105500,ANILLO_INICIAL,105500_ANILLO_INICIAL.jpg
105501,ANILLO_INICIAL,105501_ANILLO_INICIAL.jpg
105502,ANILLO_INICIAL,105502_ANILLO_INICIAL.jpg
105503,ANILLO_INICIAL,105503_ANILLO_INICIAL.jpg
105504,ANILLO_INICIAL,105504_ANILLO_INICIAL.jpg
105505,ANILLO_INICIAL,105505_ANILLO_INICIAL.jpg
105506,ANILLO_INICIAL,105506_ANILLO_INICIAL.jpg
105507,ANILLO_INICIAL,105507_ANILLO_INICIAL.jpg
105508,ANILLO_INICIAL,105508_ANILLO_INICIAL.jpg
105509,ANILLO_INICIAL,105509_ANILLO_INICIAL.jpg
105510,ANILLO_INICIAL,105510_ANILLO_INICIAL.jpg
105511,ANILLO_INICIAL,105511_ANILLO_INICIAL.jpg
105512,ANILLO_INICIAL,105512_ANILLO_INICIAL.jpg
105513,ANILLO_INICIAL,105513_ANILLO_INICIAL.jpg
105514,ANILLO_INICIAL,105514_ANILLO_INICIAL.jpg
105515,ANILLO_INICIAL,105515_ANILLO_INICIAL.jpg
105516,ANILLO_INICIAL,105516_ANILLO_INICIAL.jpg
105517,ANILLO_INICIAL,105517_ANILLO_INICIAL.jpg
105518,ANILLO_INICIAL,105518_ANILLO_INICIAL.jpg
105519,ANILLO_INICIAL,105519_ANILLO_INICIAL.jpg
105520,ANILLO_INICIAL,105520_ANILLO_INICIAL.jpg
105521,ANILLO_INICIAL,105521_ANILLO_INICIAL.jpg
105522,ANILLO_INICIAL,105522_ANILLO_INICIAL.jpg
105523,ANILLO_INICIAL,105523_ANILLO_INICIAL.jpg
105524,ANILLO_INICIAL,105524_ANILLO_INICIAL.jpg
105525,ANILLO_INICIAL,105525_ANILLO_INICIAL.jpg
105526,ANILLO_INICIAL,105526_ANILLO_INICIAL.jpg
105527,ANILLO_INICIAL,105527_ANILLO_INICIAL.jpg
105528,ANILLO_INICIAL,105528_ANILLO_INICIAL.jpg
105529,ANILLO_INICIAL,105529_ANILLO_INICIAL.jpg
105530,ANILLO_INICIAL,105530_ANILLO_INICIAL.jpg
105531,ANILLO_INICIAL,105531_ANILLO_INICIAL.jpg
105532,ANILLO_INICIAL,105532_ANILLO_INICIAL.jpg
105533,ANILLO_INICIAL,105533_ANILLO_INICIAL.jpg
105534,ANILLO_INICIAL,105534_ANILLO_INICIAL.jpg
105535,ANILLO_INICIAL,105535_ANILLO_INICIAL.jpg
105536,ANILLO_INICIAL,105536_ANILLO_INICIAL.jpg
105537,ANILLO_INICIAL,105537_ANILLO_INICIAL.jpg
105538,ANILLO_INICIAL,105538_ANILLO_INICIAL.jpg
105539,ANILLO_INICIAL,105539_ANILLO_INICIAL.jpg
105540,ANILLO_INICIAL,105540_ANILLO_INICIAL.jpg
105541,ANILLO_INICIAL,105541_ANILLO_INICIAL.jpg
105542,ANILLO_INICIAL,105542_ANILLO_INICIAL.jpg
105543,ANILLO_INICIAL,105543_ANILLO_INICIAL.jpg
105544,ANILLO_INICIAL,105544_ANILLO_INICIAL.jpg
105545,ANILLO_INICIAL,105545_ANILLO_INICIAL.jpg
105546,ANILLO_INICIAL,105546_ANILLO_INICIAL.jpg
105547,ANILLO_INICIAL,105547_ANILLO_INICIAL.jpg
105548,ANILLO_INICIAL,105548_ANILLO_INICIAL.jpg
105549,ANILLO_INICIAL,105549_ANILLO_INICIAL.jpg
105550,ANILLO_INICIAL,105550_ANILLO_INICIAL.jpg
105551,ANILLO_INICIAL,105551_ANILLO_INICIAL.jpg
105552,ANILLO_INICIAL,105552_ANILLO_INICIAL.jpg
105553,ANILLO_INICIAL,105553_ANILLO_INICIAL.jpg
105554,ANILLO_INICIAL,105554_ANILLO_INICIAL.jpg
105555,ANILLO_INICIAL,105555_ANILLO_INICIAL.jpg
105556,ANILLO_INICIAL,105556_ANILLO_INICIAL.jpg
105557,ANILLO_INICIAL,105557_ANILLO_INICIAL.jpg
105558,ANILLO_INICIAL,105558_ANILLO_INICIAL.jpg
105559,ANILLO_INICIAL,105559_ANILLO_INICIAL.jpg
105560,ANILLO_INICIAL,105560_ANILLO_INICIAL.jpg
105561,ANILLO_INICIAL,105561_ANILLO_INICIAL.jpg
105562,ANILLO_INICIAL,105562_ANILLO_INICIAL.jpg
105563,ANILLO_INICIAL,105563_ANILLO_INICIAL.jpg
105564,ANILLO_INICIAL,105564_ANILLO_INICIAL.jpg
105565,ANILLO_INICIAL,105565_ANILLO_INICIAL.jpg
105566,ANILLO_INICIAL,105566_ANILLO_INICIAL.jpg
105567,ANILLO_INICIAL,105567_ANILLO_INICIAL.jpg
105568,ANILLO_INICIAL,105568_ANILLO_INICIAL.jpg
105569,ANILLO_INICIAL,105569_ANILLO_INICIAL.jpg
105570,ANILLO_INICIAL,105570_ANILLO_INICIAL.jpg
105571,ANILLO_INICIAL,105571_ANILLO_INICIAL.jpg
105572,ANILLO_INICIAL,105572_ANILLO_INICIAL.jpg
105573,ANILLO_INICIAL,105573_ANILLO_INICIAL.jpg
105574,ANILLO_INICIAL,105574_ANILLO_INICIAL.jpg
105575,ANILLO_INICIAL,105575_ANILLO_INICIAL.jpg
105576,ANILLO_INICIAL,105576_ANILLO_INICIAL.jpg
105577,ANILLO_INICIAL,105577_ANILLO_INICIAL.jpg
105578,ANILLO_INICIAL,105578_ANILLO_INICIAL.jpg
105579,ANILLO_INICIAL,105579_ANILLO_INICIAL.jpg
105580,ANILLO_INICIAL,105580_ANILLO_INICIAL.jpg
105581,ANILLO_INICIAL,105581_ANILLO_INICIAL.jpg
105582,ANILLO_INICIAL,105582_ANILLO_INICIAL.jpg
105583,ANILLO_INICIAL,105583_ANILLO_INICIAL.jpg
105584,ANILLO_INICIAL,105584_ANILLO_INICIAL.jpg
105585,ANILLO_INICIAL,105585_ANILLO_INICIAL.jpg
105586,ANILLO_INICIAL,105586_ANILLO_INICIAL.jpg
105587,ANILLO_INICIAL,105587_ANILLO_INICIAL.jpg
FALSE,Gift_Card,FALSE_Gift_Card.jpg
